Iteration,Poisson_v12,Poisson_v21,Objective,Volume_Fraction
0,nan,nan,nan,0.876400
1,-1.000000,-1.000000,-9.875210,0.796529
2,-1.000000,-1.000000,-5.170854,0.716659
3,-1.000000,-1.000000,-2.858512,0.636788
4,-1.000000,-1.000000,-1.494657,0.556918
5,-1.000000,-1.000000,-0.727349,0.540754
6,-1.000000,-1.000000,-0.788484,0.540754
7,-1.000000,-1.000000,-0.857790,0.540754
8,-1.000000,-1.000000,-0.792367,0.540754
9,-1.000000,-1.000000,-0.608551,0.540754
10,-1.000000,-1.000000,-0.349622,0.540754
11,-1.000000,-1.000000,-0.163363,0.540754
12,-1.000000,-1.000000,-0.070454,0.540754
13,-1.000000,-1.000000,-0.032765,0.540754
14,-1.000000,-1.000000,-0.018921,0.540754
15,-1.000000,-1.000000,-0.015535,0.540754
16,-1.000000,-1.000000,-0.021504,0.540754
17,-1.000000,-1.000000,-0.033514,0.540754
18,-1.000000,-1.000000,-0.053154,0.540754
19,-1.000000,-1.000000,-0.083564,0.540754
20,-1.000000,-1.000000,-0.126309,0.540754
21,-1.000000,-1.000000,-0.182064,0.540754
22,-1.000000,-1.000000,-0.250407,0.540754
23,-1.000000,-1.000000,-0.326767,0.540754
24,-1.000000,-1.000000,-0.408185,0.540754
25,-1.000000,-1.000000,-0.484400,0.540754
26,-1.000000,-1.000000,-0.551715,0.540754
27,-1.000000,-1.000000,-0.608208,0.540754
28,-1.000000,-1.000000,-0.654992,0.540754
29,-1.000000,-1.000000,-0.696636,0.540754
30,-1.000000,-1.000000,-0.734227,0.540754
31,-1.000000,-1.000000,-0.771756,0.540754
32,-1.000000,-1.000000,-0.807228,0.540754
33,-1.000000,-1.000000,-0.843217,0.540754
34,-1.000000,-1.000000,-0.879712,0.540754
35,-1.000000,-1.000000,-0.915961,0.540754
36,-1.000000,-1.000000,-0.949763,0.540754
37,-1.000000,-1.000000,-0.982991,0.540754
38,-1.000000,-1.000000,-1.015681,0.540754
39,-1.000000,-1.000000,-1.049564,0.540754
40,-1.000000,-1.000000,-1.081559,0.540754
41,-1.000000,-1.000000,-1.112397,0.540754
42,-1.000000,-1.000000,-1.141514,0.540754
43,-1.000000,-1.000000,-1.169967,0.540754
44,-1.000000,-1.000000,-1.195018,0.540754
45,-1.000000,-1.000000,-1.220059,0.540754
46,-1.000000,-1.000000,-1.244144,0.540754
47,-1.000000,-1.000000,-1.266319,0.540754
48,-1.000000,-1.000000,-1.287957,0.540754
49,-1.000000,-1.000000,-1.308476,0.540754
50,-1.000000,-1.000000,-1.327833,0.540754
