Iteration,Poisson_v12,Poisson_v21,Objective,Volume_Fraction
0,nan,nan,nan,0.817200
1,-1.000000,-1.000000,-7.310798,0.765865
2,-1.000000,-1.000000,-5.341381,0.714531
3,-1.000000,-1.000000,-4.029690,0.663196
4,-1.000000,-1.000000,-3.081643,0.611862
5,-1.000000,-1.000000,-2.381807,0.573031
6,-1.000000,-1.000000,-2.015163,0.573031
7,-1.000000,-1.000000,-2.069896,0.573031
8,-1.000000,-1.000000,-2.126149,0.573031
9,-1.000000,-1.000000,-2.177588,0.573031
10,-1.000000,-1.000000,-2.201978,0.573031
11,-1.000000,-1.000000,-2.205735,0.573031
12,-1.000000,-1.000000,-2.190163,0.573031
13,-1.000000,-1.000000,-2.167087,0.573031
14,-1.000000,-1.000000,-2.132229,0.573031
15,-1.000000,-1.000000,-2.075907,0.573031
16,-1.000000,-1.000000,-1.992346,0.573031
17,-1.000000,-1.000000,-1.885114,0.573031
18,-1.000000,-1.000000,-1.771484,0.573031
19,-1.000000,-1.000000,-1.667600,0.573031
20,-1.000000,-1.000000,-1.578828,0.573031
21,-1.000000,-1.000000,-1.501716,0.573031
22,-1.000000,-1.000000,-1.434522,0.573031
23,-1.000000,-1.000000,-1.376248,0.573031
24,-1.000000,-1.000000,-1.326519,0.573031
25,-1.000000,-1.000000,-1.286363,0.573031
26,-1.000000,-1.000000,-1.255333,0.573031
27,-1.000000,-1.000000,-1.231423,0.573031
28,-1.000000,-1.000000,-1.213725,0.573031
29,-1.000000,-1.000000,-1.202205,0.573031
30,-1.000000,-1.000000,-1.194137,0.573031
31,-1.000000,-1.000000,-1.187562,0.573031
32,-1.000000,-1.000000,-1.182657,0.573031
33,-1.000000,-1.000000,-1.178822,0.573031
34,-1.000000,-1.000000,-1.175864,0.573031
35,-1.000000,-1.000000,-1.173480,0.573031
36,-1.000000,-1.000000,-1.172081,0.573031
37,-1.000000,-1.000000,-1.171168,0.573031
38,-1.000000,-1.000000,-1.170569,0.573031
39,-1.000000,-1.000000,-1.170104,0.573031
