{
  "git_hash": "ddbe82c",
  "timestamp": "2026-07-11T08:33:10",
  "version": "1.3.0",
  "params": {
    "volfrac": 0.5593611103013377,
    "penal": 3.7884380648907166,
    "rmin": 2.0896597032277446,
    "move": 0.14706177713911145,
    "void_size_frac": 0.3349764421887787,
    "rotation_deg": 37.93478378692177,
    "beta": 0.9580545326471903,
    "nelx": 50,
    "nely": 50,
    "ft": 2,
    "E0": 199.0,
    "Emin": 1e-09,
    "nu": 0.3,
    "max_iter": 150,
    "tol_change": 0.01,
    "tol_obj": 0.05,
    "window_size": 20,
    "save_every": 9999,
    "scale_factor": 1,
    "seed": "grid_circular_voids",
    "objective": "first"
  }
}