{
  "metadata": {
    "objective": "auxetic",
    "seed": "hourglass",
    "timestamp": "2026-06-01T18:52:56.661947",
    "n_samples": 30,
    "n_success": 30
  },
  "analysis": {
    "param_names": [
      "volfrac",
      "penal",
      "rmin",
      "move",
      "void_size_frac",
      "rotation_deg"
    ],
    "correlations": [
      -0.02469410456062291,
      -0.3508342602892102,
      0.27786429365962184,
      -0.5056729699666296,
      -0.005561735261401557,
      -0.04872080088987764
    ],
    "p_values": [
      0.8969402818929876,
      0.057319346669053035,
      0.13709069993679465,
      0.00436297630651754,
      0.976730107758198,
      0.7982076547859289
    ],
    "top_3": [
      [
        "move",
        -0.5056729699666296,
        0.00436297630651754
      ],
      [
        "penal",
        -0.3508342602892102,
        0.057319346669053035
      ],
      [
        "rmin",
        0.27786429365962184,
        0.13709069993679465
      ]
    ],
    "n_valid": 30
  },
  "results": [
    {
      "sample_id": 0,
      "seed": "hourglass",
      "objective": "auxetic",
      "params": {
        "volfrac": 0.44301391935258716,
        "penal": 4.008149541366393,
        "rmin": 3.8569003466814364,
        "move": 0.14418859975783865,
        "void_size_frac": 0.2817637108685392,
        "rotation_deg": 48.07313294508973
      },
      "v12": -0.9870281314314943,
      "v21": -0.9920176602281283,
      "obj_value": 0.9870281314314943,
      "n_iters": 21,
      "converged": true,
      "elapsed_time": 4.348789691925049,
      "success": true,
      "error": null
    },
    {
      "sample_id": 1,
      "seed": "hourglass",
      "objective": "auxetic",
      "params": {
        "volfrac": 0.20318480397346197,
        "penal": 2.495191425963073,
        "rmin": 1.1453143945540756,
        "move": 0.06291345051753694,
        "void_size_frac": 0.5438200329294569,
        "rotation_deg": 18.219705033454193
      },
      "v12": -0.9901896702196539,
      "v21": -0.9910365716282449,
      "obj_value": 0.9901896702196539,
      "n_iters": 21,
      "converged": true,
      "elapsed_time": 4.103790521621704,
      "success": true,
      "error": null
    },
    {
      "sample_id": 2,
      "seed": "hourglass",
      "objective": "auxetic",
      "params": {
        "volfrac": 0.5380817983989244,
        "penal": 2.756965118230556,
        "rmin": 2.2594309668621113,
        "move": 0.23977301065179352,
        "void_size_frac": 0.4574235868830694,
        "rotation_deg": 44.80854823168748
      },
      "v12": -0.9894282043947861,
      "v21": -0.9953436356775757,
      "obj_value": 0.9894282043947861,
      "n_iters": 21,
      "converged": true,
      "elapsed_time": 4.148144960403442,
      "success": true,
      "error": null
    },
    {
      "sample_id": 3,
      "seed": "hourglass",
      "objective": "auxetic",
      "params": {
        "volfrac": 0.45563158437343226,
        "penal": 1.7157780801170581,
        "rmin": 5.206985376652438,
        "move": 0.2720456169322511,
        "void_size_frac": 0.43382169959341826,
        "rotation_deg": 39.320636636033406
      },
      "v12": -0.9882555024267927,
      "v21": -0.9935858236607895,
      "obj_value": 0.9882555024267927,
      "n_iters": 21,
      "converged": true,
      "elapsed_time": 4.83663010597229,
      "success": true,
      "error": null
    },
    {
      "sample_id": 4,
      "seed": "hourglass",
      "objective": "auxetic",
      "params": {
        "volfrac": 0.30962155337234987,
        "penal": 3.7740481722864043,
        "rmin": 4.755546499378827,
        "move": 0.2829683019517731,
        "void_size_frac": 0.4140951751322075,
        "rotation_deg": 12.950853140272637
      },
      "v12": -0.9904858430922917,
      "v21": -0.9962929060162582,
      "obj_value": 0.9904858430922917,
      "n_iters": 21,
      "converged": true,
      "elapsed_time": 4.4989869594573975,
      "success": true,
      "error": null
    },
    {
      "sample_id": 5,
      "seed": "hourglass",
      "objective": "auxetic",
      "params": {
        "volfrac": 0.40340317125456243,
        "penal": 4.070998702342106,
        "rmin": 2.612362440310308,
        "move": 0.08857950244970943,
        "void_size_frac": 0.6088407364787365,
        "rotation_deg": 68.43158592274713
      },
      "v12": -0.9928761547208601,
      "v21": -0.9970906565444854,
      "obj_value": 0.9928761547208601,
      "n_iters": 21,
      "converged": true,
      "elapsed_time": 4.203588247299194,
      "success": true,
      "error": null
    },
    {
      "sample_id": 6,
      "seed": "hourglass",
      "objective": "auxetic",
      "params": {
        "volfrac": 0.4249343799288604,
        "penal": 4.936572676503209,
        "rmin": 5.128848441824852,
        "move": 0.26108488337764574,
        "void_size_frac": 0.47604746801879444,
        "rotation_deg": 84.50196541182649
      },
      "v12": -0.9847170261696008,
      "v21": -0.9922023440971383,
      "obj_value": 0.9847170261696008,
      "n_iters": 21,
      "converged": true,
      "elapsed_time": 4.626701593399048,
      "success": true,
      "error": null
    },
    {
      "sample_id": 7,
      "seed": "hourglass",
      "objective": "auxetic",
      "params": {
        "volfrac": 0.5639964653066367,
        "penal": 3.625017781149061,
        "rmin": 4.527956699767467,
        "move": 0.13496029702086,
        "void_size_frac": 0.6935420270161637,
        "rotation_deg": 65.13501568820926
      },
      "v12": -0.9920291332469191,
      "v21": -0.9966461119682078,
      "obj_value": 0.9920291332469191,
      "n_iters": 21,
      "converged": true,
      "elapsed_time": 4.466731309890747,
      "success": true,
      "error": null
    },
    {
      "sample_id": 8,
      "seed": "hourglass",
      "objective": "auxetic",
      "params": {
        "volfrac": 0.577566726613667,
        "penal": 3.5146996688520917,
        "rmin": 3.300015299587482,
        "move": 0.19160531441874162,
        "void_size_frac": 0.22021792704163104,
        "rotation_deg": 52.005447430223896
      },
      "v12": -0.9907585067846627,
      "v21": -0.9949370094844495,
      "obj_value": 0.9907585067846627,
      "n_iters": 21,
      "converged": true,
      "elapsed_time": 4.256329536437988,
      "success": true,
      "error": null
    },
    {
      "sample_id": 9,
      "seed": "hourglass",
      "objective": "auxetic",
      "params": {
        "volfrac": 0.3505977949516489,
        "penal": 4.629236129197071,
        "rmin": 4.923514037410277,
        "move": 0.1702604900337259,
        "void_size_frac": 0.38100338336453904,
        "rotation_deg": 11.656409779392078
      },
      "v12": -0.9904498948443623,
      "v21": -0.9969337779395232,
      "obj_value": 0.9904498948443623,
      "n_iters": 21,
      "converged": true,
      "elapsed_time": 4.549576282501221,
      "success": true,
      "error": null
    },
    {
      "sample_id": 10,
      "seed": "hourglass",
      "objective": "auxetic",
      "params": {
        "volfrac": 0.5910879605094603,
        "penal": 3.2038538391809155,
        "rmin": 5.405793982253136,
        "move": 0.06862500952153312,
        "void_size_frac": 0.30608802799999013,
        "rotation_deg": 37.33926179802601
      },
      "v12": -0.9999999991891844,
      "v21": -0.9999999996684308,
      "obj_value": 0.9999999991891844,
      "n_iters": 21,
      "converged": true,
      "elapsed_time": 4.719891548156738,
      "success": true,
      "error": null
    },
    {
      "sample_id": 11,
      "seed": "hourglass",
      "objective": "auxetic",
      "params": {
        "volfrac": 0.2592105711900612,
        "penal": 4.559473320258318,
        "rmin": 2.494863694238677,
        "move": 0.16302735508973032,
        "void_size_frac": 0.5797569221196744,
        "rotation_deg": 79.77441406882609
      },
      "v12": -0.9862164165297644,
      "v21": -0.9928540950324002,
      "obj_value": 0.9862164165297644,