{
  "metadata": {
    "objective": "auxetic",
    "seed": "hourglass",
    "timestamp": "2026-07-12T23:22:11.377545",
    "n_samples": 30,
    "n_success": 30
  },
  "analysis": {
    "param_names": [
      "volfrac",
      "penal",
      "rmin",
      "move",
      "void_size_frac",
      "rotation_deg"
    ],
    "correlations": [
      0.20845383759733035,
      -0.060734149054505006,
      0.5817575083426029,
      0.16484983314794216,
      -0.0024471635150166847,
      -0.2631813125695217
    ],
    "p_values": [
      0.2689721790244094,
      0.7498675075562047,
      0.0007460794266277097,
      0.3840102408469911,
      0.9897601406859131,
      0.15997190124104096
    ],
    "top_3": [
      [
        "rmin",
        0.5817575083426029,
        0.0007460794266277097
      ],
      [
        "rotation_deg",
        -0.2631813125695217,
        0.15997190124104096
      ],
      [
        "volfrac",
        0.20845383759733035,
        0.2689721790244094
      ]
    ],
    "n_valid": 30
  },
  "results": [
    {
      "sample_id": 0,
      "seed": "hourglass",
      "objective": "auxetic",
      "params": {
        "volfrac": 0.4930139193525872,
        "penal": 4.008149541366393,
        "rmin": 3.8569003466814364,
        "move": 0.14418859975783865,
        "void_size_frac": 0.1990582265211235,
        "rotation_deg": 48.07313294508973
      },
      "v12": 0.1721890731381938,
      "v21": 0.17218907313822668,
      "obj_value": -1.018393072507482,
      "n_iters": 150,
      "converged": true,
      "elapsed_time": 55.837050437927246,
      "success": true,
      "error": null
    },
    {
      "sample_id": 1,
      "seed": "hourglass",
      "objective": "auxetic",
      "params": {
        "volfrac": 0.25318480397346194,
        "penal": 2.495191425963073,
        "rmin": 1.1453143945540756,
        "move": 0.06291345051753694,
        "void_size_frac": 0.3562920197576742,
        "rotation_deg": 18.219705033454193
      },
      "v12": 0.29999999999482607,
      "v21": 0.2999999999948337,
      "obj_value": -0.3542585153642862,
      "n_iters": 37,
      "converged": true,
      "elapsed_time": 12.759082317352295,
      "success": true,
      "error": null
    },
    {
      "sample_id": 2,
      "seed": "hourglass",
      "objective": "auxetic",
      "params": {
        "volfrac": 0.5880817983989245,
        "penal": 2.756965118230556,
        "rmin": 2.2594309668621113,
        "move": 0.23977301065179352,
        "void_size_frac": 0.30445415212984167,
        "rotation_deg": 44.80854823168748
      },
      "v12": 0.30035660300521316,
      "v21": 0.4010184135179508,
      "obj_value": 0.1570875378471152,
      "n_iters": 150,
      "converged": true,
      "elapsed_time": 55.404770612716675,
      "success": true,
      "error": null
    },
    {
      "sample_id": 3,
      "seed": "hourglass",
      "objective": "auxetic",
      "params": {
        "volfrac": 0.5056315843734323,
        "penal": 1.7157780801170581,
        "rmin": 5.206985376652438,
        "move": 0.2720456169322511,
        "void_size_frac": 0.290293019756051,
        "rotation_deg": 39.320636636033406
      },
      "v12": 0.38481683139353245,
      "v21": 0.3418468779420273,
      "obj_value": 0.3836910645451169,
      "n_iters": 150,
      "converged": true,
      "elapsed_time": 40.61122226715088,
      "success": true,
      "error": null
    },
    {
      "sample_id": 4,
      "seed": "hourglass",
      "objective": "auxetic",
      "params": {
        "volfrac": 0.35962155337234986,
        "penal": 3.7740481722864043,
        "rmin": 4.755546499378827,
        "move": 0.2829683019517731,
        "void_size_frac": 0.27845710507932453,
        "rotation_deg": 12.950853140272637
      },
      "v12": 0.2999999949586584,
      "v21": 0.2999999949587481,
      "obj_value": -0.10437528941742058,
      "n_iters": 80,
      "converged": true,
      "elapsed_time": 28.321868419647217,
      "success": true,
      "error": null
    },
    {
      "sample_id": 5,
      "seed": "hourglass",
      "objective": "auxetic",
      "params": {
        "volfrac": 0.4534031712545624,
        "penal": 4.070998702342106,
        "rmin": 2.612362440310308,
        "move": 0.08857950244970943,
        "void_size_frac": 0.39530444188724195,
        "rotation_deg": 68.43158592274713
      },
      "v12": 0.29999999999233806,
      "v21": 0.2999999999923243,
      "obj_value": -0.5183887361344143,
      "n_iters": 38,
      "converged": true,
      "elapsed_time": 13.604192972183228,
      "success": true,
      "error": null
    },
    {
      "sample_id": 6,
      "seed": "hourglass",
      "objective": "auxetic",
      "params": {
        "volfrac": 0.4749343799288604,
        "penal": 4.936572676503209,
        "rmin": 5.128848441824852,
        "move": 0.26108488337764574,
        "void_size_frac": 0.3156284808112767,
        "rotation_deg": 84.50196541182649
      },
      "v12": 0.2999876919117986,
      "v21": 0.29998769165882544,
      "obj_value": -0.22650314418167128,
      "n_iters": 54,
      "converged": true,
      "elapsed_time": 19.9851336479187,
      "success": true,
      "error": null
    },
    {
      "sample_id": 7,
      "seed": "hourglass",
      "objective": "auxetic",
      "params": {
        "volfrac": 0.6139964653066368,
        "penal": 3.625017781149061,
        "rmin": 4.527956699767467,
        "move": 0.13496029702086,
        "void_size_frac": 0.44612521620969836,
        "rotation_deg": 65.13501568820926
      },
      "v12": 0.4145028934869993,
      "v21": 0.3439204693304995,
      "obj_value": 0.5970327185439896,
      "n_iters": 150,
      "converged": true,
      "elapsed_time": 56.664456844329834,
      "success": true,
      "error": null
    },
    {
      "sample_id": 8,
      "seed": "hourglass",
      "objective": "auxetic",
      "params": {
        "volfrac": 0.6275667266136671,
        "penal": 3.5146996688520917,
        "rmin": 3.300015299587482,
        "move": 0.19160531441874162,
        "void_size_frac": 0.1621307562249786,
        "rotation_deg": 52.005447430223896
      },
      "v12": 0.3661896872393672,
      "v21": 0.32431189970144375,
      "obj_value": 0.30160726165049945,
      "n_iters": 150,
      "converged": true,
      "elapsed_time": 54.50271701812744,
      "success": true,
      "error": null
    },
    {
      "sample_id": 9,
      "seed": "hourglass",
      "objective": "auxetic",
      "params": {
        "volfrac": 0.4005977949516489,
        "penal": 4.629236129197071,
        "rmin": 4.923514037410277,
        "move": 0.1702604900337259,
        "void_size_frac": 0.25860203001872345,
        "rotation_deg": 11.656409779392078
      },
      "v12": 0.2999999759386772,
      "v21": 0.29999997593867866,
      "obj_value": -0.12398409346746883,
      "n_iters": 60,
      "converged": true,
      "elapsed_time": 20.938860177993774,
      "success": true,
      "error": null
    },
    {
      "sample_id": 10,
      "seed": "hourglass",
      "objective": "auxetic",
      "params": {
        "volfrac": 0.6410879605094604,
        "penal": 3.2038538391809155,
        "rmin": 5.405793982253136,
        "move": 0.06862500952153312,
        "void_size_frac": 0.2136528167999941,
        "rotation_deg": 37.33926179802601
      },
      "v12": 0.31509384730029455,
      "v21": 0.4648250070695108,
      "obj_value": 0.6456108115277676,
      "n_iters": 150,
      "converged": true,
      "elapsed_time": 56.50952458381653,
      "success": true,
      "error": null
    },
    {
      "sample_id": 11,
      "seed": "hourglass",
      "objective": "auxetic",
      "params": {
        "volfrac": 0.3092105711900612,
        "penal": 4.559473320258318,
        "rmin": 2.494863694238677,
        "move": 0.16302735508973032,
        "void_size_frac": 0.3778541532718047,
        "rotation_deg": 79.77441406882609
      },
      "v12": 0.29999999999592347,
      "v21": 0.2999999999959074,