{
  "property_accuracy": {
    "v12": {
      "mae": 0.08601891994476318,
      "r2": 0.6328372955322266
    },
    "v21": {
      "mae": 0.08641782402992249,
      "r2": 0.6173933744430542
    },
    "n_samples": 1184
  },
  "diversity_check": {
    "condition": [
      -0.6,
      -0.6
    ],
    "pixel_std": 0.31365877389907837,
    "preview": "diversity_v12_-0.60_v21_-0.60.png"
  },
  "interpolation": {
    "idx_a": 0,
    "idx_b": 1,
    "preview": "interpolation_0_to_1.png"
  }
}