{
  "git_hash": "ddbe82c",
  "timestamp": "2026-07-11T08:10:42",
  "version": "1.3.0",
  "params": {
    "volfrac": 0.6314560712243836,
    "penal": 3.2796379010382215,
    "rmin": 2.6124995057765394,
    "move": 0.055744341865888974,
    "void_size_frac": 0.3537391496279233,
    "rotation_deg": 55.47330286272626,
    "nelx": 50,
    "nely": 50,
    "ft": 2,
    "E0": 199.0,
    "Emin": 1e-09,
    "nu": 0.3,
    "max_iter": 150,
    "tol_change": 0.01,
    "tol_obj": 0.05,
    "window_size": 20,
    "save_every": 9999,
    "scale_factor": 1,
    "seed": "cross_rectangular",
    "objective": "auxetic"
  }
}