{
  "metadata": {
    "objective": "first",
    "seed": "hourglass",
    "timestamp": "2026-06-01T19:26:52.134586",
    "n_samples": 30,
    "n_success": 30
  },
  "analysis": {
    "param_names": [
      "volfrac",
      "penal",
      "rmin",
      "move",
      "void_size_frac",
      "rotation_deg",
      "beta"
    ],
    "correlations": [
      -0.24360400444938823,
      -0.05850945494994438,
      0.3236929922135706,
      -0.5328142380422692,
      0.24849833147942155,
      0.12614015572858733,
      -0.8487208008898777
    ],
    "p_values": [
      0.1945540512267901,
      0.7587555295721804,
      0.08099687862909574,
      0.002434695615550987,
      0.18546010138233077,
      0.5065612472958683,
      3.1143392525566432e-09
    ],
    "top_3": [
      [
        "beta",
        -0.8487208008898777,
        3.1143392525566432e-09
      ],
      [
        "move",
        -0.5328142380422692,
        0.002434695615550987
      ],
      [
        "rmin",
        0.3236929922135706,
        0.08099687862909574
      ]
    ],
    "n_valid": 30
  },
  "results": [
    {
      "sample_id": 0,
      "seed": "hourglass",
      "objective": "first",
      "params": {
        "volfrac": 0.3896805860192538,
        "penal": 2.808149541366393,
        "rmin": 3.023567013348103,
        "move": 0.2108552664245053,
        "void_size_frac": 0.2150970442018725,
        "rotation_deg": 48.07313294508973,
        "beta": 0.5895544119203859
      },
      "v12": -0.9999999999985006,
      "v21": -0.9999999999998709,
      "obj_value": -0.7230772376322918,
      "n_iters": 30,
      "converged": true,
      "elapsed_time": 5.598773717880249,
      "success": true,
      "error": null
    },
    {
      "sample_id": 1,
      "seed": "hourglass",
      "objective": "first",
      "params": {
        "volfrac": 0.3095191425963073,
        "penal": 3.782918182309927,
        "rmin": 2.7582690103507392,
        "move": 0.08024334979806183,
        "void_size_frac": 0.6845539168525232,
        "rotation_deg": 46.068404639758,
        "beta": 0.7470895354691668
      },
      "v12": -0.9999999999989087,
      "v21": -0.999999999999663,
      "obj_value": -0.9341385149840596,
      "n_iters": 33,
      "converged": true,
      "elapsed_time": 5.853906869888306,
      "success": true,
      "error": null
    },
    {
      "sample_id": 2,
      "seed": "hourglass",
      "objective": "first",
      "params": {
        "volfrac": 0.540754477348969,
        "penal": 4.836368170428697,
        "rmin": 3.2409025354973613,
        "move": 0.09113485619913186,
        "void_size_frac": 0.3528728138001236,
        "rotation_deg": 19.105006802633806,
        "beta": 0.869676490396585
      },
      "v12": -0.999999999998211,
      "v21": -1.0000000000003444,
      "obj_value": -0.7110491371464819,
      "n_iters": 28,
      "converged": true,
      "elapsed_time": 5.199605703353882,
      "success": true,
      "error": null
    },
    {
      "sample_id": 3,
      "seed": "hourglass",
      "objective": "first",
      "params": {
        "volfrac": 0.2886063204249351,
        "penal": 1.0039069300806795,
        "rmin": 4.851146479779634,
        "move": 0.05184680419105199,
        "void_size_frac": 0.3967560215358005,
        "rotation_deg": 28.599836988818897,
        "beta": 0.9382478493685107
      },
      "v12": -0.9965892515024585,
      "v21": -0.9983327055588593,
      "obj_value": -3.3204483808955423e-10,
      "n_iters": 68,
      "converged": true,
      "elapsed_time": 12.764797687530518,
      "success": true,
      "error": null
    },
    {
      "sample_id": 4,
      "seed": "hourglass",
      "objective": "first",
      "params": {
        "volfrac": 0.3046094734390994,
        "penal": 1.575593472901006,
        "rmin": 1.7092063073486972,
        "move": 0.2752707522297149,
        "void_size_frac": 0.3112362440310308,
        "rotation_deg": 25.888620881895395,
        "beta": 1.0812177675489676
      },
      "v12": -0.9999999999988987,
      "v21": -0.9999999999997081,
      "obj_value": -84583.62567688675,
      "n_iters": 137,
      "converged": true,
      "elapsed_time": 23.373841524124146,
      "success": true,
      "error": null
    },
    {
      "sample_id": 5,
      "seed": "hourglass",
      "objective": "first",
      "params": {
        "volfrac": 0.4508070485455428,
        "penal": 3.249343799288604,
        "rmin": 3.7540491789623447,
        "move": 0.18977575542457598,
        "void_size_frac": 0.5055031000886248,
        "rotation_deg": 40.68854424338301,
        "beta": 0.3066928721576865
      },
      "v12": -0.9999999999973738,
      "v21": -1.000000000000751,
      "obj_value": -0.5933647445099751,
      "n_iters": 27,
      "converged": true,
      "elapsed_time": 4.936511516571045,
      "success": true,
      "error": null
    },
    {
      "sample_id": 6,
      "seed": "hourglass",
      "objective": "first",
      "params": {
        "volfrac": 0.33732979863997004,
        "penal": 4.691684447815728,
        "rmin": 2.8612900331007998,
        "move": 0.17662696368752667,
        "void_size_frac": 0.6602086936828304,
        "rotation_deg": 59.135015688209265,
        "beta": 0.832700179841001
      },
      "v12": -0.999999999986024,
      "v21": -1.0000000000024576,
      "obj_value": -0.17739226175309825,
      "n_iters": 26,
      "converged": true,
      "elapsed_time": 4.8118507862091064,
      "success": true,
      "error": null
    },
    {
      "sample_id": 7,
      "seed": "hourglass",
      "objective": "first",
      "params": {
        "volfrac": 0.3848033002185425,
        "penal": 2.5733455730033192,
        "rmin": 3.998772955041499,
        "move": 0.06844229685414885,
        "void_size_frac": 0.6722524857234661,
        "rotation_deg": 9.884503864120994,
        "beta": 0.42877083875912125
      },
      "v12": -0.9999999999982284,
      "v21": -0.9999999999996545,
      "obj_value": -0.6137106838542705,
      "n_iters": 33,
      "converged": true,
      "elapsed_time": 6.421001672744751,
      "success": true,
      "error": null
    },
    {
      "sample_id": 8,
      "seed": "hourglass",
      "objective": "first",
      "params": {
        "volfrac": 0.48721445632615545,
        "penal": 2.6575011738729475,
        "rmin": 4.643367166978724,
        "move": 0.12404558272053355,
        "void_size_frac": 0.23885995063682547,
        "rotation_deg": 4.586711381570602,
        "beta": 0.9573905557407525
      },
      "v12": -0.999999999999181,
      "v21": -1.0000000000000075,
      "obj_value": -1.8339279654493241,
      "n_iters": 30,
      "converged": true,
      "elapsed_time": 5.730252742767334,
      "success": true,
      "error": null
    },
    {
      "sample_id": 9,
      "seed": "hourglass",
      "objective": "first",
      "params": {
        "volfrac": 0.45646668190111966,
        "penal": 1.1820375573332544,
        "rmin": 1.5744034332236674,
        "move": 0.26200660699378825,
        "void_size_frac": 0.5449341650322898,
        "rotation_deg": 80.90754649629618,
        "beta": 1.2025313044307055
      },
      "v12": -0.9999999999989846,
      "v21": -1.000000000000302,
      "obj_value": -2411743036323.3125,
      "n_iters": 150,
      "converged": false,
      "elapsed_time": 25.766462802886963,
      "success": true,
      "error": null
    },
    {
      "sample_id": 10,
      "seed": "hourglass",
      "objective": "first",
      "params": {
        "volfrac": 0.5571388710290729,
        "penal": 1.3455295141700485,
        "rmin": 3.524432821121972,
        "move": 0.2730505042844555,
        "void_size_frac": 0.44902828763851554,
        "rotation_deg": 38.15584832393401,
        "beta": 1.2482562496893326
      },
      "v12": -0.9999999999994729,
      "v21": -1.0000000000002263,
      "obj_value": -1219194789139350.5,
      "n_iters": 150,
      "converged": false,
      "elapsed_time": 28.94367790222168,
      "success": true,