Iteration,Poisson_v12,Poisson_v21,Objective,Volume_Fraction
0,nan,nan,nan,0.906800
1,0.410268,0.410268,1.486945,0.733503
2,0.453685,0.453685,-0.078193,0.804198
3,0.526904,0.526904,-1.017572,0.855499
4,0.578514,0.578514,-1.209370,0.906800
5,0.453685,0.453685,-1.219764,0.906800
6,0.453685,0.453685,-1.274991,0.906800
7,0.453685,0.453685,-1.299454,0.906800
8,0.453685,0.453685,-1.310290,0.906800
9,0.453685,0.453685,-1.315090,0.906800
