Iteration,Poisson_v12,Poisson_v21,Objective,Volume_Fraction
0,nan,nan,nan,0.774000
1,0.433308,0.433308,2.426179,0.626082
2,0.499936,0.499936,-0.196665,0.722888
3,0.520778,0.520781,-1.283911,0.748444
4,0.523114,0.523115,-1.670827,0.774000
5,0.499936,0.499936,-1.941027,0.774000
6,0.499936,0.499936,-2.020185,0.774000
7,0.499936,0.499936,-2.055248,0.774000
8,0.499936,0.499936,-2.070779,0.774000
9,0.499936,0.499936,-2.077658,0.774000
