Iteration,Poisson_v12,Poisson_v21,Objective,Volume_Fraction
0,nan,nan,nan,0.826800
1,-1.000000,-1.000000,1.000000,0.592842
2,-1.000000,-1.000000,1.000000,0.358884
3,-1.000000,-1.000000,1.000000,0.197661
4,-1.000000,-1.000000,1.000000,0.174563
5,-1.000000,-1.000000,1.000000,0.192250
6,-1.000000,-1.000000,1.000000,0.189264
7,-0.998760,-0.999302,0.998760,0.202385
8,-0.994650,-0.997164,0.994650,0.201692
9,-0.989224,-0.994813,0.989224,0.203337
10,-0.988177,-0.994946,0.988177,0.196931
11,-0.985277,-0.992406,0.985277,0.192195
12,-0.983836,-0.992218,0.983836,0.184171
13,-0.984291,-0.990652,0.984291,0.190818
14,-0.983883,-0.990805,0.983883,0.187719
15,-0.983888,-0.991492,0.983888,0.190259
16,-0.983812,-0.991721,0.983812,0.189629
17,-0.983334,-0.991762,0.983334,0.183183
18,-0.983265,-0.990251,0.983265,0.170203
19,-0.983426,-0.989349,0.983426,0.171017
20,-0.982593,-0.989568,0.982593,0.164143
