Iteration,Poisson_v12,Poisson_v21,Objective,Volume_Fraction
0,nan,nan,nan,0.523224
1,0.267749,0.234869,1.886382,0.536483
2,0.130546,0.151124,1.736610,0.562486
3,0.143327,0.088523,1.607338,0.562486
4,0.057109,0.057352,1.604933,0.562486
5,0.097429,0.078688,1.594680,0.562486
6,0.060919,0.074629,1.668473,0.562486
7,0.092675,0.093785,1.679080,0.562486
8,0.083308,0.093891,1.625898,0.562486
9,0.079472,0.094620,1.519344,0.562486
10,0.083223,0.094544,1.416516,0.562486
11,0.092937,0.096900,1.349203,0.562486
12,0.103807,0.096469,1.309675,0.562487
13,0.109020,0.093616,1.273742,0.562486
14,0.110588,0.093581,1.249157,0.562485
15,0.105183,0.092096,1.226305,0.562486
16,0.097553,0.089388,1.209268,0.562486
17,0.097493,0.089965,1.204812,0.562486
18,0.091700,0.092415,1.219510,0.562487
19,0.087265,0.092763,1.241641,0.557194
20,0.087120,0.100563,1.312320,0.549441
21,0.092907,0.113534,1.418445,0.535380
22,0.116891,0.148762,1.585514,0.512940
23,0.165518,0.200154,1.790307,0.484609
24,0.229524,0.251837,1.937858,0.452347
25,0.276422,0.268122,1.984681,0.416536
26,0.354096,0.292464,2.007741,0.373715
27,0.504077,0.345936,2.014402,0.325735
28,0.662679,0.354554,2.006599,0.276195
29,0.748323,0.378739,2.001612,0.229360
30,0.657546,0.483826,2.000136,0.187868
31,0.379397,0.399376,2.000001,0.160095
32,0.397171,0.405580,2.000000,0.130192
33,0.319557,0.328176,2.000000,0.107991
34,0.330955,0.336361,2.000000,0.091272
35,0.359316,0.332902,2.000000,0.070492
36,0.363198,0.322736,2.000000,0.050056
37,0.364722,0.323339,2.000000,0.033702
38,0.352955,0.308662,2.000000,0.022027
39,0.339111,0.298690,2.000000,0.013983
40,0.308377,0.287846,2.000000,0.008356
41,0.305722,0.295390,2.000000,0.004936
42,0.303665,0.300781,2.000000,0.003324
43,0.300545,0.299174,2.000000,0.002494
44,0.299196,0.298910,2.000000,0.001770
45,0.299623,0.299363,2.000000,0.001150
46,0.299823,0.299427,2.000000,0.000925
47,0.299734,0.299469,2.000000,0.000795
48,0.299737,0.299321,2.000000,0.000528
49,0.299879,0.299150,2.000000,0.000656
50,0.299883,0.299169,2.000000,0.000453
51,0.299826,0.299671,2.000000,0.000573
52,0.299732,0.299662,2.000000,0.000723
53,0.299629,0.299531,2.000000,0.000549
54,0.299765,0.299764,2.000000,0.000553
