Iteration,Poisson_v12,Poisson_v21,Objective,Volume_Fraction
0,nan,nan,nan,0.814000
1,0.399166,0.399166,4.850413,0.584768
2,0.438263,0.438263,49.406070,0.355536
3,0.438263,0.438263,75.035965,0.319888
4,0.187948,0.187948,63.110150,0.319888
5,0.235968,0.235968,32.466160,0.319889
6,0.239072,0.239072,22.809205,0.319889
7,0.230708,0.230708,22.067936,0.319888
8,0.223428,0.223428,22.049791,0.319888
9,0.215628,0.215628,22.297208,0.319889
10,0.207110,0.207110,22.644233,0.319888
11,0.202646,0.202646,22.800433,0.319888
12,0.201133,0.201133,22.805240,0.319889
13,0.199680,0.199680,22.819419,0.319889
14,0.197636,0.197636,22.892529,0.319889
15,0.196425,0.196425,22.919474,0.319888
16,0.195387,0.195387,22.941474,0.319888
17,0.193801,0.193801,23.012584,0.319889
18,0.192566,0.192566,23.065685,0.319888
19,0.192143,0.192143,23.077286,0.319888
20,0.191645,0.191645,23.093696,0.319888
21,0.191041,0.191040,23.116945,0.319888
22,0.190310,0.190309,23.147627,0.319888
23,0.189432,0.189431,23.186552,0.319889
24,0.188590,0.188600,23.223256,0.319888
25,0.188322,0.188320,23.231492,0.319888
26,0.188091,0.188090,23.240163,0.319889
27,0.187810,0.187809,23.252189,0.319888
28,0.187483,0.187484,23.267154,0.319888
29,0.187109,0.187111,23.284650,0.319888
30,0.186701,0.186705,23.304091,0.319888
31,0.186663,0.186669,23.304160,0.319889
32,0.186731,0.186739,23.298354,0.319889
33,0.186790,0.186794,23.293936,0.319888
34,0.186843,0.186840,23.289894,0.319888
35,0.186885,0.186880,23.286472,0.319888
