{
  "git_hash": "ddbe82c",
  "timestamp": "2026-07-11T08:16:14",
  "version": "1.3.0",
  "params": {
    "volfrac": 0.36988850969833437,
    "penal": 3.5416275176000913,
    "rmin": 3.6868177782213483,
    "move": 0.2816117066319357,
    "void_size_frac": 0.37726900497222887,
    "rotation_deg": 22.48860612308286,
    "nelx": 50,
    "nely": 50,
    "ft": 2,
    "E0": 199.0,
    "Emin": 1e-09,
    "nu": 0.3,
    "max_iter": 150,
    "tol_change": 0.01,
    "tol_obj": 0.05,
    "window_size": 20,
    "save_every": 9999,
    "scale_factor": 1,
    "seed": "small_square_cross",
    "objective": "auxetic"
  }
}