Iteration,Poisson_v12,Poisson_v21,Objective,Volume_Fraction
0,nan,nan,nan,0.894000
1,0.358131,0.358131,115.895582,0.762894
2,0.375501,0.375501,148.539532,0.631788
3,0.375501,0.375501,171.291377,0.534961
4,0.247116,0.247116,187.719273,0.534961
5,0.116292,0.116292,157.458875,0.534961
6,0.131210,0.131210,115.527072,0.534960
7,0.134415,0.134415,78.557667,0.534960
8,0.131627,0.131627,72.320722,0.534961
9,0.132215,0.132215,68.152089,0.534961
10,0.128989,0.128989,66.532271,0.534960
11,0.126806,0.126805,65.315544,0.534960
12,0.125619,0.125619,64.982303,0.534961
13,0.124697,0.124697,64.971485,0.534961
14,0.123934,0.123934,64.971400,0.534962
15,0.123270,0.123270,64.968696,0.534960
16,0.123071,0.123071,64.949929,0.534961
17,0.122768,0.122768,64.934646,0.534960
18,0.122385,0.122385,64.930889,0.534961
19,0.122090,0.122090,64.904593,0.534961
20,0.121898,0.121898,64.849530,0.534961
21,0.121819,0.121819,64.767245,0.534960
22,0.121744,0.121744,64.706923,0.534961
23,0.121772,0.121772,64.622734,0.534960
24,0.121925,0.121924,64.521350,0.534960
25,0.122222,0.122222,64.431853,0.534960
26,0.122621,0.122621,64.321184,0.534961
27,0.122973,0.122973,64.229350,0.534961
28,0.123269,0.123269,64.154786,0.534961
29,0.123424,0.123424,64.119164,0.534961
30,0.123595,0.123595,64.082130,0.534961
31,0.123786,0.123786,64.043488,0.534961
32,0.123992,0.123992,64.002767,0.534961
33,0.124217,0.124217,63.959388,0.534960
34,0.124464,0.124464,63.912585,0.534961
35,0.124732,0.124732,63.861540,0.534961
36,0.125026,0.125026,63.804962,0.534960
37,0.125349,0.125349,63.741466,0.534960
38,0.125703,0.125702,63.669987,0.534961
39,0.126060,0.126060,63.582855,0.534961
40,0.126463,0.126463,63.482402,0.534960
41,0.126924,0.126924,63.364827,0.534961
42,0.127288,0.127288,63.271811,0.534961
43,0.127630,0.127630,63.184166,0.534961
44,0.127814,0.127814,63.131973,0.534960
45,0.127828,0.127828,63.120435,0.534961
46,0.127839,0.127839,63.109413,0.534962
