Iteration,Poisson_v12,Poisson_v21,Objective,Volume_Fraction
0,nan,nan,nan,0.593200
1,0.422405,0.422405,9.249549,0.478421
2,0.435159,0.435159,-6.396200,0.365389
3,0.435159,0.435159,-22.033502,0.252358
4,0.435159,0.435159,-30.160371,0.139327
5,0.435159,0.435159,-32.612450,0.026296
6,0.435161,0.435161,-32.887397,0.000000
7,0.000000,0.000000,-32.887822,0.000000
8,0.000000,0.000000,-32.887822,0.000000
9,0.000000,0.000000,-32.887822,0.000000
10,0.000000,0.000000,-32.887822,0.000000
11,0.000000,0.000000,-32.887822,0.000000
