{
  "git_hash": "e6455de",
  "timestamp": "2026-07-12T23:31:22",
  "version": "1.3.0",
  "params": {
    "volfrac": 0.3430305056915485,
    "penal": 1.2546602852299145,
    "rmin": 4.0462734415672585,
    "move": 0.05448435641457178,
    "void_size_frac": 0.228387282209664,
    "rotation_deg": 46.49686567468991,
    "nelx": 50,
    "nely": 50,
    "ft": 2,
    "E0": 199.0,
    "Emin": 1e-09,
    "nu": 0.3,
    "max_iter": 150,
    "tol_change": 0.01,
    "tol_obj": 0.05,
    "window_size": 20,
    "save_every": 9999,
    "scale_factor": 1,
    "mu": 0.2,
    "seed": "grid_circular_voids",
    "objective": "auxetic"
  }
}