{
  "git_hash": "ddbe82c",
  "timestamp": "2026-07-11T08:11:46",
  "version": "1.3.0",
  "params": {
    "volfrac": 0.4978183034149291,
    "penal": 1.7927961711379488,
    "rmin": 4.227764064940355,
    "move": 0.23269061384874307,
    "void_size_frac": 0.1550323693257984,
    "rotation_deg": 72.89811940481394,
    "nelx": 50,
    "nely": 50,
    "ft": 2,
    "E0": 199.0,
    "Emin": 1e-09,
    "nu": 0.3,
    "max_iter": 150,
    "tol_change": 0.01,
    "tol_obj": 0.05,
    "window_size": 20,
    "save_every": 9999,
    "scale_factor": 1,
    "seed": "grid_circular_voids",
    "objective": "auxetic"
  }
}