Iteration,Poisson_v12,Poisson_v21,Objective,Volume_Fraction
0,nan,nan,nan,0.762800
1,0.420330,0.420330,2.210008,0.559903
2,0.450582,0.450582,-32.449560,0.357006
3,0.450582,0.450582,-46.709061,0.154109
4,0.450582,0.450582,-49.360879,0.000000
5,0.000000,0.000000,-49.441261,0.000000
6,0.000000,0.000000,-49.441261,0.000000
7,0.000000,0.000000,-49.441261,0.000000
8,0.000000,0.000000,-49.441261,0.000000
9,0.000000,0.000000,-49.441261,0.000000
