Iteration,Poisson_v12,Poisson_v21,Objective,Volume_Fraction
0,nan,nan,nan,0.292535
1,0.366669,0.566377,0.098372,0.192535
2,0.422288,0.541115,0.029078,0.098504
3,0.429916,0.578710,0.003626,0.012464
4,0.429915,0.578709,0.000005,0.000000
5,0.000000,0.000000,0.000000,0.000000
6,0.000000,0.000000,0.000000,0.000000
7,0.000000,0.000000,0.000000,0.000000
8,0.000000,0.000000,0.000000,0.000000
9,0.000000,0.000000,0.000000,0.000000
