{
  "git_hash": "e6455de",
  "timestamp": "2026-07-12T23:22:12",
  "version": "1.3.0",
  "params": {
    "volfrac": 0.6410879605094604,
    "penal": 3.2038538391809155,
    "rmin": 5.405793982253136,
    "move": 0.06862500952153312,
    "void_size_frac": 0.2136528167999941,
    "rotation_deg": 37.33926179802601,
    "nelx": 50,
    "nely": 50,
    "ft": 2,
    "E0": 199.0,
    "Emin": 1e-09,
    "nu": 0.3,
    "max_iter": 150,
    "tol_change": 0.01,
    "tol_obj": 0.05,
    "window_size": 20,
    "save_every": 9999,
    "scale_factor": 1,
    "mu": 0.2,
    "seed": "four_circle",
    "objective": "auxetic"
  }
}