Iteration,Poisson_v12,Poisson_v21,Objective,Volume_Fraction
0,nan,nan,nan,0.946800
1,0.367453,0.367453,-132.389198,0.796817
2,0.382268,0.382268,-175.977313,0.646835
3,0.382268,0.382268,-202.173097,0.496852
4,0.382268,0.382268,-220.049996,0.346869
5,0.382268,0.382268,-230.531100,0.196887
6,0.382268,0.382268,-235.273676,0.046904
7,0.382268,0.382268,-236.426394,0.000000
8,0.000000,0.000000,-236.445618,0.000000
9,0.000000,0.000000,-236.445618,0.000000
10,0.000000,0.000000,-236.445618,0.000000
11,0.000000,0.000000,-236.445618,0.000000
12,0.000000,0.000000,-236.445618,0.000000
