Iteration,Poisson_v12,Poisson_v21,Objective,Volume_Fraction
0,nan,nan,nan,0.903600
1,0.397063,0.397063,2.027330,0.823333
2,0.456896,0.456896,0.123945,0.814687
3,0.564394,0.564397,-0.752846,0.859144
4,0.542700,0.542703,-1.026179,0.903600
5,0.456896,0.456896,-1.186407,0.903600
6,0.456896,0.456896,-1.288803,0.903600
7,0.456896,0.456896,-1.340917,0.903600
8,0.456896,0.456896,-1.367441,0.903600
9,0.456896,0.456896,-1.380940,0.903600
