Iteration,Poisson_v12,Poisson_v21,Objective,Volume_Fraction
0,nan,nan,nan,0.298659
1,0.366669,0.566377,0.104681,0.198659
2,0.421442,0.539756,0.031512,0.104169
3,0.429916,0.578710,0.004288,0.018129
4,0.429915,0.578710,0.000014,0.000000
5,0.000000,0.000000,0.000000,0.000000
6,0.000000,0.000000,0.000000,0.000000
7,0.000000,0.000000,0.000000,0.000000
8,0.000000,0.000000,0.000000,0.000000
9,0.000000,0.000000,0.000000,0.000000
