Iteration,Poisson_v12,Poisson_v21,Objective,Volume_Fraction
0,nan,nan,nan,0.848000
1,0.244931,0.244931,-31.450192,0.596196
2,0.254135,0.254135,-98.332596,0.344635
3,0.254135,0.254135,-118.652136,0.093074
4,0.254136,0.254136,-120.221465,0.000000
5,0.000000,0.000000,-120.224122,0.000000
6,0.000000,0.000000,-120.224122,0.000000
7,0.000000,0.000000,-120.224122,0.000000
8,0.000000,0.000000,-120.224122,0.000000
9,0.000000,0.000000,-120.224122,0.000000
