Iteration,Poisson_v12,Poisson_v21,Objective,Volume_Fraction
0,nan,nan,nan,0.488488
1,0.373662,0.488709,0.842951,0.334993
2,0.411007,0.477447,0.419044,0.188006
3,0.411087,0.496196,0.121965,0.058026
4,0.411087,0.496196,0.003341,0.000000
5,0.000000,0.000000,0.000000,0.000000
6,0.000000,0.000000,0.000000,0.000000
7,0.000000,0.000000,0.000000,0.000000
8,0.000000,0.000000,0.000000,0.000000
9,0.000000,0.000000,0.000000,0.000000
