Iteration,Poisson_v12,Poisson_v21,Objective,Volume_Fraction
0,nan,nan,nan,0.445575
1,0.371733,0.574288,0.545419,0.292080
2,0.428121,0.540230,0.240715,0.148006
3,0.432087,0.575172,0.045569,0.015938
4,0.432085,0.575170,0.000041,0.000000
5,0.000000,0.000000,0.000000,0.000000
6,0.000000,0.000000,0.000000,0.000000
7,0.000000,0.000000,0.000000,0.000000
8,0.000000,0.000000,0.000000,0.000000
9,0.000000,0.000000,0.000000,0.000000
