Iteration,Poisson_v12,Poisson_v21,Objective,Volume_Fraction
0,nan,nan,nan,0.924400
1,0.371274,0.371274,-64.657455,0.668211
2,0.421840,0.421840,-156.959812,0.412021
3,0.421840,0.421840,-195.871472,0.155832
4,0.421840,0.421840,-209.385156,0.000000
5,0.000000,0.000000,-210.350391,0.000000
6,0.000000,0.000000,-210.350391,0.000000
7,0.000000,0.000000,-210.350391,0.000000
8,0.000000,0.000000,-210.350391,0.000000
9,0.000000,0.000000,-210.350391,0.000000
