Iteration,Poisson_v12,Poisson_v21,Objective,Volume_Fraction
0,nan,nan,nan,0.479803
1,0.352145,0.438860,-374.072228,0.271288
2,0.378222,0.473996,-375.135428,0.086751
3,0.372317,0.475140,-406.161323,0.000000
4,0.000000,0.000000,-410.374687,0.000000
5,0.000000,0.000000,-410.374687,0.000000
6,0.000000,0.000000,-410.374687,0.000000
7,0.000000,0.000000,-410.374687,0.000000
8,0.000000,0.000000,-410.374687,0.000000
9,0.000000,0.000000,-410.374687,0.000000
