Iteration,Poisson_v12,Poisson_v21,Objective,Volume_Fraction
0,nan,nan,nan,0.516962
1,0.373513,0.400243,-363.881340,0.369900
2,0.380757,0.392548,-383.114314,0.225028
3,0.365771,0.387973,-392.868834,0.100260
4,0.365771,0.387973,-395.561932,0.000000
5,0.000000,0.000000,-395.694183,0.000000
6,0.000000,0.000000,-395.694183,0.000000
7,0.000000,0.000000,-395.694183,0.000000
8,0.000000,0.000000,-395.694183,0.000000
9,0.000000,0.000000,-395.694183,0.000000
