Iteration,Poisson_v12,Poisson_v21,Objective,Volume_Fraction
0,nan,nan,nan,0.895600
1,0.354159,0.354159,6.734420,0.634509
2,0.398718,0.398718,1.933378,0.373419
3,0.398718,0.398718,0.258444,0.112328
4,0.398718,0.398718,0.001913,0.000000
5,0.000000,0.000000,0.000000,0.000000
6,0.000000,0.000000,0.000000,0.000000
7,0.000000,0.000000,0.000000,0.000000
8,0.000000,0.000000,0.000000,0.000000
9,0.000000,0.000000,0.000000,0.000000
