Iteration,Poisson_v12,Poisson_v21,Objective,Volume_Fraction
0,nan,nan,nan,0.753200
1,0.432289,0.432289,9.616224,0.533623
2,0.471706,0.471706,2.502574,0.314045
3,0.471706,0.471706,0.336618,0.094468
4,0.471706,0.471706,0.002504,0.000000
5,0.000000,0.000000,0.000000,0.000000
6,0.000000,0.000000,0.000000,0.000000
7,0.000000,0.000000,0.000000,0.000000
8,0.000000,0.000000,0.000000,0.000000
9,0.000000,0.000000,0.000000,0.000000
