{
  "git_hash": "ddbe82c",
  "timestamp": "2026-07-11T08:32:51",
  "version": "1.3.0",
  "params": {
    "volfrac": 0.5116947550865403,
    "penal": 4.301208547015177,
    "rmin": 5.279759540687428,
    "move": 0.2915260093559075,
    "void_size_frac": 0.37283568559004465,
    "rotation_deg": 17.762214892857223,
    "beta": 1.269254886226994,
    "nelx": 50,
    "nely": 50,
    "ft": 2,
    "E0": 199.0,
    "Emin": 1e-09,
    "nu": 0.3,
    "max_iter": 150,
    "tol_change": 0.01,
    "tol_obj": 0.05,
    "window_size": 20,
    "save_every": 9999,
    "scale_factor": 1,
    "seed": "cross_rectangular",
    "objective": "first"
  }
}