Iteration,Poisson_v12,Poisson_v21,Objective,Volume_Fraction
0,nan,nan,nan,0.313711
1,0.387581,0.598694,-48.786299,0.061313
2,0.425594,0.590355,-49.440135,0.000000
3,0.000000,0.000000,-49.441261,0.000000
4,0.000000,0.000000,-49.441261,0.000000
5,0.000000,0.000000,-49.441261,0.000000
6,0.000000,0.000000,-49.441261,0.000000
7,0.000000,0.000000,-49.441261,0.000000
8,0.000000,0.000000,-49.441261,0.000000
9,0.000000,0.000000,-49.441261,0.000000
