Iteration,Poisson_v12,Poisson_v21,Objective,Volume_Fraction
0,nan,nan,nan,0.836400
1,0.420599,0.420599,4.153957,0.620034
2,0.428255,0.428255,41.470351,0.403667
3,0.428255,0.428255,60.836511,0.285011
4,0.217901,0.217901,58.047926,0.285011
5,0.201423,0.201423,34.379366,0.285011
6,0.203215,0.203215,14.683462,0.285010
7,0.179088,0.179088,10.905113,0.285011
8,0.178390,0.178390,10.306565,0.285011
9,0.178940,0.178940,9.937536,0.285011
10,0.179573,0.179573,9.790364,0.285011
11,0.180532,0.180532,9.691862,0.285011
12,0.181086,0.181086,9.622764,0.285010
13,0.181036,0.181036,9.622976,0.285012
14,0.180993,0.180993,9.623028,0.285011
15,0.180958,0.180958,9.622941,0.285011
16,0.180931,0.180931,9.622438,0.285010
17,0.180913,0.180913,9.621518,0.285011
18,0.180905,0.180905,9.620053,0.285012
19,0.180907,0.180907,9.618111,0.285010
20,0.180920,0.180920,9.615849,0.285010
21,0.180943,0.180943,9.613087,0.285011
22,0.180975,0.180975,9.609954,0.285010
23,0.181015,0.181015,9.606654,0.285010
24,0.181061,0.181061,9.603157,0.285012
25,0.181110,0.181110,9.599430,0.285011
26,0.181163,0.181163,9.595945,0.285010
27,0.181214,0.181214,9.592664,0.285011
