Iteration,Poisson_v12,Poisson_v21,Objective,Volume_Fraction
0,nan,nan,nan,0.870000
1,0.362234,0.362234,-112.766063,0.670473
2,0.374418,0.374418,-153.139474,0.470947
3,0.374418,0.374418,-189.144177,0.271420
4,0.374418,0.374418,-225.855748,0.071894
5,0.374418,0.374418,-260.597504,0.000000
6,0.000000,0.000000,-270.485520,0.000000
7,0.000000,0.000000,-270.485520,0.000000
8,0.000000,0.000000,-270.485520,0.000000
9,0.000000,0.000000,-270.485520,0.000000
10,0.000000,0.000000,-270.485520,0.000000
