Iteration,Poisson_v12,Poisson_v21,Objective,Volume_Fraction
0,nan,nan,nan,0.419772
1,0.363740,0.561754,-222.338699,0.261362
2,0.436786,0.512866,-231.140678,0.115681
3,0.444897,0.547328,-235.739261,0.000000
4,0.000000,0.000000,-236.445618,0.000000
5,0.000000,0.000000,-236.445618,0.000000
6,0.000000,0.000000,-236.445618,0.000000
7,0.000000,0.000000,-236.445618,0.000000
8,0.000000,0.000000,-236.445618,0.000000
9,0.000000,0.000000,-236.445618,0.000000
