{
  "git_hash": "ddbe82c",
  "timestamp": "2026-07-11T08:37:44",
  "version": "1.3.0",
  "params": {
    "volfrac": 0.5409815292743805,
    "penal": 3.3532721624869812,
    "rmin": 3.535015339844518,
    "move": 0.2595777783943006,
    "void_size_frac": 0.17150515558697635,
    "rotation_deg": 53.92509448704859,
    "beta": 1.2001442203381316,
    "nelx": 50,
    "nely": 50,
    "ft": 2,
    "E0": 199.0,
    "Emin": 1e-09,
    "nu": 0.3,
    "max_iter": 150,
    "tol_change": 0.01,
    "tol_obj": 0.05,
    "window_size": 20,
    "save_every": 9999,
    "scale_factor": 1,
    "seed": "circle_half_quarter",
    "objective": "first"
  }
}