Iteration,Poisson_v12,Poisson_v21,Objective,Volume_Fraction
0,nan,nan,nan,0.875200
1,0.242456,0.242456,-95.675763,0.674447
2,0.274460,0.274460,-148.600499,0.473738
3,0.274460,0.274460,-185.829203,0.273029
4,0.274460,0.274460,-223.957309,0.072320
5,0.274460,0.274460,-260.162454,0.000000
6,0.000000,0.000000,-270.485520,0.000000
7,0.000000,0.000000,-270.485520,0.000000
8,0.000000,0.000000,-270.485520,0.000000
9,0.000000,0.000000,-270.485520,0.000000
10,0.000000,0.000000,-270.485520,0.000000
