Iteration,Poisson_v12,Poisson_v21,Objective,Volume_Fraction
0,nan,nan,nan,0.753200
1,-1.000000,-1.000000,54.219473,0.669000
2,-1.000000,-1.000000,70.776061,0.584817
3,-1.000000,-1.000000,82.507681,0.500634
4,-1.000000,-1.000000,93.685144,0.416451
5,-1.000000,-1.000000,104.023560,0.355602
6,-1.000000,-1.000000,108.591397,0.355602
7,-1.000000,-1.000000,103.007225,0.355602
8,-1.000000,-1.000000,98.716640,0.355602
9,-1.000000,-1.000000,97.759534,0.355602
10,-1.000000,-1.000000,98.765951,0.355602
11,-1.000000,-1.000000,101.273235,0.355602
12,-1.000000,-1.000000,105.464769,0.355602
13,-1.000000,-1.000000,111.189683,0.355602
14,-1.000000,-1.000000,117.794950,0.355602
15,-1.000000,-1.000000,124.121974,0.355602
16,-1.000000,-1.000000,128.789592,0.355602
17,-1.000000,-1.000000,131.393363,0.355602
18,-1.000000,-1.000000,132.252920,0.355602
19,-1.000000,-1.000000,132.320590,0.355602
20,-1.000000,-1.000000,132.216751,0.355602
21,-1.000000,-1.000000,132.054647,0.355602
22,-1.000000,-1.000000,131.875620,0.355602
23,-1.000000,-1.000000,131.689897,0.355602
24,-1.000000,-1.000000,131.503528,0.355602
25,-1.000000,-1.000000,131.318328,0.355602
26,-1.000000,-1.000000,131.140866,0.355602
27,-1.000000,-1.000000,130.977702,0.355602
28,-1.000000,-1.000000,130.831216,0.355602
29,-1.000000,-1.000000,130.702342,0.355602
30,-1.000000,-1.000000,130.591817,0.355602
31,-1.000000,-1.000000,130.498133,0.355602
32,-1.000000,-1.000000,130.425153,0.355602
33,-1.000000,-1.000000,130.369515,0.355602
34,-1.000000,-1.000000,130.329779,0.355602
