{
  "git_hash": "ddbe82c",
  "timestamp": "2026-07-11T07:55:05",
  "version": "1.3.0",
  "params": {
    "volfrac": 0.377228872302772,
    "penal": 4.367791808276493,
    "rmin": 3.7544223710166387,
    "move": 0.27398818317602386,
    "void_size_frac": 0.2501642602550961,
    "rotation_deg": 76.35740477590458,
    "nelx": 50,
    "nely": 50,
    "ft": 2,
    "E0": 199.0,
    "Emin": 1e-09,
    "nu": 0.3,
    "max_iter": 150,
    "tol_change": 0.01,
    "tol_obj": 0.05,
    "window_size": 20,
    "save_every": 9999,
    "scale_factor": 1,
    "seed": "square",
    "objective": "auxetic"
  }
}