{
  "git_hash": "unknown",
  "timestamp": "2026-07-15T10:35:01",
  "version": "1.4.0",
  "params": {
    "volfrac": 0.5511302197572202,
    "penal": 3.173667293614877,
    "rmin": 2.1142420624026586,
    "move": 0.06721052788376256,
    "void_size_frac": 0.4054349359126741,
    "nelx": 80,
    "nely": 80,
    "ft": 2,
    "E0": 199.0,
    "Emin": 1e-09,
    "nu": 0.3,
    "max_iter": 200,
    "tol_change": 0.01,
    "tol_obj": 0.05,
    "window_size": 20,
    "save_every": 9999,
    "scale_factor": 1,
    "mu": 0.0,
    "beta": 3.0,
    "rotation_deg": 0.0,
    "seed": "circle_half_quarter",
    "objective": "auxetic"
  }
}