Iteration,Poisson_v12,Poisson_v21,Objective,Volume_Fraction
0,nan,nan,nan,0.912000
1,0.263187,0.263187,121.312491,0.649462
2,0.279799,0.279799,168.838973,0.515175
3,0.265729,0.265729,124.845140,0.515175
4,0.196770,0.196768,89.954048,0.515174
5,0.155691,0.155705,73.533672,0.515175
6,0.136459,0.136478,68.977902,0.515175
7,0.128260,0.128265,67.816335,0.515176
8,0.123647,0.123642,67.400743,0.515175
9,0.122337,0.122349,67.143839,0.515175
10,0.121822,0.121813,66.966496,0.515174
11,0.121342,0.121353,66.848169,0.515176
12,0.121352,0.121354,66.767067,0.515175
13,0.121463,0.121479,66.666584,0.515175
14,0.121845,0.121842,66.626633,0.515175
15,0.122246,0.122255,66.601207,0.515175
16,0.122734,0.122751,66.583270,0.515174
17,0.123129,0.123159,66.569707,0.515174
18,0.123526,0.123535,66.560829,0.515175
19,0.123981,0.123981,66.553697,0.515175
20,0.124181,0.124175,66.551283,0.515174
21,0.124371,0.124366,66.549776,0.515175
22,0.124573,0.124568,66.548187,0.515175
23,0.124787,0.124782,66.547058,0.515175
24,0.125013,0.125007,66.546139,0.515175
25,0.125246,0.125239,66.543583,0.515176
26,0.125484,0.125478,66.539093,0.515175
27,0.125732,0.125716,66.532958,0.515174
28,0.125990,0.125968,66.526124,0.515175
29,0.126257,0.126237,66.517715,0.515175
30,0.126542,0.126522,66.507854,0.515175
31,0.126811,0.126801,66.497017,0.515175
32,0.126991,0.126981,66.489472,0.515175
33,0.127183,0.127174,66.481294,0.515174
34,0.127389,0.127382,66.471738,0.515174
35,0.127614,0.127609,66.459558,0.515174
36,0.127861,0.127859,66.442855,0.515175
37,0.128036,0.128036,66.427652,0.515175
38,0.128107,0.128116,66.417888,0.515174
39,0.128205,0.128228,66.413048,0.515175
40,0.128350,0.128372,66.412564,0.515176
41,0.128505,0.128525,66.411411,0.515176
42,0.128668,0.128688,66.409682,0.515174
43,0.128841,0.128860,66.407427,0.515175
44,0.128992,0.129006,66.404181,0.515176
45,0.129062,0.129074,66.402512,0.515176
46,0.129138,0.129149,66.400773,0.515175
47,0.129223,0.129233,66.399075,0.515176
48,0.129318,0.129327,66.396827,0.515175
49,0.129424,0.129432,66.394264,0.515175
50,0.129542,0.129549,66.391170,0.515175
51,0.129677,0.129684,66.386778,0.515174
52,0.129832,0.129839,66.381317,0.515175
53,0.130017,0.130025,66.373142,0.515175
54,0.130246,0.130255,66.361596,0.515175
55,0.130445,0.130457,66.349369,0.515174
56,0.130437,0.130446,66.348796,0.515176
57,0.130431,0.130437,66.348057,0.515175
