Iteration,Poisson_v12,Poisson_v21,Objective,Volume_Fraction
0,nan,nan,nan,0.602400
1,-1.000000,-1.000000,1.000000,0.550907
2,-1.000000,-1.000000,1.000000,0.505042
3,-1.000000,-1.000000,1.000000,0.471127
4,-1.000000,-1.000000,1.000000,0.438161
5,-1.000000,-1.000000,1.000000,0.398023
6,-1.000000,-1.000000,1.000000,0.365260
7,-1.000000,-1.000000,1.000000,0.330581
8,-1.000000,-1.000000,1.000000,0.314171
9,-0.997871,-0.999198,0.997871,0.302982
10,-0.997076,-0.999079,0.997076,0.296533
11,-0.997207,-0.998965,0.997207,0.289149
12,-0.997246,-0.998930,0.997246,0.282082
13,-0.997258,-0.998891,0.997258,0.275824
14,-0.997329,-0.998849,0.997329,0.270714
15,-0.995806,-0.998193,0.995806,0.269809
16,-0.993417,-0.997084,0.993417,0.270291
17,-0.992335,-0.997165,0.992335,0.268148
18,-0.992419,-0.997311,0.992419,0.267701
19,-0.992403,-0.997179,0.992403,0.265994
20,-0.992098,-0.997050,0.992098,0.260896
