Iteration,Poisson_v12,Poisson_v21,Objective,Volume_Fraction
0,nan,nan,nan,0.432519
1,0.576349,0.399972,169.873192,0.468397
2,0.207843,0.174609,166.192345,0.468398
3,0.207313,0.187581,157.116623,0.468397
4,0.185440,0.178434,141.491473,0.468397
5,0.168916,0.165341,119.536641,0.468397
6,0.158753,0.156396,90.585900,0.468398
7,0.157859,0.156196,58.312006,0.468398
8,0.138590,0.137810,50.155286,0.468397
9,0.122673,0.122363,49.280166,0.468399
10,0.111403,0.111229,48.780249,0.468398
11,0.106424,0.106418,48.576808,0.468398
12,0.103980,0.104032,48.543612,0.468398
13,0.102492,0.102527,48.550031,0.468398
14,0.101679,0.101744,48.541330,0.468398
15,0.101124,0.101196,48.538983,0.468397
16,0.100524,0.100572,48.566126,0.468399
17,0.100165,0.100203,48.591992,0.468398
18,0.099890,0.099938,48.615685,0.468398
19,0.099632,0.099695,48.637375,0.468398
20,0.099395,0.099470,48.656669,0.468399
21,0.099235,0.099297,48.674077,0.468399
22,0.099086,0.099131,48.692244,0.468397
23,0.098939,0.098968,48.711435,0.468399
24,0.098790,0.098818,48.730375,0.468398
25,0.098616,0.098668,48.750533,0.468397
26,0.098416,0.098482,48.772291,0.468397
27,0.098192,0.098267,48.795896,0.468397
28,0.097954,0.098036,48.821141,0.468398
29,0.097703,0.097792,48.847207,0.468399
30,0.097450,0.097543,48.873175,0.468398
31,0.097206,0.097301,48.897876,0.468397
32,0.096980,0.097074,48.920071,0.468398
33,0.096779,0.096868,48.938885,0.468398
34,0.096612,0.096691,48.954020,0.468398
35,0.096475,0.096536,48.966002,0.468398
36,0.096350,0.096391,48.976638,0.468398
37,0.096223,0.096243,48.987261,0.468398
38,0.096136,0.096149,48.994087,0.468398
39,0.096062,0.096074,48.999692,0.468399
40,0.096006,0.096027,49.003598,0.468398
