Iteration,Poisson_v12,Poisson_v21,Objective,Volume_Fraction
0,nan,nan,nan,0.831600
1,0.396089,0.389672,-135.365085,0.709303
2,0.408181,0.406063,-211.923227,0.587007
3,0.408181,0.406063,-268.438908,0.464710
4,0.408181,0.406063,-302.813080,0.342414
5,0.408181,0.406063,-320.059787,0.220117
6,0.408181,0.406063,-326.598609,0.097821
7,0.408181,0.406063,-328.045192,0.000000
8,0.000000,0.000000,-328.115461,0.000000
9,0.000000,0.000000,-328.115461,0.000000
10,0.000000,0.000000,-328.115461,0.000000
11,0.000000,0.000000,-328.115461,0.000000
12,0.000000,0.000000,-328.115461,0.000000
