Iteration,Poisson_v12,Poisson_v21,Objective,Volume_Fraction
0,nan,nan,nan,0.860400
1,-1.000000,-1.000000,1.000000,0.626332
2,-1.000000,-1.000000,1.000000,0.395939
3,-1.000000,-1.000000,1.000000,0.197684
4,-1.000000,-1.000000,1.000000,0.086984
5,-1.000000,-1.000000,1.000000,0.105049
6,-0.994277,-0.995361,0.994277,0.085518
7,-0.994372,-0.995580,0.994372,0.078480
8,-0.994352,-0.995851,0.994352,0.068504
9,-0.990445,-0.992630,0.990445,0.060781
10,-0.990556,-0.992198,0.990556,0.046426
11,-0.990636,-0.991866,0.990636,0.043919
12,-0.990165,-0.991437,0.990165,0.043451
13,-0.989733,-0.990935,0.989733,0.047329
14,-0.989779,-0.991188,0.989779,0.052264
15,-0.989726,-0.991448,0.989726,0.062680
16,-0.989688,-0.991621,0.989688,0.071501
17,-0.989828,-0.991723,0.989828,0.076662
18,-0.989466,-0.991502,0.989466,0.082588
19,-0.988733,-0.991110,0.988733,0.089047
20,-0.988567,-0.991009,0.988567,0.099256
