Iteration,Poisson_v12,Poisson_v21,Objective,Volume_Fraction
0,nan,nan,nan,0.890800
1,0.364155,0.364155,60.605092,0.625139
2,0.410639,0.410639,125.490694,0.427378
3,0.237539,0.237539,130.205655,0.427379
4,0.251392,0.251392,80.707045,0.427380
5,0.170577,0.170577,53.934154,0.427379
6,0.153862,0.153862,51.570539,0.427380
7,0.147945,0.147945,50.982713,0.427379
8,0.142544,0.142544,50.818102,0.427380
9,0.138764,0.138765,50.717835,0.427379
10,0.136240,0.136240,50.632652,0.427378
11,0.135358,0.135358,50.588194,0.427379
12,0.134748,0.134748,50.551591,0.427378
13,0.134227,0.134227,50.517703,0.427380
14,0.133765,0.133765,50.482634,0.427379
15,0.133429,0.133429,50.458109,0.427378
16,0.133209,0.133209,50.446402,0.427380
17,0.132996,0.132996,50.435402,0.427380
18,0.132793,0.132793,50.424461,0.427379
19,0.132598,0.132598,50.412283,0.427379
20,0.132410,0.132410,50.397866,0.427379
21,0.132229,0.132229,50.380633,0.427380
22,0.132056,0.132056,50.358695,0.427378
23,0.131799,0.131799,50.338521,0.427379
24,0.131419,0.131419,50.319252,0.427379
25,0.131150,0.131150,50.305693,0.427379
26,0.130975,0.130975,50.299354,0.427379
27,0.130796,0.130796,50.292947,0.427378
28,0.130615,0.130615,50.287767,0.427378
29,0.130418,0.130418,50.281009,0.427379
30,0.130200,0.130200,50.272120,0.427380
31,0.129957,0.129958,50.260530,0.427378
32,0.129687,0.129687,50.245367,0.427380
33,0.129567,0.129567,50.236980,0.427380
