Iteration,Poisson_v12,Poisson_v21,Objective,Volume_Fraction
0,nan,nan,nan,0.854000
1,0.368044,0.367958,8.025408,0.646482
2,0.372537,0.372418,3.004467,0.438813
3,0.372537,0.372418,0.652974,0.231144
4,0.372537,0.372418,0.042659,0.023475
5,0.372593,0.372474,0.000001,0.000000
6,0.000000,0.000000,0.000000,0.000000
7,0.000000,0.000000,0.000000,0.000000
8,0.000000,0.000000,0.000000,0.000000
9,0.000000,0.000000,0.000000,0.000000
10,0.000000,0.000000,0.000000,0.000000
