Iteration,Poisson_v12,Poisson_v21,Objective,Volume_Fraction
0,nan,nan,nan,0.923200
1,0.328709,0.328709,-136.314190,0.719946
2,0.369023,0.369023,-163.581104,0.516692
3,0.369023,0.369023,-183.364200,0.313438
4,0.369023,0.369023,-196.408323,0.110184
5,0.369023,0.369023,-202.601812,0.000000
6,0.000000,0.000000,-203.342207,0.000000
7,0.000000,0.000000,-203.342207,0.000000
8,0.000000,0.000000,-203.342207,0.000000
9,0.000000,0.000000,-203.342207,0.000000
10,0.000000,0.000000,-203.342207,0.000000
