{
  "git_hash": "ddbe82c",
  "timestamp": "2026-07-11T08:39:41",
  "version": "1.3.0",
  "params": {
    "volfrac": 0.6327656840634597,
    "penal": 2.1453560837406034,
    "rmin": 1.9255237844092181,
    "move": 0.22016245133782897,
    "void_size_frac": 0.3160450478511711,
    "rotation_deg": 2.933172529137236,
    "beta_second": 0.6412177675489676,
    "nelx": 50,
    "nely": 50,
    "ft": 2,
    "E0": 199.0,
    "Emin": 1e-09,
    "nu": 0.3,
    "max_iter": 150,
    "tol_change": 0.01,
    "tol_obj": 0.05,
    "window_size": 20,
    "save_every": 9999,
    "scale_factor": 1,
    "seed": "four_circle",
    "objective": "second"
  }
}