{
  "metadata": {
    "objective": "auxetic",
    "seed": "circle_half_quarter",
    "timestamp": "2026-07-12T23:38:22.592354",
    "n_samples": 30,
    "n_success": 30
  },
  "analysis": {
    "param_names": [
      "volfrac",
      "penal",
      "rmin",
      "move",
      "void_size_frac",
      "rotation_deg"
    ],
    "correlations": [
      -0.20978865406006672,
      0.2827586206896551,
      0.457174638487208,
      -0.0731924360400445,
      -0.4117908787541713,
      -0.04204671857619577
    ],
    "p_values": [
      0.2658489717443996,
      0.1300221402899322,
      0.011087562477797538,
      0.7007018454903042,
      0.023758748913502038,
      0.8253954034384129
    ],
    "top_3": [
      [
        "rmin",
        0.457174638487208,
        0.011087562477797538
      ],
      [
        "void_size_frac",
        -0.4117908787541713,
        0.023758748913502038
      ],
      [
        "penal",
        0.2827586206896551,
        0.1300221402899322
      ]
    ],
    "n_valid": 30
  },
  "results": [
    {
      "sample_id": 0,
      "seed": "circle_half_quarter",
      "objective": "auxetic",
      "params": {
        "volfrac": 0.4930139193525872,
        "penal": 4.008149541366393,
        "rmin": 3.8569003466814364,
        "move": 0.14418859975783865,
        "void_size_frac": 0.1990582265211235,
        "rotation_deg": 48.07313294508973
      },
      "v12": 0.27156919963668846,
      "v21": 0.2715691996384417,
      "obj_value": 0.1891252472284114,
      "n_iters": 150,
      "converged": true,
      "elapsed_time": 53.56601285934448,
      "success": true,
      "error": null
    },
    {
      "sample_id": 1,
      "seed": "circle_half_quarter",
      "objective": "auxetic",
      "params": {
        "volfrac": 0.25318480397346194,
        "penal": 2.495191425963073,
        "rmin": 1.1453143945540756,
        "move": 0.06291345051753694,
        "void_size_frac": 0.3562920197576742,
        "rotation_deg": 18.219705033454193
      },
      "v12": 0.3000000000014053,
      "v21": 0.3000000000014146,
      "obj_value": -0.27515824992459537,
      "n_iters": 47,
      "converged": true,
      "elapsed_time": 16.140610933303833,
      "success": true,
      "error": null
    },
    {
      "sample_id": 2,
      "seed": "circle_half_quarter",
      "objective": "auxetic",
      "params": {
        "volfrac": 0.5880817983989245,
        "penal": 2.756965118230556,
        "rmin": 2.2594309668621113,
        "move": 0.23977301065179352,
        "void_size_frac": 0.30445415212984167,
        "rotation_deg": 44.80854823168748
      },
      "v12": 0.3010242005139544,
      "v21": 0.3000019553163003,
      "obj_value": -0.7764916721781109,
      "n_iters": 150,
      "converged": true,
      "elapsed_time": 53.848185539245605,
      "success": true,
      "error": null
    },
    {
      "sample_id": 3,
      "seed": "circle_half_quarter",
      "objective": "auxetic",
      "params": {
        "volfrac": 0.5056315843734323,
        "penal": 1.7157780801170581,
        "rmin": 5.206985376652438,
        "move": 0.2720456169322511,
        "void_size_frac": 0.290293019756051,
        "rotation_deg": 39.320636636033406
      },
      "v12": 0.30923979929791157,
      "v21": 0.3092397990754137,
      "obj_value": -0.46744861251158465,
      "n_iters": 150,
      "converged": true,
      "elapsed_time": 52.46783638000488,
      "success": true,
      "error": null
    },
    {
      "sample_id": 4,
      "seed": "circle_half_quarter",
      "objective": "auxetic",
      "params": {
        "volfrac": 0.35962155337234986,
        "penal": 3.7740481722864043,
        "rmin": 4.755546499378827,
        "move": 0.2829683019517731,
        "void_size_frac": 0.27845710507932453,
        "rotation_deg": 12.950853140272637
      },
      "v12": 0.30000102698513387,
      "v21": 0.3000010271616529,
      "obj_value": -0.07228183407924632,
      "n_iters": 121,
      "converged": true,
      "elapsed_time": 44.09199142456055,
      "success": true,
      "error": null
    },
    {
      "sample_id": 5,
      "seed": "circle_half_quarter",
      "objective": "auxetic",
      "params": {
        "volfrac": 0.4534031712545624,
        "penal": 4.070998702342106,
        "rmin": 2.612362440310308,
        "move": 0.08857950244970943,
        "void_size_frac": 0.39530444188724195,
        "rotation_deg": 68.43158592274713
      },
      "v12": 0.2999999999994873,
      "v21": 0.2999999999996362,
      "obj_value": -0.4485835707858975,
      "n_iters": 148,
      "converged": true,
      "elapsed_time": 51.68008065223694,
      "success": true,
      "error": null
    },
    {
      "sample_id": 6,
      "seed": "circle_half_quarter",
      "objective": "auxetic",
      "params": {
        "volfrac": 0.4749343799288604,
        "penal": 4.936572676503209,
        "rmin": 5.128848441824852,
        "move": 0.26108488337764574,
        "void_size_frac": 0.3156284808112767,
        "rotation_deg": 84.50196541182649
      },
      "v12": 0.2999999994917565,
      "v21": 0.2999999994917622,
      "obj_value": -0.2387613108429188,
      "n_iters": 87,
      "converged": true,
      "elapsed_time": 33.20214819908142,
      "success": true,
      "error": null
    },
    {
      "sample_id": 7,
      "seed": "circle_half_quarter",
      "objective": "auxetic",
      "params": {
        "volfrac": 0.6139964653066368,
        "penal": 3.625017781149061,
        "rmin": 4.527956699767467,
        "move": 0.13496029702086,
        "void_size_frac": 0.44612521620969836,
        "rotation_deg": 65.13501568820926
      },
      "v12": 0.3257775333780582,
      "v21": 0.3902660920818922,
      "obj_value": 0.3092638342192825,
      "n_iters": 150,
      "converged": true,
      "elapsed_time": 53.95834994316101,
      "success": true,
      "error": null
    },
    {
      "sample_id": 8,
      "seed": "circle_half_quarter",
      "objective": "auxetic",
      "params": {
        "volfrac": 0.6275667266136671,
        "penal": 3.5146996688520917,
        "rmin": 3.300015299587482,
        "move": 0.19160531441874162,
        "void_size_frac": 0.1621307562249786,
        "rotation_deg": 52.005447430223896
      },
      "v12": 0.34062186876233974,
      "v21": 0.34019277039544904,
      "obj_value": 0.4677701725837086,
      "n_iters": 150,
      "converged": true,
      "elapsed_time": 56.44665741920471,
      "success": true,
      "error": null
    },
    {
      "sample_id": 9,
      "seed": "circle_half_quarter",
      "objective": "auxetic",
      "params": {
        "volfrac": 0.4005977949516489,
        "penal": 4.629236129197071,
        "rmin": 4.923514037410277,
        "move": 0.1702604900337259,
        "void_size_frac": 0.25860203001872345,
        "rotation_deg": 11.656409779392078
      },
      "v12": 0.29998427963376234,
      "v21": 0.29998428359769747,
      "obj_value": -0.06649010971999819,
      "n_iters": 69,
      "converged": true,
      "elapsed_time": 24.883392572402954,
      "success": true,
      "error": null
    },
    {
      "sample_id": 10,
      "seed": "circle_half_quarter",
      "objective": "auxetic",
      "params": {
        "volfrac": 0.6410879605094604,
        "penal": 3.2038538391809155,
        "rmin": 5.405793982253136,
        "move": 0.06862500952153312,
        "void_size_frac": 0.2136528167999941,
        "rotation_deg": 37.33926179802601
      },
      "v12": 0.2651596110266584,
      "v21": 0.2651613173549272,
      "obj_value": -0.09802753088756339,
      "n_iters": 132,
      "converged": true,
      "elapsed_time": 49.841392040252686,
      "success": true,
      "error": null
    },
    {
      "sample_id": 11,
      "seed": "circle_half_quarter",
      "objective": "auxetic",
      "params": {
        "volfrac": 0.3092105711900612,
        "penal": 4.559473320258318,
        "rmin": 2.494863694238677,
        "move": 0.16302735508973032,
        "void_size_frac": 0.3778541532718047,