{
  "metadata": {
    "objective": "auxetic",
    "seed": "circle_half_quarter",
    "timestamp": "2026-06-01T19:07:42.246704",
    "n_samples": 30,
    "n_success": 30
  },
  "analysis": {
    "param_names": [
      "volfrac",
      "penal",
      "rmin",
      "move",
      "void_size_frac",
      "rotation_deg"
    ],
    "correlations": [
      -0.24048943270300333,
      -0.27430478309232476,
      -0.06607341490545049,
      -0.5733036707452726,
      0.43448275862068964,
      -0.2609566184649611
    ],
    "p_values": [
      0.200499543294137,
      0.14240460476173736,
      0.7286658674295455,
      0.0009273390985528474,
      0.016431965011658046,
      0.16366337442602302
    ],
    "top_3": [
      [
        "move",
        -0.5733036707452726,
        0.0009273390985528474
      ],
      [
        "void_size_frac",
        0.43448275862068964,
        0.016431965011658046
      ],
      [
        "penal",
        -0.27430478309232476,
        0.14240460476173736
      ]
    ],
    "n_valid": 30
  },
  "results": [
    {
      "sample_id": 0,
      "seed": "circle_half_quarter",
      "objective": "auxetic",
      "params": {
        "volfrac": 0.44301391935258716,
        "penal": 4.008149541366393,
        "rmin": 3.8569003466814364,
        "move": 0.14418859975783865,
        "void_size_frac": 0.2817637108685392,
        "rotation_deg": 48.07313294508973
      },
      "v12": -0.9832426817197456,
      "v21": -0.9934714900319004,
      "obj_value": 0.9832426817197456,
      "n_iters": 21,
      "converged": true,
      "elapsed_time": 4.176656723022461,
      "success": true,
      "error": null
    },
    {
      "sample_id": 1,
      "seed": "circle_half_quarter",
      "objective": "auxetic",
      "params": {
        "volfrac": 0.20318480397346197,
        "penal": 2.495191425963073,
        "rmin": 1.1453143945540756,
        "move": 0.06291345051753694,
        "void_size_frac": 0.5438200329294569,
        "rotation_deg": 18.219705033454193
      },
      "v12": -0.999999999935539,
      "v21": -0.9999999999484818,
      "obj_value": 0.999999999935539,
      "n_iters": 21,
      "converged": true,
      "elapsed_time": 3.7571070194244385,
      "success": true,
      "error": null
    },
    {
      "sample_id": 2,
      "seed": "circle_half_quarter",
      "objective": "auxetic",
      "params": {
        "volfrac": 0.5380817983989244,
        "penal": 2.756965118230556,
        "rmin": 2.2594309668621113,
        "move": 0.23977301065179352,
        "void_size_frac": 0.4574235868830694,
        "rotation_deg": 44.80854823168748
      },
      "v12": -0.9910921119530901,
      "v21": -0.9948957171902346,
      "obj_value": 0.9910921119530901,
      "n_iters": 21,
      "converged": true,
      "elapsed_time": 3.8862314224243164,
      "success": true,
      "error": null
    },
    {
      "sample_id": 3,
      "seed": "circle_half_quarter",
      "objective": "auxetic",
      "params": {
        "volfrac": 0.45563158437343226,
        "penal": 1.7157780801170581,
        "rmin": 5.206985376652438,
        "move": 0.2720456169322511,
        "void_size_frac": 0.43382169959341826,
        "rotation_deg": 39.320636636033406
      },
      "v12": -0.9849138036869698,
      "v21": -0.9926036929652418,
      "obj_value": 0.9849138036869698,
      "n_iters": 21,
      "converged": true,
      "elapsed_time": 4.338083028793335,
      "success": true,
      "error": null
    },
    {
      "sample_id": 4,
      "seed": "circle_half_quarter",
      "objective": "auxetic",
      "params": {
        "volfrac": 0.30962155337234987,
        "penal": 3.7740481722864043,
        "rmin": 4.755546499378827,
        "move": 0.2829683019517731,
        "void_size_frac": 0.4140951751322075,
        "rotation_deg": 12.950853140272637
      },
      "v12": -0.98604903348785,
      "v21": -0.9860505481261083,
      "obj_value": 0.98604903348785,
      "n_iters": 21,
      "converged": true,
      "elapsed_time": 4.211802005767822,
      "success": true,
      "error": null
    },
    {
      "sample_id": 5,
      "seed": "circle_half_quarter",
      "objective": "auxetic",
      "params": {
        "volfrac": 0.40340317125456243,
        "penal": 4.070998702342106,
        "rmin": 2.612362440310308,
        "move": 0.08857950244970943,
        "void_size_frac": 0.6088407364787365,
        "rotation_deg": 68.43158592274713
      },
      "v12": -0.9999640618510816,
      "v21": -0.9999736528865946,
      "obj_value": 0.9999640618510816,
      "n_iters": 21,
      "converged": true,
      "elapsed_time": 3.8445465564727783,
      "success": true,
      "error": null
    },
    {
      "sample_id": 6,
      "seed": "circle_half_quarter",
      "objective": "auxetic",
      "params": {
        "volfrac": 0.4249343799288604,
        "penal": 4.936572676503209,
        "rmin": 5.128848441824852,
        "move": 0.26108488337764574,
        "void_size_frac": 0.47604746801879444,
        "rotation_deg": 84.50196541182649
      },
      "v12": -0.9819945521057177,
      "v21": -0.9829437593086997,
      "obj_value": 0.9819945521057177,
      "n_iters": 21,
      "converged": true,
      "elapsed_time": 4.405074119567871,
      "success": true,
      "error": null
    },
    {
      "sample_id": 7,
      "seed": "circle_half_quarter",
      "objective": "auxetic",
      "params": {
        "volfrac": 0.5639964653066367,
        "penal": 3.625017781149061,
        "rmin": 4.527956699767467,
        "move": 0.13496029702086,
        "void_size_frac": 0.6935420270161637,
        "rotation_deg": 65.13501568820926
      },
      "v12": -0.9916397118840162,
      "v21": -0.991821416950674,
      "obj_value": 0.9916397118840162,
      "n_iters": 21,
      "converged": true,
      "elapsed_time": 4.333230257034302,
      "success": true,
      "error": null
    },
    {
      "sample_id": 8,
      "seed": "circle_half_quarter",
      "objective": "auxetic",
      "params": {
        "volfrac": 0.577566726613667,
        "penal": 3.5146996688520917,
        "rmin": 3.300015299587482,
        "move": 0.19160531441874162,
        "void_size_frac": 0.22021792704163104,
        "rotation_deg": 52.005447430223896
      },
      "v12": -0.9807124118312455,
      "v21": -0.9873844846103269,
      "obj_value": 0.9807124118312455,
      "n_iters": 21,
      "converged": true,
      "elapsed_time": 3.975399971008301,
      "success": true,
      "error": null
    },
    {
      "sample_id": 9,
      "seed": "circle_half_quarter",
      "objective": "auxetic",
      "params": {
        "volfrac": 0.3505977949516489,
        "penal": 4.629236129197071,
        "rmin": 4.923514037410277,
        "move": 0.1702604900337259,
        "void_size_frac": 0.38100338336453904,
        "rotation_deg": 11.656409779392078
      },
      "v12": -0.9978071367280239,
      "v21": -0.9985234162247494,
      "obj_value": 0.9978071367280239,
      "n_iters": 21,
      "converged": true,
      "elapsed_time": 4.2289533615112305,
      "success": true,
      "error": null
    },
    {
      "sample_id": 10,
      "seed": "circle_half_quarter",
      "objective": "auxetic",
      "params": {
        "volfrac": 0.5910879605094603,
        "penal": 3.2038538391809155,
        "rmin": 5.405793982253136,
        "move": 0.06862500952153312,
        "void_size_frac": 0.30608802799999013,
        "rotation_deg": 37.33926179802601
      },
      "v12": -0.9853947118868561,
      "v21": -0.992595377349649,
      "obj_value": 0.9853947118868561,
      "n_iters": 21,
      "converged": true,
      "elapsed_time": 4.378873348236084,
      "success": true,
      "error": null
    },
    {
      "sample_id": 11,
      "seed": "circle_half_quarter",
      "objective": "auxetic",
      "params": {
        "volfrac": 0.2592105711900612,
        "penal": 4.559473320258318,
        "rmin": 2.494863694238677,
        "move": 0.16302735508973032,
        "void_size_frac": 0.5797569221196744,