Iteration,Poisson_v12,Poisson_v21,Objective,Volume_Fraction
0,nan,nan,nan,0.633200
1,0.465627,0.465627,-10.157373,0.445306
2,0.490990,0.490990,-74.288898,0.257412
3,0.490990,0.490990,-91.209194,0.069518
4,0.490990,0.490990,-92.520978,0.000000
5,0.000000,0.000000,-92.523199,0.000000
6,0.000000,0.000000,-92.523199,0.000000
7,0.000000,0.000000,-92.523199,0.000000
8,0.000000,0.000000,-92.523199,0.000000
9,0.000000,0.000000,-92.523199,0.000000
