Iteration,Poisson_v12,Poisson_v21,Objective,Volume_Fraction
0,nan,nan,nan,0.778400
1,-1.000000,-1.000000,1.000000,0.665802
2,-1.000000,-1.000000,1.000000,0.553627
3,-1.000000,-1.000000,1.000000,0.443014
4,-1.000000,-1.000000,1.000000,0.350911
5,-1.000000,-1.000000,1.000000,0.273163
6,-1.000000,-1.000000,1.000000,0.212839
7,-1.000000,-1.000000,1.000000,0.162539
8,-1.000000,-1.000000,1.000000,0.156910
9,-0.999999,-1.000000,0.999999,0.153855
10,-0.999462,-0.999593,0.999462,0.153733
11,-0.992412,-0.994886,0.992412,0.153011
12,-0.990542,-0.993871,0.990542,0.160103
13,-0.990306,-0.993978,0.990306,0.158685
14,-0.989349,-0.993324,0.989349,0.156694
15,-0.988818,-0.992729,0.988818,0.152732
16,-0.988229,-0.992581,0.988229,0.152207
17,-0.988185,-0.992752,0.988185,0.151112
18,-0.988247,-0.991870,0.988247,0.152133
19,-0.987455,-0.991773,0.987455,0.152465
20,-0.987079,-0.991915,0.987079,0.151488
