Iteration,Poisson_v12,Poisson_v21,Objective,Volume_Fraction
0,nan,nan,nan,0.970800
1,-1.000000,-1.000000,1.000000,0.691014
2,-1.000000,-1.000000,1.000000,0.411228
3,-1.000000,-1.000000,1.000000,0.227248
4,-1.000000,-1.000000,1.000000,0.193742
5,-1.000000,-1.000000,1.000000,0.277545
6,-1.000000,-1.000000,1.000000,0.225369
7,-1.000000,-1.000000,1.000000,0.181500
8,-1.000000,-1.000000,1.000000,0.155983
9,-0.993885,-0.995130,0.993885,0.153971
10,-0.993157,-0.994850,0.993157,0.154747
11,-0.989775,-0.992213,0.989775,0.149637
12,-0.986074,-0.989432,0.986074,0.143498
13,-0.984397,-0.988412,0.984397,0.142809
14,-0.982944,-0.986720,0.982944,0.143548
15,-0.982436,-0.986550,0.982436,0.140741
16,-0.982217,-0.986438,0.982217,0.137877
17,-0.981954,-0.985883,0.981954,0.138924
18,-0.981118,-0.985358,0.981118,0.133230
19,-0.980530,-0.984210,0.980530,0.129968
20,-0.980166,-0.984899,0.980166,0.126118
