Iteration,Poisson_v12,Poisson_v21,Objective,Volume_Fraction
0,nan,nan,nan,0.978800
1,0.279301,0.294815,42.221630,0.716559
2,0.314902,0.346255,51.700385,0.454318
3,0.314902,0.346255,56.385250,0.269327
4,0.302137,0.302673,47.962789,0.269327
5,0.313161,0.308499,25.774900,0.269328
6,0.306587,0.309555,15.386653,0.269327
7,0.302189,0.300952,10.033759,0.269328
8,0.300146,0.300071,8.786275,0.269326
9,0.300000,0.300000,7.749619,0.269327
10,0.300000,0.300000,7.467121,0.269326
11,0.300000,0.300000,7.421358,0.269327
12,0.300000,0.300000,7.410783,0.269328
13,0.300000,0.300000,7.404590,0.269327
14,0.300000,0.300000,7.399219,0.269328
15,0.300000,0.300000,7.394067,0.269327
16,0.300000,0.300000,7.389517,0.269327
17,0.300000,0.300000,7.385238,0.269327
18,0.300000,0.300000,7.381495,0.269327
19,0.300000,0.300000,7.378238,0.269326
20,0.300000,0.300000,7.375571,0.269327
21,0.300000,0.300000,7.373187,0.269327
22,0.300000,0.300000,7.371247,0.269327
23,0.300000,0.300000,7.369589,0.269327
24,0.300000,0.300000,7.368236,0.269327
25,0.300000,0.300000,7.366878,0.269326
26,0.300000,0.300000,7.365784,0.269327
27,0.300000,0.300000,7.364522,0.269328
28,0.300000,0.300000,7.363241,0.269327
29,0.300000,0.300000,7.362280,0.269327
30,0.300000,0.300000,7.361441,0.269326
31,0.300000,0.300000,7.360915,0.269328
32,0.300000,0.300000,7.360185,0.269327
33,0.300000,0.300000,7.359575,0.269327
34,0.300000,0.300000,7.358821,0.269327
35,0.300000,0.300000,7.358085,0.269328
36,0.300000,0.300000,7.357372,0.269327
37,0.300000,0.300000,7.356830,0.269327
38,0.300000,0.300000,7.356183,0.269327
