Iteration,Poisson_v12,Poisson_v21,Objective,Volume_Fraction
0,nan,nan,nan,0.884800
1,0.320357,0.320357,-446.794918,0.635571
2,0.356069,0.356069,-625.600590,0.386342
3,0.356069,0.356069,-722.079506,0.137113
4,0.356069,0.356069,-748.097121,0.000000
5,0.000000,0.000000,-749.180942,0.000000
6,0.000000,0.000000,-749.180942,0.000000
7,0.000000,0.000000,-749.180942,0.000000
8,0.000000,0.000000,-749.180942,0.000000
9,0.000000,0.000000,-749.180942,0.000000
