{
  "git_hash": "ddbe82c",
  "timestamp": "2026-07-11T08:39:48",
  "version": "1.3.0",
  "params": {
    "volfrac": 0.6367046678821848,
    "penal": 3.1154374278126977,
    "rmin": 2.7216101790893585,
    "move": 0.2816784322983631,
    "void_size_frac": 0.3815616788313596,
    "rotation_deg": 11.134763307601139,
    "beta_second": 2.3333210832036917,
    "nelx": 50,
    "nely": 50,
    "ft": 2,
    "E0": 199.0,
    "Emin": 1e-09,
    "nu": 0.3,
    "max_iter": 150,
    "tol_change": 0.01,
    "tol_obj": 0.05,
    "window_size": 20,
    "save_every": 9999,
    "scale_factor": 1,
    "seed": "four_circle",
    "objective": "second"
  }
}