Iteration,Poisson_v12,Poisson_v21,Objective,Volume_Fraction
0,nan,nan,nan,0.403438
1,0.357420,0.551624,-233.257588,0.146755
2,0.451264,0.533168,-245.999170,0.000000
3,0.000000,0.000000,-248.368732,0.000000
4,0.000000,0.000000,-248.368732,0.000000
5,0.000000,0.000000,-248.368732,0.000000
6,0.000000,0.000000,-248.368732,0.000000
7,0.000000,0.000000,-248.368732,0.000000
8,0.000000,0.000000,-248.368732,0.000000
9,0.000000,0.000000,-248.368732,0.000000
