Iteration,Poisson_v12,Poisson_v21,Objective,Volume_Fraction
0,nan,nan,nan,0.725200
1,0.428585,0.445085,-57.689490,0.534367
2,0.461217,0.468133,-153.623329,0.343533
3,0.461217,0.468133,-215.907435,0.152700
4,0.461217,0.468133,-244.279688,0.000000
5,0.000000,0.000000,-248.368732,0.000000
6,0.000000,0.000000,-248.368732,0.000000
7,0.000000,0.000000,-248.368732,0.000000
8,0.000000,0.000000,-248.368732,0.000000
9,0.000000,0.000000,-248.368732,0.000000
