Iteration,Poisson_v12,Poisson_v21,Objective,Volume_Fraction
0,nan,nan,nan,0.857200
1,-1.000000,-1.000000,1.000000,0.665776
2,-1.000000,-1.000000,1.000000,0.474351
3,-1.000000,-1.000000,1.000000,0.282927
4,-1.000000,-1.000000,1.000000,0.193965
5,-1.000000,-1.000000,1.000000,0.161184
6,-1.000000,-1.000000,1.000000,0.155811
7,-0.999998,-0.999999,0.999998,0.171420
8,-0.988238,-0.991154,0.988238,0.172897
9,-0.986488,-0.989926,0.986488,0.175708
10,-0.985116,-0.989182,0.985116,0.173642
11,-0.985102,-0.989093,0.985102,0.173958
12,-0.984138,-0.988526,0.984138,0.174151
13,-0.983173,-0.988269,0.983173,0.171022
14,-0.983621,-0.987827,0.983621,0.171704
15,-0.983245,-0.988186,0.983245,0.165667
16,-0.983661,-0.987314,0.983661,0.158416
17,-0.983282,-0.986779,0.983282,0.158002
18,-0.983412,-0.986467,0.983412,0.155142
19,-0.983329,-0.986538,0.983329,0.155230
20,-0.982204,-0.985730,0.982204,0.151863
