Iteration,Poisson_v12,Poisson_v21,Objective,Volume_Fraction
0,nan,nan,nan,0.367931
1,0.364474,0.418787,0.153726,0.248250
2,0.360754,0.402283,0.048142,0.134718
3,0.354931,0.401492,0.005060,0.033372
4,0.354987,0.401559,0.000009,0.000000
5,0.000000,0.000000,0.000000,0.000000
6,0.000000,0.000000,0.000000,0.000000
7,0.000000,0.000000,0.000000,0.000000
8,0.000000,0.000000,0.000000,0.000000
9,0.000000,0.000000,0.000000,0.000000
