Iteration,Poisson_v12,Poisson_v21,Objective,Volume_Fraction
0,nan,nan,nan,0.804800
1,-1.000000,-1.000000,-5.507033,0.650214
2,-1.000000,-1.000000,-1.789111,0.497917
3,-1.000000,-1.000000,-0.669175,0.450807
4,-1.000000,-1.000000,-0.549578,0.450807
5,-1.000000,-1.000000,-0.674442,0.450807
6,-1.000000,-1.000000,-0.872441,0.450807
7,-1.000000,-1.000000,-1.062847,0.450807
8,-1.000000,-1.000000,-1.181109,0.450807
9,-1.000000,-1.000000,-1.238339,0.450807
10,-1.000000,-1.000000,-1.269117,0.450807
11,-1.000000,-1.000000,-1.284856,0.450807
12,-1.000000,-1.000000,-1.294615,0.450807
13,-1.000000,-1.000000,-1.302725,0.450807
14,-1.000000,-1.000000,-1.310134,0.450807
15,-1.000000,-1.000000,-1.318651,0.450807
16,-1.000000,-1.000000,-1.323976,0.450807
17,-1.000000,-1.000000,-1.327569,0.450807
18,-1.000000,-1.000000,-1.330924,0.450807
19,-1.000000,-1.000000,-1.332941,0.450807
20,-1.000000,-1.000000,-1.334706,0.450807
21,-1.000000,-1.000000,-1.336249,0.450807
22,-1.000000,-1.000000,-1.337506,0.450807
23,-1.000000,-1.000000,-1.338406,0.450807
24,-1.000000,-1.000000,-1.339012,0.450807
25,-1.000000,-1.000000,-1.339471,0.450807
26,-1.000000,-1.000000,-1.339808,0.450807
27,-1.000000,-1.000000,-1.339956,0.450807
