Iteration,Poisson_v12,Poisson_v21,Objective,Volume_Fraction
0,nan,nan,nan,0.674800
1,0.491778,0.491778,9.932647,0.478072
2,0.512846,0.512846,2.572161,0.281353
3,0.512846,0.512846,0.347238,0.084634
4,0.512846,0.512846,0.002589,0.000000
5,0.000000,0.000000,0.000000,0.000000
6,0.000000,0.000000,0.000000,0.000000
7,0.000000,0.000000,0.000000,0.000000
8,0.000000,0.000000,0.000000,0.000000
9,0.000000,0.000000,0.000000,0.000000
