Iteration,Poisson_v12,Poisson_v21,Objective,Volume_Fraction
0,nan,nan,nan,0.804800
1,-1.000000,-1.000000,28.164030,0.650214
2,-1.000000,-1.000000,55.467103,0.497917
3,-1.000000,-1.000000,70.447187,0.450807
4,-1.000000,-1.000000,72.128188,0.450807
5,-1.000000,-1.000000,69.760495,0.450807
6,-1.000000,-1.000000,66.203882,0.450807
7,-1.000000,-1.000000,62.881546,0.450807
8,-1.000000,-1.000000,60.859181,0.450807
9,-1.000000,-1.000000,59.891634,0.450807
10,-1.000000,-1.000000,59.374534,0.450807
11,-1.000000,-1.000000,59.110978,0.450807
12,-1.000000,-1.000000,58.947876,0.450807
13,-1.000000,-1.000000,58.812522,0.450807
14,-1.000000,-1.000000,58.689005,0.450807
15,-1.000000,-1.000000,58.547153,0.450807
16,-1.000000,-1.000000,58.458546,0.450807
17,-1.000000,-1.000000,58.398775,0.450807
18,-1.000000,-1.000000,58.342999,0.450807
19,-1.000000,-1.000000,58.309487,0.450807
20,-1.000000,-1.000000,58.280151,0.450807
21,-1.000000,-1.000000,58.254524,0.450807
22,-1.000000,-1.000000,58.233657,0.450807
23,-1.000000,-1.000000,58.218709,0.450807
24,-1.000000,-1.000000,58.208638,0.450807
25,-1.000000,-1.000000,58.201018,0.450807
26,-1.000000,-1.000000,58.195416,0.450807
