Iteration,Poisson_v12,Poisson_v21,Objective,Volume_Fraction
0,nan,nan,nan,0.922000
1,-1.000000,-1.000000,1.000000,0.826632
2,-1.000000,-1.000000,1.000000,0.731263
3,-1.000000,-1.000000,1.000000,0.635895
4,-1.000000,-1.000000,1.000000,0.540527
5,-1.000000,-1.000000,1.000000,0.456280
6,-1.000000,-1.000000,1.000000,0.392306
7,-1.000000,-1.000000,1.000000,0.320826
8,-1.000000,-1.000000,1.000000,0.273057
9,-1.000000,-1.000000,1.000000,0.208169
10,-1.000000,-1.000000,1.000000,0.161451
11,-0.995693,-0.996441,0.995693,0.149936
12,-0.987689,-0.990001,0.987689,0.151859
13,-0.981944,-0.986846,0.981944,0.157700
14,-0.980434,-0.985935,0.980434,0.164071
15,-0.979497,-0.986577,0.979497,0.163662
16,-0.980024,-0.986241,0.980024,0.169260
17,-0.979223,-0.986696,0.979223,0.169730
18,-0.979903,-0.986535,0.979903,0.177012
19,-0.979588,-0.987272,0.979588,0.178620
20,-0.979603,-0.988939,0.979603,0.176792
