Iteration,Poisson_v12,Poisson_v21,Objective,Volume_Fraction
0,nan,nan,nan,0.967600
1,0.298005,0.298005,89.749880,0.815303
2,0.331878,0.331878,104.972661,0.663006
3,0.331878,0.331878,114.794881,0.510709
4,0.331878,0.331878,118.966844,0.390212
5,0.287728,0.287728,115.765716,0.390213
6,0.367898,0.367898,102.901148,0.390212
7,0.375812,0.375812,78.789478,0.390212
8,0.342982,0.342982,64.621553,0.390211
9,0.270953,0.270953,46.178128,0.390211
10,0.281321,0.281321,43.083272,0.390213
11,0.287361,0.287361,41.553352,0.390212
12,0.290770,0.290770,41.085374,0.390212
13,0.291770,0.291770,40.946284,0.390211
14,0.291752,0.291752,40.952557,0.390213
15,0.291682,0.291682,40.978858,0.390212
16,0.291561,0.291561,41.017753,0.390212
17,0.291375,0.291375,41.062053,0.390213
18,0.291092,0.291092,41.097952,0.390212
19,0.290974,0.290974,41.102879,0.390213
20,0.291059,0.291059,41.099220,0.390212
21,0.291152,0.291152,41.095141,0.390212
22,0.291258,0.291258,41.090067,0.390212
23,0.291374,0.291374,41.084060,0.390212
24,0.291500,0.291500,41.076897,0.390212
25,0.291635,0.291635,41.068488,0.390212
26,0.291775,0.291775,41.058994,0.390213
27,0.291917,0.291917,41.048262,0.390212
28,0.292052,0.292052,41.037290,0.390213
29,0.292178,0.292178,41.026139,0.390212
30,0.292288,0.292288,41.015915,0.390212
31,0.292381,0.292381,41.006407,0.390213
32,0.292457,0.292457,40.998198,0.390212
