Iteration,Poisson_v12,Poisson_v21,Objective,Volume_Fraction
0,nan,nan,nan,0.908800
1,0.327387,0.327387,-115.761167,0.815732
2,0.391215,0.391215,-156.712649,0.722850
3,0.391215,0.391215,-169.386535,0.629967
4,0.391215,0.391215,-180.464015,0.537085
5,0.391215,0.391215,-189.856684,0.444203
6,0.391215,0.391215,-197.522037,0.351321
7,0.391215,0.391215,-203.463252,0.258439
8,0.391215,0.391215,-207.730644,0.165557
9,0.391215,0.391215,-210.426988,0.072674
10,0.391215,0.391215,-211.724184,0.000000
11,0.000000,0.000000,-211.957334,0.000000
12,0.000000,0.000000,-211.957334,0.000000
13,0.000000,0.000000,-211.957334,0.000000
14,0.000000,0.000000,-211.957334,0.000000
15,0.000000,0.000000,-211.957334,0.000000
