{
  "git_hash": "ddbe82c",
  "timestamp": "2026-07-11T08:28:30",
  "version": "1.3.0",
  "params": {
    "volfrac": 0.4837114855577843,
    "penal": 2.5897509093859563,
    "rmin": 4.454961406210444,
    "move": 0.2631460098788371,
    "void_size_frac": 0.42043941006690844,
    "rotation_deg": 4.241042783854804,
    "beta": 1.0002537212815001,
    "nelx": 50,
    "nely": 50,
    "ft": 2,
    "E0": 199.0,
    "Emin": 1e-09,
    "nu": 0.3,
    "max_iter": 150,
    "tol_change": 0.01,
    "tol_obj": 0.05,
    "window_size": 20,
    "save_every": 9999,
    "scale_factor": 1,
    "seed": "hexagonal",
    "objective": "first"
  }
}