Iteration,Poisson_v12,Poisson_v21,Objective,Volume_Fraction
0,nan,nan,nan,0.801200
1,-1.000000,-1.000000,-4.635824,0.649152
2,-1.000000,-1.000000,-1.496045,0.497103
3,-1.000000,-1.000000,-0.559561,0.450807
4,-1.000000,-1.000000,-0.630309,0.450807
5,-1.000000,-1.000000,-0.756738,0.450807
6,-1.000000,-1.000000,-0.867929,0.450807
7,-1.000000,-1.000000,-0.997510,0.450807
8,-1.000000,-1.000000,-1.107392,0.450807
9,-1.000000,-1.000000,-1.219200,0.450807
10,-1.000000,-1.000000,-1.334793,0.450807
11,-1.000000,-1.000000,-1.415842,0.450807
12,-1.000000,-1.000000,-1.453625,0.450807
13,-1.000000,-1.000000,-1.464863,0.450807
14,-1.000000,-1.000000,-1.471603,0.450807
15,-1.000000,-1.000000,-1.476017,0.450807
16,-1.000000,-1.000000,-1.479168,0.450807
17,-1.000000,-1.000000,-1.481504,0.450807
18,-1.000000,-1.000000,-1.483311,0.450807
19,-1.000000,-1.000000,-1.484739,0.450807
20,-1.000000,-1.000000,-1.485882,0.450807
21,-1.000000,-1.000000,-1.486786,0.450807
22,-1.000000,-1.000000,-1.487537,0.450807
23,-1.000000,-1.000000,-1.488169,0.450807
24,-1.000000,-1.000000,-1.488703,0.450807
25,-1.000000,-1.000000,-1.489155,0.450807
26,-1.000000,-1.000000,-1.489533,0.450807
27,-1.000000,-1.000000,-1.489864,0.450807
28,-1.000000,-1.000000,-1.490154,0.450807
29,-1.000000,-1.000000,-1.490406,0.450807
30,-1.000000,-1.000000,-1.490633,0.450807
