Iteration,Poisson_v12,Poisson_v21,Objective,Volume_Fraction
0,nan,nan,nan,0.935600
1,-1.000000,-1.000000,1.000000,0.735779
2,-1.000000,-1.000000,1.000000,0.535957
3,-1.000000,-1.000000,1.000000,0.336136
4,-1.000000,-1.000000,1.000000,0.204725
5,-1.000000,-1.000000,1.000000,0.114450
6,-1.000000,-1.000000,1.000000,0.141448
7,-0.995100,-0.996558,0.995100,0.170455
8,-0.988238,-0.993117,0.988238,0.182975
9,-0.984588,-0.992225,0.984588,0.193771
10,-0.983322,-0.992655,0.983322,0.199105
11,-0.983490,-0.993239,0.983490,0.203017
12,-0.982979,-0.993588,0.982979,0.197913
13,-0.983285,-0.992462,0.983285,0.195868
14,-0.982865,-0.992587,0.982865,0.195922
15,-0.982542,-0.992255,0.982542,0.190958
16,-0.983059,-0.992053,0.983059,0.186345
17,-0.982679,-0.991084,0.982679,0.183552
18,-0.983453,-0.990997,0.983453,0.187161
19,-0.982521,-0.990728,0.982521,0.182567
20,-0.983579,-0.990526,0.983579,0.182203
