Iteration,Poisson_v12,Poisson_v21,Objective,Volume_Fraction
0,nan,nan,nan,0.966400
1,0.259071,0.259071,-24.523564,0.771966
2,0.277648,0.277648,-37.577608,0.577748
3,0.277648,0.277648,-41.119372,0.383529
4,0.277648,0.277648,-43.186466,0.189311
5,0.277648,0.277648,-44.078722,0.000000
6,0.000000,0.000000,-44.238634,0.000000
7,0.000000,0.000000,-44.238634,0.000000
8,0.000000,0.000000,-44.238634,0.000000
9,0.000000,0.000000,-44.238634,0.000000
10,0.000000,0.000000,-44.238634,0.000000
