{
  "git_hash": "unknown",
  "timestamp": "2026-07-15T08:38:28",
  "version": "1.4.0",
  "params": {
    "volfrac": 0.6995497606961217,
    "penal": 4.896658438964213,
    "rmin": 1.9161436830924583,
    "move": 0.1253549128838656,
    "void_size_frac": 0.5409937313493798,
    "nelx": 80,
    "nely": 80,
    "ft": 2,
    "E0": 199.0,
    "Emin": 1e-09,
    "nu": 0.3,
    "max_iter": 200,
    "tol_change": 0.01,
    "tol_obj": 0.05,
    "window_size": 20,
    "save_every": 9999,
    "scale_factor": 1,
    "mu": 0.0,
    "beta": 3.0,
    "rotation_deg": 0.0,
    "seed": "hexagonal",
    "objective": "auxetic"
  }
}