{
  "git_hash": "unknown",
  "timestamp": "2026-07-15T08:12:00",
  "version": "1.4.0",
  "params": {
    "volfrac": 0.48667843229836305,
    "penal": 4.195616788313596,
    "rmin": 1.695579388460019,
    "move": 0.13333210832036918,
    "void_size_frac": 0.4778637275611969,
    "nelx": 80,
    "nely": 80,
    "ft": 2,
    "E0": 199.0,
    "Emin": 1e-09,
    "nu": 0.3,
    "max_iter": 200,
    "tol_change": 0.01,
    "tol_obj": 0.05,
    "window_size": 20,
    "save_every": 9999,
    "scale_factor": 1,
    "mu": 0.0,
    "beta": 3.0,
    "rotation_deg": 0.0,
    "seed": "four_circle",
    "objective": "auxetic"
  }
}