{
  "git_hash": "ddbe82c",
  "timestamp": "2026-07-11T08:11:46",
  "version": "1.3.0",
  "params": {
    "volfrac": 0.3006527763056762,
    "penal": 1.6823123035085494,
    "rmin": 5.643476389351882,
    "move": 0.21617500571291987,
    "void_size_frac": 0.3261916900799965,
    "rotation_deg": 53.00355707881561,
    "nelx": 50,
    "nely": 50,
    "ft": 2,
    "E0": 199.0,
    "Emin": 1e-09,
    "nu": 0.3,
    "max_iter": 150,
    "tol_change": 0.01,
    "tol_obj": 0.05,
    "window_size": 20,
    "save_every": 9999,
    "scale_factor": 1,
    "seed": "grid_circular_voids",
    "objective": "auxetic"
  }
}