{
  "property_accuracy": {
    "v12": {
      "mae": 0.06466090679168701,
      "r2": 0.7910041809082031
    },
    "v21": {
      "mae": 0.0651097297668457,
      "r2": 0.7888882160186768
    },
    "n_samples": 1184
  },
  "diversity_check": {
    "condition": [
      -0.6,
      -0.6
    ],
    "pixel_std": 0.27022767066955566,
    "preview": "diversity_v12_-0.60_v21_-0.60.png"
  },
  "interpolation": {
    "idx_a": 0,
    "idx_b": 1,
    "preview": "interpolation_0_to_1.png"
  }
}