{
  "property_accuracy": {
    "v12": {
      "mae": 0.051207974553108215,
      "r2": 0.857455849647522
    },
    "v21": {
      "mae": 0.05280384421348572,
      "r2": 0.8492031097412109
    },
    "n_samples": 1184
  },
  "diversity_check": {
    "condition": [
      -0.6,
      -0.6
    ],
    "pixel_std": 0.2717975378036499,
    "preview": "diversity_v12_-0.60_v21_-0.60.png"
  },
  "interpolation": {
    "idx_a": 0,
    "idx_b": 1,
    "preview": "interpolation_0_to_1.png"
  }
}