{
  "property_accuracy": {
    "v12": {
      "mae": 0.06134997308254242,
      "r2": 0.8055740594863892
    },
    "v21": {
      "mae": 0.06224535033106804,
      "r2": 0.8008963465690613
    },
    "n_samples": 1184
  },
  "diversity_check": {
    "condition": [
      -0.6,
      -0.6
    ],
    "pixel_std": 0.29390421509742737,
    "preview": "diversity_v12_-0.60_v21_-0.60.png"
  },
  "interpolation": {
    "idx_a": 0,
    "idx_b": 1,
    "preview": "interpolation_0_to_1.png"
  }
}