{
  "property_accuracy": {
    "v12": {
      "mae": 0.17449136078357697,
      "r2": -0.4176434278488159
    },
    "v21": {
      "mae": 0.17542576789855957,
      "r2": -0.4385411739349365
    },
    "n_samples": 1184
  },
  "diversity_check": {
    "condition": [
      -0.6,
      -0.6
    ],
    "pixel_std": 0.3261720538139343,
    "preview": "diversity_v12_-0.60_v21_-0.60.png"
  },
  "interpolation": {
    "idx_a": 0,
    "idx_b": 1,
    "preview": "interpolation_0_to_1.png"
  }
}