{
  "property_accuracy": {
    "v12": {
      "mae": 0.07014354318380356,
      "r2": 0.7556564807891846
    },
    "v21": {
      "mae": 0.07014898210763931,
      "r2": 0.7525076866149902
    },
    "n_samples": 1184
  },
  "diversity_check": {
    "condition": [
      -0.6,
      -0.6
    ],
    "pixel_std": 0.3040655851364136,
    "preview": "diversity_v12_-0.60_v21_-0.60.png"
  },
  "interpolation": {
    "idx_a": 0,
    "idx_b": 1,
    "preview": "interpolation_0_to_1.png"
  }
}