{
  "property_accuracy": {
    "v12": {
      "mae": 0.08762716501951218,
      "r2": 0.6271064281463623
    },
    "v21": {
      "mae": 0.08867962658405304,
      "r2": 0.6157121658325195
    },
    "n_samples": 1184
  },
  "diversity_check": {
    "condition": [
      -0.6,
      -0.6
    ],
    "pixel_std": 0.3035351037979126,
    "preview": "diversity_v12_-0.60_v21_-0.60.png"
  },
  "interpolation": {
    "idx_a": 0,
    "idx_b": 1,
    "preview": "interpolation_0_to_1.png"
  }
}