{
  "property_accuracy": {
    "v12": {
      "mae": 0.0648728609085083,
      "r2": 0.789503812789917
    },
    "v21": {
      "mae": 0.06592395156621933,
      "r2": 0.7818707823753357
    },
    "n_samples": 1184
  },
  "diversity_check": {
    "condition": [
      -0.6,
      -0.6
    ],
    "pixel_std": 0.27354109287261963,
    "preview": "diversity_v12_-0.60_v21_-0.60.png"
  },
  "interpolation": {
    "idx_a": 0,
    "idx_b": 1,
    "preview": "interpolation_0_to_1.png"
  }
}