{
  "property_accuracy": {
    "v12": {
      "mae": 0.07709495723247528,
      "r2": 0.7084478139877319
    },
    "v21": {
      "mae": 0.07681825011968613,
      "r2": 0.7116374969482422
    },
    "n_samples": 1184
  },
  "diversity_check": {
    "condition": [
      -0.6,
      -0.6
    ],
    "pixel_std": 0.28930988907814026,
    "preview": "diversity_v12_-0.60_v21_-0.60.png"
  },
  "interpolation": {
    "idx_a": 0,
    "idx_b": 1,
    "preview": "interpolation_0_to_1.png"
  }
}