{
  "property_accuracy": {
    "v12": {
      "mae": 0.09149446338415146,
      "r2": 0.5995679497718811
    },
    "v21": {
      "mae": 0.0924767255783081,
      "r2": 0.5908176898956299
    },
    "n_samples": 1184
  },
  "diversity_check": {
    "condition": [
      -0.6,
      -0.6
    ],
    "pixel_std": 0.3176051676273346,
    "preview": "diversity_v12_-0.60_v21_-0.60.png"
  },
  "interpolation": {
    "idx_a": 0,
    "idx_b": 1,
    "preview": "interpolation_0_to_1.png"
  }
}