{
  "git_hash": "ddbe82c",
  "timestamp": "2026-07-11T08:13:28",
  "version": "1.3.0",
  "params": {
    "volfrac": 0.6193645710809381,
    "penal": 1.4162546329339871,
    "rmin": 2.576735925803357,
    "move": 0.11234615204700474,
    "void_size_frac": 0.3803639050758,
    "rotation_deg": 36.238069883203174,
    "nelx": 50,
    "nely": 50,
    "ft": 2,
    "E0": 199.0,
    "Emin": 1e-09,
    "nu": 0.3,
    "max_iter": 150,
    "tol_change": 0.01,
    "tol_obj": 0.05,
    "window_size": 20,
    "save_every": 9999,
    "scale_factor": 1,
    "seed": "grid_circular_voids",
    "objective": "auxetic"
  }
}