{
  "git_hash": "ddbe82c",
  "timestamp": "2026-07-11T08:40:30",
  "version": "1.3.0",
  "params": {
    "volfrac": 0.46026487848672804,
    "penal": 3.524051079828497,
    "rmin": 3.372775843815484,
    "move": 0.09451804518923251,
    "void_size_frac": 0.19858438562073696,
    "rotation_deg": 78.3796026782995,
    "beta_second": 1.0919054654081908,
    "nelx": 50,
    "nely": 50,
    "ft": 2,
    "E0": 199.0,
    "Emin": 1e-09,
    "nu": 0.3,
    "max_iter": 150,
    "tol_change": 0.01,
    "tol_obj": 0.05,
    "window_size": 20,
    "save_every": 9999,
    "scale_factor": 1,
    "seed": "nine_circle",
    "objective": "second"
  }
}