Iteration,Poisson_v12,Poisson_v21,Objective,Volume_Fraction
0,nan,nan,nan,0.372128
1,0.360083,0.444441,121.159657,0.403173
2,0.304494,0.394518,105.469102,0.403173
3,0.138742,0.137748,72.463079,0.403173
4,0.106838,0.106387,43.141732,0.403173
5,0.086561,0.085101,33.178153,0.403173
6,0.075649,0.074846,30.513808,0.403172
7,0.073578,0.073041,29.308971,0.403172
8,0.073401,0.073189,28.968953,0.403173
9,0.073456,0.073349,28.891603,0.403172
10,0.073468,0.073412,28.834090,0.403173
11,0.073487,0.073503,28.774090,0.403173
12,0.073510,0.073551,28.713500,0.403174
13,0.073401,0.073444,28.692322,0.403173
14,0.073236,0.073282,28.671246,0.403173
15,0.073083,0.073130,28.648686,0.403173
16,0.073005,0.073024,28.625172,0.403173
17,0.072972,0.072987,28.602578,0.403172
18,0.072925,0.072938,28.595723,0.403172
19,0.072863,0.072875,28.588056,0.403173
20,0.072784,0.072796,28.578309,0.403172
21,0.072691,0.072702,28.566353,0.403173
22,0.072584,0.072595,28.550950,0.403173
23,0.072468,0.072479,28.531042,0.403172
24,0.072356,0.072365,28.505711,0.403173
25,0.072293,0.072302,28.474553,0.403172
26,0.072236,0.072244,28.451720,0.403173
27,0.072183,0.072191,28.433707,0.403173
28,0.072166,0.072172,28.422961,0.403173
29,0.072182,0.072188,28.417603,0.403172
