Iteration,Poisson_v12,Poisson_v21,Objective,Volume_Fraction
0,nan,nan,nan,0.711600
1,-1.000000,-1.000000,1.000000,0.547334
2,-1.000000,-1.000000,1.000000,0.382931
3,-1.000000,-1.000000,1.000000,0.251555
4,-1.000000,-1.000000,1.000000,0.170032
5,-1.000000,-1.000000,1.000000,0.164017
6,-0.999999,-1.000000,0.999999,0.198817
7,-0.993011,-0.997384,0.993011,0.213126
8,-0.992843,-0.997043,0.992843,0.231472
9,-0.992497,-0.997356,0.992497,0.243307
10,-0.992855,-0.997802,0.992855,0.249184
11,-0.992663,-0.998124,0.992663,0.253216
12,-0.992813,-0.998573,0.992813,0.253887
13,-0.992769,-0.998084,0.992769,0.256724
14,-0.992599,-0.998349,0.992599,0.255569
15,-0.992604,-0.998200,0.992604,0.259417
16,-0.992359,-0.998282,0.992359,0.257198
17,-0.992991,-0.998163,0.992991,0.252284
18,-0.992496,-0.998057,0.992496,0.257870
19,-0.992669,-0.998200,0.992669,0.258262
20,-0.992679,-0.998596,0.992679,0.256490
