Iteration,Poisson_v12,Poisson_v21,Objective,Volume_Fraction
0,nan,nan,nan,0.943600
1,0.273744,0.273744,4.683308,0.698662
2,0.321583,0.321583,1.907075,0.453725
3,0.321583,0.321583,0.549483,0.208787
4,0.321583,0.321583,0.049682,0.000000
5,0.000000,0.000000,0.000000,0.000000
6,0.000000,0.000000,0.000000,0.000000
7,0.000000,0.000000,0.000000,0.000000
8,0.000000,0.000000,0.000000,0.000000
9,0.000000,0.000000,0.000000,0.000000
