Iteration,Poisson_v12,Poisson_v21,Objective,Volume_Fraction
0,nan,nan,nan,0.229228
1,0.383739,0.592794,47.811920,0.246429
2,0.338761,0.440144,46.305795,0.246429
3,0.230079,0.239711,41.803061,0.246428
4,0.270411,0.267289,32.721252,0.246428
5,0.289816,0.290310,20.026908,0.246428
6,0.296354,0.296558,13.195513,0.246428
7,0.297766,0.298076,12.036473,0.246429
8,0.299519,0.299826,11.236778,0.246429
9,0.299904,0.300033,10.658101,0.246428
10,0.299998,0.300036,10.253273,0.246428
11,0.300001,0.300004,9.962005,0.246428
12,0.300000,0.300000,9.809549,0.246428
13,0.300000,0.300000,9.760273,0.246428
14,0.300000,0.300000,9.737380,0.246429
15,0.300000,0.300000,9.722273,0.246429
16,0.300000,0.300000,9.714615,0.246429
17,0.300000,0.300000,9.706409,0.246429
18,0.300000,0.300000,9.696763,0.246429
19,0.300000,0.300000,9.684551,0.246428
20,0.300000,0.300000,9.668678,0.246429
21,0.300000,0.300000,9.651126,0.246428
22,0.300000,0.300000,9.641547,0.246429
23,0.300000,0.300000,9.639043,0.246428
24,0.300000,0.300000,9.636007,0.246429
25,0.300000,0.300000,9.631428,0.246429
26,0.300000,0.300000,9.625217,0.246429
27,0.300000,0.300000,9.620640,0.246429
28,0.300000,0.300000,9.614732,0.246429
29,0.300000,0.300000,9.606487,0.246429
30,0.300000,0.300000,9.594428,0.246428
31,0.300000,0.300000,9.577508,0.246429
32,0.300000,0.300000,9.558373,0.246428
33,0.300000,0.300000,9.545215,0.246429
34,0.300000,0.300000,9.540917,0.246429
35,0.300000,0.300000,9.535215,0.246429
36,0.300000,0.300000,9.527355,0.246428
37,0.300000,0.300000,9.516518,0.246428
38,0.300000,0.300000,9.501043,0.246429
39,0.300000,0.300000,9.479455,0.246428
40,0.300000,0.300000,9.454583,0.246429
41,0.300000,0.300000,9.438143,0.246429
42,0.300000,0.300000,9.428311,0.246429
43,0.300000,0.300000,9.417363,0.246428
44,0.300000,0.300000,9.404164,0.246428
45,0.300000,0.300000,9.386212,0.246428
46,0.300000,0.300000,9.361277,0.246429
47,0.300000,0.300000,9.331102,0.246429
48,0.300000,0.300000,9.312505,0.246429
49,0.300000,0.300000,9.295225,0.246428
50,0.300000,0.300000,9.287644,0.246428
