Iteration,Poisson_v12,Poisson_v21,Objective,Volume_Fraction
0,nan,nan,nan,0.955200
1,0.224095,0.224095,-274.082377,0.707233
2,0.270328,0.270328,-333.039240,0.459291
3,0.270328,0.270328,-370.128132,0.211349
4,0.270328,0.270328,-381.021595,0.000000
5,0.000000,0.000000,-381.899109,0.000000
6,0.000000,0.000000,-381.899109,0.000000
7,0.000000,0.000000,-381.899109,0.000000
8,0.000000,0.000000,-381.899109,0.000000
9,0.000000,0.000000,-381.899109,0.000000
