Iteration,Poisson_v12,Poisson_v21,Objective,Volume_Fraction
0,nan,nan,nan,0.977600
1,0.310154,0.310154,-400.225241,0.723835
2,0.287213,0.287213,-438.433145,0.470073
3,0.287213,0.287213,-457.656257,0.216310
4,0.287213,0.287213,-463.197980,0.000000
5,0.000000,0.000000,-463.642470,0.000000
6,0.000000,0.000000,-463.642470,0.000000
7,0.000000,0.000000,-463.642470,0.000000
8,0.000000,0.000000,-463.642470,0.000000
9,0.000000,0.000000,-463.642470,0.000000
