{
  "git_hash": "e6455de",
  "timestamp": "2026-07-12T23:32:17",
  "version": "1.3.0",
  "params": {
    "volfrac": 0.4331217338472064,
    "penal": 3.8041098163536367,
    "rmin": 3.3702081826723678,
    "move": 0.07735924842367504,
    "void_size_frac": 0.24550638497856211,
    "rotation_deg": 2.183275314464523,
    "nelx": 50,
    "nely": 50,
    "ft": 2,
    "E0": 199.0,
    "Emin": 1e-09,
    "nu": 0.3,
    "max_iter": 150,
    "tol_change": 0.01,
    "tol_obj": 0.05,
    "window_size": 20,
    "save_every": 9999,
    "scale_factor": 1,
    "mu": 0.2,
    "seed": "grid_circular_voids",
    "objective": "auxetic"
  }
}