Iteration,Poisson_v12,Poisson_v21,Objective,Volume_Fraction
0,nan,nan,nan,0.905200
1,0.407380,0.407380,5.607479,0.697601
2,0.433063,0.433063,4.193354,0.490001
3,0.433063,0.433063,3.136374,0.282402
4,0.433063,0.433063,1.861021,0.074803
5,0.433063,0.433063,0.447673,0.000000
6,0.000000,0.000000,0.000000,0.000000
7,0.000000,0.000000,0.000000,0.000000
8,0.000000,0.000000,0.000000,0.000000
9,0.000000,0.000000,0.000000,0.000000
10,0.000000,0.000000,0.000000,0.000000
