Iteration,Poisson_v12,Poisson_v21,Objective,Volume_Fraction
0,nan,nan,nan,0.833200
1,-1.000000,-1.000000,1.000000,0.633421
2,-1.000000,-1.000000,1.000000,0.460521
3,-1.000000,-1.000000,1.000000,0.330438
4,-1.000000,-1.000000,1.000000,0.228376
5,-1.000000,-1.000000,1.000000,0.190157
6,-1.000000,-1.000000,1.000000,0.208474
7,-1.000000,-1.000000,1.000000,0.196274
8,-1.000000,-1.000000,1.000000,0.176193
9,-1.000000,-1.000000,1.000000,0.172612
10,-0.995264,-0.997265,0.995264,0.183442
11,-0.995528,-0.997394,0.995528,0.188883
12,-0.995254,-0.997681,0.995254,0.192638
13,-0.992418,-0.996359,0.992418,0.191897
14,-0.990369,-0.995190,0.990369,0.186880
15,-0.990229,-0.995055,0.990229,0.183198
16,-0.990218,-0.994468,0.990218,0.181511
17,-0.989954,-0.994660,0.989954,0.179421
18,-0.988360,-0.993563,0.988360,0.179280
19,-0.986332,-0.991831,0.986332,0.170536
20,-0.985548,-0.991379,0.985548,0.166549
