Iteration,Poisson_v12,Poisson_v21,Objective,Volume_Fraction
0,nan,nan,nan,0.934400
1,-1.000000,-1.000000,-4.665577,0.812146
2,-1.000000,-1.000000,15.940928,0.689909
3,-1.000000,-1.000000,43.725012,0.567673
4,-1.000000,-1.000000,70.389614,0.445436
5,-1.000000,-1.000000,91.101025,0.323199
6,-1.000000,-1.000000,104.426647,0.257382
7,-1.000000,-1.000000,108.483272,0.257382
8,-1.000000,-1.000000,108.542764,0.257382
9,-1.000000,-1.000000,108.680123,0.257382
10,-1.000000,-1.000000,108.946364,0.257382
11,-1.000000,-1.000000,109.450700,0.257382
12,-1.000000,-1.000000,110.161840,0.257382
13,-1.000000,-1.000000,111.104449,0.257382
14,-1.000000,-1.000000,112.169206,0.257382
15,-1.000000,-1.000000,112.362180,0.257382
16,-1.000000,-1.000000,112.057335,0.257382
17,-1.000000,-1.000000,111.540661,0.257382
18,-1.000000,-1.000000,110.532000,0.257382
19,-1.000000,-1.000000,109.017289,0.257382
20,-1.000000,-1.000000,107.254215,0.257382
21,-1.000000,-1.000000,105.784282,0.257382
22,-1.000000,-1.000000,104.884512,0.257382
23,-1.000000,-1.000000,104.477006,0.257382
24,-1.000000,-1.000000,104.254188,0.257382
25,-1.000000,-1.000000,104.007442,0.257382
