{
  "git_hash": "ddbe82c",
  "timestamp": "2026-07-11T08:33:14",
  "version": "1.3.0",
  "params": {
    "volfrac": 0.44583462078022773,
    "penal": 2.4848870831755963,
    "rmin": 1.497838792011967,
    "move": 0.18086854037902822,
    "void_size_frac": 0.2286230353689614,
    "rotation_deg": 41.1475516398025,
    "beta": 1.342703132555063,
    "nelx": 50,
    "nely": 50,
    "ft": 2,
    "E0": 199.0,
    "Emin": 1e-09,
    "nu": 0.3,
    "max_iter": 150,
    "tol_change": 0.01,
    "tol_obj": 0.05,
    "window_size": 20,
    "save_every": 9999,
    "scale_factor": 1,
    "seed": "grid_circular_voids",
    "objective": "first"
  }
}