Iteration,Poisson_v12,Poisson_v21,Objective,Volume_Fraction
0,nan,nan,nan,0.327421
1,0.366669,0.566377,0.137930,0.227421
2,0.417754,0.534162,0.044635,0.130772
3,0.429916,0.578710,0.008484,0.044732
4,0.429916,0.578710,0.000209,0.000000
5,0.000000,0.000000,0.000000,0.000000
6,0.000000,0.000000,0.000000,0.000000
7,0.000000,0.000000,0.000000,0.000000
8,0.000000,0.000000,0.000000,0.000000
9,0.000000,0.000000,0.000000,0.000000
