Iteration,Poisson_v12,Poisson_v21,Objective,Volume_Fraction
0,nan,nan,nan,0.954800
1,0.313813,0.313813,-387.650028,0.720618
2,0.411290,0.411290,-498.251663,0.486513
3,0.411290,0.411290,-522.526472,0.252408
4,0.411290,0.411290,-528.532508,0.018303
5,0.411285,0.411285,-529.005253,0.000000
6,0.000000,0.000000,-529.005267,0.000000
7,0.000000,0.000000,-529.005267,0.000000
8,0.000000,0.000000,-529.005267,0.000000
9,0.000000,0.000000,-529.005267,0.000000
10,0.000000,0.000000,-529.005267,0.000000
