Iteration,Poisson_v12,Poisson_v21,Objective,Volume_Fraction
0,nan,nan,nan,0.974000
1,0.337551,0.337551,-541.621358,0.735147
2,0.386065,0.386065,-621.951267,0.496322
3,0.386065,0.386065,-633.240208,0.257497
4,0.386065,0.386065,-636.008882,0.018672
5,0.386057,0.386057,-636.226415,0.000000
6,0.000000,0.000000,-636.226421,0.000000
7,0.000000,0.000000,-636.226421,0.000000
8,0.000000,0.000000,-636.226421,0.000000
9,0.000000,0.000000,-636.226421,0.000000
10,0.000000,0.000000,-636.226421,0.000000
