Iteration,Poisson_v12,Poisson_v21,Objective,Volume_Fraction
0,nan,nan,nan,0.831600
1,-1.000000,-1.000000,-9.727681,0.627545
2,-1.000000,-1.000000,-4.661913,0.467787
3,-1.000000,-1.000000,-2.771648,0.467787
4,-1.000000,-1.000000,-3.382617,0.467787
5,-1.000000,-1.000000,-3.445903,0.467787
6,-1.000000,-1.000000,-3.486920,0.467787
7,-1.000000,-1.000000,-3.536126,0.467787
8,-1.000000,-1.000000,-3.595371,0.467787
9,-1.000000,-1.000000,-3.662558,0.467787
10,-1.000000,-1.000000,-3.732762,0.467787
11,-1.000000,-1.000000,-3.800863,0.467787
12,-1.000000,-1.000000,-3.865096,0.467787
13,-1.000000,-1.000000,-3.926388,0.467787
14,-1.000000,-1.000000,-3.989851,0.467787
15,-1.000000,-1.000000,-4.047047,0.467787
16,-1.000000,-1.000000,-4.113077,0.467787
17,-1.000000,-1.000000,-4.163788,0.467787
18,-1.000000,-1.000000,-4.200961,0.467787
19,-1.000000,-1.000000,-4.210267,0.467787
20,-1.000000,-1.000000,-4.196954,0.467787
21,-1.000000,-1.000000,-4.176513,0.467787
22,-1.000000,-1.000000,-4.153532,0.467787
23,-1.000000,-1.000000,-4.129068,0.467787
