Iteration,Poisson_v12,Poisson_v21,Objective,Volume_Fraction
0,nan,nan,nan,0.620400
1,0.467072,0.467072,5.108439,0.538367
2,0.481847,0.481847,2.159211,0.456334
3,0.481847,0.481847,0.850701,0.374301
4,0.481847,0.481847,0.285080,0.292269
5,0.481847,0.481847,0.075025,0.239537
6,0.391859,0.391859,0.086905,0.157504
7,0.338047,0.338047,0.024973,0.075894
8,0.302562,0.302562,0.004873,0.023227
9,0.300000,0.300000,0.000419,0.008365
10,0.300000,0.300000,0.000004,0.000000
11,0.000000,0.000000,0.000000,0.000000
12,0.000000,0.000000,0.000000,0.000000
13,0.000000,0.000000,0.000000,0.000000
14,0.000000,0.000000,0.000000,0.000000
15,0.000000,0.000000,0.000000,0.000000
