{
  "git_hash": "unknown",
  "timestamp": "2026-07-15T10:05:54",
  "version": "1.4.0",
  "params": {
    "volfrac": 0.48066130523111994,
    "penal": 3.9438135705596764,
    "rmin": 1.0776228529217895,
    "move": 0.24050326382637127,
    "void_size_frac": 0.2774447074817589,
    "nelx": 80,
    "nely": 80,
    "ft": 2,
    "E0": 199.0,
    "Emin": 1e-09,
    "nu": 0.3,
    "max_iter": 200,
    "tol_change": 0.01,
    "tol_obj": 0.05,
    "window_size": 20,
    "save_every": 9999,
    "scale_factor": 1,
    "mu": 0.0,
    "beta": 3.0,
    "rotation_deg": 0.0,
    "seed": "grid_circular_voids",
    "objective": "auxetic"
  }
}