Iteration,Poisson_v12,Poisson_v21,Objective,Volume_Fraction
0,nan,nan,nan,0.974000
1,0.293193,0.293193,2.402684,0.735168
2,0.345830,0.345830,1.540209,0.496336
3,0.345830,0.345830,0.494065,0.257505
4,0.345830,0.345830,0.054849,0.018673
5,0.345776,0.345776,0.000002,0.000000
6,0.000000,0.000000,0.000000,0.000000
7,0.000000,0.000000,0.000000,0.000000
8,0.000000,0.000000,0.000000,0.000000
9,0.000000,0.000000,0.000000,0.000000
10,0.000000,0.000000,0.000000,0.000000
