Iteration,Poisson_v12,Poisson_v21,Objective,Volume_Fraction
0,nan,nan,nan,0.951600
1,0.307989,0.307989,4.553529,0.718261
2,0.349418,0.349418,2.516259,0.484922
3,0.349418,0.349418,0.807405,0.251582
4,0.349418,0.349418,0.089652,0.018243
5,0.349414,0.349414,0.000004,0.000000
6,0.000000,0.000000,0.000000,0.000000
7,0.000000,0.000000,0.000000,0.000000
8,0.000000,0.000000,0.000000,0.000000
9,0.000000,0.000000,0.000000,0.000000
10,0.000000,0.000000,0.000000,0.000000
