Iteration,Poisson_v12,Poisson_v21,Objective,Volume_Fraction
0,nan,nan,nan,0.338752
1,0.366669,0.566377,0.152751,0.238752
2,0.416438,0.532264,0.050617,0.141253
3,0.429916,0.578710,0.010692,0.055213
4,0.429916,0.578710,0.000392,0.000000
5,0.000000,0.000000,0.000000,0.000000
6,0.000000,0.000000,0.000000,0.000000
7,0.000000,0.000000,0.000000,0.000000
8,0.000000,0.000000,0.000000,0.000000
9,0.000000,0.000000,0.000000,0.000000
