Iteration,Poisson_v12,Poisson_v21,Objective,Volume_Fraction
0,nan,nan,nan,0.294400
1,0.300000,0.300000,44.311166,0.272761
2,0.298384,0.298387,112.820825,0.294394
3,0.298804,0.298810,90.631508,0.294394
4,0.298804,0.298810,90.631508,0.294394
5,0.298804,0.298810,90.631508,0.294394
6,0.298804,0.298810,90.631508,0.294394
7,0.298804,0.298810,90.631508,0.294394
8,0.298804,0.298810,90.631508,0.294394
9,0.298804,0.298810,90.631508,0.294394
