Iteration,Poisson_v12,Poisson_v21,Objective,Volume_Fraction
0,nan,nan,nan,0.587200
1,-1.000000,-1.000000,1.000000,0.550251
2,-1.000000,-1.000000,1.000000,0.513309
3,-1.000000,-1.000000,1.000000,0.476367
4,-1.000000,-1.000000,1.000000,0.439424
5,-1.000000,-1.000000,1.000000,0.402482
6,-1.000000,-1.000000,1.000000,0.365539
7,-1.000000,-1.000000,1.000000,0.328597
8,-1.000000,-1.000000,1.000000,0.291655
9,-1.000000,-1.000000,1.000000,0.254712
10,-1.000000,-1.000000,1.000000,0.217770
11,-1.000000,-1.000000,1.000000,0.194971
12,-1.000000,-1.000000,1.000000,0.175674
13,-1.000000,-1.000000,1.000000,0.156383
14,-1.000000,-1.000000,1.000000,0.142889
15,-1.000000,-1.000000,1.000000,0.127156
16,-1.000000,-1.000000,1.000000,0.117826
17,-1.000000,-1.000000,1.000000,0.116998
18,-1.000000,-1.000000,1.000000,0.119825
19,-1.000000,-1.000000,1.000000,0.119797
20,-1.000000,-1.000000,1.000000,0.121770
