{
  "git_hash": "ddbe82c",
  "timestamp": "2026-07-11T08:17:57",
  "version": "1.3.0",
  "params": {
    "volfrac": 0.5399108823840773,
    "penal": 3.1771148555778437,
    "rmin": 5.087188636732446,
    "move": 0.24774807031052215,
    "void_size_frac": 0.44777521185460456,
    "rotation_deg": 66.73182302007251,
    "nelx": 50,
    "nely": 50,
    "ft": 2,
    "E0": 199.0,
    "Emin": 1e-09,
    "nu": 0.3,
    "max_iter": 150,
    "tol_change": 0.01,
    "tol_obj": 0.05,
    "window_size": 20,
    "save_every": 9999,
    "scale_factor": 1,
    "seed": "circle_half_quarter",
    "objective": "auxetic"
  }
}