Iteration,Poisson_v12,Poisson_v21,Objective,Volume_Fraction
0,nan,nan,nan,0.762000
1,0.430163,0.424465,83.181024,0.622234
2,0.462226,0.458361,150.573227,0.520874
3,0.324437,0.337847,172.360962,0.520873
4,0.186752,0.185263,119.592056,0.520873
5,0.125460,0.123507,88.362314,0.520874
6,0.099346,0.097515,77.885294,0.520873
7,0.089649,0.087757,72.697464,0.520873
8,0.086046,0.084216,71.085075,0.520874
9,0.084791,0.082963,70.531242,0.520873
10,0.083706,0.081937,70.396511,0.520875
11,0.082765,0.081064,70.340502,0.520873
12,0.081994,0.080364,70.322812,0.520874
13,0.081718,0.080108,70.280908,0.520874
14,0.081657,0.080077,70.239990,0.520874
15,0.081666,0.080068,70.218759,0.520873
16,0.081605,0.079985,70.212041,0.520874
17,0.081531,0.079916,70.204104,0.520874
18,0.081473,0.079866,70.192547,0.520874
19,0.081447,0.079860,70.174107,0.520873
20,0.081480,0.079932,70.143617,0.520873
21,0.081525,0.080017,70.113421,0.520873
22,0.081445,0.079960,70.114593,0.520873
23,0.081388,0.079926,70.113331,0.520873
24,0.081343,0.079918,70.109400,0.520873
25,0.081326,0.079924,70.104064,0.520874
26,0.081326,0.079944,70.098790,0.520873
27,0.081316,0.079940,70.097431,0.520873
28,0.081329,0.079953,70.095836,0.520874
