Iteration,Poisson_v12,Poisson_v21,Objective,Volume_Fraction
0,nan,nan,nan,0.814000
1,0.359940,0.359940,-127.792314,0.680917
2,0.394464,0.394464,-272.401034,0.547834
3,0.394464,0.394464,-358.299093,0.414751
4,0.394464,0.394464,-397.267321,0.281669
5,0.394464,0.394464,-409.967250,0.148586
6,0.394464,0.394464,-412.381868,0.015503
7,0.394596,0.394596,-412.512522,0.000000
8,0.000000,0.000000,-412.512526,0.000000
9,0.000000,0.000000,-412.512526,0.000000
10,0.000000,0.000000,-412.512526,0.000000
11,0.000000,0.000000,-412.512526,0.000000
12,0.000000,0.000000,-412.512526,0.000000
