Iteration,Poisson_v12,Poisson_v21,Objective,Volume_Fraction
0,nan,nan,nan,0.670400
1,0.152541,0.152541,3.888409,0.577942
2,0.160103,0.160103,35.309081,0.487944
3,0.160103,0.160103,64.578943,0.411809
4,0.176615,0.176615,84.059235,0.411810
5,0.235150,0.235150,65.944600,0.411809
6,0.276389,0.276389,43.021151,0.411810
7,0.292788,0.292789,27.781844,0.411810
8,0.297960,0.297960,22.579909,0.411810
9,0.299746,0.299746,19.390849,0.411810
10,0.299990,0.299990,17.610104,0.411809
11,0.300000,0.300000,16.700021,0.411810
12,0.300000,0.300000,16.163758,0.411810
13,0.300000,0.300000,15.770130,0.411810
14,0.300000,0.300000,15.397387,0.411811
15,0.300000,0.300000,15.033306,0.411810
16,0.300000,0.300000,14.676560,0.411810
17,0.300000,0.300000,14.361814,0.411810
18,0.300000,0.300000,14.082950,0.411810
19,0.300000,0.300000,13.920123,0.411809
20,0.300000,0.300000,13.865694,0.411810
21,0.300000,0.300000,13.859676,0.411810
22,0.300000,0.300000,13.854422,0.411811
23,0.300000,0.300000,13.849166,0.411810
24,0.300000,0.300000,13.844158,0.411810
25,0.300000,0.300000,13.839999,0.411809
26,0.300000,0.300000,13.836774,0.411810
27,0.300000,0.300000,13.835056,0.411810
28,0.300000,0.300000,13.833537,0.411810
29,0.300000,0.300000,13.831989,0.411810
30,0.300000,0.300000,13.830662,0.411810
31,0.300000,0.300000,13.829304,0.411810
32,0.300000,0.300000,13.828141,0.411811
33,0.300000,0.300000,13.826902,0.411810
34,0.300000,0.300000,13.825828,0.411810
35,0.300000,0.300000,13.824938,0.411810
36,0.300000,0.300000,13.824016,0.411809
37,0.300000,0.300000,13.823236,0.411811
38,0.300000,0.300000,13.822195,0.411810
39,0.300000,0.300000,13.821395,0.411810
40,0.300000,0.300000,13.820674,0.411810
41,0.300000,0.300000,13.819860,0.411810
42,0.300000,0.300000,13.819198,0.411810
43,0.300000,0.300000,13.818494,0.411810
44,0.300000,0.300000,13.817773,0.411810
45,0.300000,0.300000,13.817054,0.411810
46,0.300000,0.300000,13.816358,0.411810
47,0.300000,0.300000,13.815706,0.411809
48,0.300000,0.300000,13.815114,0.411810
49,0.300000,0.300000,13.814382,0.411810
50,0.300000,0.300000,13.813745,0.411811
51,0.300000,0.300000,13.812999,0.411810
52,0.300000,0.300000,13.812537,0.411811
53,0.300000,0.300000,13.811939,0.411811
54,0.300000,0.300000,13.811671,0.411810
