Iteration,Poisson_v12,Poisson_v21,Objective,Volume_Fraction
0,nan,nan,nan,0.881200
1,-1.000000,-1.000000,1.000000,0.684416
2,-1.000000,-1.000000,1.000000,0.487632
3,-1.000000,-1.000000,1.000000,0.290848
4,-1.000000,-1.000000,1.000000,0.188231
5,-1.000000,-1.000000,1.000000,0.227855
6,-1.000000,-1.000000,1.000000,0.188736
7,-1.000000,-1.000000,1.000000,0.157863
8,-1.000000,-1.000000,1.000000,0.165927
9,-0.995891,-0.996744,0.995891,0.176124
10,-0.989827,-0.992054,0.989827,0.175061
11,-0.988832,-0.991449,0.988832,0.174150
12,-0.986846,-0.990240,0.986846,0.170415
13,-0.986383,-0.989348,0.986383,0.166773
14,-0.985108,-0.988826,0.985108,0.167812
15,-0.984195,-0.989092,0.984195,0.163451
16,-0.983444,-0.988017,0.983444,0.158058
17,-0.983173,-0.987208,0.983173,0.153339
18,-0.983537,-0.986640,0.983537,0.150270
19,-0.982046,-0.986095,0.982046,0.144798
20,-0.982399,-0.985767,0.982399,0.143302
