Iteration,Poisson_v12,Poisson_v21,Objective,Volume_Fraction
0,nan,nan,nan,0.912400
1,0.341399,0.341399,36.206960,0.662413
2,0.375571,0.375571,69.110214,0.412426
3,0.375571,0.375571,82.735373,0.327229
4,0.289018,0.289018,72.023533,0.327229
5,0.287079,0.287079,37.921636,0.327229
6,0.251439,0.251439,32.486237,0.327229
7,0.220503,0.220503,32.647314,0.327230
8,0.210525,0.210525,32.526020,0.327229
9,0.210801,0.210801,32.271413,0.327230
10,0.211695,0.211695,32.074309,0.327229
11,0.212473,0.212473,31.951380,0.327229
12,0.212862,0.212862,31.876200,0.327229
13,0.212870,0.212870,31.832732,0.327228
14,0.212733,0.212733,31.789002,0.327228
15,0.212747,0.212747,31.744867,0.327229
16,0.213113,0.213113,31.702020,0.327230
17,0.212941,0.212941,31.687108,0.327229
18,0.212628,0.212628,31.673711,0.327229
19,0.212230,0.212230,31.657984,0.327229
20,0.212200,0.212200,31.655356,0.327230
21,0.212147,0.212147,31.653083,0.327228
22,0.212065,0.212065,31.651807,0.327230
23,0.211950,0.211950,31.650552,0.327229
24,0.211798,0.211798,31.650296,0.327228
25,0.211604,0.211604,31.650514,0.327228
26,0.211363,0.211363,31.651144,0.327229
27,0.211068,0.211068,31.651998,0.327229
28,0.210715,0.210715,31.653596,0.327230
29,0.210295,0.210295,31.655088,0.327229
30,0.209803,0.209803,31.657148,0.327229
31,0.209420,0.209420,31.655972,0.327228
32,0.209333,0.209333,31.649895,0.327229
33,0.209224,0.209224,31.642858,0.327229
34,0.209089,0.209089,31.634712,0.327229
35,0.208925,0.208925,31.625111,0.327229
36,0.208733,0.208733,31.613792,0.327230
37,0.208514,0.208514,31.599730,0.327230
38,0.208291,0.208291,31.584905,0.327228
39,0.208183,0.208183,31.583124,0.327229
40,0.208086,0.208086,31.583177,0.327228
