{
  "git_hash": "ddbe82c",
  "timestamp": "2026-07-11T08:11:46",
  "version": "1.3.0",
  "params": {
    "volfrac": 0.2693272162486981,
    "penal": 3.7480122718756146,
    "rmin": 3.291555567886011,
    "move": 0.26792096298914697,
    "void_size_frac": 0.17975031495682864,
    "rotation_deg": 71.11081652535988,
    "nelx": 50,
    "nely": 50,
    "ft": 2,
    "E0": 199.0,
    "Emin": 1e-09,
    "nu": 0.3,
    "max_iter": 150,
    "tol_change": 0.01,
    "tol_obj": 0.05,
    "window_size": 20,
    "save_every": 9999,
    "scale_factor": 1,
    "seed": "grid_circular_voids",
    "objective": "auxetic"
  }
}