Iteration,Poisson_v12,Poisson_v21,Objective,Volume_Fraction
0,nan,nan,nan,0.713200
1,0.433956,0.433956,-0.056368,0.573055
2,0.439561,0.439561,-41.514225,0.432910
3,0.439561,0.439561,-81.818797,0.292765
4,0.439561,0.439561,-108.186878,0.152621
5,0.439561,0.439561,-119.601226,0.012476
6,0.439561,0.439561,-121.649702,0.000000
7,0.000000,0.000000,-121.651063,0.000000
8,0.000000,0.000000,-121.651063,0.000000
9,0.000000,0.000000,-121.651063,0.000000
10,0.000000,0.000000,-121.651063,0.000000
11,0.000000,0.000000,-121.651063,0.000000
