Iteration,Poisson_v12,Poisson_v21,Objective,Volume_Fraction
0,nan,nan,nan,0.336649
1,0.366669,0.566377,0.149924,0.236649
2,0.416676,0.532605,0.049471,0.139307
3,0.429916,0.578710,0.010256,0.053267
4,0.429916,0.578710,0.000352,0.000000
5,0.000000,0.000000,0.000000,0.000000
6,0.000000,0.000000,0.000000,0.000000
7,0.000000,0.000000,0.000000,0.000000
8,0.000000,0.000000,0.000000,0.000000
9,0.000000,0.000000,0.000000,0.000000
