Iteration,Poisson_v12,Poisson_v21,Objective,Volume_Fraction
0,nan,nan,nan,0.855600
1,0.380280,0.380280,-33.445743,0.601712
2,0.410718,0.410718,-101.284280,0.347824
3,0.410718,0.410718,-118.871473,0.093935
4,0.410719,0.410719,-120.221837,0.000000
5,0.000000,0.000000,-120.224122,0.000000
6,0.000000,0.000000,-120.224122,0.000000
7,0.000000,0.000000,-120.224122,0.000000
8,0.000000,0.000000,-120.224122,0.000000
9,0.000000,0.000000,-120.224122,0.000000
