Iteration,Poisson_v12,Poisson_v21,Objective,Volume_Fraction
0,nan,nan,nan,0.949200
1,0.308444,0.322933,120.823048,0.867591
2,0.332888,0.337529,132.916095,0.785983
3,0.332888,0.337529,148.114302,0.704374
4,0.332888,0.337529,158.643612,0.622766
5,0.332888,0.337529,165.483881,0.541157
6,0.332888,0.337529,169.622742,0.468398
7,0.237106,0.241049,171.814737,0.468399
8,0.235841,0.240850,165.721910,0.468398
9,0.269239,0.271023,153.917513,0.468397
10,0.270103,0.271587,137.691617,0.468397
11,0.265793,0.267073,115.361871,0.468398
12,0.244619,0.245824,89.560690,0.468398
13,0.220189,0.221017,61.846162,0.468397
14,0.219605,0.220380,61.321380,0.468397
15,0.219327,0.220210,61.080487,0.468398
16,0.218798,0.219631,60.977343,0.468398
17,0.218400,0.219278,60.899907,0.468398
18,0.218068,0.219015,60.859191,0.468398
19,0.217593,0.218541,60.826246,0.468398
20,0.217036,0.218002,60.799536,0.468398
21,0.216570,0.217549,60.787413,0.468398
22,0.216162,0.217151,60.784759,0.468398
23,0.215727,0.216739,60.780448,0.468398
24,0.215375,0.216397,60.774184,0.468398
25,0.214982,0.216022,60.765748,0.468398
26,0.214668,0.215734,60.753968,0.468399
27,0.214401,0.215485,60.739875,0.468398
28,0.214128,0.215236,60.724706,0.468398
29,0.213955,0.215080,60.710985,0.468398
30,0.213776,0.214922,60.695767,0.468398
31,0.213603,0.214764,60.680690,0.468399
32,0.213573,0.214728,60.676726,0.468399
33,0.213565,0.214714,60.675774,0.468398
34,0.213550,0.214694,60.674780,0.468398
35,0.213530,0.214671,60.673494,0.468397
36,0.213503,0.214644,60.672186,0.468398
37,0.213472,0.214614,60.670606,0.468398
38,0.213435,0.214581,60.668900,0.468398
39,0.213394,0.214545,60.667084,0.468399
40,0.213348,0.214506,60.665035,0.468398
41,0.213298,0.214464,60.663051,0.468398
42,0.213244,0.214421,60.660869,0.468398
43,0.213189,0.214376,60.658487,0.468399
44,0.213131,0.214331,60.655893,0.468398
45,0.213070,0.214283,60.653381,0.468398
46,0.213007,0.214235,60.650641,0.468399
47,0.212944,0.214187,60.647622,0.468399
48,0.212879,0.214138,60.644587,0.468397
49,0.212813,0.214088,60.641492,0.468398
50,0.212748,0.214040,60.637914,0.468398
51,0.212681,0.213990,60.634293,0.468399
52,0.212611,0.213939,60.630449,0.468399
53,0.212534,0.213881,60.626758,0.468399
54,0.212491,0.213850,60.623510,0.468398
