Iteration,Poisson_v12,Poisson_v21,Objective,Volume_Fraction
0,nan,nan,nan,0.354310
1,0.323355,0.465353,0.401955,0.176395
2,0.396497,0.519072,1.300354,0.023719
3,0.419669,0.544400,0.259934,0.000000
4,0.000000,0.000000,0.000000,0.000000
5,0.000000,0.000000,0.000000,0.000000
6,0.000000,0.000000,0.000000,0.000000
7,0.000000,0.000000,0.000000,0.000000
8,0.000000,0.000000,0.000000,0.000000
9,0.000000,0.000000,0.000000,0.000000
