Iteration,Poisson_v12,Poisson_v21,Objective,Volume_Fraction
0,nan,nan,nan,0.948400
1,-1.000000,-1.000000,57.846776,0.762791
2,-1.000000,-1.000000,237.938224,0.577181
3,-1.000000,-1.000000,329.359540,0.435771
4,-1.000000,-1.000000,354.355765,0.435771
5,-1.000000,-1.000000,354.131009,0.435771
6,-1.000000,-1.000000,354.621085,0.435771
7,-1.000000,-1.000000,358.402360,0.435771
8,-1.000000,-1.000000,358.751053,0.435771
9,-1.000000,-1.000000,353.938886,0.435771
10,-1.000000,-1.000000,358.909015,0.435771
11,-1.000000,-1.000000,362.513779,0.435771
12,-1.000000,-1.000000,362.515819,0.435771
13,-1.000000,-1.000000,361.142176,0.435771
14,-1.000000,-1.000000,351.069068,0.435771
15,-1.000000,-1.000000,330.677505,0.435771
16,-1.000000,-1.000000,308.747194,0.435771
17,-1.000000,-1.000000,293.854738,0.435771
18,-1.000000,-1.000000,282.445408,0.435771
19,-1.000000,-1.000000,273.437316,0.435771
20,-1.000000,-1.000000,267.198792,0.435771
21,-1.000000,-1.000000,263.578269,0.435771
22,-1.000000,-1.000000,261.419073,0.435771
23,-1.000000,-1.000000,260.331271,0.435771
24,-1.000000,-1.000000,259.665628,0.435771
25,-1.000000,-1.000000,259.238312,0.435771
26,-1.000000,-1.000000,258.969282,0.435771
27,-1.000000,-1.000000,258.753506,0.435771
28,-1.000000,-1.000000,258.544845,0.435771
29,-1.000000,-1.000000,258.361109,0.435771
30,-1.000000,-1.000000,258.194462,0.435771
31,-1.000000,-1.000000,258.072007,0.435771
32,-1.000000,-1.000000,257.967300,0.435771
33,-1.000000,-1.000000,257.887768,0.435771
34,-1.000000,-1.000000,257.814437,0.435771
35,-1.000000,-1.000000,257.748058,0.435771
