{
  "git_hash": "unknown",
  "timestamp": "2026-07-15T11:15:55",
  "version": "1.4.0",
  "params": {
    "volfrac": 0.49037595785343985,
    "penal": 4.458508430516824,
    "rmin": 2.4833440587301956,
    "move": 0.22346409955327567,
    "void_size_frac": 0.3153646155774955,
    "nelx": 80,
    "nely": 80,
    "ft": 2,
    "E0": 199.0,
    "Emin": 1e-09,
    "nu": 0.3,
    "max_iter": 200,
    "tol_change": 0.01,
    "tol_obj": 0.05,
    "window_size": 20,
    "save_every": 9999,
    "scale_factor": 1,
    "mu": 0.0,
    "beta": 3.0,
    "rotation_deg": 0.0,
    "seed": "reentrant_bowtie",
    "objective": "auxetic"
  }
}