{
  "git_hash": "unknown",
  "timestamp": "2026-07-15T10:35:01",
  "version": "1.4.0",
  "params": {
    "volfrac": 0.5075667083458092,
    "penal": 4.070557580338729,
    "rmin": 2.0818652063507503,
    "move": 0.0637130877904957,
    "void_size_frac": 0.3011590635936583,
    "nelx": 80,
    "nely": 80,
    "ft": 2,
    "E0": 199.0,
    "Emin": 1e-09,
    "nu": 0.3,
    "max_iter": 200,
    "tol_change": 0.01,
    "tol_obj": 0.05,
    "window_size": 20,
    "save_every": 9999,
    "scale_factor": 1,
    "mu": 0.0,
    "beta": 3.0,
    "rotation_deg": 0.0,
    "seed": "circle_half_quarter",
    "objective": "auxetic"
  }
}