Iteration,Poisson_v12,Poisson_v21,Objective,Volume_Fraction
0,nan,nan,nan,0.878000
1,0.373627,0.373627,206.456954,0.660572
2,0.379987,0.379987,270.317906,0.649369
3,0.094187,0.094187,186.757557,0.649370
4,0.118669,0.118669,154.661004,0.649368
5,0.097463,0.097463,137.803548,0.649368
6,0.108209,0.108209,129.582699,0.649368
7,0.107586,0.107586,120.131547,0.649368
8,0.098033,0.098033,118.435401,0.649369
9,0.096561,0.096561,116.960700,0.649369
10,0.096862,0.096862,113.632592,0.649369
11,0.098013,0.098013,111.125831,0.649369
12,0.097144,0.097144,109.970902,0.649369
13,0.096070,0.096070,109.352920,0.649368
14,0.095492,0.095492,109.296413,0.649369
15,0.094728,0.094728,109.313656,0.649369
16,0.094612,0.094612,109.320323,0.649368
17,0.094582,0.094582,109.323797,0.649368
18,0.094589,0.094589,109.318656,0.649369
19,0.094587,0.094587,109.344226,0.649369
20,0.094590,0.094590,109.365227,0.649369
21,0.094595,0.094595,109.381827,0.649368
22,0.094603,0.094603,109.394363,0.649369
23,0.094611,0.094611,109.403418,0.649369
24,0.094620,0.094620,109.409673,0.649369
25,0.094628,0.094628,109.413796,0.649369
26,0.094636,0.094636,109.416368,0.649369
