Iteration,Poisson_v12,Poisson_v21,Objective,Volume_Fraction
0,nan,nan,nan,0.289700
1,0.366669,0.566377,0.095540,0.189700
2,0.422686,0.541767,0.027993,0.095881
3,0.429916,0.578710,0.003344,0.009841
4,0.429913,0.578707,0.000002,0.000000
5,0.000000,0.000000,0.000000,0.000000
6,0.000000,0.000000,0.000000,0.000000
7,0.000000,0.000000,0.000000,0.000000
8,0.000000,0.000000,0.000000,0.000000
9,0.000000,0.000000,0.000000,0.000000
