Iteration,Poisson_v12,Poisson_v21,Objective,Volume_Fraction
0,nan,nan,nan,0.303851
1,0.366669,0.566377,0.110235,0.203851
2,0.420741,0.538654,0.033671,0.108971
3,0.429916,0.578710,0.004909,0.022931
4,0.429916,0.578710,0.000028,0.000000
5,0.000000,0.000000,0.000000,0.000000
6,0.000000,0.000000,0.000000,0.000000
7,0.000000,0.000000,0.000000,0.000000
8,0.000000,0.000000,0.000000,0.000000
9,0.000000,0.000000,0.000000,0.000000
