{
  "git_hash": "ddbe82c",
  "timestamp": "2026-07-11T08:16:48",
  "version": "1.3.0",
  "params": {
    "volfrac": 0.5084459005148569,
    "penal": 3.833510671262328,
    "rmin": 4.180022434833994,
    "move": 0.26097937736908866,
    "void_size_frac": 0.40970755722230523,
    "rotation_deg": 7.669828792952024,
    "nelx": 50,
    "nely": 50,
    "ft": 2,
    "E0": 199.0,
    "Emin": 1e-09,
    "nu": 0.3,
    "max_iter": 150,
    "tol_change": 0.01,
    "tol_obj": 0.05,
    "window_size": 20,
    "save_every": 9999,
    "scale_factor": 1,
    "seed": "small_square_cross",
    "objective": "auxetic"
  }
}