Iteration,Poisson_v12,Poisson_v21,Objective,Volume_Fraction
0,nan,nan,nan,0.684400
1,0.459476,0.443343,5.842571,0.593905
2,0.470869,0.458871,-14.337061,0.503409
3,0.470869,0.458871,-36.135282,0.412914
4,0.470869,0.458871,-51.762793,0.322419
5,0.470869,0.458871,-60.456488,0.231924
6,0.470869,0.458871,-64.209687,0.141428
7,0.470869,0.458871,-65.332989,0.050933
8,0.470869,0.458871,-65.493721,0.000000
9,0.000000,0.000000,-65.495997,0.000000
10,0.000000,0.000000,-65.495997,0.000000
11,0.000000,0.000000,-65.495997,0.000000
12,0.000000,0.000000,-65.495997,0.000000
13,0.000000,0.000000,-65.495997,0.000000
