{
  "git_hash": "ddbe82c",
  "timestamp": "2026-07-11T08:40:13",
  "version": "1.3.0",
  "params": {
    "volfrac": 0.29067190523889913,
    "penal": 4.18158288072841,
    "rmin": 2.296258744382382,
    "move": 0.13222573765304257,
    "void_size_frac": 0.4477744662968254,
    "rotation_deg": 68.70637846236164,
    "beta_second": 1.4276699411174278,
    "nelx": 50,
    "nely": 50,
    "ft": 2,
    "E0": 199.0,
    "Emin": 1e-09,
    "nu": 0.3,
    "max_iter": 150,
    "tol_change": 0.01,
    "tol_obj": 0.05,
    "window_size": 20,
    "save_every": 9999,
    "scale_factor": 1,
    "seed": "hexagonal",
    "objective": "second"
  }
}