Iteration,Poisson_v12,Poisson_v21,Objective,Volume_Fraction
0,nan,nan,nan,0.778800
1,0.408616,0.408616,-114.420014,0.616408
2,0.410415,0.410415,-187.153384,0.454016
3,0.410415,0.410415,-252.038341,0.291624
4,0.410415,0.410415,-300.872029,0.129232
5,0.410415,0.410415,-328.775879,0.000000
6,0.000000,0.000000,-335.165485,0.000000
7,0.000000,0.000000,-335.165485,0.000000
8,0.000000,0.000000,-335.165485,0.000000
9,0.000000,0.000000,-335.165485,0.000000
10,0.000000,0.000000,-335.165485,0.000000
