{
  "git_hash": "ddbe82c",
  "timestamp": "2026-07-11T08:38:56",
  "version": "1.3.0",
  "params": {
    "volfrac": 0.5193800354846997,
    "penal": 2.0896428736218455,
    "rmin": 1.0314256654544054,
    "move": 0.2085156176271436,
    "void_size_frac": 0.34830685243970794,
    "rotation_deg": 25.35057356483128,
    "beta_second": 1.920763582867997,
    "nelx": 50,
    "nely": 50,
    "ft": 2,
    "E0": 199.0,
    "Emin": 1e-09,
    "nu": 0.3,
    "max_iter": 150,
    "tol_change": 0.01,
    "tol_obj": 0.05,
    "window_size": 20,
    "save_every": 9999,
    "scale_factor": 1,
    "seed": "circle",
    "objective": "second"
  }
}