Iteration,Poisson_v12,Poisson_v21,Objective,Volume_Fraction
0,nan,nan,nan,0.663600
1,-1.000000,-1.000000,1.000000,0.555415
2,-1.000000,-1.000000,1.000000,0.447230
3,-1.000000,-1.000000,1.000000,0.339045
4,-1.000000,-1.000000,1.000000,0.259211
5,-1.000000,-1.000000,1.000000,0.214529
6,-1.000000,-1.000000,1.000000,0.193354
7,-1.000000,-1.000000,1.000000,0.185582
8,-1.000000,-1.000000,1.000000,0.161550
9,-0.999992,-0.999995,0.999992,0.164094
10,-0.991790,-0.994504,0.991790,0.165190
11,-0.987641,-0.992060,0.987641,0.165273
12,-0.985821,-0.990796,0.985821,0.166803
13,-0.986054,-0.990705,0.986054,0.165780
14,-0.985179,-0.990881,0.985179,0.163242
15,-0.983891,-0.990375,0.983891,0.162114
16,-0.983997,-0.990152,0.983997,0.160077
17,-0.983582,-0.990204,0.983582,0.155457
18,-0.982917,-0.989848,0.982917,0.150796
19,-0.982395,-0.988150,0.982395,0.147583
20,-0.981193,-0.987634,0.981193,0.145573
