{
  "batch_summaries": [
    {
      "batch_id": 1,
      "strategy": "design_df",
      "n_samples": 2000,
      "n_total_tasks": 2000,
      "n_success": 2000,
      "n_converged": 2000,
      "n_workers": 10,
      "elapsed_time": 6610.4,
      "output_dir": "outputs/multi_batch/batch_1",
      "best_per_combo": {
        "circle/auxetic": {
          "sample_id": 68,
          "seed": "circle",
          "objective": "auxetic",
          "obj_value": 17.793244744293283,
          "v12": 0.3006758405262436,
          "v21": 0.3006758405237887
        },
        "circle/first": {
          "sample_id": 176,
          "seed": "circle",
          "objective": "first",
          "obj_value": -3.794764577043839,
          "v12": 0.3302255115871749,
          "v21": 0.3302255115871568
        },
        "square/auxetic": {
          "sample_id": 273,
          "seed": "square",
          "objective": "auxetic",
          "obj_value": 19.004349723016773,
          "v12": 0.18991422483422957,
          "v21": 0.18991422483422046
        },
        "square/first": {
          "sample_id": 313,
          "seed": "square",
          "objective": "first",
          "obj_value": -3.7449391670791643,
          "v12": 0.33374437261190987,
          "v21": 0.3337443726118911
        },
        "hourglass/auxetic": {
          "sample_id": 422,
          "seed": "hourglass",
          "objective": "auxetic",
          "obj_value": 19.417633505171473,
          "v12": 0.1246893461567886,
          "v21": 0.1256462060648134
        },
        "hourglass/first": {
          "sample_id": 502,
          "seed": "hourglass",
          "objective": "first",
          "obj_value": -1.2009852471090374,
          "v12": 0.3000000000148045,
          "v21": 0.3000002563804492
        },
        "hexagonal/auxetic": {
          "sample_id": 657,
          "seed": "hexagonal",
          "objective": "auxetic",
          "obj_value": 6.4924449478381,
          "v12": 0.3000000000049993,
          "v21": 0.3000000000050069
        },
        "hexagonal/first": {
          "sample_id": 741,
          "seed": "hexagonal",
          "objective": "first",
          "obj_value": -3.7017967164244086,
          "v12": 0.3565365454433889,
          "v21": 0.3349397545420471
        },
        "cross_rectangular/auxetic": {
          "sample_id": 875,
          "seed": "cross_rectangular",
          "objective": "auxetic",
          "obj_value": 20.86419975831733,
          "v12": 0.2422268779502167,
          "v21": 0.2422268779494685
        },
        "cross_rectangular/first": {
          "sample_id": 910,
          "seed": "cross_rectangular",
          "objective": "first",
          "obj_value": -3.8133998229239983,
          "v12": 0.35438756095697693,
          "v21": 0.3543875609569399
        },
        "nine_circle/auxetic": {
          "sample_id": 1003,
          "seed": "nine_circle",
          "objective": "auxetic",
          "obj_value": 10.157970344847822,
          "v12": 0.29999999999383353,
          "v21": 0.2999999999938211
        },
        "nine_circle/first": {
          "sample_id": 1126,
          "seed": "nine_circle",
          "objective": "first",
          "obj_value": -1.964829814011853,
          "v12": 0.26250278796498383,
          "v21": 0.2625027879647939
        },
        "four_circle/auxetic": {
          "sample_id": 1243,
          "seed": "four_circle",
          "objective": "auxetic",
          "obj_value": 13.548245693567358,
          "v12": 0.3000000000194395,
          "v21": 0.3000000000194401
        },
        "four_circle/first": {
          "sample_id": 1330,
          "seed": "four_circle",
          "objective": "first",
          "obj_value": -2.8381210050642243,
          "v12": 0.42123234573778423,
          "v21": 0.42123234573778007
        },
        "grid_circular_voids/auxetic": {
          "sample_id": 1435,
          "seed": "grid_circular_voids",
          "objective": "auxetic",
          "obj_value": 13.919727337959767,
          "v12": 0.29999999999861177,
          "v21": 0.2999999999985944
        },
        "grid_circular_voids/first": {
          "sample_id": 1567,
          "seed": "grid_circular_voids",
          "objective": "first",
          "obj_value": -1.9707534423235047,
          "v12": 0.2721110908261787,
          "v21": 0.27211109082618035
        },
        "small_square_cross/auxetic": {
          "sample_id": 1606,
          "seed": "small_square_cross",
          "objective": "auxetic",
          "obj_value": 21.555926516359587,
          "v12": 0.16597425721027428,
          "v21": 0.16597425721027395
        },
        "small_square_cross/first": {
          "sample_id": 1715,
          "seed": "small_square_cross",
          "objective": "first",
          "obj_value": -3.8663289881717104,
          "v12": 0.3258602587303265,
          "v21": 0.32586025873028723
        },
        "circle_half_quarter/auxetic": {
          "sample_id": 1835,
          "seed": "circle_half_quarter",
          "objective": "auxetic",
          "obj_value": 8.56345717467414,
          "v12": 0.2999999999972049,
          "v21": 0.2999999999971975
        },
        "circle_half_quarter/first": {
          "sample_id": 1914,
          "seed": "circle_half_quarter",
          "objective": "first",
          "obj_value": -1.8831426817992651,
          "v12": 0.24640027101078885,
          "v21": 0.2464002710106301
        }
      },
      "timestamp": "2026-07-12T00:46:00.124640"
    },
    {
      "batch_id": 2,
      "strategy": "design_df",
      "n_samples": 1200,
      "n_total_tasks": 1200,
      "n_success": 1200,
      "n_converged": 1200,
      "n_workers": 10,
      "elapsed_time": 3466.2,
      "output_dir": "outputs/multi_batch/batch_2",
      "best_per_combo": {
        "circle/auxetic": {
          "sample_id": 58,
          "seed": "circle",
          "objective": "auxetic",
          "obj_value": 6.671316429380003,
          "v12": 0.3000000000049675,
          "v21": 0.30000000000497
        },
        "circle/first": {
          "sample_id": 181,
          "seed": "circle",
          "objective": "first",
          "obj_value": -3.774892629022009,
          "v12": 0.34482083782602874,
          "v21": 0.34482083782601003
        },
        "cross_rectangular/auxetic": {
          "sample_id": 347,
          "seed": "cross_rectangular",
          "objective": "auxetic",
          "obj_value": 20.75382969226233,
          "v12": 0.154316673905817,
          "v21": 0.15431667390581363
        },
        "cross_rectangular/first": {
          "sample_id": 430,
          "seed": "cross_rectangular",
          "objective": "first",
          "obj_value": -3.8217209449946155,
          "v12": 0.3191164769113433,
          "v21": 0.31911647691131334
        },
        "hexagonal/auxetic": {
          "sample_id": 563,
          "seed": "hexagonal",
          "objective": "auxetic",
          "obj_value": 21.696549270321555,
          "v12": 0.22360175435579166,
          "v21": 0.22398056828877402
        },
        "hexagonal/first": {
          "sample_id": 678,
          "seed": "hexagonal",
          "objective": "first",
          "obj_value": -3.7709134895892915,
          "v12": 0.3364050835850068,
          "v21": 0.3532333425437831
        },
        "hourglass/auxetic": {
          "sample_id": 746,
          "seed": "hourglass",
          "objective": "auxetic",
          "obj_value": 19.502601888149208,
          "v12": 0.12488246034919355,
          "v21": 0.12581945855923415
        },
        "hourglass/first": {
          "sample_id": 945,
          "seed": "hourglass",
          "objective": "first",
          "obj_value": -1.2028402520724781,
          "v12": 0.30000000001477944,
          "v21": 0.3000002559850666
        },
        "square/auxetic": {
          "sample_id": 1068,
          "seed": "square",
          "objective": "auxetic",
          "obj_value": 18.17839702511766,