{
  "batch_summaries": [
    {
      "batch_id": 1,
      "strategy": "design_df",
      "n_samples": 1320,
      "n_total_tasks": 1320,
      "n_success": 1320,
      "n_converged": 1320,
      "n_workers": 10,
      "elapsed_time": 5758.5,
      "output_dir": "outputs/multi_batch/batch_1",
      "best_per_combo": {
        "circle/auxetic": {
          "sample_id": 22,
          "seed": "circle",
          "objective": "auxetic",
          "obj_value": 0.4288898552772258,
          "v12": -0.5491350346213698,
          "v21": -0.5852950366412706
        },
        "circle_half_quarter/auxetic": {
          "sample_id": 188,
          "seed": "circle_half_quarter",
          "objective": "auxetic",
          "obj_value": 0.4168873371062012,
          "v12": -0.40177674438812,
          "v21": -0.3998462334308943
        },
        "cross_rectangular/auxetic": {
          "sample_id": 264,
          "seed": "cross_rectangular",
          "objective": "auxetic",
          "obj_value": 0.26431684074189454,
          "v12": -0.611660988912416,
          "v21": -0.5442387943816128
        },
        "four_circle/auxetic": {
          "sample_id": 370,
          "seed": "four_circle",
          "objective": "auxetic",
          "obj_value": 1.2880435984453769,
          "v12": -0.5266177961790857,
          "v21": -0.5794039145757619
        },
        "grid_circular_voids/auxetic": {
          "sample_id": 563,
          "seed": "grid_circular_voids",
          "objective": "auxetic",
          "obj_value": 0.30963156824251614,
          "v12": -0.4767587926425339,
          "v21": -0.47675879264305265
        },
        "hexagonal/auxetic": {
          "sample_id": 670,
          "seed": "hexagonal",
          "objective": "auxetic",
          "obj_value": 1.1502013237025341,
          "v12": -0.4432336198190332,
          "v21": -0.444486931106319
        },
        "hourglass/auxetic": {
          "sample_id": 749,
          "seed": "hourglass",
          "objective": "auxetic",
          "obj_value": 1.1202857033782667,
          "v12": -0.470163296890825,
          "v21": -0.43560407342575186
        },
        "nine_circle/auxetic": {
          "sample_id": 903,
          "seed": "nine_circle",
          "objective": "auxetic",
          "obj_value": 0.07882546527081336,
          "v12": -0.4486730047794495,
          "v21": -0.448573177958449
        },
        "reentrant_bowtie/auxetic": {
          "sample_id": 1006,
          "seed": "reentrant_bowtie",
          "objective": "auxetic",
          "obj_value": 1.6740016789824874,
          "v12": -0.3174993870252462,
          "v21": -0.2485881160561152
        },
        "small_square_cross/auxetic": {
          "sample_id": 1192,
          "seed": "small_square_cross",
          "objective": "auxetic",
          "obj_value": 0.8932622346570591,
          "v12": -0.45209634846854535,
          "v21": -0.4518688855808513
        },
        "square/auxetic": {
          "sample_id": 1200,
          "seed": "square",
          "objective": "auxetic",
          "obj_value": 0.6604142818097013,
          "v12": -0.4931878518462539,
          "v21": -0.43996271178777635
        }
      },
      "timestamp": "2026-07-16T13:21:08.696826"
    },
    {
      "batch_id": 2,
      "strategy": "design_df",
      "n_samples": 600,
      "n_total_tasks": 600,
      "n_success": 600,
      "n_converged": 600,
      "n_workers": 10,
      "elapsed_time": 2680.9,
      "output_dir": "outputs/multi_batch/batch_2",
      "best_per_combo": {
        "circle/auxetic": {
          "sample_id": 0,
          "seed": "circle",
          "objective": "auxetic",
          "obj_value": 0.09220332823505217,
          "v12": -0.5082078812512393,
          "v21": -0.5179703860283393
        },
        "cross_rectangular/auxetic": {
          "sample_id": 222,
          "seed": "cross_rectangular",
          "objective": "auxetic",
          "obj_value": 1.7222748551204958,
          "v12": -0.47969393661101495,
          "v21": -0.5522841077065538
        },
        "hexagonal/auxetic": {
          "sample_id": 321,
          "seed": "hexagonal",
          "objective": "auxetic",
          "obj_value": 1.5719682129306207,
          "v12": -0.5034836138300207,
          "v21": -0.45502498431032795
        },
        "hourglass/auxetic": {
          "sample_id": 441,
          "seed": "hourglass",
          "objective": "auxetic",
          "obj_value": 0.8453258065734153,
          "v12": -0.4518138072728778,
          "v21": -0.34845442483069156
        },
        "square/auxetic": {
          "sample_id": 554,
          "seed": "square",
          "objective": "auxetic",
          "obj_value": 0.11193890905321391,
          "v12": -0.5187780423454852,
          "v21": -0.518778042345884
        }
      },
      "timestamp": "2026-07-16T14:05:49.729120"
    },
    {
      "batch_id": 3,
      "strategy": "design_df",
      "n_samples": 720,
      "n_total_tasks": 720,
      "n_success": 720,
      "n_converged": 720,
      "n_workers": 10,
      "elapsed_time": 1469.1,
      "output_dir": "outputs/multi_batch/batch_3",
      "best_per_combo": {
        "grid_circular_voids/auxetic": {
          "sample_id": 33,
          "seed": "grid_circular_voids",
          "objective": "auxetic",
          "obj_value": 1.2092104312272016,
          "v12": -0.565001705676686,
          "v21": -0.5093546247423996
        },
        "nine_circle/auxetic": {
          "sample_id": 162,
          "seed": "nine_circle",
          "objective": "auxetic",
          "obj_value": 0.11801527475190665,
          "v12": -0.5189761032875712,
          "v21": -0.5189785137418689
        },
        "reentrant_bowtie/auxetic": {
          "sample_id": 351,
          "seed": "reentrant_bowtie",
          "objective": "auxetic",
          "obj_value": 1.2926537144415273,
          "v12": -0.36264335207068193,
          "v21": -0.3408832113177738
        },
        "circle_half_quarter/auxetic": {
          "sample_id": 390,
          "seed": "circle_half_quarter",
          "objective": "auxetic",
          "obj_value": 0.6189671180558568,
          "v12": -0.42719333802312753,
          "v21": -0.40877734162338475
        },
        "four_circle/auxetic": {
          "sample_id": 577,
          "seed": "four_circle",
          "objective": "auxetic",
          "obj_value": 0.07461881471176768,
          "v12": -0.46423141044899174,
          "v21": -0.46080898010047333
        },
        "small_square_cross/auxetic": {
          "sample_id": 711,
          "seed": "small_square_cross",
          "objective": "auxetic",
          "obj_value": 0.3734149808942201,
          "v12": -0.5428890923774354,
          "v21": -0.49164923448394493
        }
      },
      "timestamp": "2026-07-16T16:51:25.120611"
    },
    {
      "batch_id": 4,
      "strategy": "design_df",
      "n_samples": 1056,
      "n_total_tasks": 1056,
      "n_success": 1056,
      "n_converged": 1056,
      "n_workers": 10,
      "elapsed_time": 2286.5,
      "output_dir": "outputs/multi_batch/batch_4",
      "best_per_combo": {
        "circle/auxetic": {
          "sample_id": 73,
          "seed": "circle",
          "objective": "auxetic",
          "obj_value": 0.7493707231313751,
          "v12": -0.5300122257918123,
          "v21": -0.5465928113571927
        },
        "circle_half_quarter/auxetic": {
          "sample_id": 149,
          "seed": "circle_half_quarter",
          "objective": "auxetic",
          "obj_value": 0.5937076964362017,
          "v12": -0.456752314899217,
          "v21": -0.5100920692600547
        },
        "cross_rectangular/auxetic": {
          "sample_id": 198,
          "seed": "cross_rectangular",
          "objective": "auxetic",
          "obj_value": 0.23717123117343908,
          "v12": -0.51105477557902,
          "v21": -0.5008154985020364
        },
        "four_circle/auxetic": {
          "sample_id": 317,