Iteration,Poisson_v12,Poisson_v21,Objective,Volume_Fraction
0,nan,nan,nan,0.793200
1,0.415021,0.415021,1.452931,0.747811
2,0.463916,0.463916,-0.395180,0.772608
3,0.496288,0.496288,-1.216800,0.782904
4,0.474138,0.474138,-1.455393,0.793200
5,0.449511,0.449511,-1.553497,0.793200
6,0.449511,0.449511,-1.603106,0.793200
7,0.449511,0.449511,-1.623428,0.793200
8,0.449511,0.449511,-1.631752,0.793200
9,0.449511,0.449511,-1.635162,0.793200
