{
  "git_hash": "ddbe82c",
  "timestamp": "2026-07-11T08:10:55",
  "version": "1.3.0",
  "params": {
    "volfrac": 0.5375568367266859,
    "penal": 4.266028682325132,
    "rmin": 4.594661806737283,
    "move": 0.10204428091944515,
    "void_size_frac": 0.15791571283920297,
    "rotation_deg": 64.09146517770235,
    "nelx": 50,
    "nely": 50,
    "ft": 2,
    "E0": 199.0,
    "Emin": 1e-09,
    "nu": 0.3,
    "max_iter": 150,
    "tol_change": 0.01,
    "tol_obj": 0.05,
    "window_size": 20,
    "save_every": 9999,
    "scale_factor": 1,
    "seed": "cross_rectangular",
    "objective": "auxetic"
  }
}