Iteration,Poisson_v12,Poisson_v21,Objective,Volume_Fraction
0,nan,nan,nan,0.982000
1,0.323037,0.323037,-50.352803,0.784602
2,0.336740,0.336740,-55.284214,0.587205
3,0.336740,0.336740,-58.873029,0.389807
4,0.336740,0.336740,-60.952849,0.192409
5,0.336740,0.336740,-61.847606,0.000000
6,0.000000,0.000000,-62.007815,0.000000
7,0.000000,0.000000,-62.007815,0.000000
8,0.000000,0.000000,-62.007815,0.000000
9,0.000000,0.000000,-62.007815,0.000000
10,0.000000,0.000000,-62.007815,0.000000
