Iteration,Poisson_v12,Poisson_v21,Objective,Volume_Fraction
0,nan,nan,nan,0.344251
1,0.366669,0.566377,0.160312,0.244251
2,0.415826,0.531397,0.053695,0.146339
3,0.429916,0.578710,0.011889,0.060299
4,0.429916,0.578710,0.000511,0.000000
5,0.000000,0.000000,0.000000,0.000000
6,0.000000,0.000000,0.000000,0.000000
7,0.000000,0.000000,0.000000,0.000000
8,0.000000,0.000000,0.000000,0.000000
9,0.000000,0.000000,0.000000,0.000000
