{
  "metadata": {
    "objective": "auxetic",
    "seed": "small_square_cross",
    "timestamp": "2026-06-01T19:05:39.560531",
    "n_samples": 30,
    "n_success": 30
  },
  "analysis": {
    "param_names": [
      "volfrac",
      "penal",
      "rmin",
      "move",
      "void_size_frac",
      "rotation_deg"
    ],
    "correlations": [
      -0.013125695216907676,
      -0.6551724137931034,
      0.0064516129032258064,
      -0.3659621802002225,
      0.3161290322580645,
      -0.13726362625139044
    ],
    "p_values": [
      0.9451166719944468,
      8.526796812425293e-05,
      0.9730081752976698,
      0.04671364571290285,
      0.08877507108908017,
      0.46948804567056723
    ],
    "top_3": [
      [
        "penal",
        -0.6551724137931034,
        8.526796812425293e-05
      ],
      [
        "move",
        -0.3659621802002225,
        0.04671364571290285
      ],
      [
        "void_size_frac",
        0.3161290322580645,
        0.08877507108908017
      ]
    ],
    "n_valid": 30
  },
  "results": [
    {
      "sample_id": 0,
      "seed": "small_square_cross",
      "objective": "auxetic",
      "params": {
        "volfrac": 0.44301391935258716,
        "penal": 4.008149541366393,
        "rmin": 3.8569003466814364,
        "move": 0.14418859975783865,
        "void_size_frac": 0.2817637108685392,
        "rotation_deg": 48.07313294508973
      },
      "v12": -0.979757204131286,
      "v21": -0.9866502247673745,
      "obj_value": 0.979757204131286,
      "n_iters": 21,
      "converged": true,
      "elapsed_time": 4.226346969604492,
      "success": true,
      "error": null
    },
    {
      "sample_id": 1,
      "seed": "small_square_cross",
      "objective": "auxetic",
      "params": {
        "volfrac": 0.20318480397346197,
        "penal": 2.495191425963073,
        "rmin": 1.1453143945540756,
        "move": 0.06291345051753694,
        "void_size_frac": 0.5438200329294569,
        "rotation_deg": 18.219705033454193
      },
      "v12": -0.9999999831632569,
      "v21": -0.9999999852188558,
      "obj_value": 0.9999999831632569,
      "n_iters": 21,
      "converged": true,
      "elapsed_time": 3.9891014099121094,
      "success": true,
      "error": null
    },
    {
      "sample_id": 2,
      "seed": "small_square_cross",
      "objective": "auxetic",
      "params": {
        "volfrac": 0.5380817983989244,
        "penal": 2.756965118230556,
        "rmin": 2.2594309668621113,
        "move": 0.23977301065179352,
        "void_size_frac": 0.4574235868830694,
        "rotation_deg": 44.80854823168748
      },
      "v12": -0.9880227648304799,
      "v21": -0.9934892762415971,
      "obj_value": 0.9880227648304799,
      "n_iters": 21,
      "converged": true,
      "elapsed_time": 4.122578859329224,
      "success": true,
      "error": null
    },
    {
      "sample_id": 3,
      "seed": "small_square_cross",
      "objective": "auxetic",
      "params": {
        "volfrac": 0.45563158437343226,
        "penal": 1.7157780801170581,
        "rmin": 5.206985376652438,
        "move": 0.2720456169322511,
        "void_size_frac": 0.43382169959341826,
        "rotation_deg": 39.320636636033406
      },
      "v12": -0.9902733919988704,
      "v21": -0.9986073519473562,
      "obj_value": 0.9902733919988704,
      "n_iters": 21,
      "converged": true,
      "elapsed_time": 4.449040412902832,
      "success": true,
      "error": null
    },
    {
      "sample_id": 4,
      "seed": "small_square_cross",
      "objective": "auxetic",
      "params": {
        "volfrac": 0.30962155337234987,
        "penal": 3.7740481722864043,
        "rmin": 4.755546499378827,
        "move": 0.2829683019517731,
        "void_size_frac": 0.4140951751322075,
        "rotation_deg": 12.950853140272637
      },
      "v12": -0.9791253103734132,
      "v21": -0.9809612267811219,
      "obj_value": 0.9791253103734132,
      "n_iters": 21,
      "converged": true,
      "elapsed_time": 4.365132570266724,
      "success": true,
      "error": null
    },
    {
      "sample_id": 5,
      "seed": "small_square_cross",
      "objective": "auxetic",
      "params": {
        "volfrac": 0.40340317125456243,
        "penal": 4.070998702342106,
        "rmin": 2.612362440310308,
        "move": 0.08857950244970943,
        "void_size_frac": 0.6088407364787365,
        "rotation_deg": 68.43158592274713
      },
      "v12": -0.9832513488404653,
      "v21": -0.9921606537729876,
      "obj_value": 0.9832513488404653,
      "n_iters": 21,
      "converged": true,
      "elapsed_time": 4.028119802474976,
      "success": true,
      "error": null
    },
    {
      "sample_id": 6,
      "seed": "small_square_cross",
      "objective": "auxetic",
      "params": {
        "volfrac": 0.4249343799288604,
        "penal": 4.936572676503209,
        "rmin": 5.128848441824852,
        "move": 0.26108488337764574,
        "void_size_frac": 0.47604746801879444,
        "rotation_deg": 84.50196541182649
      },
      "v12": -0.9848484958179313,
      "v21": -0.9908675931127127,
      "obj_value": 0.9848484958179313,
      "n_iters": 21,
      "converged": true,
      "elapsed_time": 4.630658388137817,
      "success": true,
      "error": null
    },
    {
      "sample_id": 7,
      "seed": "small_square_cross",
      "objective": "auxetic",
      "params": {
        "volfrac": 0.5639964653066367,
        "penal": 3.625017781149061,
        "rmin": 4.527956699767467,
        "move": 0.13496029702086,
        "void_size_frac": 0.6935420270161637,
        "rotation_deg": 65.13501568820926
      },
      "v12": -0.9813372000073133,
      "v21": -0.9910362148366588,
      "obj_value": 0.9813372000073133,
      "n_iters": 21,
      "converged": true,
      "elapsed_time": 4.2641801834106445,
      "success": true,
      "error": null
    },
    {
      "sample_id": 8,
      "seed": "small_square_cross",
      "objective": "auxetic",
      "params": {
        "volfrac": 0.577566726613667,
        "penal": 3.5146996688520917,
        "rmin": 3.300015299587482,
        "move": 0.19160531441874162,
        "void_size_frac": 0.22021792704163104,
        "rotation_deg": 52.005447430223896
      },
      "v12": -0.9776850901029172,
      "v21": -0.9865392356928053,
      "obj_value": 0.9776850901029172,
      "n_iters": 21,
      "converged": true,
      "elapsed_time": 4.173872947692871,
      "success": true,
      "error": null
    },
    {
      "sample_id": 9,
      "seed": "small_square_cross",
      "objective": "auxetic",
      "params": {
        "volfrac": 0.3505977949516489,
        "penal": 4.629236129197071,
        "rmin": 4.923514037410277,
        "move": 0.1702604900337259,
        "void_size_frac": 0.38100338336453904,
        "rotation_deg": 11.656409779392078
      },
      "v12": -0.9870706725741167,
      "v21": -0.9941748515211335,
      "obj_value": 0.9870706725741167,
      "n_iters": 21,
      "converged": true,
      "elapsed_time": 4.327243328094482,
      "success": true,
      "error": null
    },
    {
      "sample_id": 10,
      "seed": "small_square_cross",
      "objective": "auxetic",
      "params": {
        "volfrac": 0.5910879605094603,
        "penal": 3.2038538391809155,
        "rmin": 5.405793982253136,
        "move": 0.06862500952153312,
        "void_size_frac": 0.30608802799999013,
        "rotation_deg": 37.33926179802601
      },
      "v12": -0.9881919672570162,
      "v21": -0.9917910094588154,
      "obj_value": 0.9881919672570162,
      "n_iters": 21,
      "converged": true,
      "elapsed_time": 4.496946334838867,
      "success": true,
      "error": null
    },
    {
      "sample_id": 11,
      "seed": "small_square_cross",
      "objective": "auxetic",
      "params": {
        "volfrac": 0.2592105711900612,
        "penal": 4.559473320258318,
        "rmin": 2.494863694238677,
        "move": 0.16302735508973032,
        "void_size_frac": 0.5797569221196744,