{
  "metadata": {
    "objective": "auxetic",
    "seed": "small_square_cross",
    "timestamp": "2026-07-12T23:36:00.420001",
    "n_samples": 30,
    "n_success": 30
  },
  "analysis": {
    "param_names": [
      "volfrac",
      "penal",
      "rmin",
      "move",
      "void_size_frac",
      "rotation_deg"
    ],
    "correlations": [
      -0.13993325917686317,
      -0.01757508342602892,
      0.5733036707452726,
      -0.10478309232480533,
      -0.3917686318131257,
      0.018020022246941044
    ],
    "p_values": [
      0.46080677886565224,
      0.9265556109768435,
      0.0009273390985528474,
      0.5815962537668229,
      0.03227012769607614,
      0.9247014225657185
    ],
    "top_3": [
      [
        "rmin",
        0.5733036707452726,
        0.0009273390985528474
      ],
      [
        "void_size_frac",
        -0.3917686318131257,
        0.03227012769607614
      ],
      [
        "volfrac",
        -0.13993325917686317,
        0.46080677886565224
      ]
    ],
    "n_valid": 30
  },
  "results": [
    {
      "sample_id": 0,
      "seed": "small_square_cross",
      "objective": "auxetic",
      "params": {
        "volfrac": 0.4930139193525872,
        "penal": 4.008149541366393,
        "rmin": 3.8569003466814364,
        "move": 0.14418859975783865,
        "void_size_frac": 0.1990582265211235,
        "rotation_deg": 48.07313294508973
      },
      "v12": 0.30022640477090806,
      "v21": 0.308225497899204,
      "obj_value": -0.3357463539466394,
      "n_iters": 133,
      "converged": true,
      "elapsed_time": 48.743202686309814,
      "success": true,
      "error": null
    },
    {
      "sample_id": 1,
      "seed": "small_square_cross",
      "objective": "auxetic",
      "params": {
        "volfrac": 0.25318480397346194,
        "penal": 2.495191425963073,
        "rmin": 1.1453143945540756,
        "move": 0.06291345051753694,
        "void_size_frac": 0.3562920197576742,
        "rotation_deg": 18.219705033454193
      },
      "v12": 0.2999999999986467,
      "v21": 0.29999999999864707,
      "obj_value": -0.3516075325066852,
      "n_iters": 41,
      "converged": true,
      "elapsed_time": 14.439375638961792,
      "success": true,
      "error": null
    },
    {
      "sample_id": 2,
      "seed": "small_square_cross",
      "objective": "auxetic",
      "params": {
        "volfrac": 0.5880817983989245,
        "penal": 2.756965118230556,
        "rmin": 2.2594309668621113,
        "move": 0.23977301065179352,
        "void_size_frac": 0.30445415212984167,
        "rotation_deg": 44.80854823168748
      },
      "v12": 0.29999218132939276,
      "v21": 0.29999218852258486,
      "obj_value": -0.8104229838785335,
      "n_iters": 125,
      "converged": true,
      "elapsed_time": 42.32898426055908,
      "success": true,
      "error": null
    },
    {
      "sample_id": 3,
      "seed": "small_square_cross",
      "objective": "auxetic",
      "params": {
        "volfrac": 0.5056315843734323,
        "penal": 1.7157780801170581,
        "rmin": 5.206985376652438,
        "move": 0.2720456169322511,
        "void_size_frac": 0.290293019756051,
        "rotation_deg": 39.320636636033406
      },
      "v12": 0.3153266949015077,
      "v21": 0.31391907639671396,
      "obj_value": -0.06371407032251292,
      "n_iters": 150,
      "converged": true,
      "elapsed_time": 52.869070291519165,
      "success": true,
      "error": null
    },
    {
      "sample_id": 4,
      "seed": "small_square_cross",
      "objective": "auxetic",
      "params": {
        "volfrac": 0.35962155337234986,
        "penal": 3.7740481722864043,
        "rmin": 4.755546499378827,
        "move": 0.2829683019517731,
        "void_size_frac": 0.27845710507932453,
        "rotation_deg": 12.950853140272637
      },
      "v12": 0.2992233458158927,
      "v21": 0.29922334582068333,
      "obj_value": -0.02451005172972448,
      "n_iters": 30,
      "converged": true,
      "elapsed_time": 11.542555809020996,
      "success": true,
      "error": null
    },
    {
      "sample_id": 5,
      "seed": "small_square_cross",
      "objective": "auxetic",
      "params": {
        "volfrac": 0.4534031712545624,
        "penal": 4.070998702342106,
        "rmin": 2.612362440310308,
        "move": 0.08857950244970943,
        "void_size_frac": 0.39530444188724195,
        "rotation_deg": 68.43158592274713
      },
      "v12": 0.2999999999943479,
      "v21": 0.2999999999943373,
      "obj_value": -0.5136006555931861,
      "n_iters": 34,
      "converged": true,
      "elapsed_time": 12.14192533493042,
      "success": true,
      "error": null
    },
    {
      "sample_id": 6,
      "seed": "small_square_cross",
      "objective": "auxetic",
      "params": {
        "volfrac": 0.4749343799288604,
        "penal": 4.936572676503209,
        "rmin": 5.128848441824852,
        "move": 0.26108488337764574,
        "void_size_frac": 0.3156284808112767,
        "rotation_deg": 84.50196541182649
      },
      "v12": 0.3000170519715865,
      "v21": 0.30001697068519084,
      "obj_value": -0.204663508326587,
      "n_iters": 150,
      "converged": true,
      "elapsed_time": 55.33731293678284,
      "success": true,
      "error": null
    },
    {
      "sample_id": 7,
      "seed": "small_square_cross",
      "objective": "auxetic",
      "params": {
        "volfrac": 0.6139964653066368,
        "penal": 3.625017781149061,
        "rmin": 4.527956699767467,
        "move": 0.13496029702086,
        "void_size_frac": 0.44612521620969836,
        "rotation_deg": 65.13501568820926
      },
      "v12": 0.3670802041501227,
      "v21": 0.3534870205017178,
      "obj_value": 0.5393502293603991,
      "n_iters": 150,
      "converged": true,
      "elapsed_time": 41.714900493621826,
      "success": true,
      "error": null
    },
    {
      "sample_id": 8,
      "seed": "small_square_cross",
      "objective": "auxetic",
      "params": {
        "volfrac": 0.6275667266136671,
        "penal": 3.5146996688520917,
        "rmin": 3.300015299587482,
        "move": 0.19160531441874162,
        "void_size_frac": 0.1621307562249786,
        "rotation_deg": 52.005447430223896
      },
      "v12": 0.38921055613224065,
      "v21": 0.309107146985421,
      "obj_value": 0.1287161371615231,
      "n_iters": 150,
      "converged": true,
      "elapsed_time": 55.67169404029846,
      "success": true,
      "error": null
    },
    {
      "sample_id": 9,
      "seed": "small_square_cross",
      "objective": "auxetic",
      "params": {
        "volfrac": 0.4005977949516489,
        "penal": 4.629236129197071,
        "rmin": 4.923514037410277,
        "move": 0.1702604900337259,
        "void_size_frac": 0.25860203001872345,
        "rotation_deg": 11.656409779392078
      },
      "v12": 0.30058469813576183,
      "v21": 0.3005843654388141,
      "obj_value": -0.02754865822438171,
      "n_iters": 110,
      "converged": true,
      "elapsed_time": 32.8852756023407,
      "success": true,
      "error": null
    },
    {
      "sample_id": 10,
      "seed": "small_square_cross",
      "objective": "auxetic",
      "params": {
        "volfrac": 0.6410879605094604,
        "penal": 3.2038538391809155,
        "rmin": 5.405793982253136,
        "move": 0.06862500952153312,
        "void_size_frac": 0.2136528167999941,
        "rotation_deg": 37.33926179802601
      },
      "v12": 0.284442367825891,
      "v21": 0.28255926073135484,
      "obj_value": 0.1507983692727657,
      "n_iters": 150,
      "converged": true,
      "elapsed_time": 56.677396059036255,
      "success": true,
      "error": null
    },
    {
      "sample_id": 11,
      "seed": "small_square_cross",
      "objective": "auxetic",
      "params": {
        "volfrac": 0.3092105711900612,
        "penal": 4.559473320258318,
        "rmin": 2.494863694238677,
        "move": 0.16302735508973032,
        "void_size_frac": 0.3778541532718047,