{
  "git_hash": "ddbe82c",
  "timestamp": "2026-07-11T08:04:37",
  "version": "1.3.0",
  "params": {
    "volfrac": 0.48775012972928794,
    "penal": 1.8272461892246479,
    "rmin": 2.427300538571312,
    "move": 0.11615676254041173,
    "void_size_frac": 0.32335355432426466,
    "rotation_deg": 88.3511786787523,
    "nelx": 50,
    "nely": 50,
    "ft": 2,
    "E0": 199.0,
    "Emin": 1e-09,
    "nu": 0.3,
    "max_iter": 150,
    "tol_change": 0.01,
    "tol_obj": 0.05,
    "window_size": 20,
    "save_every": 9999,
    "scale_factor": 1,
    "seed": "hexagonal",
    "objective": "auxetic"
  }
}