Iteration,Poisson_v12,Poisson_v21,Objective,Volume_Fraction
0,nan,nan,nan,0.832400
1,0.225157,0.225148,-12.877414,0.606987
2,0.271227,0.271235,-62.855466,0.381036
3,0.271227,0.271235,-83.119173,0.155085
4,0.271227,0.271235,-92.436012,0.000000
5,0.000000,0.000000,-93.658561,0.000000
6,0.000000,0.000000,-93.658561,0.000000
7,0.000000,0.000000,-93.658561,0.000000
8,0.000000,0.000000,-93.658561,0.000000
9,0.000000,0.000000,-93.658561,0.000000
