{
  "git_hash": "ddbe82c",
  "timestamp": "2026-07-11T08:41:23",
  "version": "1.3.0",
  "params": {
    "volfrac": 0.43036882494338957,
    "penal": 2.4201728349638914,
    "rmin": 5.776333763700242,
    "move": 0.2712699285987828,
    "void_size_frac": 0.31910058741945657,
    "rotation_deg": 30.41049945626258,
    "beta_second": 0.8173376457217929,
    "nelx": 50,
    "nely": 50,
    "ft": 2,
    "E0": 199.0,
    "Emin": 1e-09,
    "nu": 0.3,
    "max_iter": 150,
    "tol_change": 0.01,
    "tol_obj": 0.05,
    "window_size": 20,
    "save_every": 9999,
    "scale_factor": 1,
    "seed": "grid_circular_voids",
    "objective": "second"
  }
}