Iteration,Poisson_v12,Poisson_v21,Objective,Volume_Fraction
0,nan,nan,nan,0.668400
1,0.441948,0.441948,8.970489,0.549481
2,0.445001,0.445001,8.050167,0.430562
3,0.445001,0.445001,7.188132,0.311644
4,0.445001,0.445001,5.877245,0.192725
5,0.445001,0.445001,4.050245,0.073806
6,0.445001,0.445001,1.668455,0.000000
7,0.000000,0.000000,0.000000,0.000000
8,0.000000,0.000000,0.000000,0.000000
9,0.000000,0.000000,0.000000,0.000000
10,0.000000,0.000000,0.000000,0.000000
11,0.000000,0.000000,0.000000,0.000000
