Iteration,Poisson_v12,Poisson_v21,Objective,Volume_Fraction
0,nan,nan,nan,0.956400
1,-1.000000,-1.000000,1.000000,0.808007
2,-1.000000,-1.000000,1.000000,0.659613
3,-1.000000,-1.000000,1.000000,0.511220
4,-1.000000,-1.000000,1.000000,0.362827
5,-1.000000,-1.000000,1.000000,0.224636
6,-1.000000,-1.000000,1.000000,0.121432
7,-1.000000,-1.000000,1.000000,0.063970
8,-1.000000,-1.000000,1.000000,0.067903
9,-0.985215,-0.986237,0.985215,0.081041
10,-0.983683,-0.986054,0.983683,0.093622
11,-0.982597,-0.986193,0.982597,0.102965
12,-0.982044,-0.986189,0.982044,0.111041
13,-0.982055,-0.987161,0.982055,0.115750
14,-0.981817,-0.987506,0.981817,0.119850
15,-0.982353,-0.986940,0.982353,0.121156
16,-0.982119,-0.987518,0.982119,0.122767
17,-0.982183,-0.987693,0.982183,0.124132
18,-0.981679,-0.987581,0.981679,0.124978
19,-0.982011,-0.987900,0.982011,0.124624
20,-0.981996,-0.987715,0.981996,0.124021
