Iteration,Poisson_v12,Poisson_v21,Objective,Volume_Fraction
0,nan,nan,nan,0.952000
1,0.315414,0.315414,3.802864,0.718563
2,0.398483,0.398483,2.221383,0.485125
3,0.398483,0.398483,0.715786,0.251688
4,0.398483,0.398483,0.079691,0.018251
5,0.398469,0.398469,0.000003,0.000000
6,0.000000,0.000000,0.000000,0.000000
7,0.000000,0.000000,0.000000,0.000000
8,0.000000,0.000000,0.000000,0.000000
9,0.000000,0.000000,0.000000,0.000000
10,0.000000,0.000000,0.000000,0.000000
