{
  "git_hash": "ddbe82c",
  "timestamp": "2026-07-11T08:25:41",
  "version": "1.3.0",
  "params": {
    "volfrac": 0.5672250415637212,
    "penal": 3.9927267606814865,
    "rmin": 4.997719612897031,
    "move": 0.2452072039337928,
    "void_size_frac": 0.1771061793783426,
    "rotation_deg": 88.59107659094948,
    "beta": 1.4980144800018615,
    "nelx": 50,
    "nely": 50,
    "ft": 2,
    "E0": 199.0,
    "Emin": 1e-09,
    "nu": 0.3,
    "max_iter": 150,
    "tol_change": 0.01,
    "tol_obj": 0.05,
    "window_size": 20,
    "save_every": 9999,
    "scale_factor": 1,
    "seed": "four_circle",
    "objective": "first"
  }
}