Iteration,Poisson_v12,Poisson_v21,Objective,Volume_Fraction
0,nan,nan,nan,0.743600
1,0.429249,0.429249,8.252573,0.526821
2,0.471682,0.471682,2.416363,0.310043
3,0.471682,0.471682,0.325021,0.093264
4,0.471682,0.471682,0.002417,0.000000
5,0.000000,0.000000,0.000000,0.000000
6,0.000000,0.000000,0.000000,0.000000
7,0.000000,0.000000,0.000000,0.000000
8,0.000000,0.000000,0.000000,0.000000
9,0.000000,0.000000,0.000000,0.000000
