Iteration,Poisson_v12,Poisson_v21,Objective,Volume_Fraction
0,nan,nan,nan,0.870000
1,0.388213,0.388213,5.716032,0.641063
2,0.389547,0.389547,2.337166,0.412126
3,0.389547,0.389547,0.744610,0.183189
4,0.389547,0.389547,0.091229,0.000000
5,0.000000,0.000000,0.000000,0.000000
6,0.000000,0.000000,0.000000,0.000000
7,0.000000,0.000000,0.000000,0.000000
8,0.000000,0.000000,0.000000,0.000000
9,0.000000,0.000000,0.000000,0.000000
