Iteration,Poisson_v12,Poisson_v21,Objective,Volume_Fraction
0,nan,nan,nan,0.643200
1,-1.000000,-1.000000,1.000000,0.570836
2,-1.000000,-1.000000,1.000000,0.498601
3,-1.000000,-1.000000,1.000000,0.426367
4,-1.000000,-1.000000,1.000000,0.354132
5,-1.000000,-1.000000,1.000000,0.281897
6,-1.000000,-1.000000,1.000000,0.234262
7,-1.000000,-1.000000,1.000000,0.177720
8,-1.000000,-1.000000,1.000000,0.130087
9,-1.000000,-1.000000,1.000000,0.094103
10,-1.000000,-1.000000,1.000000,0.100388
11,-0.993514,-0.995630,0.993514,0.112108
12,-0.992427,-0.995240,0.992427,0.123568
13,-0.990550,-0.994417,0.990550,0.133414
14,-0.990920,-0.994800,0.990920,0.143032
15,-0.990443,-0.994960,0.990443,0.150104
16,-0.988616,-0.994158,0.988616,0.154573
17,-0.987763,-0.993962,0.987763,0.159588
18,-0.988181,-0.994484,0.988181,0.163066
19,-0.988306,-0.994674,0.988306,0.165773
20,-0.987357,-0.994534,0.987357,0.167389
