{
  "git_hash": "ddbe82c",
  "timestamp": "2026-07-11T08:36:58",
  "version": "1.3.0",
  "params": {
    "volfrac": 0.5754628888574183,
    "penal": 1.9637680483944204,
    "rmin": 3.770908216185988,
    "move": 0.12742471435384145,
    "void_size_frac": 0.30446420945659436,
    "rotation_deg": 5.515121573911866,
    "beta": 0.9440494123780316,
    "nelx": 50,
    "nely": 50,
    "ft": 2,
    "E0": 199.0,
    "Emin": 1e-09,
    "nu": 0.3,
    "max_iter": 150,
    "tol_change": 0.01,
    "tol_obj": 0.05,
    "window_size": 20,
    "save_every": 9999,
    "scale_factor": 1,
    "seed": "circle_half_quarter",
    "objective": "first"
  }
}