Iteration,Poisson_v12,Poisson_v21,Objective,Volume_Fraction
0,nan,nan,nan,0.915600
1,0.337101,0.346471,-90.794310,0.661849
2,0.394537,0.386979,-155.190884,0.408099
3,0.394537,0.386979,-195.364680,0.154348
4,0.394537,0.386979,-209.350820,0.000000
5,0.000000,0.000000,-210.350391,0.000000
6,0.000000,0.000000,-210.350391,0.000000
7,0.000000,0.000000,-210.350391,0.000000
8,0.000000,0.000000,-210.350391,0.000000
9,0.000000,0.000000,-210.350391,0.000000
