Iteration,Poisson_v12,Poisson_v21,Objective,Volume_Fraction
0,nan,nan,nan,0.952000
1,0.298423,0.298423,16.585764,0.696939
2,0.304206,0.304206,28.753920,0.441878
3,0.304206,0.304206,36.304216,0.219327
4,0.283766,0.283767,37.262698,0.219327
5,0.301253,0.301256,34.646117,0.219327
6,0.297945,0.297943,29.486180,0.219327
7,0.299824,0.299824,18.947236,0.219327
8,0.300000,0.300000,14.883258,0.219328
9,0.300000,0.300000,12.901526,0.219327
10,0.300000,0.300000,11.730242,0.219327
11,0.300000,0.300000,11.300147,0.219327
12,0.300000,0.300000,11.111795,0.219326
13,0.300000,0.300000,10.941359,0.219327
14,0.300000,0.300000,10.791651,0.219328
15,0.300000,0.300000,10.740713,0.219328
16,0.300000,0.300000,10.698094,0.219328
17,0.300000,0.300000,10.670415,0.219326
18,0.300000,0.300000,10.648878,0.219327
19,0.300000,0.300000,10.628969,0.219327
20,0.300000,0.300000,10.608927,0.219327
21,0.300000,0.300000,10.585410,0.219328
22,0.300000,0.300000,10.545528,0.219326
23,0.300000,0.300000,10.508659,0.219326
24,0.300000,0.300000,10.489159,0.219327
25,0.300000,0.300000,10.460666,0.219327
26,0.300000,0.300000,10.421332,0.219327
27,0.300000,0.300000,10.394904,0.219328
28,0.300000,0.300000,10.390069,0.219327
29,0.300000,0.300000,10.389247,0.219328
30,0.300000,0.300000,10.387882,0.219327
31,0.300000,0.300000,10.386461,0.219327
32,0.300000,0.300000,10.384636,0.219327
33,0.300000,0.300000,10.382306,0.219327
34,0.300000,0.300000,10.379127,0.219327
35,0.300000,0.300000,10.374759,0.219328
36,0.300000,0.300000,10.368540,0.219327
37,0.300000,0.300000,10.359920,0.219327
38,0.300000,0.300000,10.347500,0.219327
39,0.300000,0.300000,10.329649,0.219328
40,0.300000,0.300000,10.308563,0.219327
41,0.300000,0.300000,10.293250,0.219327
42,0.300000,0.300000,10.274852,0.219327
43,0.300000,0.300000,10.251678,0.219328
44,0.300000,0.300000,10.227037,0.219328
45,0.300000,0.300000,10.204723,0.219326
46,0.300000,0.300000,10.185873,0.219327
47,0.300000,0.300000,10.177422,0.219327
48,0.300000,0.300000,10.174258,0.219328
49,0.300000,0.300000,10.171761,0.219327
50,0.300000,0.300000,10.169489,0.219328
51,0.300000,0.300000,10.167251,0.219327
52,0.300000,0.300000,10.165517,0.219327
53,0.300000,0.300000,10.164266,0.219328
54,0.300000,0.300000,10.163013,0.219328
55,0.300000,0.300000,10.161933,0.219326
