Iteration,Poisson_v12,Poisson_v21,Objective,Volume_Fraction
0,nan,nan,nan,0.961600
1,-1.000000,-1.000000,1.000000,0.684465
2,-1.000000,-1.000000,1.000000,0.407331
3,-1.000000,-1.000000,1.000000,0.222392
4,-1.000000,-1.000000,1.000000,0.164424
5,-1.000000,-1.000000,1.000000,0.145474
6,-1.000000,-1.000000,1.000000,0.154297
7,-0.999997,-0.999997,0.999997,0.133231
8,-1.000000,-1.000000,1.000000,0.152311
9,-0.999979,-0.999982,0.999979,0.130544
10,-0.997319,-0.997577,0.997319,0.110620
11,-0.987245,-0.989008,0.987245,0.114054
12,-0.985653,-0.988031,0.985653,0.117205
13,-0.983060,-0.986166,0.983060,0.110001
14,-0.981364,-0.984336,0.981364,0.105183
15,-0.981286,-0.983510,0.981286,0.095897
16,-0.981612,-0.982863,0.981612,0.088291
17,-0.981432,-0.982622,0.981432,0.083833
18,-0.981134,-0.982716,0.981134,0.079454
19,-0.980996,-0.982616,0.980996,0.071291
20,-0.980692,-0.981803,0.980692,0.068308
