Iteration,Poisson_v12,Poisson_v21,Objective,Volume_Fraction
0,nan,nan,nan,0.870000
1,0.397581,0.397581,-12.328779,0.633995
2,0.454683,0.454683,-57.644807,0.397990
3,0.454683,0.454683,-81.183464,0.161985
4,0.454683,0.454683,-92.204503,0.000000
5,0.000000,0.000000,-93.658561,0.000000
6,0.000000,0.000000,-93.658561,0.000000
7,0.000000,0.000000,-93.658561,0.000000
8,0.000000,0.000000,-93.658561,0.000000
9,0.000000,0.000000,-93.658561,0.000000
