Iteration,Poisson_v12,Poisson_v21,Objective,Volume_Fraction
0,nan,nan,nan,0.894400
1,0.265397,0.265397,6.288652,0.633232
2,0.295106,0.295106,2.195094,0.372667
3,0.295106,0.295106,0.290987,0.112102
4,0.295106,0.295106,0.002141,0.000000
5,0.000000,0.000000,0.000000,0.000000
6,0.000000,0.000000,0.000000,0.000000
7,0.000000,0.000000,0.000000,0.000000
8,0.000000,0.000000,0.000000,0.000000
9,0.000000,0.000000,0.000000,0.000000
