Iteration,Poisson_v12,Poisson_v21,Objective,Volume_Fraction
0,nan,nan,nan,0.890400
1,0.167243,0.167243,-32.047804,0.704412
2,0.213991,0.213991,-70.562562,0.516801
3,0.213991,0.213991,-87.580119,0.329191
4,0.213991,0.213991,-103.861467,0.141581
5,0.213991,0.213991,-118.015173,0.000000
6,0.000000,0.000000,-125.023236,0.000000
7,0.000000,0.000000,-125.023236,0.000000
8,0.000000,0.000000,-125.023236,0.000000
9,0.000000,0.000000,-125.023236,0.000000
10,0.000000,0.000000,-125.023236,0.000000
