{
  "git_hash": "unknown",
  "timestamp": "2026-07-15T09:16:00",
  "version": "1.4.0",
  "params": {
    "volfrac": 0.6163050799804223,
    "penal": 4.392136534906561,
    "rmin": 1.5662873858904898,
    "move": 0.11028974979597397,
    "void_size_frac": 0.27161453083705034,
    "nelx": 80,
    "nely": 80,
    "ft": 2,
    "E0": 199.0,
    "Emin": 1e-09,
    "nu": 0.3,
    "max_iter": 200,
    "tol_change": 0.01,
    "tol_obj": 0.05,
    "window_size": 20,
    "save_every": 9999,
    "scale_factor": 1,
    "mu": 0.0,
    "beta": 3.0,
    "rotation_deg": 0.0,
    "seed": "nine_circle",
    "objective": "auxetic"
  }
}