Iteration,Poisson_v12,Poisson_v21,Objective,Volume_Fraction
0,nan,nan,nan,0.975600
1,0.284743,0.284743,-546.603091,0.736376
2,0.345375,0.345375,-596.538830,0.497152
3,0.345375,0.345375,-627.857932,0.257928
4,0.345375,0.345375,-635.615623,0.018703
5,0.345321,0.345321,-636.226404,0.000000
6,0.000000,0.000000,-636.226421,0.000000
7,0.000000,0.000000,-636.226421,0.000000
8,0.000000,0.000000,-636.226421,0.000000
9,0.000000,0.000000,-636.226421,0.000000
10,0.000000,0.000000,-636.226421,0.000000
