Iteration,Poisson_v12,Poisson_v21,Objective,Volume_Fraction
0,nan,nan,nan,0.688000
1,-1.000000,-1.000000,18.612742,0.490693
2,-1.000000,-1.000000,73.779315,0.293994
3,-1.000000,-1.000000,99.368495,0.233082
4,-1.000000,-1.000000,104.932018,0.233082
5,-1.000000,-1.000000,104.914043,0.233082
6,-1.000000,-1.000000,103.399154,0.233082
7,-1.000000,-1.000000,101.759332,0.233082
8,-1.000000,-1.000000,100.937136,0.233082
9,-1.000000,-1.000000,100.257761,0.233082
10,-1.000000,-1.000000,99.768503,0.233082
11,-1.000000,-1.000000,99.463963,0.233082
12,-1.000000,-1.000000,99.303133,0.233082
13,-1.000000,-1.000000,99.236753,0.233082
14,-1.000000,-1.000000,99.191863,0.233082
15,-1.000000,-1.000000,99.185899,0.233082
16,-1.000000,-1.000000,99.189328,0.233082
17,-1.000000,-1.000000,99.198511,0.233082
18,-1.000000,-1.000000,99.203276,0.233082
19,-1.000000,-1.000000,99.216134,0.233082
20,-1.000000,-1.000000,99.234404,0.233082
21,-1.000000,-1.000000,99.257032,0.233082
22,-1.000000,-1.000000,99.280784,0.233082
23,-1.000000,-1.000000,99.292298,0.233082
