Iteration,Poisson_v12,Poisson_v21,Objective,Volume_Fraction
0,nan,nan,nan,0.961600
1,0.295679,0.295679,-565.606189,0.892661
2,0.334601,0.334601,-566.691630,0.823722
3,0.334601,0.334601,-611.141600,0.754783
4,0.334601,0.334601,-644.010638,0.685845
5,0.334601,0.334601,-667.367365,0.616906
6,0.334601,0.334601,-683.261834,0.547967
7,0.334601,0.334601,-693.556895,0.479029
8,0.334601,0.334601,-699.843045,0.410090
9,0.334601,0.334601,-703.408593,0.341151
10,0.334601,0.334601,-705.244840,0.272212
11,0.334601,0.334601,-706.072167,0.203274
12,0.334601,0.334601,-706.377744,0.134335
13,0.334601,0.334601,-706.459146,0.065396
14,0.334599,0.334599,-706.470693,0.000000
15,0.000000,0.000000,-706.471024,0.000000
16,0.000000,0.000000,-706.471024,0.000000
17,0.000000,0.000000,-706.471024,0.000000
18,0.000000,0.000000,-706.471024,0.000000
19,0.000000,0.000000,-706.471024,0.000000
