Iteration,Poisson_v12,Poisson_v21,Objective,Volume_Fraction
0,nan,nan,nan,0.903600
1,0.350196,0.350196,1.778057,0.643643
2,0.399236,0.399236,-12.719340,0.383686
3,0.399236,0.399236,-18.813162,0.123728
4,0.399236,0.399236,-19.687590,0.000000
5,0.000000,0.000000,-19.696032,0.000000
6,0.000000,0.000000,-19.696032,0.000000
7,0.000000,0.000000,-19.696032,0.000000
8,0.000000,0.000000,-19.696032,0.000000
9,0.000000,0.000000,-19.696032,0.000000
