Iteration,Poisson_v12,Poisson_v21,Objective,Volume_Fraction
0,nan,nan,nan,0.776400
1,0.408874,0.424935,-270.630279,0.557705
2,0.428635,0.439859,-491.947770,0.339010
3,0.428635,0.439859,-604.070843,0.120315
4,0.428635,0.439859,-634.848971,0.000000
5,0.000000,0.000000,-636.135659,0.000000
6,0.000000,0.000000,-636.135659,0.000000
7,0.000000,0.000000,-636.135659,0.000000
8,0.000000,0.000000,-636.135659,0.000000
9,0.000000,0.000000,-636.135659,0.000000
