Iteration,Poisson_v12,Poisson_v21,Objective,Volume_Fraction
0,nan,nan,nan,0.858800
1,-1.000000,-1.000000,1.000000,0.780022
2,-1.000000,-1.000000,1.000000,0.701244
3,-1.000000,-1.000000,1.000000,0.622466
4,-1.000000,-1.000000,1.000000,0.543688
5,-1.000000,-1.000000,1.000000,0.465398
6,-1.000000,-1.000000,1.000000,0.387202
7,-1.000000,-1.000000,1.000000,0.309049
8,-1.000000,-1.000000,1.000000,0.233300
9,-1.000000,-1.000000,1.000000,0.162595
10,-1.000000,-1.000000,1.000000,0.101798
11,-1.000000,-1.000000,1.000000,0.058225
12,-1.000000,-1.000000,1.000000,0.072366
13,-1.000000,-1.000000,1.000000,0.079203
14,-1.000000,-1.000000,1.000000,0.088161
15,-1.000000,-1.000000,1.000000,0.096390
16,-1.000000,-1.000000,1.000000,0.104979
17,-1.000000,-1.000000,1.000000,0.116659
18,-1.000000,-1.000000,1.000000,0.131732
19,-1.000000,-1.000000,1.000000,0.140665
20,-1.000000,-1.000000,1.000000,0.153575
