Iteration,Poisson_v12,Poisson_v21,Objective,Volume_Fraction
0,nan,nan,nan,0.895600
1,0.334496,0.334496,-24.671612,0.657379
2,0.368210,0.368210,-51.701028,0.419159
3,0.368210,0.368210,-63.080230,0.180938
4,0.368210,0.368210,-65.126310,0.000000
5,0.000000,0.000000,-65.188054,0.000000
6,0.000000,0.000000,-65.188054,0.000000
7,0.000000,0.000000,-65.188054,0.000000
8,0.000000,0.000000,-65.188054,0.000000
9,0.000000,0.000000,-65.188054,0.000000
