Iteration,Poisson_v12,Poisson_v21,Objective,Volume_Fraction
0,nan,nan,nan,0.557786
1,0.375545,0.580191,-440.605501,0.422244
2,0.424933,0.513903,-466.990233,0.286703
3,0.439930,0.556467,-477.843126,0.166071
4,0.437557,0.565315,-484.112549,0.049451
5,0.437557,0.565315,-485.330655,0.000000
6,0.000000,0.000000,-485.349705,0.000000
7,0.000000,0.000000,-485.349705,0.000000
8,0.000000,0.000000,-485.349705,0.000000
9,0.000000,0.000000,-485.349705,0.000000
10,0.000000,0.000000,-485.349705,0.000000
