{
  "metadata": {
    "objective": "auxetic",
    "seed": "nine_circle",
    "timestamp": "2026-06-01T18:59:20.889414",
    "n_samples": 30,
    "n_success": 30
  },
  "analysis": {
    "param_names": [
      "volfrac",
      "penal",
      "rmin",
      "move",
      "void_size_frac",
      "rotation_deg"
    ],
    "correlations": [
      -0.22358175750834258,
      -0.49454949944382637,
      -0.06473859844271414,
      -0.44382647385984425,
      0.1911012235817575,
      -0.4874304783092325
    ],
    "p_values": [
      0.23495949078364692,
      0.005468034039843503,
      0.7339486010716716,
      0.014017835341076952,
      0.3117339683386094,
      0.006293851911512449
    ],
    "top_3": [
      [
        "penal",
        -0.49454949944382637,
        0.005468034039843503
      ],
      [
        "rotation_deg",
        -0.4874304783092325,
        0.006293851911512449
      ],
      [
        "move",
        -0.44382647385984425,
        0.014017835341076952
      ]
    ],
    "n_valid": 30
  },
  "results": [
    {
      "sample_id": 0,
      "seed": "nine_circle",
      "objective": "auxetic",
      "params": {
        "volfrac": 0.44301391935258716,
        "penal": 4.008149541366393,
        "rmin": 3.8569003466814364,
        "move": 0.14418859975783865,
        "void_size_frac": 0.2817637108685392,
        "rotation_deg": 48.07313294508973
      },
      "v12": -0.9806923142829417,
      "v21": -0.9881444728488595,
      "obj_value": 0.9806923142829417,
      "n_iters": 21,
      "converged": true,
      "elapsed_time": 4.3394386768341064,
      "success": true,
      "error": null
    },
    {
      "sample_id": 1,
      "seed": "nine_circle",
      "objective": "auxetic",
      "params": {
        "volfrac": 0.20318480397346197,
        "penal": 2.495191425963073,
        "rmin": 1.1453143945540756,
        "move": 0.06291345051753694,
        "void_size_frac": 0.5438200329294569,
        "rotation_deg": 18.219705033454193
      },
      "v12": -0.9966764689808578,
      "v21": -0.9970445328067125,
      "obj_value": 0.9966764689808578,
      "n_iters": 21,
      "converged": true,
      "elapsed_time": 4.066756963729858,
      "success": true,
      "error": null
    },
    {
      "sample_id": 2,
      "seed": "nine_circle",
      "objective": "auxetic",
      "params": {
        "volfrac": 0.5380817983989244,
        "penal": 2.756965118230556,
        "rmin": 2.2594309668621113,
        "move": 0.23977301065179352,
        "void_size_frac": 0.4574235868830694,
        "rotation_deg": 44.80854823168748
      },
      "v12": -0.9805238718614158,
      "v21": -0.9880711415103225,
      "obj_value": 0.9805238718614158,
      "n_iters": 21,
      "converged": true,
      "elapsed_time": 4.1255881786346436,
      "success": true,
      "error": null
    },
    {
      "sample_id": 3,
      "seed": "nine_circle",
      "objective": "auxetic",
      "params": {
        "volfrac": 0.45563158437343226,
        "penal": 1.7157780801170581,
        "rmin": 5.206985376652438,
        "move": 0.2720456169322511,
        "void_size_frac": 0.43382169959341826,
        "rotation_deg": 39.320636636033406
      },
      "v12": -0.9769206971240221,
      "v21": -0.9807160455258263,
      "obj_value": 0.9769206971240221,
      "n_iters": 21,
      "converged": true,
      "elapsed_time": 4.450641632080078,
      "success": true,
      "error": null
    },
    {
      "sample_id": 4,
      "seed": "nine_circle",
      "objective": "auxetic",
      "params": {
        "volfrac": 0.30962155337234987,
        "penal": 3.7740481722864043,
        "rmin": 4.755546499378827,
        "move": 0.2829683019517731,
        "void_size_frac": 0.4140951751322075,
        "rotation_deg": 12.950853140272637
      },
      "v12": -0.9832301737594301,
      "v21": -0.9906515079504462,
      "obj_value": 0.9832301737594301,
      "n_iters": 21,
      "converged": true,
      "elapsed_time": 4.463066339492798,
      "success": true,
      "error": null
    },
    {
      "sample_id": 5,
      "seed": "nine_circle",
      "objective": "auxetic",
      "params": {
        "volfrac": 0.40340317125456243,
        "penal": 4.070998702342106,
        "rmin": 2.612362440310308,
        "move": 0.08857950244970943,
        "void_size_frac": 0.6088407364787365,
        "rotation_deg": 68.43158592274713
      },
      "v12": -0.9853162191475339,
      "v21": -0.9920778474535461,
      "obj_value": 0.9853162191475339,
      "n_iters": 21,
      "converged": true,
      "elapsed_time": 4.011719465255737,
      "success": true,
      "error": null
    },
    {
      "sample_id": 6,
      "seed": "nine_circle",
      "objective": "auxetic",
      "params": {
        "volfrac": 0.4249343799288604,
        "penal": 4.936572676503209,
        "rmin": 5.128848441824852,
        "move": 0.26108488337764574,
        "void_size_frac": 0.47604746801879444,
        "rotation_deg": 84.50196541182649
      },
      "v12": -0.9801653076557161,
      "v21": -0.9835340084312544,
      "obj_value": 0.9801653076557161,
      "n_iters": 21,
      "converged": true,
      "elapsed_time": 4.579641342163086,
      "success": true,
      "error": null
    },
    {
      "sample_id": 7,
      "seed": "nine_circle",
      "objective": "auxetic",
      "params": {
        "volfrac": 0.5639964653066367,
        "penal": 3.625017781149061,
        "rmin": 4.527956699767467,
        "move": 0.13496029702086,
        "void_size_frac": 0.6935420270161637,
        "rotation_deg": 65.13501568820926
      },
      "v12": -0.9805148345893995,
      "v21": -0.986634155792514,
      "obj_value": 0.9805148345893995,
      "n_iters": 21,
      "converged": true,
      "elapsed_time": 4.307450532913208,
      "success": true,
      "error": null
    },
    {
      "sample_id": 8,
      "seed": "nine_circle",
      "objective": "auxetic",
      "params": {
        "volfrac": 0.577566726613667,
        "penal": 3.5146996688520917,
        "rmin": 3.300015299587482,
        "move": 0.19160531441874162,
        "void_size_frac": 0.22021792704163104,
        "rotation_deg": 52.005447430223896
      },
      "v12": -0.9771068149275525,
      "v21": -0.9856586765858488,
      "obj_value": 0.9771068149275525,
      "n_iters": 21,
      "converged": true,
      "elapsed_time": 4.498967170715332,
      "success": true,
      "error": null
    },
    {
      "sample_id": 9,
      "seed": "nine_circle",
      "objective": "auxetic",
      "params": {
        "volfrac": 0.3505977949516489,
        "penal": 4.629236129197071,
        "rmin": 4.923514037410277,
        "move": 0.1702604900337259,
        "void_size_frac": 0.38100338336453904,
        "rotation_deg": 11.656409779392078
      },
      "v12": -0.9910631400306532,
      "v21": -0.9958541639172279,
      "obj_value": 0.9910631400306532,
      "n_iters": 21,
      "converged": true,
      "elapsed_time": 4.335608959197998,
      "success": true,
      "error": null
    },
    {
      "sample_id": 10,
      "seed": "nine_circle",
      "objective": "auxetic",
      "params": {
        "volfrac": 0.5910879605094603,
        "penal": 3.2038538391809155,
        "rmin": 5.405793982253136,
        "move": 0.06862500952153312,
        "void_size_frac": 0.30608802799999013,
        "rotation_deg": 37.33926179802601
      },
      "v12": -0.9858179896846544,
      "v21": -0.9910060883479401,
      "obj_value": 0.9858179896846544,
      "n_iters": 21,
      "converged": true,
      "elapsed_time": 4.668959617614746,
      "success": true,
      "error": null
    },
    {
      "sample_id": 11,
      "seed": "nine_circle",
      "objective": "auxetic",
      "params": {
        "volfrac": 0.2592105711900612,
        "penal": 4.559473320258318,
        "rmin": 2.494863694238677,
        "move": 0.16302735508973032,
        "void_size_frac": 0.5797569221196744,
        "rotation_deg": 79.77441406882609
      },
      "v12": -0.9816082396768185,
      "v21": -0.9855835519373585,