Iteration,Poisson_v12,Poisson_v21,Objective,Volume_Fraction
0,nan,nan,nan,0.855600
1,0.495399,0.495399,-10.506338,0.675650
2,0.447135,0.447135,-35.748134,0.495700
3,0.447135,0.447135,-52.035569,0.315750
4,0.447135,0.447135,-68.440254,0.135800
5,0.447135,0.447135,-83.224564,0.000000
6,0.000000,0.000000,-90.698910,0.000000
7,0.000000,0.000000,-90.698910,0.000000
8,0.000000,0.000000,-90.698910,0.000000
9,0.000000,0.000000,-90.698910,0.000000
10,0.000000,0.000000,-90.698910,0.000000
