Iteration,Poisson_v12,Poisson_v21,Objective,Volume_Fraction
0,nan,nan,nan,0.932400
1,0.458032,0.458032,-58.103176,0.736297
2,0.383134,0.383134,-87.660359,0.540195
3,0.383134,0.383134,-99.718925,0.344092
4,0.383134,0.383134,-110.899077,0.147989
5,0.383134,0.383134,-120.390713,0.000000
6,0.000000,0.000000,-125.023236,0.000000
7,0.000000,0.000000,-125.023236,0.000000
8,0.000000,0.000000,-125.023236,0.000000
9,0.000000,0.000000,-125.023236,0.000000
10,0.000000,0.000000,-125.023236,0.000000
