Iteration,Poisson_v12,Poisson_v21,Objective,Volume_Fraction
0,nan,nan,nan,0.786800
1,-1.000000,-1.000000,1.000000,0.553425
2,-1.000000,-1.000000,1.000000,0.364591
3,-1.000000,-1.000000,1.000000,0.206929
4,-1.000000,-1.000000,1.000000,0.167973
5,-1.000000,-1.000000,1.000000,0.148941
6,-0.999998,-0.999999,0.999998,0.164729
7,-0.988023,-0.993963,0.988023,0.167539
8,-0.986267,-0.993425,0.986267,0.162509
9,-0.984760,-0.992453,0.984760,0.160008
10,-0.983482,-0.990557,0.983482,0.157810
11,-0.982564,-0.990211,0.982564,0.154191
12,-0.982822,-0.989731,0.982822,0.153418
13,-0.982662,-0.989763,0.982662,0.153561
14,-0.982091,-0.990073,0.982091,0.149489
15,-0.981766,-0.989343,0.981766,0.150723
16,-0.982470,-0.990093,0.982470,0.150652
17,-0.982916,-0.989542,0.982916,0.146728
18,-0.982256,-0.989108,0.982256,0.137584
19,-0.982650,-0.988638,0.982650,0.133762
20,-0.981555,-0.987804,0.981555,0.130751
