sample_id,seed,objective,success,v12,v21,obj_value,n_iters,converged,elapsed_time,error,E0,Emin,ft,max_iter,move,nelx,nely,nu,penal,rmin,save_every,scale_factor,tol_change,tol_obj,verbose,void_size_frac,volfrac,window_size
0,hourglass,auxetic,True,-0.5160938189228306,-0.4222695044712916,0.16925057365383311,67,True,9.92,,199.0,1e-09,2,150,0.104845,50,50,0.3,3.059103,1.204016,9999,1,0.01,0.05,False,0.314803,0.513029,20
1,hourglass,auxetic,True,-0.6593314417300881,-0.4283482328565648,0.13182021145906897,119,True,16.5,,199.0,1e-09,2,150,0.100429,50,50,0.3,3.066222,1.195568,9999,1,0.01,0.05,False,0.337547,0.531455,20
2,hourglass,auxetic,True,-0.5304649484981351,-0.49240735547196945,0.10831204792286486,68,True,9.46,,199.0,1e-09,2,150,0.121868,50,50,0.3,3.101585,1.134257,9999,1,0.01,0.05,False,0.314011,0.527783,20
3,hourglass,auxetic,True,-0.5924561847505553,-0.4409029954619766,0.08425271019505332,150,True,20.3,,199.0,1e-09,2,150,0.12124,50,50,0.3,2.884405,1.10116,9999,1,0.01,0.05,False,0.290793,0.55778,20
4,hourglass,auxetic,True,-0.6172639936643852,-0.42328400801282423,0.11529020492855901,84,True,11.26,,199.0,1e-09,2,150,0.103975,50,50,0.3,3.285472,1.195118,9999,1,0.01,0.05,False,0.29824,0.568341,20
5,hourglass,auxetic,True,-0.6313254427846714,-0.40912181236655687,0.17858931472334327,52,True,7.54,,199.0,1e-09,2,150,0.09345,50,50,0.3,3.061795,1.236991,9999,1,0.01,0.05,False,0.304456,0.550082,20
6,hourglass,auxetic,True,-0.6029331990046548,-0.4517661304529354,0.09719184802327574,59,True,9.29,,199.0,1e-09,2,150,0.129796,50,50,0.3,3.406023,1.144495,9999,1,0.01,0.05,False,0.304255,0.510676,20
7,hourglass,auxetic,True,-0.5792481914999609,-0.41119854076855655,0.15587622175888138,99,True,14.09,,199.0,1e-09,2,150,0.078646,50,50,0.3,2.980802,1.161972,9999,1,0.01,0.05,False,0.339618,0.507677,20
8,hourglass,auxetic,True,-0.6282482886619533,-0.45554197279312747,0.09564438792064389,150,True,22.04,,199.0,1e-09,2,150,0.135579,50,50,0.3,3.041056,1.177155,9999,1,0.01,0.05,False,0.303883,0.567931,20
9,hourglass,auxetic,True,-0.6498570980024595,-0.4215523155957119,0.1477376278367709,63,True,9.46,,199.0,1e-09,2,150,0.102055,50,50,0.3,2.599826,1.165992,9999,1,0.01,0.05,False,0.371684,0.50382,20
10,hourglass,auxetic,True,-0.6699799448952896,-0.4216048707160487,0.07076773472889575,56,True,8.11,,199.0,1e-09,2,150,0.129385,50,50,0.3,3.376436,1.06421,9999,1,0.01,0.05,False,0.347894,0.552594,20
11,hourglass,auxetic,True,-0.6434840210124383,-0.4246802599336859,0.07781043511737373,80,True,10.85,,199.0,1e-09,2,150,0.124028,50,50,0.3,3.458117,1.126995,9999,1,0.01,0.05,False,0.338582,0.558733,20
12,hourglass,auxetic,True,-0.6024567622233733,-0.4813588768716689,0.10875604054133792,37,True,4.93,,199.0,1e-09,2,150,0.129917,50,50,0.3,2.656048,1.076357,9999,1,0.01,0.05,False,0.317536,0.545547,20
13,hourglass,auxetic,True,-0.6452010304628742,-0.44663392454794726,0.08009941077296834,58,True,8.48,,199.0,1e-09,2,150,0.14394,50,50,0.3,3.243953,1.146619,9999,1,0.01,0.05,False,0.348425,0.579734,20
14,hourglass,auxetic,True,-0.6486979804146483,-0.4217114468314699,0.10160835896152598,108,True,15.97,,199.0,1e-09,2,150,0.07575,50,50,0.3,2.675933,1.244379,9999,1,0.01,0.05,False,0.378161,0.55634,20
15,hourglass,auxetic,True,-0.668078005407571,-0.4534831063112149,0.03924839027663174,150,True,21.42,,199.0,1e-09,2,150,0.142022,50,50,0.3,3.3037,1.120433,9999,1,0.01,0.05,False,0.336254,0.581402,20
16,hourglass,auxetic,True,-0.635683149418986,-0.44270832455459525,0.039696642390601,150,True,21.3,,199.0,1e-09,2,150,0.131413,50,50,0.3,3.016713,1.078818,9999,1,0.01,0.05,False,0.362738,0.54068,20
17,hourglass,auxetic,True,-0.52825284606,-0.4558553863987189,0.06977008087304482,79,True,11.11,,199.0,1e-09,2,150,0.125837,50,50,0.3,3.421374,1.140177,9999,1,0.01,0.05,False,0.295495,0.519003,20
18,hourglass,auxetic,True,-0.6451240167469677,-0.42527228002712664,0.14293277969289853,39,True,5.08,,199.0,1e-09,2,150,0.113641,50,50,0.3,3.030503,1.226902,9999,1,0.01,0.05,False,0.351686,0.554433,20
19,hourglass,auxetic,True,-0.7000633686832675,-0.40445052709348006,0.13556412430123144,49,True,7.31,,199.0,1e-09,2,150,0.098545,50,50,0.3,3.064496,1.124866,9999,1,0.01,0.05,False,0.361562,0.579622,20
20,hourglass,auxetic,True,-0.575507134623852,-0.4739659360014553,0.1046482451757681,58,True,7.81,,199.0,1e-09,2,150,0.118174,50,50,0.3,3.361305,1.208073,9999,1,0.01,0.05,False,0.330226,0.51473,20
21,hourglass,auxetic,True,-0.6001256549833014,-0.47485612581080566,0.15266207964617495,48,True,7.03,,199.0,1e-09,2,150,0.134675,50,50,0.3,3.141484,1.222747,9999,1,0.01,0.05,False,0.336693,0.504707,20
22,hourglass,auxetic,True,-0.6675452144361639,-0.4050660743154395,0.09906581807091519,146,True,20.62,,199.0,1e-09,2,150,0.0806,50,50,0.3,3.328172,1.194676,9999,1,0.01,0.05,False,0.318458,0.584144,20
23,hourglass,auxetic,True,-0.7071167900819232,-0.4334496539527009,0.1373341419421984,138,True,19.31,,199.0,1e-09,2,150,0.092698,50,50,0.3,2.62204,1.134799,9999,1,0.01,0.05,False,0.335911,0.500965,20
24,hourglass,auxetic,True,-0.6246829965650172,-0.4058023107868893,0.13062514764993105,150,True,22.18,,199.0,1e-09,2,150,0.087291,50,50,0.3,2.722264,1.225012,9999,1,0.01,0.05,False,0.315833,0.542379,20
25,hourglass,auxetic,True,-0.6430042418960007,-0.48001743371321337,0.078069592176224,43,True,5.92,,199.0,1e-09,2,150,0.120843,50,50,0.3,3.35251,1.080609,9999,1,0.01,0.05,False,0.376292,0.553311,20
26,hourglass,auxetic,True,-0.6801168454278027,-0.46705897498939275,0.09153781716094089,150,True,20.58,,199.0,1e-09,2,150,0.093218,50,50,0.3,3.007838,1.135073,9999,1,0.01,0.05,False,0.310293,0.532965,20
27,hourglass,auxetic,True,-0.5778741112595598,-0.39514610442688775,0.16439074147891786,66,True,9.61,,199.0,1e-09,2,150,0.124833,50,50,0.3,2.996161,1.237966,9999,1,0.01,0.05,False,0.307577,0.527009,20
28,hourglass,auxetic,True,-0.6466549858285032,-0.42766104949743783,0.1053170193702937,150,True,20.42,,199.0,1e-09,2,150,0.111046,50,50,0.3,2.713955,1.197577,9999,1,0.01,0.05,False,0.319697,0.536909,20
29,hourglass,auxetic,True,-0.6875666171010443,-0.3817638300678104,0.20929806819802743,55,True,8.27,,199.0,1e-09,2,150,0.078559,50,50,0.3,3.392399,1.187632,9999,1,0.01,0.05,False,0.316427,0.502333,20
30,hourglass,auxetic,True,-0.6456920691210628,-0.42944759554602,0.12168676592937533,70,True,9.6,,199.0,1e-09,2,150,0.093805,50,50,0.3,3.103023,1.104,9999,1,0.01,0.05,False,0.326153,0.547484,20
31,hourglass,auxetic,True,-0.5606284255912531,-0.42455134225854024,0.1543747632304523,64,True,8.52,,199.0,1e-09,2,150,0.10847,50,50,0.3,3.449813,1.211152,9999,1,0.01,0.05,False,0.294356,0.533989,20
32,hourglass,auxetic,True,-0.6394535423198718,-0.43434668570215995,0.09953392611767531,150,True,20.84,,199.0,1e-09,2,150,0.115812,50,50,0.3,3.517431,1.211933,9999,1,0.01,0.05,False,0.297971,0.562763,20
33,hourglass,auxetic,True,-0.6353156280992324,-0.4228682447272623,0.12735782762294245,150,True,21.2,,199.0,1e-09,2,150,0.087999,50,50,0.3,2.696336,1.214125,9999,1,0.01,0.05,False,0.357663,0.534723,20
34,hourglass,auxetic,True,-0.6353386785379291,-0.43456254762181845,0.09061069560338142,150,True,20.84,,199.0,1e-09,2,150,0.083786,50,50,0.3,3.270517,1.184639,9999,1,0.01,0.05,False,0.330831,0.567617,20
35,hourglass,auxetic,True,-0.6237931686377355,-0.4280441202774065,0.11029978004900587,150,True,21.07,,199.0,1e-09,2,150,0.109034,50,50,0.3,2.988928,1.180708,9999,1,0.01,0.05,False,0.288133,0.573909,20
36,hourglass,auxetic,True,-0.6415489780727018,-0.4321341221004537,0.09569873798390405,150,True,20.16,,199.0,1e-09,2,150,0.122909,50,50,0.3,2.757735,1.179268,9999,1,0.01,0.05,False,0.298377,0.541973,20
37,hourglass,auxetic,True,-0.5443365539094928,-0.4378135991831379,0.08213845550623922,57,True,8.13,,199.0,1e-09,2,150,0.132488,50,50,0.3,3.485392,1.099748,9999,1,0.01,0.05,False,0.333256,0.52178,20
38,hourglass,auxetic,True,-0.6686205987723847,-0.43434985343147825,0.015129646513019401,150,True,20.56,,199.0,1e-09,2,150,0.090256,50,50,0.3,2.891724,1.08922,9999,1,0.01,0.05,False,0.367135,0.580698,20
39,hourglass,auxetic,True,-0.698488223052447,-0.4195041862919839,0.0386901731120165,93,True,13.3,,199.0,1e-09,2,150,0.120277,50,50,0.3,3.588163,1.062762,9999,1,0.01,0.05,False,0.325181,0.574746,20
40,hourglass,auxetic,True,-0.6583124375032201,-0.42854092650110526,0.14255091382372642,150,True,20.75,,199.0,1e-09,2,150,0.12721,50,50,0.3,2.841472,1.233009,9999,1,0.01,0.05,False,0.322422,0.520372,20
41,hourglass,auxetic,True,-0.5927687939240833,-0.4670062829400479,0.09651598113842608,72,True,10.81,,199.0,1e-09,2,150,0.119549,50,50,0.3,3.544132,1.143157,9999,1,0.01,0.05,False,0.370749,0.555853,20
42,hourglass,auxetic,True,-0.5988771208676034,-0.3785820766576486,0.12612598724066582,150,True,21.78,,199.0,1e-09,2,150,0.138631,50,50,0.3,2.580015,1.206009,9999,1,0.01,0.05,False,0.299593,0.564179,20
43,hourglass,auxetic,True,-0.5900884260788773,-0.5120328060200414,0.07565912782241502,52,True,7.98,,199.0,1e-09,2,150,0.128304,50,50,0.3,3.515569,1.210029,9999,1,0.01,0.05,False,0.310195,0.536065,20
44,hourglass,auxetic,True,-0.6061135712004427,-0.48253122353276484,0.025556266738630984,96,True,13.19,,199.0,1e-09,2,150,0.108861,50,50,0.3,3.038267,1.070537,9999,1,0.01,0.05,False,0.323241,0.562125,20
45,hourglass,auxetic,True,-0.6585913883096215,-0.4320803444198568,0.10487996065285443,150,True,21.37,,199.0,1e-09,2,150,0.109914,50,50,0.3,2.634496,1.129588,9999,1,0.01,0.05,False,0.344468,0.523488,20
46,hourglass,auxetic,True,-0.6627018840507863,-0.43087724799442084,0.12129327459779782,68,True,10.07,,199.0,1e-09,2,150,0.096421,50,50,0.3,3.261703,1.218182,9999,1,0.01,0.05,False,0.377143,0.580542,20
47,hourglass,auxetic,True,-0.7440894589483972,-0.4461199434243708,0.10699164112006221,65,True,9.7,,199.0,1e-09,2,150,0.144068,50,50,0.3,3.282614,1.09498,9999,1,0.01,0.05,False,0.304945,0.52969,20
48,hourglass,auxetic,True,-0.5638188359257286,-0.4429129931103612,0.0756678124952398,98,True,14.28,,199.0,1e-09,2,150,0.10184,50,50,0.3,3.637704,1.235045,9999,1,0.01,0.05,False,0.327752,0.548971,20
49,hourglass,auxetic,True,-0.6095746441013963,-0.42681864381576556,0.09816791707059225,46,True,6.76,,199.0,1e-09,2,150,0.125168,50,50,0.3,3.341342,1.176559,9999,1,0.01,0.05,False,0.379314,0.507912,20
50,hourglass,auxetic,True,-0.7094844249666187,-0.42121677231711235,0.04961172785369139,61,True,8.89,,199.0,1e-09,2,150,0.114913,50,50,0.3,3.407144,1.0596,9999,1,0.01,0.05,False,0.307212,0.572312,20
51,hourglass,auxetic,True,-0.6422533757462172,-0.4237528600075591,0.08990327225389161,150,True,21.91,,199.0,1e-09,2,150,0.111601,50,50,0.3,2.853045,1.193367,9999,1,0.01,0.05,False,0.375853,0.583686,20
52,hourglass,auxetic,True,-0.6454219754788298,-0.4308219733638261,0.1280609130531486,150,True,22.08,,199.0,1e-09,2,150,0.113065,50,50,0.3,2.902136,1.22082,9999,1,0.01,0.05,False,0.357944,0.531592,20
53,hourglass,auxetic,True,-0.6386652455228093,-0.425138209934588,0.12320840984469095,94,True,13.45,,199.0,1e-09,2,150,0.07826,50,50,0.3,2.887296,1.239054,9999,1,0.01,0.05,False,0.319189,0.548408,20
54,hourglass,auxetic,True,-0.6598456093170094,-0.504966933318825,0.11172435751389043,76,True,11.15,,199.0,1e-09,2,150,0.119925,50,50,0.3,2.746638,1.087639,9999,1,0.01,0.05,False,0.324638,0.535653,20
55,hourglass,auxetic,True,-0.6229401425026779,-0.4287646986582626,0.12987090077071894,150,True,21.08,,199.0,1e-09,2,150,0.121302,50,50,0.3,2.683726,1.156439,9999,1,0.01,0.05,False,0.295735,0.514401,20
56,hourglass,auxetic,True,-0.5782544955068699,-0.38562826030396274,0.15448319376603303,65,True,8.82,,199.0,1e-09,2,150,0.088644,50,50,0.3,2.719028,1.167475,9999,1,0.01,0.05,False,0.28555,0.507011,20
57,hourglass,auxetic,True,-0.678980776507152,-0.4411365321207221,0.05417994639495283,61,True,8.49,,199.0,1e-09,2,150,0.138768,50,50,0.3,3.06942,1.084016,9999,1,0.01,0.05,False,0.37908,0.545426,20
58,hourglass,auxetic,True,-0.5880268315436211,-0.415581724296792,0.04466036196586709,150,True,21.82,,199.0,1e-09,2,150,0.079876,50,50,0.3,2.595266,1.21229,9999,1,0.01,0.05,False,0.323509,0.581322,20
59,hourglass,auxetic,True,-0.5823681377306141,-0.39953848228772215,0.16797225990659148,137,True,20.03,,199.0,1e-09,2,150,0.075013,50,50,0.3,3.096052,1.17486,9999,1,0.01,0.05,False,0.28981,0.509217,20
60,hourglass,auxetic,True,-0.5984310908324371,-0.44987050938503553,0.08311604409437434,150,True,21.62,,199.0,1e-09,2,150,0.116486,50,50,0.3,3.206747,1.121797,9999,1,0.01,0.05,False,0.354483,0.572835,20
61,hourglass,auxetic,True,-0.6662669947910018,-0.45744031651912054,0.11255890656645062,119,True,17.3,,199.0,1e-09,2,150,0.12869,50,50,0.3,3.593813,1.203188,9999,1,0.01,0.05,False,0.321349,0.554737,20
62,hourglass,auxetic,True,-0.5982213291586345,-0.4706785897658559,0.1684049329358741,80,True,11.83,,199.0,1e-09,2,150,0.104529,50,50,0.3,3.47179,1.215945,9999,1,0.01,0.05,False,0.346765,0.512338,20
63,hourglass,auxetic,True,-0.5810891215847399,-0.39453143439416327,0.10343348799520435,75,True,11.51,,199.0,1e-09,2,150,0.083291,50,50,0.3,3.409645,1.23603,9999,1,0.01,0.05,False,0.303877,0.583892,20
64,hourglass,auxetic,True,-0.6149472512518896,-0.4786543146554382,0.05119399354740051,150,True,20.57,,199.0,1e-09,2,150,0.131038,50,50,0.3,2.829903,1.102139,9999,1,0.01,0.05,False,0.364286,0.53465,20
65,hourglass,auxetic,True,-0.6246929071918261,-0.42536732390214105,-0.003078481057281035,150,True,21.38,,199.0,1e-09,2,150,0.142605,50,50,0.3,2.650415,1.064035,9999,1,0.01,0.05,False,0.334888,0.583746,20
66,hourglass,auxetic,True,-0.6303662017441064,-0.4431297262713927,0.08189704086412164,52,True,7.76,,199.0,1e-09,2,150,0.099288,50,50,0.3,2.756973,1.101565,9999,1,0.01,0.05,False,0.372916,0.544012,20
67,hourglass,auxetic,True,-0.620424096567312,-0.4507936592280931,0.09115325211052472,150,True,20.2,,199.0,1e-09,2,150,0.092065,50,50,0.3,3.264759,1.225971,9999,1,0.01,0.05,False,0.294422,0.56345,20
68,hourglass,auxetic,True,-0.6675698482282949,-0.4098026656284129,0.11170368298651367,150,True,21.57,,199.0,1e-09,2,150,0.102559,50,50,0.3,2.715716,1.117585,9999,1,0.01,0.05,False,0.347018,0.51167,20
69,hourglass,auxetic,True,-0.5576629087189373,-0.39950523282314715,0.12088363486915243,91,True,13.26,,199.0,1e-09,2,150,0.08426,50,50,0.3,3.104121,1.230929,9999,1,0.01,0.05,False,0.362881,0.567013,20
70,hourglass,auxetic,True,-0.6092529163234034,-0.43804898526338415,0.07986851010388041,111,True,15.92,,199.0,1e-09,2,150,0.113247,50,50,0.3,2.900587,1.164286,9999,1,0.01,0.05,False,0.335752,0.545774,20
71,hourglass,auxetic,True,-0.5607555486175008,-0.3838966600054265,0.15829471025264386,82,True,11.35,,199.0,1e-09,2,150,0.082343,50,50,0.3,3.012976,1.171815,9999,1,0.01,0.05,False,0.361469,0.523372,20
72,hourglass,auxetic,True,-0.6159334116618336,-0.43318730002753353,0.11355184690699305,97,True,13.53,,199.0,1e-09,2,150,0.131666,50,50,0.3,3.009753,1.199869,9999,1,0.01,0.05,False,0.338059,0.570673,20
73,hourglass,auxetic,True,-0.6098815953773812,-0.43141285981854843,0.11438117804923786,47,True,6.83,,199.0,1e-09,2,150,0.117954,50,50,0.3,3.582081,1.209721,9999,1,0.01,0.05,False,0.317392,0.516616,20
74,hourglass,auxetic,True,-0.6419368386434261,-0.4632729059062865,0.009428293727724135,118,True,16.94,,199.0,1e-09,2,150,0.120771,50,50,0.3,3.082255,1.07225,9999,1,0.01,0.05,False,0.328078,0.565949,20
75,hourglass,auxetic,True,-0.6481407888554762,-0.42002104591799744,0.15353915037717947,150,True,21.33,,199.0,1e-09,2,150,0.086317,50,50,0.3,3.457787,1.178697,9999,1,0.01,0.05,False,0.297548,0.531907,20
76,hourglass,auxetic,True,-0.6518275762858694,-0.40864238443865386,0.08942714657269579,123,True,17.37,,199.0,1e-09,2,150,0.079526,50,50,0.3,3.090836,1.172269,9999,1,0.01,0.05,False,0.332078,0.575766,20
77,hourglass,auxetic,True,-0.6150159873396623,-0.42027002260917445,0.07213235875082424,150,True,20.79,,199.0,1e-09,2,150,0.075373,50,50,0.3,2.740899,1.149828,9999,1,0.01,0.05,False,0.314481,0.543044,20
78,hourglass,auxetic,True,-0.6269060768058782,-0.43669341833629743,0.06525838328388156,150,True,21.38,,199.0,1e-09,2,150,0.129722,50,50,0.3,2.627704,1.119975,9999,1,0.01,0.05,False,0.300034,0.535066,20
79,hourglass,auxetic,True,-0.5993740524824337,-0.4108193429715132,0.1549723894332119,150,True,22.07,,199.0,1e-09,2,150,0.076706,50,50,0.3,3.42809,1.189798,9999,1,0.01,0.05,False,0.336049,0.532721,20
80,hourglass,auxetic,True,-0.6193987003302907,-0.49156080687398185,0.01684261688347799,70,True,9.98,,199.0,1e-09,2,150,0.141209,50,50,0.3,2.859383,1.095727,9999,1,0.01,0.05,False,0.346286,0.564678,20
81,hourglass,auxetic,True,-0.6741357840304679,-0.4300345250119991,0.07462647782075271,74,True,11.18,,199.0,1e-09,2,150,0.098422,50,50,0.3,2.814952,1.095908,9999,1,0.01,0.05,False,0.360577,0.559468,20
82,hourglass,auxetic,True,-0.6164860557301624,-0.4351945130921346,0.15601324289090168,150,True,21.37,,199.0,1e-09,2,150,0.074732,50,50,0.3,3.477572,1.227589,9999,1,0.01,0.05,False,0.332892,0.505855,20
83,hourglass,auxetic,True,-0.6707421293822496,-0.44552502672477295,0.06414012005113423,94,True,13.55,,199.0,1e-09,2,150,0.119518,50,50,0.3,3.568958,1.155187,9999,1,0.01,0.05,False,0.359869,0.569926,20
84,hourglass,auxetic,True,-0.6655822711250677,-0.429655954086126,0.10133872468229865,56,True,8.19,,199.0,1e-09,2,150,0.086432,50,50,0.3,3.453648,1.132318,9999,1,0.01,0.05,False,0.35138,0.576645,20
85,hourglass,auxetic,True,-0.6486118633114567,-0.4581063391328277,0.061923370452311666,150,True,20.98,,199.0,1e-09,2,150,0.099948,50,50,0.3,3.367489,1.167623,9999,1,0.01,0.05,False,0.368252,0.556852,20
86,hourglass,auxetic,True,-0.5849060731623064,-0.46102546897215485,0.0390003228165865,120,True,17.15,,199.0,1e-09,2,150,0.081139,50,50,0.3,3.620323,1.12619,9999,1,0.01,0.05,False,0.309998,0.571361,20
87,hourglass,auxetic,True,-0.5517624781903195,-0.45452251190738713,0.04528033314463287,77,True,11.29,,199.0,1e-09,2,150,0.129467,50,50,0.3,3.623669,1.092934,9999,1,0.01,0.05,False,0.349901,0.530556,20
88,hourglass,auxetic,True,-0.614278580327437,-0.3786456831428272,0.1592429277472862,90,True,13.0,,199.0,1e-09,2,150,0.135121,50,50,0.3,2.681295,1.207022,9999,1,0.01,0.05,False,0.297775,0.559558,20
89,hourglass,auxetic,True,-0.6204070830894437,-0.4257387137810644,0.005598558442649559,150,True,21.61,,199.0,1e-09,2,150,0.136348,50,50,0.3,2.743351,1.092566,9999,1,0.01,0.05,False,0.283643,0.580419,20
90,hourglass,auxetic,True,-0.6099058185319637,-0.41512680079722686,0.12453868135570845,150,True,20.27,,199.0,1e-09,2,150,0.094868,50,50,0.3,2.912141,1.193852,9999,1,0.01,0.05,False,0.337661,0.563729,20
91,hourglass,auxetic,True,-0.6272856496273966,-0.444288033259548,0.09295204205057617,51,True,7.01,,199.0,1e-09,2,150,0.131894,50,50,0.3,2.831817,1.057828,9999,1,0.01,0.05,False,0.299402,0.517239,20
92,hourglass,auxetic,True,-0.695284856975413,-0.4445623506576969,0.04890045115088715,74,True,10.85,,199.0,1e-09,2,150,0.081663,50,50,0.3,3.056652,1.090011,9999,1,0.01,0.05,False,0.352324,0.559906,20
93,hourglass,auxetic,True,-0.6412270843766886,-0.42967342922507684,0.09223430158774315,150,True,22.26,,199.0,1e-09,2,150,0.100183,50,50,0.3,3.322707,1.128487,9999,1,0.01,0.05,False,0.300465,0.58274,20
94,hourglass,auxetic,True,-0.5803945592968073,-0.4630237036283562,0.10943785693657371,106,True,14.26,,199.0,1e-09,2,150,0.141065,50,50,0.3,2.743795,1.181682,9999,1,0.01,0.05,False,0.35354,0.503603,20
95,hourglass,auxetic,True,-0.6239078654990667,-0.4061146135636887,0.17493354208021705,113,True,18.14,,199.0,1e-09,2,150,0.08833,50,50,0.3,2.632674,1.243028,9999,1,0.01,0.05,False,0.369559,0.500463,20
96,hourglass,auxetic,True,-0.5851259858661949,-0.46532103815840015,0.07619596427485642,85,True,12.03,,199.0,1e-09,2,150,0.085049,50,50,0.3,3.572407,1.138811,9999,1,0.01,0.05,False,0.345759,0.526715,20
97,hourglass,auxetic,True,-0.6547174146481932,-0.4250506550626672,0.10209296235591703,150,True,20.63,,199.0,1e-09,2,150,0.139339,50,50,0.3,2.90912,1.146874,9999,1,0.01,0.05,False,0.350562,0.526235,20
98,hourglass,auxetic,True,-0.566472484243961,-0.44645065593696565,0.08526199152597047,62,True,9.12,,199.0,1e-09,2,150,0.119026,50,50,0.3,3.53171,1.234628,9999,1,0.01,0.05,False,0.349585,0.542102,20
99,hourglass,auxetic,True,-0.5873677267982993,-0.48694293128689037,0.1496924273829261,53,True,7.57,,199.0,1e-09,2,150,0.138191,50,50,0.3,3.207494,1.186935,9999,1,0.01,0.05,False,0.299181,0.508407,20
100,hourglass,auxetic,True,-0.6233003584264626,-0.40382506624744563,0.043155861136562224,150,True,20.78,,199.0,1e-09,2,150,0.089208,50,50,0.3,3.633796,1.069352,9999,1,0.01,0.05,False,0.315148,0.584504,20
101,hourglass,auxetic,True,-0.5707659888718559,-0.46281486229630603,0.06621153607639951,81,True,12.07,,199.0,1e-09,2,150,0.12684,50,50,0.3,3.383981,1.132454,9999,1,0.01,0.05,False,0.372447,0.536214,20
102,hourglass,auxetic,True,-0.6205266700969287,-0.43013355855082713,0.15181060467601915,111,True,15.79,,199.0,1e-09,2,150,0.119206,50,50,0.3,3.00004,1.061822,9999,1,0.01,0.05,False,0.328271,0.520706,20
103,hourglass,auxetic,True,-0.6606884488898016,-0.40934999735856903,0.14382703786246587,37,True,5.4,,199.0,1e-09,2,150,0.137055,50,50,0.3,2.735459,1.173094,9999,1,0.01,0.05,False,0.28973,0.513235,20
104,hourglass,auxetic,True,-0.6539270191936479,-0.42248247735591526,0.08055724721164714,150,True,21.82,,199.0,1e-09,2,150,0.12166,50,50,0.3,2.760338,1.160131,9999,1,0.01,0.05,False,0.355064,0.584662,20
105,hourglass,auxetic,True,-0.6645554851399104,-0.44536398492406076,0.0998402954563552,131,True,18.95,,199.0,1e-09,2,150,0.090419,50,50,0.3,3.124162,1.126473,9999,1,0.01,0.05,False,0.328355,0.525115,20
106,hourglass,auxetic,True,-0.5955768998097934,-0.42053447250229464,0.16138665056596546,150,True,21.2,,199.0,1e-09,2,150,0.110988,50,50,0.3,3.289835,1.184099,9999,1,0.01,0.05,False,0.372262,0.547225,20
107,hourglass,auxetic,True,-0.6229857425854788,-0.420209196605736,0.1182685302491071,66,True,9.72,,199.0,1e-09,2,150,0.084322,50,50,0.3,2.83901,1.217995,9999,1,0.01,0.05,False,0.302898,0.547784,20
108,hourglass,auxetic,True,-0.689956103829343,-0.42628981709807834,0.03776768131741104,83,True,12.29,,199.0,1e-09,2,150,0.122765,50,50,0.3,3.259903,1.080762,9999,1,0.01,0.05,False,0.32049,0.567852,20
109,hourglass,auxetic,True,-0.655701224202414,-0.4151903497235094,0.1437387048590597,150,True,21.41,,199.0,1e-09,2,150,0.085866,50,50,0.3,2.777695,1.240292,9999,1,0.01,0.05,False,0.380611,0.53827,20
110,hourglass,auxetic,True,-0.6195516573808345,-0.4233571032849031,0.12874772655362954,150,True,21.65,,199.0,1e-09,2,150,0.096639,50,50,0.3,3.506963,1.221178,9999,1,0.01,0.05,False,0.286897,0.576009,20
111,hourglass,auxetic,True,-0.6842308716879719,-0.4452752056771879,0.05318701983071816,150,True,22.02,,199.0,1e-09,2,150,0.091693,50,50,0.3,2.788719,1.094196,9999,1,0.01,0.05,False,0.344631,0.558053,20
112,hourglass,auxetic,True,-0.6728697557906689,-0.43124461782513296,0.1052207719255045,150,True,22.25,,199.0,1e-09,2,150,0.124214,50,50,0.3,3.130652,1.171045,9999,1,0.01,0.05,False,0.348216,0.557217,20
113,hourglass,auxetic,True,-0.6664512451327982,-0.42450113927136746,0.15531762499061086,70,True,10.68,,199.0,1e-09,2,150,0.087768,50,50,0.3,2.987205,1.208722,9999,1,0.01,0.05,False,0.350619,0.544074,20
114,hourglass,auxetic,True,-0.6429253291952762,-0.41567920850152384,0.12268281486485189,81,True,11.54,,199.0,1e-09,2,150,0.118742,50,50,0.3,3.382226,1.22497,9999,1,0.01,0.05,False,0.361765,0.56638,20
115,hourglass,auxetic,True,-0.626765591002275,-0.40378520783419103,0.13878780993606665,150,True,22.99,,199.0,1e-09,2,150,0.107526,50,50,0.3,2.930366,1.131108,9999,1,0.01,0.05,False,0.305208,0.524148,20
116,hourglass,auxetic,True,-0.585726207353794,-0.43927678335920395,0.08921975898695655,73,True,10.48,,199.0,1e-09,2,150,0.136275,50,50,0.3,3.49735,1.09693,9999,1,0.01,0.05,False,0.365279,0.51867,20
117,hourglass,auxetic,True,-0.638194555903488,-0.4258898356107919,0.13551108605248108,46,True,6.55,,199.0,1e-09,2,150,0.136907,50,50,0.3,2.918751,1.097507,9999,1,0.01,0.05,False,0.348691,0.515121,20
118,hourglass,auxetic,True,-0.6096365492018798,-0.4129054568288589,0.15117465608408376,41,True,6.09,,199.0,1e-09,2,150,0.105453,50,50,0.3,3.235583,1.243611,9999,1,0.01,0.05,False,0.355738,0.580289,20
119,hourglass,auxetic,True,-0.6179595813567811,-0.4081530010152904,0.11285435946365796,42,True,6.05,,199.0,1e-09,2,150,0.124439,50,50,0.3,2.850644,1.239798,9999,1,0.01,0.05,False,0.284303,0.582436,20
120,hourglass,auxetic,True,-0.6004186821596688,-0.5243657114940524,0.044686036386638706,150,True,22.45,,199.0,1e-09,2,150,0.126262,50,50,0.3,3.192617,1.075831,9999,1,0.01,0.05,False,0.32118,0.576309,20
121,hourglass,auxetic,True,-0.6266988912526337,-0.43559065002125996,0.11720442878178527,86,True,14.49,,199.0,1e-09,2,150,0.10688,50,50,0.3,3.157089,1.235387,9999,1,0.01,0.05,False,0.332806,0.566676,20
122,hourglass,auxetic,True,-0.6047576471198665,-0.42700174550768255,0.06862455944987689,150,True,23.38,,199.0,1e-09,2,150,0.109809,50,50,0.3,2.924761,1.128867,9999,1,0.01,0.05,False,0.353273,0.565606,20
123,hourglass,auxetic,True,-0.6914146947250894,-0.4282646213847074,0.06555350888291789,54,True,8.69,,199.0,1e-09,2,150,0.133053,50,50,0.3,3.589601,1.129774,9999,1,0.01,0.05,False,0.358336,0.562657,20
124,hourglass,auxetic,True,-0.657838249862261,-0.41572637524852735,0.09080426702289046,150,True,23.48,,199.0,1e-09,2,150,0.075839,50,50,0.3,2.674961,1.246065,9999,1,0.01,0.05,False,0.307503,0.565716,20
125,hourglass,auxetic,True,-0.5494919705648506,-0.40284761497517757,0.16075805923573816,88,True,14.68,,199.0,1e-09,2,150,0.105944,50,50,0.3,2.953885,1.143893,9999,1,0.01,0.05,False,0.37821,0.50037,20
126,hourglass,auxetic,True,-0.6733332233542564,-0.471246107084969,0.051967836174930615,150,True,22.91,,199.0,1e-09,2,150,0.087122,50,50,0.3,2.646447,1.102443,9999,1,0.01,0.05,False,0.377727,0.552683,20
127,hourglass,auxetic,True,-0.6920509028619828,-0.4132657437319519,0.11257347640647875,85,True,15.93,,199.0,1e-09,2,150,0.094912,50,50,0.3,3.048302,1.144887,9999,1,0.01,0.05,False,0.297418,0.567458,20
128,hourglass,auxetic,True,-0.6201253678853749,-0.41404579917009354,0.10531540969196185,150,True,22.44,,199.0,1e-09,2,150,0.112718,50,50,0.3,2.689446,1.1828,9999,1,0.01,0.05,False,0.294921,0.581654,20
129,hourglass,auxetic,True,-0.6250888353023442,-0.4000199167510745,0.14799294907902838,83,True,13.69,,199.0,1e-09,2,150,0.083075,50,50,0.3,3.448062,1.227735,9999,1,0.01,0.05,False,0.307878,0.542155,20
130,hourglass,auxetic,True,-0.5903618946336363,-0.4326886591527829,0.11091879863285747,150,True,23.62,,199.0,1e-09,2,150,0.129622,50,50,0.3,2.606768,1.194318,9999,1,0.01,0.05,False,0.334076,0.523912,20
131,hourglass,auxetic,True,-0.6157816023786818,-0.43054931361597276,0.08832803020140345,150,True,24.69,,199.0,1e-09,2,150,0.114015,50,50,0.3,2.774056,1.112043,9999,1,0.01,0.05,False,0.337723,0.546169,20
132,hourglass,auxetic,True,-0.6342812941978911,-0.4557737539780587,0.16572781996864316,102,True,17.03,,199.0,1e-09,2,150,0.121106,50,50,0.3,2.61281,1.128051,9999,1,0.01,0.05,False,0.369932,0.50225,20
133,hourglass,auxetic,True,-0.6817244447738472,-0.4798364540153474,0.026557625397934603,150,True,25.08,,199.0,1e-09,2,150,0.087867,50,50,0.3,2.657809,1.096404,9999,1,0.01,0.05,False,0.361102,0.562358,20
134,hourglass,auxetic,True,-0.5566196365358187,-0.4676242009305571,0.06489781848655884,69,True,11.49,,199.0,1e-09,2,150,0.131009,50,50,0.3,3.38928,1.099405,9999,1,0.01,0.05,False,0.367904,0.516182,20
135,hourglass,auxetic,True,-0.6530166029425458,-0.424635627832711,0.13943821820989177,150,True,26.89,,199.0,1e-09,2,150,0.142914,50,50,0.3,3.332112,1.223688,9999,1,0.01,0.05,False,0.334542,0.552122,20
136,hourglass,auxetic,True,-0.6702889908125964,-0.4144006356331757,0.09693519557759034,77,True,12.89,,199.0,1e-09,2,150,0.084777,50,50,0.3,3.42756,1.13369,9999,1,0.01,0.05,False,0.291758,0.573766,20
137,hourglass,auxetic,True,-0.6293402940240672,-0.4175479590227326,0.15429289361589105,150,True,25.06,,199.0,1e-09,2,150,0.116584,50,50,0.3,2.581942,1.243347,9999,1,0.01,0.05,False,0.359616,0.52837,20
138,hourglass,auxetic,True,-0.6641137311198888,-0.427008573082209,0.08098862411919339,150,True,23.68,,199.0,1e-09,2,150,0.131299,50,50,0.3,3.41929,1.222616,9999,1,0.01,0.05,False,0.369216,0.567222,20
139,hourglass,auxetic,True,-0.5615849242875921,-0.43950929871527894,0.07761273753766995,58,True,8.58,,199.0,1e-09,2,150,0.12434,50,50,0.3,3.528134,1.093021,9999,1,0.01,0.05,False,0.3803,0.521096,20
140,hourglass,auxetic,True,-0.5592266539572834,-0.38042568764294077,0.15055266643559873,102,True,17.01,,199.0,1e-09,2,150,0.076037,50,50,0.3,2.9907,1.127723,9999,1,0.01,0.05,False,0.366545,0.505983,20
141,hourglass,auxetic,True,-0.602238132551746,-0.3886686953236775,0.18269941705387083,66,True,9.94,,199.0,1e-09,2,150,0.074962,50,50,0.3,3.215669,1.191814,9999,1,0.01,0.05,False,0.309731,0.507333,20
142,hourglass,auxetic,True,-0.6557139556832794,-0.41652364651764473,0.13507978196785142,150,True,23.77,,199.0,1e-09,2,150,0.110373,50,50,0.3,3.132982,1.210478,9999,1,0.01,0.05,False,0.340274,0.554642,20
143,hourglass,auxetic,True,-0.6703498382534059,-0.4331445398487613,0.07873857384449234,150,True,21.04,,199.0,1e-09,2,150,0.087383,50,50,0.3,2.598334,1.062385,9999,1,0.01,0.05,False,0.342371,0.527839,20
144,hourglass,auxetic,True,-0.6521963934556272,-0.4108698529262933,0.10627595817252433,125,True,19.26,,199.0,1e-09,2,150,0.083674,50,50,0.3,3.153073,1.192132,9999,1,0.01,0.05,False,0.290597,0.569098,20
145,hourglass,auxetic,True,-0.6015711917306606,-0.4678843471782858,0.07952108497605903,150,True,21.3,,199.0,1e-09,2,150,0.124076,50,50,0.3,2.688324,1.057658,9999,1,0.01,0.05,False,0.356303,0.564365,20
146,hourglass,auxetic,True,-0.653931028796008,-0.4116636276417362,0.0937029500902401,115,True,17.94,,199.0,1e-09,2,150,0.087008,50,50,0.3,2.907263,1.216659,9999,1,0.01,0.05,False,0.292344,0.562905,20
147,hourglass,auxetic,True,-0.6765492701934107,-0.41111906738148585,0.08434690244268173,38,True,5.31,,199.0,1e-09,2,150,0.096806,50,50,0.3,3.17998,1.082931,9999,1,0.01,0.05,False,0.349415,0.578819,20
148,hourglass,auxetic,True,-0.6281347447752463,-0.44202133353564754,0.08333061455987778,150,True,22.73,,199.0,1e-09,2,150,0.117542,50,50,0.3,2.961533,1.136882,9999,1,0.01,0.05,False,0.32383,0.5777,20
149,hourglass,auxetic,True,-0.6163423816446281,-0.4240804562646786,0.1157448352268019,150,True,21.51,,199.0,1e-09,2,150,0.108955,50,50,0.3,2.760631,1.230263,9999,1,0.01,0.05,False,0.374035,0.565012,20
150,hourglass,auxetic,True,-0.5237827849492392,-0.4265833463991289,0.1511381011249282,57,True,7.77,,199.0,1e-09,2,150,0.111945,50,50,0.3,2.916941,1.189029,9999,1,0.01,0.05,False,0.303486,0.514031,20
151,hourglass,auxetic,True,-0.6218753168400203,-0.4199658298019299,0.11604063382126328,148,True,20.3,,199.0,1e-09,2,150,0.141364,50,50,0.3,3.623793,1.18859,9999,1,0.01,0.05,False,0.348813,0.557688,20
152,hourglass,auxetic,True,-0.6294737446346492,-0.39706178000777503,0.13176673004449235,150,True,21.53,,199.0,1e-09,2,150,0.104228,50,50,0.3,2.709665,1.219303,9999,1,0.01,0.05,False,0.298883,0.559777,20
153,hourglass,auxetic,True,-0.6750958832834142,-0.4249182378970021,0.08678069444166192,150,True,20.68,,199.0,1e-09,2,150,0.139014,50,50,0.3,3.522054,1.132709,9999,1,0.01,0.05,False,0.34351,0.56149,20
154,hourglass,auxetic,True,-0.655455546921546,-0.4220925050017503,0.08099105277633756,90,True,12.72,,199.0,1e-09,2,150,0.142882,50,50,0.3,3.242586,1.110773,9999,1,0.01,0.05,False,0.300294,0.560062,20
155,hourglass,auxetic,True,-0.6133668811482648,-0.4129451236452815,0.09749048835037333,59,True,8.81,,199.0,1e-09,2,150,0.118354,50,50,0.3,3.558292,1.109706,9999,1,0.01,0.05,False,0.30464,0.503954,20
156,hourglass,auxetic,True,-0.6278994716855857,-0.4548085892595756,0.08846836729234198,150,True,20.71,,199.0,1e-09,2,150,0.095423,50,50,0.3,3.503239,1.24386,9999,1,0.01,0.05,False,0.311668,0.573546,20
157,hourglass,auxetic,True,-0.6543342977826716,-0.4239778248827593,0.12541765497887136,150,True,21.46,,199.0,1e-09,2,150,0.115583,50,50,0.3,3.122925,1.206546,9999,1,0.01,0.05,False,0.342024,0.54835,20
158,hourglass,auxetic,True,-0.5951954017745406,-0.4197905928765317,0.1402855619372233,51,True,7.16,,199.0,1e-09,2,150,0.138503,50,50,0.3,3.312714,1.080175,9999,1,0.01,0.05,False,0.302468,0.536203,20
159,hourglass,auxetic,True,-0.5817935882869347,-0.42727560648198293,0.11724447267271865,70,True,10.04,,199.0,1e-09,2,150,0.106762,50,50,0.3,3.363417,1.125988,9999,1,0.01,0.05,False,0.288792,0.510949,20
160,hourglass,auxetic,True,-0.6365800190757852,-0.4556393695266628,0.0705606127023426,150,True,20.69,,199.0,1e-09,2,150,0.095198,50,50,0.3,3.550074,1.191013,9999,1,0.01,0.05,False,0.331809,0.57211,20
161,hourglass,auxetic,True,-0.6230095510456011,-0.44450450310442213,0.10403319700182434,88,True,12.77,,199.0,1e-09,2,150,0.075635,50,50,0.3,3.052273,1.108012,9999,1,0.01,0.05,False,0.304377,0.537999,20
162,hourglass,auxetic,True,-0.6237547304082455,-0.403936015798968,0.15799681894914575,81,True,11.62,,199.0,1e-09,2,150,0.094559,50,50,0.3,3.139303,1.219952,9999,1,0.01,0.05,False,0.321818,0.558868,20
163,hourglass,auxetic,True,-0.6529752073532534,-0.4533435298574507,0.05675073901637928,126,True,18.39,,199.0,1e-09,2,150,0.095679,50,50,0.3,3.461197,1.157485,9999,1,0.01,0.05,False,0.356482,0.557956,20
164,hourglass,auxetic,True,-0.5972830148310309,-0.473429073834997,0.1043648934722794,89,True,13.61,,199.0,1e-09,2,150,0.143823,50,50,0.3,3.369399,1.14553,9999,1,0.01,0.05,False,0.37889,0.509609,20
165,hourglass,auxetic,True,-0.6572089310896055,-0.434313771538429,0.06588013867370357,150,True,21.07,,199.0,1e-09,2,150,0.088045,50,50,0.3,3.488922,1.091293,9999,1,0.01,0.05,False,0.323305,0.57421,20
166,hourglass,auxetic,True,-0.6420922751525416,-0.41006617884737434,0.10327356634190754,150,True,22.14,,199.0,1e-09,2,150,0.099157,50,50,0.3,3.520514,1.100525,9999,1,0.01,0.05,False,0.312576,0.583289,20
167,hourglass,auxetic,True,-0.6388604365257039,-0.4303675466918869,0.1049530566586192,150,True,22.02,,199.0,1e-09,2,150,0.090668,50,50,0.3,3.404558,1.124444,9999,1,0.01,0.05,False,0.286161,0.537152,20
168,hourglass,auxetic,True,-0.5988849772483763,-0.4244178609762442,0.10962030897793285,58,True,8.59,,199.0,1e-09,2,150,0.143228,50,50,0.3,2.692464,1.173809,9999,1,0.01,0.05,False,0.299367,0.532355,20
169,hourglass,auxetic,True,-0.6951282614965825,-0.4402634687106026,0.10973101157456322,66,True,9.46,,199.0,1e-09,2,150,0.108645,50,50,0.3,2.819264,1.085008,9999,1,0.01,0.05,False,0.347297,0.559651,20
170,hourglass,auxetic,True,-0.682090328843272,-0.4278610296164507,0.11238734913988169,87,True,12.75,,199.0,1e-09,2,150,0.095076,50,50,0.3,3.023833,1.150373,9999,1,0.01,0.05,False,0.318637,0.551934,20
171,hourglass,auxetic,True,-0.6519752777274489,-0.42938818657291206,0.1137981560390886,150,True,22.14,,199.0,1e-09,2,150,0.091456,50,50,0.3,3.022343,1.147199,9999,1,0.01,0.05,False,0.329368,0.537231,20
172,hourglass,auxetic,True,-0.6117645097643238,-0.4441195217759716,0.12007423781491489,129,True,18.49,,199.0,1e-09,2,150,0.085915,50,50,0.3,3.305645,1.162068,9999,1,0.01,0.05,False,0.37034,0.510768,20
173,hourglass,auxetic,True,-0.6261921956275707,-0.43694398898586034,0.08990528899845185,150,True,21.71,,199.0,1e-09,2,150,0.099888,50,50,0.3,3.138699,1.14278,9999,1,0.01,0.05,False,0.343955,0.55053,20
174,hourglass,auxetic,True,-0.6529864498875938,-0.4205556959211452,0.12611085755991014,46,True,6.71,,199.0,1e-09,2,150,0.130715,50,50,0.3,3.147405,1.089556,9999,1,0.01,0.05,False,0.380919,0.522367,20
175,hourglass,auxetic,True,-0.64703276539714,-0.430399563654267,0.08992773841406587,150,True,20.69,,199.0,1e-09,2,150,0.11204,50,50,0.3,3.423579,1.107527,9999,1,0.01,0.05,False,0.373801,0.55691,20
176,hourglass,auxetic,True,-0.6733297655037435,-0.42196433851539433,0.18299315298133811,81,True,11.78,,199.0,1e-09,2,150,0.089043,50,50,0.3,3.148199,1.187146,9999,1,0.01,0.05,False,0.344806,0.506495,20
177,hourglass,auxetic,True,-0.6322364781530861,-0.43255775751114517,0.13577075524951587,110,True,15.66,,199.0,1e-09,2,150,0.109681,50,50,0.3,2.602982,1.177885,9999,1,0.01,0.05,False,0.298672,0.517018,20
178,hourglass,auxetic,True,-0.6499181056091029,-0.42292180684215425,0.16193611364745897,150,True,21.31,,199.0,1e-09,2,150,0.082554,50,50,0.3,2.880794,1.244444,9999,1,0.01,0.05,False,0.358671,0.532435,20
179,hourglass,auxetic,True,-0.5971368497203997,-0.39641684496632656,0.12277575181494449,150,True,21.28,,199.0,1e-09,2,150,0.125352,50,50,0.3,2.604254,1.229042,9999,1,0.01,0.05,False,0.31575,0.568537,20
180,hourglass,auxetic,True,-0.6707772587380175,-0.37423446867105636,0.11648723544930695,91,True,12.4,,199.0,1e-09,2,150,0.085234,50,50,0.3,3.20336,1.104247,9999,1,0.01,0.05,False,0.343925,0.560245,20
181,hourglass,auxetic,True,-0.639187131287909,-0.4266158738794819,0.16301121789486528,150,True,20.51,,199.0,1e-09,2,150,0.108128,50,50,0.3,2.594658,1.214784,9999,1,0.01,0.05,False,0.316903,0.513324,20
182,hourglass,auxetic,True,-0.6015872870721654,-0.4187650620352029,0.10039130375693917,72,True,10.21,,199.0,1e-09,2,150,0.123058,50,50,0.3,3.561445,1.12062,9999,1,0.01,0.05,False,0.373649,0.5143,20
183,hourglass,auxetic,True,-0.6627958671849616,-0.5050495854152088,0.09055907887721104,38,True,5.63,,199.0,1e-09,2,150,0.125107,50,50,0.3,3.094248,1.06051,9999,1,0.01,0.05,False,0.332229,0.534351,20
184,hourglass,auxetic,True,-0.6447072790591528,-0.41354523097365564,0.12699347139078743,150,True,20.62,,199.0,1e-09,2,150,0.103127,50,50,0.3,2.806707,1.114817,9999,1,0.01,0.05,False,0.295973,0.564078,20
185,hourglass,auxetic,True,-0.5513979654812368,-0.446792904363314,0.08438522697911544,37,True,5.41,,199.0,1e-09,2,150,0.118155,50,50,0.3,3.565072,1.115827,9999,1,0.01,0.05,False,0.307997,0.521258,20
186,hourglass,auxetic,True,-0.5993933960597786,-0.43645729458794663,0.0908716173445584,54,True,6.84,,199.0,1e-09,2,150,0.093975,50,50,0.3,3.51612,1.177318,9999,1,0.01,0.05,False,0.375081,0.502807,20
187,hourglass,auxetic,True,-0.6239585019123177,-0.40609716361739356,0.11500168648603604,150,True,21.63,,199.0,1e-09,2,150,0.096587,50,50,0.3,3.026423,1.239398,9999,1,0.01,0.05,False,0.284594,0.579999,20
188,hourglass,auxetic,True,-0.6632386029245884,-0.4317784673191902,0.08105504713534228,150,True,21.29,,199.0,1e-09,2,150,0.10516,50,50,0.3,2.924516,1.106269,9999,1,0.01,0.05,False,0.373954,0.557052,20
189,hourglass,auxetic,True,-0.6288919750017454,-0.4245017862669518,0.0812359410058231,121,True,17.27,,199.0,1e-09,2,150,0.086244,50,50,0.3,3.467545,1.119469,9999,1,0.01,0.05,False,0.32198,0.556207,20
190,hourglass,auxetic,True,-0.6249096326161364,-0.41368490399899,0.12689491643193962,150,True,21.27,,199.0,1e-09,2,150,0.118898,50,50,0.3,2.574392,1.189108,9999,1,0.01,0.05,False,0.333556,0.541354,20
191,hourglass,auxetic,True,-0.5667908764116832,-0.43890418445201695,0.05111619541800472,50,True,7.23,,199.0,1e-09,2,150,0.134921,50,50,0.3,3.437508,1.100721,9999,1,0.01,0.05,False,0.324142,0.527398,20
192,hourglass,auxetic,True,-0.6259604796994305,-0.44167079255851466,0.10584342856104612,59,True,8.2,,199.0,1e-09,2,150,0.114118,50,50,0.3,2.967722,1.077561,9999,1,0.01,0.05,False,0.368732,0.528085,20
193,hourglass,auxetic,True,-0.6197609936143902,-0.46535932934573565,0.09501996459788853,150,True,21.5,,199.0,1e-09,2,150,0.121636,50,50,0.3,3.536887,1.137375,9999,1,0.01,0.05,False,0.38085,0.509015,20
194,hourglass,auxetic,True,-0.5969476541981038,-0.42054624148175423,0.12647160245061884,103,True,14.88,,199.0,1e-09,2,150,0.126148,50,50,0.3,3.318988,1.200746,9999,1,0.01,0.05,False,0.335324,0.543559,20
195,hourglass,auxetic,True,-0.6304637028825621,-0.42788610134935046,0.1159853252590558,150,True,21.53,,199.0,1e-09,2,150,0.116757,50,50,0.3,2.659024,1.171523,9999,1,0.01,0.05,False,0.349119,0.563101,20
196,hourglass,auxetic,True,-0.5628272064322607,-0.4464133352563256,0.07811535805118863,39,True,6.01,,199.0,1e-09,2,150,0.117345,50,50,0.3,3.646289,1.101884,9999,1,0.01,0.05,False,0.354895,0.522234,20
197,hourglass,auxetic,True,-0.5421965250429047,-0.4062206161938617,0.12896492670367077,103,True,15.09,,199.0,1e-09,2,150,0.106024,50,50,0.3,3.301901,1.075657,9999,1,0.01,0.05,False,0.295146,0.524697,20
198,hourglass,auxetic,True,-0.6326750413232909,-0.39986958784362214,0.14067239430715617,150,True,19.86,,199.0,1e-09,2,150,0.142316,50,50,0.3,2.853108,1.106739,9999,1,0.01,0.05,False,0.286486,0.509483,20
199,hourglass,auxetic,True,-0.6736237005128812,-0.4171619057874317,0.16028183948171215,125,True,17.56,,199.0,1e-09,2,150,0.080822,50,50,0.3,2.885771,1.183688,9999,1,0.01,0.05,False,0.335016,0.521838,20
200,hourglass,auxetic,True,-0.5883310732225397,-0.37856971464266503,0.14738305037663313,80,True,11.73,,199.0,1e-09,2,150,0.093392,50,50,0.3,3.182229,1.081398,9999,1,0.01,0.05,False,0.299095,0.503458,20
201,hourglass,auxetic,True,-0.6003110931522052,-0.43362723400342346,0.14354601640315345,61,True,8.57,,199.0,1e-09,2,150,0.143998,50,50,0.3,2.638193,1.205765,9999,1,0.01,0.05,False,0.373247,0.527313,20
202,hourglass,auxetic,True,-0.5849571664933504,-0.46894345760947725,0.011218245650115866,150,True,21.52,,199.0,1e-09,2,150,0.093668,50,50,0.3,3.395886,1.07077,9999,1,0.01,0.05,False,0.376643,0.55826,20
203,hourglass,auxetic,True,-0.6389985760420316,-0.46392993682429284,0.023381276510844984,150,True,21.13,,199.0,1e-09,2,150,0.082853,50,50,0.3,3.463172,1.066315,9999,1,0.01,0.05,False,0.330327,0.555249,20
204,hourglass,auxetic,True,-0.6737191411263102,-0.4378661166608498,0.03613168403462008,93,True,12.94,,199.0,1e-09,2,150,0.133022,50,50,0.3,3.49114,1.067931,9999,1,0.01,0.05,False,0.324041,0.554799,20
205,hourglass,auxetic,True,-0.5856207477382404,-0.38600253343753443,0.1859904340449977,150,True,21.23,,199.0,1e-09,2,150,0.081228,50,50,0.3,3.508372,1.159244,9999,1,0.01,0.05,False,0.372484,0.514579,20
206,hourglass,auxetic,True,-0.6424344935618165,-0.4496958338957191,0.02897237471876224,150,True,20.89,,199.0,1e-09,2,150,0.110474,50,50,0.3,2.976371,1.061754,9999,1,0.01,0.05,False,0.355188,0.577816,20
207,hourglass,auxetic,True,-0.6320132004055922,-0.44183454319797294,0.10089700019054837,150,True,21.04,,199.0,1e-09,2,150,0.1016,50,50,0.3,2.93086,1.058685,9999,1,0.01,0.05,False,0.330576,0.519834,20
208,hourglass,auxetic,True,-0.6315748730069062,-0.4324960703394176,0.08288183985595055,150,True,20.38,,199.0,1e-09,2,150,0.08229,50,50,0.3,3.392728,1.114607,9999,1,0.01,0.05,False,0.302334,0.574844,20
209,hourglass,auxetic,True,-0.6211026821609554,-0.447419566452381,0.07631240577119658,79,True,11.68,,199.0,1e-09,2,150,0.13729,50,50,0.3,3.538362,1.093865,9999,1,0.01,0.05,False,0.287051,0.529981,20
210,hourglass,auxetic,True,-0.5964905200953097,-0.4197230694348822,0.1257763455001184,86,True,12.39,,199.0,1e-09,2,150,0.096062,50,50,0.3,3.306038,1.181842,9999,1,0.01,0.05,False,0.328503,0.565452,20
211,hourglass,auxetic,True,-0.5905240861016973,-0.39202427137479184,0.09800075847393708,42,True,6.11,,199.0,1e-09,2,150,0.093265,50,50,0.3,3.236461,1.115744,9999,1,0.01,0.05,False,0.293652,0.568396,20
212,hourglass,auxetic,True,-0.6115413828087249,-0.423112007230864,0.04323853805241329,150,True,21.75,,199.0,1e-09,2,150,0.136843,50,50,0.3,3.495022,1.096831,9999,1,0.01,0.05,False,0.363628,0.581057,20
213,hourglass,auxetic,True,-0.6292965832203135,-0.42182082674458327,0.11406334634371118,63,True,9.05,,199.0,1e-09,2,150,0.11389,50,50,0.3,3.258427,1.068324,9999,1,0.01,0.05,False,0.305295,0.537797,20
214,hourglass,auxetic,True,-0.6002066194453527,-0.4358957032924729,0.11977091491264213,44,True,6.53,,199.0,1e-09,2,150,0.089412,50,50,0.3,3.657505,1.176025,9999,1,0.01,0.05,False,0.37864,0.506241,20
215,hourglass,auxetic,True,-0.6842678625376657,-0.44313513572888485,0.08270701503423517,150,True,21.12,,199.0,1e-09,2,150,0.097766,50,50,0.3,3.152435,1.096373,9999,1,0.01,0.05,False,0.333388,0.536448,20
216,hourglass,auxetic,True,-0.6467804895158098,-0.3782704421414138,0.11820599992353786,56,True,7.91,,199.0,1e-09,2,150,0.133667,50,50,0.3,2.913806,1.240032,9999,1,0.01,0.05,False,0.316141,0.546935,20
217,hourglass,auxetic,True,-0.6901240234233382,-0.4432630573668159,0.08789932129519507,150,True,21.72,,199.0,1e-09,2,150,0.085267,50,50,0.3,3.60964,1.091082,9999,1,0.01,0.05,False,0.324758,0.543091,20
218,hourglass,auxetic,True,-0.620684110848058,-0.4688494421243122,0.09859748786720735,57,True,8.27,,199.0,1e-09,2,150,0.12469,50,50,0.3,3.296748,1.185691,9999,1,0.01,0.05,False,0.325781,0.507226,20
219,hourglass,auxetic,True,-0.6354181575319146,-0.4533433866164938,0.051581810786230364,150,True,20.52,,199.0,1e-09,2,150,0.132325,50,50,0.3,2.767494,1.086827,9999,1,0.01,0.05,False,0.308951,0.558529,20
220,hourglass,auxetic,True,-0.5890269439060457,-0.41097234260791277,0.14621368651949174,115,True,16.16,,199.0,1e-09,2,150,0.13912,50,50,0.3,3.075528,1.136625,9999,1,0.01,0.05,False,0.349097,0.526595,20
221,hourglass,auxetic,True,-0.6364598780734307,-0.4355271439179794,0.09887160278016338,150,True,21.16,,199.0,1e-09,2,150,0.131121,50,50,0.3,2.894072,1.138258,9999,1,0.01,0.05,False,0.359316,0.541682,20
222,hourglass,auxetic,True,-0.648693797190684,-0.4195969821751315,0.16368920568825385,150,True,20.78,,199.0,1e-09,2,150,0.100815,50,50,0.3,2.915236,1.160328,9999,1,0.01,0.05,False,0.286345,0.574889,20
223,hourglass,auxetic,True,-0.6041790852327147,-0.44410157502323866,0.14826966938231634,150,True,21.74,,199.0,1e-09,2,150,0.115988,50,50,0.3,2.960535,1.122354,9999,1,0.01,0.05,False,0.296366,0.519618,20
224,hourglass,auxetic,True,-0.6760172814599377,-0.4434831113592576,0.1153386617703902,47,True,6.97,,199.0,1e-09,2,150,0.14416,50,50,0.3,2.897368,1.143003,9999,1,0.01,0.05,False,0.356982,0.518321,20
225,hourglass,auxetic,True,-0.6663162661595546,-0.41710318412422587,0.12301083315130534,46,True,6.7,,199.0,1e-09,2,150,0.112869,50,50,0.3,3.327287,1.205175,9999,1,0.01,0.05,False,0.288637,0.56958,20
226,hourglass,auxetic,True,-0.5792606313397279,-0.41116814736878815,0.13554880796657365,124,True,17.03,,199.0,1e-09,2,150,0.096499,50,50,0.3,2.734353,1.139634,9999,1,0.01,0.05,False,0.296857,0.508767,20
227,hourglass,auxetic,True,-0.5937055158639437,-0.5057666410415562,0.07458463679085658,150,True,21.2,,199.0,1e-09,2,150,0.104694,50,50,0.3,2.860818,1.062061,9999,1,0.01,0.05,False,0.295655,0.546468,20
228,hourglass,auxetic,True,-0.6730895706874074,-0.48475018943542125,0.11148545817451416,95,True,13.1,,199.0,1e-09,2,150,0.122355,50,50,0.3,3.031582,1.085346,9999,1,0.01,0.05,False,0.331003,0.517576,20
229,hourglass,auxetic,True,-0.5225969394612477,-0.4299695341010326,0.1523116545924621,38,True,5.55,,199.0,1e-09,2,150,0.096039,50,50,0.3,3.613858,1.242816,9999,1,0.01,0.05,False,0.34056,0.525284,20
230,hourglass,auxetic,True,-0.6369208137146529,-0.43425197172465846,0.11340613424520918,64,True,9.9,,199.0,1e-09,2,150,0.126642,50,50,0.3,2.921721,1.185472,9999,1,0.01,0.05,False,0.370692,0.532063,20
231,hourglass,auxetic,True,-0.5120362733975206,-0.4269224205968453,0.13584641043072598,71,True,10.76,,199.0,1e-09,2,150,0.100602,50,50,0.3,3.323955,1.213492,9999,1,0.01,0.05,False,0.320209,0.518732,20
232,hourglass,auxetic,True,-0.6907844855288606,-0.4379414192773852,0.05934991984253235,57,True,7.88,,199.0,1e-09,2,150,0.104317,50,50,0.3,2.667497,1.06078,9999,1,0.01,0.05,False,0.352731,0.55249,20
233,hourglass,auxetic,True,-0.5727787726964383,-0.4202551398943532,0.11175840381378788,150,True,21.4,,199.0,1e-09,2,150,0.124454,50,50,0.3,3.214008,1.186272,9999,1,0.01,0.05,False,0.362626,0.580896,20
234,hourglass,auxetic,True,-0.5507205428025351,-0.4358520394498005,0.08794354365621371,107,True,15.54,,199.0,1e-09,2,150,0.114571,50,50,0.3,3.455141,1.133568,9999,1,0.01,0.05,False,0.314097,0.529794,20
235,hourglass,auxetic,True,-0.6035827921267163,-0.5025452058349373,0.0585122655385335,38,True,5.72,,199.0,1e-09,2,150,0.140418,50,50,0.3,3.627246,1.229971,9999,1,0.01,0.05,False,0.336607,0.548141,20
236,hourglass,auxetic,True,-0.604603003248866,-0.3850987613139484,0.15987404876943412,150,True,21.41,,199.0,1e-09,2,150,0.107961,50,50,0.3,2.703932,1.23635,9999,1,0.01,0.05,False,0.292668,0.571186,20
237,hourglass,auxetic,True,-0.6387379227590892,-0.42129108641730806,0.11324156668144292,57,True,8.55,,199.0,1e-09,2,150,0.107382,50,50,0.3,2.846495,1.08641,9999,1,0.01,0.05,False,0.346871,0.520055,20
238,hourglass,auxetic,True,-0.6264013307739139,-0.44660036189427316,0.10170417919304642,150,True,21.25,,199.0,1e-09,2,150,0.12807,50,50,0.3,2.765522,1.21283,9999,1,0.01,0.05,False,0.364839,0.542534,20
239,hourglass,auxetic,True,-0.6528982709340613,-0.43008519415446794,0.12521366091189534,150,True,21.32,,199.0,1e-09,2,150,0.110041,50,50,0.3,2.588025,1.15291,9999,1,0.01,0.05,False,0.285926,0.517348,20
240,hourglass,auxetic,True,-0.6793677509281858,-0.4361587838913008,0.08711984243624882,118,True,16.57,,199.0,1e-09,2,150,0.139725,50,50,0.3,3.320272,1.131842,9999,1,0.01,0.05,False,0.297319,0.557579,20
241,hourglass,auxetic,True,-0.5812271128120374,-0.4132899982495604,0.14646883121127263,150,True,20.78,,199.0,1e-09,2,150,0.135272,50,50,0.3,2.904557,1.130637,9999,1,0.01,0.05,False,0.362444,0.509358,20
242,hourglass,auxetic,True,-0.6333152594637256,-0.3811630010466986,0.13191722292266872,150,True,21.26,,199.0,1e-09,2,150,0.12136,50,50,0.3,2.690835,1.237248,9999,1,0.01,0.05,False,0.352508,0.551183,20
243,hourglass,auxetic,True,-0.6647323902668577,-0.3831504047711878,0.09874834988203463,45,True,6.45,,199.0,1e-09,2,150,0.086615,50,50,0.3,3.167073,1.183212,9999,1,0.01,0.05,False,0.366033,0.575228,20
244,hourglass,auxetic,True,-0.6407558084024864,-0.4585897505453288,0.14435799250598602,150,True,21.32,,199.0,1e-09,2,150,0.114652,50,50,0.3,3.202221,1.122491,9999,1,0.01,0.05,False,0.317621,0.541294,20
245,hourglass,auxetic,True,-0.6778316094027598,-0.4382572014690233,0.011984153603371572,150,True,21.15,,199.0,1e-09,2,150,0.11535,50,50,0.3,3.440664,1.059007,9999,1,0.01,0.05,False,0.357093,0.576114,20
246,hourglass,auxetic,True,-0.5140532229163978,-0.432999232146205,0.13093142539842417,126,True,18.58,,199.0,1e-09,2,150,0.108106,50,50,0.3,3.070751,1.05927,9999,1,0.01,0.05,False,0.35819,0.520223,20
247,hourglass,auxetic,True,-0.666198741389072,-0.42148187347362276,0.07662435219882002,127,True,18.54,,199.0,1e-09,2,150,0.142755,50,50,0.3,2.946581,1.197823,9999,1,0.01,0.05,False,0.311018,0.582458,20
248,hourglass,auxetic,True,-0.6762254791954605,-0.41757051347688035,0.1602759478955973,150,True,20.82,,199.0,1e-09,2,150,0.106221,50,50,0.3,2.864861,1.156155,9999,1,0.01,0.05,False,0.379434,0.582607,20
249,hourglass,auxetic,True,-0.5544411990946434,-0.4643576164362575,0.08429445341351716,52,True,7.86,,199.0,1e-09,2,150,0.120971,50,50,0.3,3.1186,1.187285,9999,1,0.01,0.05,False,0.365866,0.508612,20
250,hourglass,auxetic,True,-0.6302665870354163,-0.4096533269060512,0.16694345507450692,91,True,12.83,,199.0,1e-09,2,150,0.094703,50,50,0.3,3.199645,1.231828,9999,1,0.01,0.05,False,0.372029,0.527224,20
251,hourglass,auxetic,True,-0.6181907235556292,-0.4277667327245434,0.12803109009896851,150,True,21.93,,199.0,1e-09,2,150,0.074843,50,50,0.3,2.80004,1.203355,9999,1,0.01,0.05,False,0.321683,0.532145,20
252,hourglass,auxetic,True,-0.6005412902965275,-0.4545440113002342,0.10674498258755039,47,True,6.45,,199.0,1e-09,2,150,0.139439,50,50,0.3,3.487689,1.143438,9999,1,0.01,0.05,False,0.295282,0.51685,20
253,hourglass,auxetic,True,-0.5270504405879703,-0.45902936227416097,0.10117676552151589,74,True,10.29,,199.0,1e-09,2,150,0.125674,50,50,0.3,3.074638,1.199099,9999,1,0.01,0.05,False,0.374525,0.525771,20
254,hourglass,auxetic,True,-0.6167893199605688,-0.467802783648105,0.044648168013107226,81,True,11.71,,199.0,1e-09,2,150,0.122051,50,50,0.3,3.544802,1.126609,9999,1,0.01,0.05,False,0.346023,0.565412,20
255,hourglass,auxetic,True,-0.636933823185142,-0.46653512294119553,0.10608206054206559,150,True,21.73,,199.0,1e-09,2,150,0.113177,50,50,0.3,2.956289,1.223388,9999,1,0.01,0.05,False,0.323946,0.549069,20
256,hourglass,auxetic,True,-0.5063859054689164,-0.46309408552741776,0.0735324597222119,102,True,13.49,,199.0,1e-09,2,150,0.116646,50,50,0.3,3.041983,1.118021,9999,1,0.01,0.05,False,0.359739,0.518138,20
257,hourglass,auxetic,True,-0.7367858675782479,-0.42712007343494485,0.08633223588883976,50,True,6.99,,199.0,1e-09,2,150,0.141312,50,50,0.3,3.60752,1.178459,9999,1,0.01,0.05,False,0.306622,0.573365,20
258,hourglass,auxetic,True,-0.6640970035002379,-0.4326744579890811,0.07982337035530962,143,True,20.18,,199.0,1e-09,2,150,0.089657,50,50,0.3,2.827527,1.150682,9999,1,0.01,0.05,False,0.347408,0.551747,20
259,hourglass,auxetic,True,-0.6349254037202186,-0.4397348913975611,0.11200083211716272,110,True,15.43,,199.0,1e-09,2,150,0.10326,50,50,0.3,3.112815,1.203729,9999,1,0.01,0.05,False,0.35902,0.543729,20
260,hourglass,auxetic,True,-0.5511433838672223,-0.5014851648248733,0.08471337286978442,94,True,13.34,,199.0,1e-09,2,150,0.1344,50,50,0.3,3.409146,1.152037,9999,1,0.01,0.05,False,0.310604,0.524438,20
261,hourglass,auxetic,True,-0.6224271833092649,-0.4457744626277798,0.07287764986073764,80,True,11.36,,199.0,1e-09,2,150,0.114454,50,50,0.3,2.808704,1.113422,9999,1,0.01,0.05,False,0.30542,0.535318,20
262,hourglass,auxetic,True,-0.6288623316526842,-0.4243941709885257,0.17853115284235677,150,True,21.64,,199.0,1e-09,2,150,0.117004,50,50,0.3,2.812935,1.201452,9999,1,0.01,0.05,False,0.283837,0.502566,20
263,hourglass,auxetic,True,-0.6897967634064502,-0.42137809199595844,0.13180639831822027,147,True,22.7,,199.0,1e-09,2,150,0.089942,50,50,0.3,2.696798,1.134609,9999,1,0.01,0.05,False,0.296745,0.499937,20
264,hourglass,auxetic,True,-0.5981776554614472,-0.5000217881051993,0.1259966229016859,51,True,7.21,,199.0,1e-09,2,150,0.138408,50,50,0.3,3.221156,1.225565,9999,1,0.01,0.05,False,0.381362,0.506596,20
265,hourglass,auxetic,True,-0.6602501905414356,-0.422275211284164,0.1459564627661183,150,True,20.16,,199.0,1e-09,2,150,0.105668,50,50,0.3,2.95804,1.118562,9999,1,0.01,0.05,False,0.35361,0.583995,20
266,hourglass,auxetic,True,-0.6205864008634963,-0.39760932721704356,0.10148284392953588,41,True,5.48,,199.0,1e-09,2,150,0.12598,50,50,0.3,2.645147,1.113744,9999,1,0.01,0.05,False,0.360836,0.569503,20
267,hourglass,auxetic,True,-0.5919569556868567,-0.4075602394460738,0.14306215377626497,82,True,11.64,,199.0,1e-09,2,150,0.077367,50,50,0.3,3.213205,1.130958,9999,1,0.01,0.05,False,0.304714,0.509985,20
268,hourglass,auxetic,True,-0.6510498955881828,-0.43222091712572186,0.10920508613246116,150,True,21.11,,199.0,1e-09,2,150,0.118428,50,50,0.3,3.087817,1.157972,9999,1,0.01,0.05,False,0.350443,0.544751,20
269,hourglass,auxetic,True,-0.6664925266844702,-0.40213069471861995,0.16981836968411768,92,True,14.15,,199.0,1e-09,2,150,0.081821,50,50,0.3,3.621531,1.14808,9999,1,0.01,0.05,False,0.307388,0.5076,20
270,hourglass,auxetic,True,-0.6528938885725232,-0.42995216975945283,0.08666623507591742,150,True,20.8,,199.0,1e-09,2,150,0.10723,50,50,0.3,3.417095,1.217519,9999,1,0.01,0.05,False,0.357322,0.567371,20
271,hourglass,auxetic,True,-0.6509248783259549,-0.42319323009597853,0.166154061345256,150,True,23.95,,199.0,1e-09,2,150,0.109405,50,50,0.3,2.748319,1.117023,9999,1,0.01,0.05,False,0.302594,0.5025,20
272,hourglass,auxetic,True,-0.6267241405339398,-0.4246162526102157,0.13577951351411377,150,True,22.11,,199.0,1e-09,2,150,0.076191,50,50,0.3,2.641013,1.22668,9999,1,0.01,0.05,False,0.321643,0.525521,20
273,hourglass,auxetic,True,-0.6152160442189057,-0.44448673609753686,0.09135035804554159,150,True,26.81,,199.0,1e-09,2,150,0.118571,50,50,0.3,2.896709,1.165632,9999,1,0.01,0.05,False,0.337063,0.572442,20
274,hourglass,auxetic,True,-0.669116894820698,-0.42480445114289245,0.052182590823966146,126,True,18.34,,199.0,1e-09,2,150,0.080499,50,50,0.3,2.865402,1.210716,9999,1,0.01,0.05,False,0.311543,0.574475,20
275,hourglass,auxetic,True,-0.6951858846622334,-0.4312882702535848,0.11681951276240798,81,True,13.61,,199.0,1e-09,2,150,0.086744,50,50,0.3,3.044676,1.101091,9999,1,0.01,0.05,False,0.374416,0.510859,20
276,hourglass,auxetic,True,-0.6406669353012475,-0.42877738132278576,0.1175274480741424,64,True,9.11,,199.0,1e-09,2,150,0.107018,50,50,0.3,2.821019,1.222985,9999,1,0.01,0.05,False,0.287468,0.547612,20
277,hourglass,auxetic,True,-0.6291497788655264,-0.4227475341702432,0.12474954963852902,44,True,6.41,,199.0,1e-09,2,150,0.12788,50,50,0.3,2.567702,1.163883,9999,1,0.01,0.05,False,0.372097,0.530966,20
278,hourglass,auxetic,True,-0.6366388990835357,-0.3810974422288786,0.1335791511781882,42,True,6.26,,199.0,1e-09,2,150,0.088923,50,50,0.3,2.99204,1.141429,9999,1,0.01,0.05,False,0.309689,0.54052,20
279,hourglass,auxetic,True,-0.6031942288515817,-0.3950751986934696,0.09872216876893736,41,True,6.24,,199.0,1e-09,2,150,0.10215,50,50,0.3,3.649893,1.087996,9999,1,0.01,0.05,False,0.320732,0.503476,20
280,hourglass,auxetic,True,-0.6700711435644073,-0.39515721426425165,0.14542078926109037,66,True,8.8,,199.0,1e-09,2,150,0.112124,50,50,0.3,3.171722,1.093321,9999,1,0.01,0.05,False,0.293149,0.519771,20
281,hourglass,auxetic,True,-0.6534054819641637,-0.43362719998064525,0.08692686420499507,150,True,23.7,,199.0,1e-09,2,150,0.125503,50,50,0.3,2.900118,1.167874,9999,1,0.01,0.05,False,0.285729,0.540735,20
282,hourglass,auxetic,True,-0.6282328461372744,-0.4276062285110726,0.1432117995588409,150,True,26.31,,199.0,1e-09,2,150,0.106163,50,50,0.3,2.95732,1.215797,9999,1,0.01,0.05,False,0.331877,0.54006,20
283,hourglass,auxetic,True,-0.6181897892863684,-0.4598490186054751,0.04286440190709895,48,True,7.71,,199.0,1e-09,2,150,0.135231,50,50,0.3,3.630864,1.196062,9999,1,0.01,0.05,False,0.317987,0.55493,20
284,hourglass,auxetic,True,-0.6299832805407668,-0.42381173779258857,0.1873050175706935,55,True,8.04,,199.0,1e-09,2,150,0.139903,50,50,0.3,3.293311,1.174128,9999,1,0.01,0.05,False,0.372666,0.522077,20
285,hourglass,auxetic,True,-0.5404097208984174,-0.4182275926229834,0.10903719194721473,150,True,24.82,,199.0,1e-09,2,150,0.101286,50,50,0.3,3.55486,1.065412,9999,1,0.01,0.05,False,0.334291,0.528473,20
286,hourglass,auxetic,True,-0.5083202319773269,-0.4273683399552125,0.13900754987138575,70,True,12.21,,199.0,1e-09,2,150,0.098352,50,50,0.3,3.165339,1.238399,9999,1,0.01,0.05,False,0.295398,0.511527,20
287,hourglass,auxetic,True,-0.6001685333803259,-0.4222114851831377,0.16252672597504003,150,True,23.56,,199.0,1e-09,2,150,0.082086,50,50,0.3,3.338044,1.228295,9999,1,0.01,0.05,False,0.365416,0.534175,20
288,hourglass,auxetic,True,-0.7032301348412336,-0.4729738994125955,0.028023624965926364,150,True,23.75,,199.0,1e-09,2,150,0.130414,50,50,0.3,3.432758,1.174071,9999,1,0.01,0.05,False,0.374885,0.581951,20
289,hourglass,auxetic,True,-0.58664150311363,-0.4196362579025016,0.11218107814316869,150,True,23.42,,199.0,1e-09,2,150,0.131986,50,50,0.3,3.411487,1.103656,9999,1,0.01,0.05,False,0.345469,0.539325,20
290,hourglass,auxetic,True,-0.5971452347491727,-0.4025630970330506,0.13130439892572066,150,True,26.82,,199.0,1e-09,2,150,0.122558,50,50,0.3,2.5862,1.154055,9999,1,0.01,0.05,False,0.363195,0.541863,20
291,hourglass,auxetic,True,-0.6019616342773588,-0.5015749340944511,0.10330697081621587,94,True,13.92,,199.0,1e-09,2,150,0.086134,50,50,0.3,3.330494,1.237476,9999,1,0.01,0.05,False,0.376103,0.523747,20
292,hourglass,auxetic,True,-0.6215239740740686,-0.41319373154286987,0.07092720877562075,104,True,16.95,,199.0,1e-09,2,150,0.088543,50,50,0.3,2.610892,1.226175,9999,1,0.01,0.05,False,0.312522,0.561882,20
293,hourglass,auxetic,True,-0.6175644111550052,-0.44939900620123535,0.04240130472101211,93,True,16.28,,199.0,1e-09,2,150,0.126329,50,50,0.3,3.179096,1.078245,9999,1,0.01,0.05,False,0.336952,0.537431,20
294,hourglass,auxetic,True,-0.6617971684562899,-0.47638468147142715,0.0938880676642555,46,True,7.42,,199.0,1e-09,2,150,0.12781,50,50,0.3,3.35095,1.111734,9999,1,0.01,0.05,False,0.355624,0.547938,20
295,hourglass,auxetic,True,-0.5683713908066852,-0.43771508905704903,0.13404944100144844,40,True,5.96,,199.0,1e-09,2,150,0.115105,50,50,0.3,3.54802,1.236661,9999,1,0.01,0.05,False,0.317861,0.543345,20
296,hourglass,auxetic,True,-0.6198685972530343,-0.42788752475042624,0.1428922126868013,44,True,7.46,,199.0,1e-09,2,150,0.10783,50,50,0.3,2.816525,1.241288,9999,1,0.01,0.05,False,0.284828,0.570258,20
297,hourglass,auxetic,True,-0.667590480254942,-0.452980944838605,0.07725812658934483,57,True,11.35,,199.0,1e-09,2,150,0.127034,50,50,0.3,3.592316,1.139922,9999,1,0.01,0.05,False,0.339115,0.555027,20
298,hourglass,auxetic,True,-0.622720111940822,-0.44740594124461847,0.09781013570995101,49,True,10.15,,199.0,1e-09,2,150,0.135831,50,50,0.3,3.051474,1.230584,9999,1,0.01,0.05,False,0.314697,0.576556,20
299,hourglass,auxetic,True,-0.6203817991230784,-0.43508686919999784,0.08876222768844855,150,True,23.41,,199.0,1e-09,2,150,0.087591,50,50,0.3,3.364997,1.176245,9999,1,0.01,0.05,False,0.340717,0.57698,20
300,hourglass,auxetic,True,-0.6621425196122029,-0.41812493349698066,0.07265453260870136,69,True,11.71,,199.0,1e-09,2,150,0.099098,50,50,0.3,2.571387,1.092308,9999,1,0.01,0.05,False,0.343114,0.562327,20
301,hourglass,auxetic,True,-0.669804267533497,-0.4432260143805894,0.045917440226558304,115,True,16.74,,199.0,1e-09,2,150,0.136723,50,50,0.3,3.438865,1.094694,9999,1,0.01,0.05,False,0.341251,0.553433,20
302,hourglass,auxetic,True,-0.640456491120441,-0.43022652482669543,0.11909946584582864,150,True,23.26,,199.0,1e-09,2,150,0.133945,50,50,0.3,2.750455,1.154733,9999,1,0.01,0.05,False,0.300912,0.523275,20
303,hourglass,auxetic,True,-0.5556885608539102,-0.40371915180977436,0.18777745573825477,150,True,21.1,,199.0,1e-09,2,150,0.088467,50,50,0.3,3.183667,1.183856,9999,1,0.01,0.05,False,0.33248,0.509934,20
304,hourglass,auxetic,True,-0.620137835326253,-0.44547530305794764,0.09083148932666685,150,True,22.89,,199.0,1e-09,2,150,0.094655,50,50,0.3,3.173495,1.175817,9999,1,0.01,0.05,False,0.296236,0.548672,20
305,hourglass,auxetic,True,-0.5885493823258658,-0.428561055018149,0.13489168262942242,56,True,8.06,,199.0,1e-09,2,150,0.136196,50,50,0.3,2.66966,1.148782,9999,1,0.01,0.05,False,0.365781,0.515622,20
306,hourglass,auxetic,True,-0.6281251767670526,-0.44379933069827676,0.09168607619567937,150,True,23.7,,199.0,1e-09,2,150,0.123943,50,50,0.3,2.878979,1.113719,9999,1,0.01,0.05,False,0.344239,0.560524,20
307,hourglass,auxetic,True,-0.6182058977769558,-0.40322130591727773,0.14312400422838423,150,True,21.71,,199.0,1e-09,2,150,0.132404,50,50,0.3,2.949418,1.153705,9999,1,0.01,0.05,False,0.362209,0.57828,20
308,hourglass,auxetic,True,-0.6377490216290528,-0.42575756982682,0.13024027032254182,103,True,15.92,,199.0,1e-09,2,150,0.084156,50,50,0.3,2.817988,1.102365,9999,1,0.01,0.05,False,0.318083,0.528751,20
309,hourglass,auxetic,True,-0.6266754856823028,-0.4096012308705753,0.15123649825833207,118,True,17.83,,199.0,1e-09,2,150,0.122247,50,50,0.3,2.566415,1.175081,9999,1,0.01,0.05,False,0.339896,0.504889,20
310,hourglass,auxetic,True,-0.6309454723515147,-0.4322348776879949,0.08643406648950025,150,True,22.74,,199.0,1e-09,2,150,0.112451,50,50,0.3,3.002352,1.142189,9999,1,0.01,0.05,False,0.363341,0.57842,20
311,hourglass,auxetic,True,-0.6443139820836213,-0.44449331373038303,0.05696176833418298,150,True,19.36,,199.0,1e-09,2,150,0.096192,50,50,0.3,3.340658,1.151674,9999,1,0.01,0.05,False,0.287685,0.577522,20
312,hourglass,auxetic,True,-0.6521432248155832,-0.4521702458254013,0.08497869850704387,150,True,21.51,,199.0,1e-09,2,150,0.130196,50,50,0.3,3.398205,1.154542,9999,1,0.01,0.05,False,0.322201,0.550009,20
313,hourglass,auxetic,True,-0.6337166125800834,-0.4282879297028348,0.0995154283729145,150,True,21.93,,199.0,1e-09,2,150,0.078362,50,50,0.3,3.003803,1.161429,9999,1,0.01,0.05,False,0.289278,0.548815,20
314,hourglass,auxetic,True,-0.609907224016783,-0.40019370487052225,0.10631035037282877,150,True,20.68,,199.0,1e-09,2,150,0.118506,50,50,0.3,3.025339,1.105037,9999,1,0.01,0.05,False,0.286633,0.570407,20
315,hourglass,auxetic,True,-0.6163002013713963,-0.42543090184739285,0.06040485619689617,45,True,6.44,,199.0,1e-09,2,150,0.123211,50,50,0.3,3.316566,1.067271,9999,1,0.01,0.05,False,0.351435,0.552273,20
316,hourglass,auxetic,True,-0.6035411997952604,-0.3952722718057152,0.09169169323393223,150,True,22.36,,199.0,1e-09,2,150,0.083435,50,50,0.3,2.909713,1.068224,9999,1,0.01,0.05,False,0.303377,0.555439,20
317,hourglass,auxetic,True,-0.6189053898689771,-0.44362305577472894,0.10867131171447542,150,True,22.43,,199.0,1e-09,2,150,0.133413,50,50,0.3,2.687036,1.106512,9999,1,0.01,0.05,False,0.356843,0.562029,20
318,hourglass,auxetic,True,-0.6343354907782773,-0.42931678671952483,0.11263224493042201,150,True,21.5,,199.0,1e-09,2,150,0.131798,50,50,0.3,2.791584,1.133367,9999,1,0.01,0.05,False,0.360225,0.528814,20
319,hourglass,auxetic,True,-0.6333643734529607,-0.4372384602577193,0.11564859718026665,150,True,21.14,,199.0,1e-09,2,150,0.100223,50,50,0.3,3.145494,1.220546,9999,1,0.01,0.05,False,0.343247,0.547874,20
320,hourglass,auxetic,True,-0.5807983824953024,-0.48588901388499633,0.15759097611216866,150,True,20.84,,199.0,1e-09,2,150,0.09628,50,50,0.3,2.66185,1.117913,9999,1,0.01,0.05,False,0.357213,0.512862,20
321,hourglass,auxetic,True,-0.5262874181207373,-0.4360155628076578,0.1002025311475222,106,True,15.35,,199.0,1e-09,2,150,0.099459,50,50,0.3,3.450673,1.14092,9999,1,0.01,0.05,False,0.284327,0.534974,20
322,hourglass,auxetic,True,-0.561488100536392,-0.4766498977787963,0.09625950370891401,105,True,14.89,,199.0,1e-09,2,150,0.140098,50,50,0.3,3.277385,1.153506,9999,1,0.01,0.05,False,0.345627,0.512039,20
323,hourglass,auxetic,True,-0.6352817264197244,-0.4157180650349734,0.08979780872436294,150,True,19.47,,199.0,1e-09,2,150,0.103684,50,50,0.3,3.255601,1.133131,9999,1,0.01,0.05,False,0.31082,0.56692,20
324,hourglass,auxetic,True,-0.647464011215343,-0.4182112912947795,0.1355751834160579,150,True,19.69,,199.0,1e-09,2,150,0.113484,50,50,0.3,2.726502,1.078573,9999,1,0.01,0.05,False,0.378812,0.574007,20
325,hourglass,auxetic,True,-0.5986978905979219,-0.37912362003711614,0.1624602159112123,40,True,5.98,,199.0,1e-09,2,150,0.084687,50,50,0.3,3.470248,1.088512,9999,1,0.01,0.05,False,0.328966,0.511299,20
326,hourglass,auxetic,True,-0.6339952270260294,-0.43714825906449967,0.06208817288032431,150,True,20.43,,199.0,1e-09,2,150,0.119282,50,50,0.3,2.679197,1.114218,9999,1,0.01,0.05,False,0.354656,0.539031,20
327,hourglass,auxetic,True,-0.5565703727056175,-0.4243426053220347,0.05662097891436113,46,True,5.7,,199.0,1e-09,2,150,0.129257,50,50,0.3,3.347377,1.083284,9999,1,0.01,0.05,False,0.327866,0.525901,20
328,hourglass,auxetic,True,-0.6117329162703634,-0.443648873335162,0.08075060392571931,150,True,21.3,,199.0,1e-09,2,150,0.136673,50,50,0.3,2.614903,1.103285,9999,1,0.01,0.05,False,0.322543,0.549699,20
329,hourglass,auxetic,True,-0.6687530992383416,-0.4759467977891674,0.06554378238926706,116,True,16.99,,199.0,1e-09,2,150,0.120919,50,50,0.3,3.337815,1.190476,9999,1,0.01,0.05,False,0.315999,0.580123,20
330,hourglass,auxetic,True,-0.6132179074915641,-0.4876541673707716,0.034059670655319674,150,True,20.47,,199.0,1e-09,2,150,0.109192,50,50,0.3,3.155087,1.081813,9999,1,0.01,0.05,False,0.319589,0.56822,20
331,hourglass,auxetic,True,-0.6179453251417373,-0.4465069722822122,0.10083328021566695,65,True,9.35,,199.0,1e-09,2,150,0.095134,50,50,0.3,3.430948,1.152486,9999,1,0.01,0.05,False,0.34452,0.501239,20
332,hourglass,auxetic,True,-0.694389411742971,-0.4177821722409975,0.1601068584524067,150,True,20.61,,199.0,1e-09,2,150,0.09227,50,50,0.3,2.654522,1.21898,9999,1,0.01,0.05,False,0.329875,0.504772,20
333,hourglass,auxetic,True,-0.6230417680270611,-0.44998702057170786,0.0670091266066406,150,True,20.44,,199.0,1e-09,2,150,0.09076,50,50,0.3,3.640538,1.1899,9999,1,0.01,0.05,False,0.368312,0.576239,20
334,hourglass,auxetic,True,-0.5699446146367393,-0.4444769068464099,0.1483382975841373,71,True,9.55,,199.0,1e-09,2,150,0.122867,50,50,0.3,2.948321,1.168383,9999,1,0.01,0.05,False,0.346565,0.52794,20
335,hourglass,auxetic,True,-0.6538357234626949,-0.4287011486092593,0.09281806813820814,150,True,20.94,,199.0,1e-09,2,150,0.110846,50,50,0.3,2.849155,1.105346,9999,1,0.01,0.05,False,0.291259,0.566224,20
336,hourglass,auxetic,True,-0.6509827388409861,-0.43397991411839537,0.09531411524568745,150,True,19.71,,199.0,1e-09,2,150,0.08449,50,50,0.3,2.867916,1.151014,9999,1,0.01,0.05,False,0.302208,0.546,20
337,hourglass,auxetic,True,-0.590351609409322,-0.4669560600548739,0.09544686497452082,77,True,10.55,,199.0,1e-09,2,150,0.130092,50,50,0.3,3.387863,1.198942,9999,1,0.01,0.05,False,0.306301,0.536721,20
338,hourglass,auxetic,True,-0.649469625660738,-0.4198757547696664,0.12462352177753999,150,True,19.74,,199.0,1e-09,2,150,0.093592,50,50,0.3,3.015417,1.175559,9999,1,0.01,0.05,False,0.311205,0.559016,20
339,hourglass,auxetic,True,-0.5989671980526532,-0.49059658617090635,0.15591409855586447,66,True,9.9,,199.0,1e-09,2,150,0.078942,50,50,0.3,2.753301,1.201936,9999,1,0.01,0.05,False,0.311988,0.503116,20
340,hourglass,auxetic,True,-0.5993601984592221,-0.40852575717364964,0.1640910579758581,64,True,8.86,,199.0,1e-09,2,150,0.090134,50,50,0.3,3.375633,1.235759,9999,1,0.01,0.05,False,0.29881,0.533941,20
341,hourglass,auxetic,True,-0.68423288102171,-0.3654274867424568,0.1853679858627949,37,True,5.57,,199.0,1e-09,2,150,0.081005,50,50,0.3,3.345757,1.097302,9999,1,0.01,0.05,False,0.300885,0.501828,20
342,hourglass,auxetic,True,-0.6704651471662301,-0.40669365697279014,0.14842108868698067,56,True,7.8,,199.0,1e-09,2,150,0.094295,50,50,0.3,3.378965,1.091663,9999,1,0.01,0.05,False,0.364442,0.522632,20
343,hourglass,auxetic,True,-0.6603527534693201,-0.3924761857571173,0.09828545625340235,57,True,8.42,,199.0,1e-09,2,150,0.08152,50,50,0.3,3.434951,1.19411,9999,1,0.01,0.05,False,0.306514,0.581972,20
344,hourglass,auxetic,True,-0.6933530539816418,-0.43724428358339595,0.11187879808835322,88,True,11.55,,199.0,1e-09,2,150,0.134971,50,50,0.3,3.144445,1.103079,9999,1,0.01,0.05,False,0.37118,0.522534,20
345,hourglass,auxetic,True,-0.627561789685248,-0.4212627650076561,0.12544424463546033,150,True,19.08,,199.0,1e-09,2,150,0.097965,50,50,0.3,2.874768,1.156626,9999,1,0.01,0.05,False,0.355448,0.536484,20
346,hourglass,auxetic,True,-0.703272085223052,-0.4502426058657124,0.0486552058837143,150,True,20.27,,199.0,1e-09,2,150,0.098959,50,50,0.3,3.176795,1.065963,9999,1,0.01,0.05,False,0.327353,0.558326,20
347,hourglass,auxetic,True,-0.5976407554811085,-0.4670877178209087,0.11814818312394282,150,True,21.56,,199.0,1e-09,2,150,0.131334,50,50,0.3,2.699942,1.065652,9999,1,0.01,0.05,False,0.350827,0.549477,20
348,hourglass,auxetic,True,-0.6831322166957563,-0.4490626833744676,0.07806757475190484,150,True,21.58,,199.0,1e-09,2,150,0.083346,50,50,0.3,3.583225,1.078356,9999,1,0.01,0.05,False,0.34522,0.532799,20
349,hourglass,auxetic,True,-0.587995782996823,-0.4575153248908579,0.08381776717126388,59,True,8.87,,199.0,1e-09,2,150,0.126076,50,50,0.3,3.59999,1.188105,9999,1,0.01,0.05,False,0.347757,0.544557,20
350,hourglass,auxetic,True,-0.6344045509008037,-0.43875564733165207,0.12925930955831266,36,True,5.21,,199.0,1e-09,2,150,0.140995,50,50,0.3,2.731202,1.179025,9999,1,0.01,0.05,False,0.334392,0.53764,20
351,hourglass,auxetic,True,-0.511928992310288,-0.42718860881192483,0.1651190916562516,48,True,7.42,,199.0,1e-09,2,150,0.115033,50,50,0.3,3.091886,1.227175,9999,1,0.01,0.05,False,0.287017,0.524886,20
352,hourglass,auxetic,True,-0.6673362538596916,-0.43633212653489595,0.10253097353431762,150,True,19.31,,199.0,1e-09,2,150,0.096989,50,50,0.3,2.855432,1.072434,9999,1,0.01,0.05,False,0.368594,0.573645,20
353,hourglass,auxetic,True,-0.5587285981936085,-0.3876959263878527,0.10680792736744782,55,True,8.32,,199.0,1e-09,2,150,0.122503,50,50,0.3,3.60486,1.102742,9999,1,0.01,0.05,False,0.340877,0.542257,20
354,hourglass,auxetic,True,-0.6037990170020796,-0.4781558734850459,0.10799279295395403,73,True,10.28,,199.0,1e-09,2,150,0.128905,50,50,0.3,3.644337,1.225355,9999,1,0.01,0.05,False,0.341761,0.517422,20
355,hourglass,auxetic,True,-0.6288000470435846,-0.4100806918708591,0.025785849364536317,150,True,20.59,,199.0,1e-09,2,150,0.143014,50,50,0.3,2.58544,1.05829,9999,1,0.01,0.05,False,0.380643,0.579221,20
356,hourglass,auxetic,True,-0.656405600931759,-0.43842239170676417,0.12067735979949223,88,True,12.06,,199.0,1e-09,2,150,0.128185,50,50,0.3,2.971014,1.150916,9999,1,0.01,0.05,False,0.300626,0.523973,20
357,hourglass,auxetic,True,-0.6258456764534728,-0.41097853571254345,0.1578920767044405,70,True,10.18,,199.0,1e-09,2,150,0.088758,50,50,0.3,3.225748,1.197009,9999,1,0.01,0.05,False,0.29115,0.521925,20
358,hourglass,auxetic,True,-0.6802982281408335,-0.44426189843178726,0.11638776530303485,126,True,16.96,,199.0,1e-09,2,150,0.101894,50,50,0.3,3.115497,1.166923,9999,1,0.01,0.05,False,0.303019,0.53586,20
359,hourglass,auxetic,True,-0.6879966209195807,-0.4507261957478823,0.11451682344372138,150,True,20.76,,199.0,1e-09,2,150,0.100308,50,50,0.3,3.610452,1.209224,9999,1,0.01,0.05,False,0.315442,0.556665,20
360,hourglass,auxetic,True,-0.5400218960461747,-0.46413499555578297,0.10820083215476306,87,True,11.78,,199.0,1e-09,2,150,0.110294,50,50,0.3,3.222839,1.157157,9999,1,0.01,0.05,False,0.313916,0.514197,20
361,hourglass,auxetic,True,-0.678290255431699,-0.4230475491148624,0.0970122616253446,150,True,20.86,,199.0,1e-09,2,150,0.139882,50,50,0.3,3.272652,1.158568,9999,1,0.01,0.05,False,0.296481,0.549248,20
362,hourglass,auxetic,True,-0.6416268731498626,-0.4174909191080224,0.1051467692056699,85,True,11.11,,199.0,1e-09,2,150,0.081953,50,50,0.3,2.847149,1.163061,9999,1,0.01,0.05,False,0.324479,0.560817,20
363,hourglass,auxetic,True,-0.5045649431230221,-0.4314699696606921,0.08539114439793849,62,True,9.14,,199.0,1e-09,2,150,0.100505,50,50,0.3,3.614699,1.113065,9999,1,0.01,0.05,False,0.325603,0.529479,20
364,hourglass,auxetic,True,-0.636568633382495,-0.4268370607005618,0.11305286469453191,150,True,20.61,,199.0,1e-09,2,150,0.106514,50,50,0.3,2.916621,1.155662,9999,1,0.01,0.05,False,0.308554,0.525072,20
365,hourglass,auxetic,True,-0.674912605419057,-0.4353730171020396,0.1262391961549575,63,True,8.84,,199.0,1e-09,2,150,0.087528,50,50,0.3,3.56665,1.099856,9999,1,0.01,0.05,False,0.311378,0.530156,20
366,hourglass,auxetic,True,-0.6634670977748389,-0.43161182865116765,0.10591536324755546,150,True,20.46,,199.0,1e-09,2,150,0.108527,50,50,0.3,2.570164,1.121058,9999,1,0.01,0.05,False,0.317147,0.522487,20
367,hourglass,auxetic,True,-0.669843519021409,-0.42484937634672437,0.14771533560848338,52,True,7.66,,199.0,1e-09,2,150,0.137695,50,50,0.3,2.663267,1.215276,9999,1,0.01,0.05,False,0.378437,0.506791,20
368,hourglass,auxetic,True,-0.6568393205111259,-0.4333320904606764,0.10315098416293633,150,True,21.04,,199.0,1e-09,2,150,0.110702,50,50,0.3,2.994883,1.149219,9999,1,0.01,0.05,False,0.312221,0.535847,20
369,hourglass,auxetic,True,-0.5469457723024301,-0.4447542096350956,0.05906987251614315,43,True,6.19,,199.0,1e-09,2,150,0.143523,50,50,0.3,3.160218,1.168054,9999,1,0.01,0.05,False,0.32647,0.515045,20
370,hourglass,auxetic,True,-0.6358892529321333,-0.44025503358302953,0.08915777810584691,150,True,20.83,,199.0,1e-09,2,150,0.127613,50,50,0.3,2.974548,1.163558,9999,1,0.01,0.05,False,0.330411,0.537875,20
371,hourglass,auxetic,True,-0.6053153509410253,-0.4270490030972274,0.10404154784518826,150,True,21.54,,199.0,1e-09,2,150,0.098008,50,50,0.3,3.524503,1.085638,9999,1,0.01,0.05,False,0.327603,0.505706,20
372,hourglass,auxetic,True,-0.6065241411915427,-0.458273495761306,0.11759523699682606,49,True,6.76,,199.0,1e-09,2,150,0.142287,50,50,0.3,3.484042,1.168729,9999,1,0.01,0.05,False,0.333034,0.502941,20
373,hourglass,auxetic,True,-0.5972854735022946,-0.5014790843994849,0.12020613453991535,35,True,5.19,,199.0,1e-09,2,150,0.137179,50,50,0.3,3.108647,1.211571,9999,1,0.01,0.05,False,0.340116,0.505138,20
374,hourglass,auxetic,True,-0.5022200099847242,-0.38543026780636896,0.13811351214951262,85,True,12.2,,199.0,1e-09,2,150,0.105341,50,50,0.3,3.083636,1.125131,9999,1,0.01,0.05,False,0.30773,0.524336,20
375,hourglass,auxetic,True,-0.6900034785830006,-0.43932495667985455,0.07539510866523602,91,True,12.64,,199.0,1e-09,2,150,0.091547,50,50,0.3,3.556332,1.066607,9999,1,0.01,0.05,False,0.29659,0.53907,20
376,hourglass,auxetic,True,-0.6597620583705648,-0.39758466864844316,0.12662599553415088,150,True,19.92,,199.0,1e-09,2,150,0.102702,50,50,0.3,2.935572,1.233973,9999,1,0.01,0.05,False,0.326014,0.563551,20
377,hourglass,auxetic,True,-0.5771747398849971,-0.4162021332933194,0.12014392342836133,60,True,8.33,,199.0,1e-09,2,150,0.09584,50,50,0.3,3.526539,1.204728,9999,1,0.01,0.05,False,0.369702,0.518,20
378,hourglass,auxetic,True,-0.6372492899527439,-0.4297382757213092,0.09472328540578623,150,True,19.4,,199.0,1e-09,2,150,0.117203,50,50,0.3,3.597218,1.208829,9999,1,0.01,0.05,False,0.376949,0.568814,20
379,hourglass,auxetic,True,-0.5803572324665583,-0.37592407752886486,0.16873841278275514,65,True,8.47,,199.0,1e-09,2,150,0.12913,50,50,0.3,2.589994,1.224398,9999,1,0.01,0.05,False,0.357464,0.541487,20
380,hourglass,auxetic,True,-0.6199313770792684,-0.45039153873624677,0.07113979696295625,63,True,9.27,,199.0,1e-09,2,150,0.121488,50,50,0.3,2.833755,1.104602,9999,1,0.01,0.05,False,0.312801,0.540838,20
381,hourglass,auxetic,True,-0.6522742005575989,-0.42322255384048957,0.1341810972443067,150,True,20.44,,199.0,1e-09,2,150,0.122015,50,50,0.3,2.79887,1.179415,9999,1,0.01,0.05,False,0.375517,0.526466,20
382,hourglass,auxetic,True,-0.6324822498258145,-0.4332261321864407,0.11217862925877109,150,True,19.89,,199.0,1e-09,2,150,0.110134,50,50,0.3,2.590891,1.204464,9999,1,0.01,0.05,False,0.342152,0.554285,20
383,hourglass,auxetic,True,-0.5303036482300542,-0.4453834171110115,0.05478653701716041,107,True,15.79,,199.0,1e-09,2,150,0.127246,50,50,0.3,3.107701,1.09029,9999,1,0.01,0.05,False,0.304051,0.512255,20
384,hourglass,auxetic,True,-0.5809041524915973,-0.45481363944262515,0.03615885776082228,150,True,21.49,,199.0,1e-09,2,150,0.106451,50,50,0.3,2.785303,1.070236,9999,1,0.01,0.05,False,0.313783,0.538735,20
385,hourglass,auxetic,True,-0.618536267946841,-0.4545513320887912,0.05391489266165661,150,True,20.06,,199.0,1e-09,2,150,0.125771,50,50,0.3,3.150649,1.088859,9999,1,0.01,0.05,False,0.364047,0.583113,20
386,hourglass,auxetic,True,-0.6053784675021371,-0.4821200605208842,0.10617176381809146,150,True,20.85,,199.0,1e-09,2,150,0.125558,50,50,0.3,2.781901,1.0638,9999,1,0.01,0.05,False,0.381087,0.556186,20
387,hourglass,auxetic,True,-0.6763962963867233,-0.4042110329155265,0.11414185734051807,150,True,21.59,,199.0,1e-09,2,150,0.13546,50,50,0.3,3.177859,1.241644,9999,1,0.01,0.05,False,0.364684,0.561647,20
388,hourglass,auxetic,True,-0.5929153080957383,-0.46897788097890625,0.05475515151532728,150,True,19.63,,199.0,1e-09,2,150,0.107087,50,50,0.3,2.751973,1.059977,9999,1,0.01,0.05,False,0.333952,0.540348,20
389,hourglass,auxetic,True,-0.6552516243656495,-0.4340221647696138,0.09135381592889735,82,True,11.54,,199.0,1e-09,2,150,0.127055,50,50,0.3,3.237935,1.170891,9999,1,0.01,0.05,False,0.31898,0.575908,20
390,hourglass,auxetic,True,-0.6214182378211409,-0.4117523101630277,0.16336753126290693,61,True,8.88,,199.0,1e-09,2,150,0.089732,50,50,0.3,3.381584,1.23429,9999,1,0.01,0.05,False,0.322843,0.53544,20
391,hourglass,auxetic,True,-0.6923455396117464,-0.4469041040851367,0.06894495414604707,104,True,15.28,,199.0,1e-09,2,150,0.083929,50,50,0.3,2.780982,1.067618,9999,1,0.01,0.05,False,0.299798,0.531104,20
392,hourglass,auxetic,True,-0.599369271822549,-0.4700188917477538,0.08181429123762785,57,True,7.99,,199.0,1e-09,2,150,0.14,50,50,0.3,3.385761,1.111368,9999,1,0.01,0.05,False,0.364129,0.511851,20
393,hourglass,auxetic,True,-0.616291547151705,-0.45490948713020285,0.07017764291796147,92,True,10.25,,199.0,1e-09,2,150,0.132256,50,50,0.3,3.35981,1.07184,9999,1,0.01,0.05,False,0.308291,0.520774,20
394,hourglass,auxetic,True,-0.6052145260399944,-0.39229430832359174,0.14415279525429747,127,True,18.05,,199.0,1e-09,2,150,0.075122,50,50,0.3,3.060811,1.137625,9999,1,0.01,0.05,False,0.353038,0.523647,20
395,hourglass,auxetic,True,-0.6657857443363443,-0.40242495786133914,0.17499704970520935,82,True,11.89,,199.0,1e-09,2,150,0.089366,50,50,0.3,3.20951,1.169065,9999,1,0.01,0.05,False,0.329762,0.508855,20
396,hourglass,auxetic,True,-0.6734804691558567,-0.44125658567383297,0.04293840976615293,71,True,10.12,,199.0,1e-09,2,150,0.139198,50,50,0.3,3.248508,1.114461,9999,1,0.01,0.05,False,0.333785,0.566795,20
397,hourglass,auxetic,True,-0.7006434116840193,-0.4238871638386012,0.09622656295182785,150,True,19.41,,199.0,1e-09,2,150,0.0773,50,50,0.3,3.51404,1.087116,9999,1,0.01,0.05,False,0.343576,0.537536,20
398,hourglass,auxetic,True,-0.5806393614447143,-0.3672262680981209,0.16857026040153844,150,True,19.79,,199.0,1e-09,2,150,0.1162,50,50,0.3,2.875984,1.216563,9999,1,0.01,0.05,False,0.288986,0.555207,20
399,hourglass,auxetic,True,-0.57922223617517,-0.4296725948666055,0.1085859296599152,150,True,21.53,,199.0,1e-09,2,150,0.10963,50,50,0.3,3.547072,1.090539,9999,1,0.01,0.05,False,0.369786,0.513657,20
400,hourglass,auxetic,True,-0.6912763904959964,-0.42752037097650886,0.07882796060893082,150,True,22.49,,199.0,1e-09,2,150,0.136569,50,50,0.3,3.281643,1.169303,9999,1,0.01,0.05,False,0.377286,0.564535,20
401,hourglass,auxetic,True,-0.5761481393409676,-0.3901646448937369,0.14380528286159988,70,True,9.27,,199.0,1e-09,2,150,0.108378,50,50,0.3,3.560133,1.066911,9999,1,0.01,0.05,False,0.294778,0.518531,20
402,hourglass,auxetic,True,-0.539258741567249,-0.4522917827128905,0.0615550189434233,67,True,7.55,,199.0,1e-09,2,150,0.126422,50,50,0.3,3.057658,1.109059,9999,1,0.01,0.05,False,0.321064,0.51265,20
403,hourglass,auxetic,True,-0.5894268388538629,-0.4147233112224113,0.12689553889220728,150,True,19.07,,199.0,1e-09,2,150,0.110812,50,50,0.3,2.939225,1.204003,9999,1,0.01,0.05,False,0.284056,0.567724,20
404,hourglass,auxetic,True,-0.6451889106856129,-0.430720748702274,0.07115019539139023,67,True,10.17,,199.0,1e-09,2,150,0.13419,50,50,0.3,3.077953,1.083783,9999,1,0.01,0.05,False,0.286027,0.553148,20
405,hourglass,auxetic,True,-0.7035065032842578,-0.4417544323839653,0.13318948206798542,138,True,19.1,,199.0,1e-09,2,150,0.09241,50,50,0.3,3.58565,1.19861,9999,1,0.01,0.05,False,0.322641,0.545197,20
406,hourglass,auxetic,True,-0.5985414132387399,-0.4313695082957994,0.10142572528922267,150,True,21.3,,199.0,1e-09,2,150,0.135425,50,50,0.3,3.524911,1.207918,9999,1,0.01,0.05,False,0.316703,0.540179,20
407,hourglass,auxetic,True,-0.6712700075388678,-0.4537324138583936,0.0872938531776627,96,True,13.88,,199.0,1e-09,2,150,0.103031,50,50,0.3,3.570549,1.141798,9999,1,0.01,0.05,False,0.356629,0.558184,20
408,hourglass,auxetic,True,-0.5872509685677189,-0.3904910713493075,0.18810538310586944,63,True,9.32,,199.0,1e-09,2,150,0.077156,50,50,0.3,3.540158,1.187812,9999,1,0.01,0.05,False,0.319271,0.51766,20
409,hourglass,auxetic,True,-0.5816645774920255,-0.4612987220135771,0.08696903217287666,79,True,11.77,,199.0,1e-09,2,150,0.120352,50,50,0.3,3.343784,1.109407,9999,1,0.01,0.05,False,0.370033,0.526019,20
410,hourglass,auxetic,True,-0.6655793192658128,-0.437554646549348,0.08671566212384818,150,True,19.45,,199.0,1e-09,2,150,0.123415,50,50,0.3,3.110023,1.182445,9999,1,0.01,0.05,False,0.341184,0.563318,20
411,hourglass,auxetic,True,-0.5916032967635857,-0.38073407008092564,0.11713851901548489,63,True,9.27,,199.0,1e-09,2,150,0.092531,50,50,0.3,3.067664,1.244129,9999,1,0.01,0.05,False,0.357862,0.580626,20
412,hourglass,auxetic,True,-0.729477900329168,-0.4402522046135649,0.0823337830628812,36,True,5.54,,199.0,1e-09,2,150,0.135689,50,50,0.3,3.169406,1.118407,9999,1,0.01,0.05,False,0.378024,0.563863,20
413,hourglass,auxetic,True,-0.7009535524254267,-0.4561543741376332,0.08833356299154171,95,True,12.88,,199.0,1e-09,2,150,0.077746,50,50,0.3,3.162397,1.062885,9999,1,0.01,0.05,False,0.294076,0.5231,20
414,hourglass,auxetic,True,-0.6106603016118926,-0.45312923475073796,0.11146061699008791,48,True,6.0,,199.0,1e-09,2,150,0.142561,50,50,0.3,3.634551,1.158878,9999,1,0.01,0.05,False,0.347704,0.504394,20
415,hourglass,auxetic,True,-0.6164825602832635,-0.41471635253226663,0.1148093981436028,150,True,19.97,,199.0,1e-09,2,150,0.131692,50,50,0.3,2.694682,1.244986,9999,1,0.01,0.05,False,0.348913,0.565814,20
416,hourglass,auxetic,True,-0.6438046157145825,-0.4277275031360235,0.12677895635407155,88,True,13.05,,199.0,1e-09,2,150,0.1001,50,50,0.3,2.974819,1.201705,9999,1,0.01,0.05,False,0.32724,0.55044,20
417,hourglass,auxetic,True,-0.6200740558689802,-0.428374766840328,0.09269816095052985,56,True,8.22,,199.0,1e-09,2,150,0.085615,50,50,0.3,3.617167,1.161574,9999,1,0.01,0.05,False,0.371291,0.564824,20
418,hourglass,auxetic,True,-0.6395711267832257,-0.4277499871284447,0.1183128604431618,150,True,20.5,,199.0,1e-09,2,150,0.130476,50,50,0.3,3.23128,1.202645,9999,1,0.01,0.05,False,0.377034,0.561244,20
419,hourglass,auxetic,True,-0.6372761550382781,-0.44034378364872695,0.10552523336065112,81,True,10.26,,199.0,1e-09,2,150,0.104132,50,50,0.3,3.250323,1.073507,9999,1,0.01,0.05,False,0.288288,0.533278,20
420,hourglass,auxetic,True,-0.6133851569216874,-0.433470845589038,0.11779718067006284,150,True,21.28,,199.0,1e-09,2,150,0.101961,50,50,0.3,2.729082,1.184883,9999,1,0.01,0.05,False,0.325387,0.529243,20
421,hourglass,auxetic,True,-0.6440887664616531,-0.43146279148353756,0.14378106337432595,64,True,9.65,,199.0,1e-09,2,150,0.076533,50,50,0.3,2.928986,1.232754,9999,1,0.01,0.05,False,0.360722,0.551617,20
422,hourglass,auxetic,True,-0.6641850937196929,-0.4318594642158603,0.14717926501964362,87,True,12.21,,199.0,1e-09,2,150,0.114373,50,50,0.3,2.943103,1.090885,9999,1,0.01,0.05,False,0.347548,0.511425,20
423,hourglass,auxetic,True,-0.7011600489503182,-0.4416804323181029,0.1147545223428349,150,True,21.14,,199.0,1e-09,2,150,0.09114,50,50,0.3,2.795324,1.119195,9999,1,0.01,0.05,False,0.368088,0.51345,20
424,hourglass,auxetic,True,-0.657739363030447,-0.489801868267677,0.012816567497933029,66,True,9.32,,199.0,1e-09,2,150,0.13376,50,50,0.3,3.253454,1.125773,9999,1,0.01,0.05,False,0.305868,0.577142,20
425,hourglass,auxetic,True,-0.6365465963858795,-0.45236335717803183,0.12920698149823084,49,True,7.29,,199.0,1e-09,2,150,0.114737,50,50,0.3,3.574149,1.140723,9999,1,0.01,0.05,False,0.368836,0.507401,20
426,hourglass,auxetic,True,-0.5921865287768274,-0.4313528121693864,0.11954492149913498,95,True,11.98,,199.0,1e-09,2,150,0.097647,50,50,0.3,2.941736,1.193058,9999,1,0.01,0.05,False,0.343788,0.531711,20
427,hourglass,auxetic,True,-0.5629456240747294,-0.40606610167567314,0.14197910593958296,57,True,6.41,,199.0,1e-09,2,150,0.098192,50,50,0.3,2.786741,1.166411,9999,1,0.01,0.05,False,0.293549,0.518433,20
428,hourglass,auxetic,True,-0.6466921941511817,-0.4192276321547934,0.1501450560647708,131,True,17.66,,199.0,1e-09,2,150,0.076397,50,50,0.3,3.049501,1.21018,9999,1,0.01,0.05,False,0.301205,0.545656,20
429,hourglass,auxetic,True,-0.6142578736932549,-0.42865716643025914,0.12613010977174222,150,True,19.58,,199.0,1e-09,2,150,0.133837,50,50,0.3,2.712142,1.212443,9999,1,0.01,0.05,False,0.379884,0.550902,20
430,hourglass,auxetic,True,-0.6174500217400755,-0.3882780500586928,0.17308658707386404,76,True,10.4,,199.0,1e-09,2,150,0.08818,50,50,0.3,2.920372,1.152687,9999,1,0.01,0.05,False,0.290534,0.501788,20
431,hourglass,auxetic,True,-0.5917321345704203,-0.4185036770515184,0.10478849355134046,98,True,14.01,,199.0,1e-09,2,150,0.092875,50,50,0.3,2.868646,1.084435,9999,1,0.01,0.05,False,0.325735,0.513059,20
432,hourglass,auxetic,True,-0.6639451340341243,-0.42606782147314454,0.07766686565648151,150,True,21.96,,199.0,1e-09,2,150,0.077484,50,50,0.3,2.707901,1.200923,9999,1,0.01,0.05,False,0.325312,0.560177,20
433,hourglass,auxetic,True,-0.6570167757186164,-0.45179176204669214,0.044548270696523895,136,True,23.11,,199.0,1e-09,2,150,0.086868,50,50,0.3,3.606754,1.121863,9999,1,0.01,0.05,False,0.354347,0.571856,20
434,hourglass,auxetic,True,-0.602913502166878,-0.4166721130343339,0.10740645284207562,150,True,21.21,,199.0,1e-09,2,150,0.079124,50,50,0.3,2.633921,1.21095,9999,1,0.01,0.05,False,0.293834,0.539441,20
435,hourglass,auxetic,True,-0.624442926133325,-0.42979544959499616,0.11690980641698256,150,True,20.47,,199.0,1e-09,2,150,0.107343,50,50,0.3,2.769006,1.202736,9999,1,0.01,0.05,False,0.316273,0.561121,20
436,hourglass,auxetic,True,-0.6165363815242277,-0.45559910292900696,0.06862434541721718,49,True,6.39,,199.0,1e-09,2,150,0.134803,50,50,0.3,2.88865,1.076653,9999,1,0.01,0.05,False,0.301982,0.54428,20
437,hourglass,auxetic,True,-0.6782731901942788,-0.4332647152931263,0.08668017199701328,150,True,19.55,,199.0,1e-09,2,150,0.093043,50,50,0.3,3.65149,1.087373,9999,1,0.01,0.05,False,0.313363,0.551053,20
438,hourglass,auxetic,True,-0.6628866229150884,-0.42663131639425483,0.08393069727190194,68,True,8.9,,199.0,1e-09,2,150,0.087734,50,50,0.3,2.905947,1.074034,9999,1,0.01,0.05,False,0.316982,0.533813,20
439,hourglass,auxetic,True,-0.6441361865273316,-0.3954937645082024,0.1401178536612686,51,True,7.24,,199.0,1e-09,2,150,0.09033,50,50,0.3,3.64781,1.0743,9999,1,0.01,0.05,False,0.305725,0.52462,20
440,hourglass,auxetic,True,-0.6695439383375426,-0.44438770163907776,0.119536608320579,57,True,8.19,,199.0,1e-09,2,150,0.140856,50,50,0.3,2.965966,1.171269,9999,1,0.01,0.05,False,0.361977,0.522799,20
441,hourglass,auxetic,True,-0.6448642784023266,-0.4311800899312602,0.06141532609698219,61,True,9.15,,199.0,1e-09,2,150,0.116079,50,50,0.3,2.76286,1.105264,9999,1,0.01,0.05,False,0.331285,0.571644,20
442,hourglass,auxetic,True,-0.7070985801244057,-0.43535565829424816,0.09462874184157,150,True,21.37,,199.0,1e-09,2,150,0.141807,50,50,0.3,3.299759,1.196688,9999,1,0.01,0.05,False,0.342751,0.578649,20
443,hourglass,auxetic,True,-0.6645781952560815,-0.4301628381553121,0.13001042950702046,36,True,4.82,,199.0,1e-09,2,150,0.139304,50,50,0.3,3.1211,1.10444,9999,1,0.01,0.05,False,0.375298,0.524779,20
444,hourglass,auxetic,True,-0.6148433548882589,-0.4103963317605163,0.13711224925211862,150,True,20.49,,199.0,1e-09,2,150,0.094118,50,50,0.3,2.737214,1.228874,9999,1,0.01,0.05,False,0.347093,0.554053,20
445,hourglass,auxetic,True,-0.5967846880759778,-0.47006263684859884,0.10000479859273315,38,True,5.34,,199.0,1e-09,2,150,0.141622,50,50,0.3,3.174273,1.07312,9999,1,0.01,0.05,False,0.318858,0.50577,20
446,hourglass,auxetic,True,-0.7019112654717665,-0.4345054457958928,0.11686684460080032,150,True,21.25,,199.0,1e-09,2,150,0.099708,50,50,0.3,2.702004,1.086142,9999,1,0.01,0.05,False,0.299892,0.556523,20
447,hourglass,auxetic,True,-0.49991561177915794,-0.40197292323145484,0.12819413894868958,67,True,9.41,,199.0,1e-09,2,150,0.104991,50,50,0.3,3.12788,1.130495,9999,1,0.01,0.05,False,0.350152,0.521534,20
448,hourglass,auxetic,True,-0.635352519867481,-0.43386982613719477,0.08377186529204295,65,True,8.01,,199.0,1e-09,2,150,0.128744,50,50,0.3,2.964741,1.108725,9999,1,0.01,0.05,False,0.3584,0.541067,20
449,hourglass,auxetic,True,-0.5359575804532002,-0.4577363042321614,0.0722664879444731,49,True,7.05,,199.0,1e-09,2,150,0.110541,50,50,0.3,3.442888,1.120092,9999,1,0.01,0.05,False,0.324332,0.520481,20
450,hourglass,auxetic,True,-0.600264941280246,-0.39087029320625294,0.11174021908946641,150,True,19.9,,199.0,1e-09,2,150,0.137205,50,50,0.3,2.636315,1.108337,9999,1,0.01,0.05,False,0.3715,0.559149,20
451,hourglass,auxetic,True,-0.5963085212428839,-0.4763922558748939,0.13347054403879643,44,True,6.18,,199.0,1e-09,2,150,0.143605,50,50,0.3,3.530512,1.165843,9999,1,0.01,0.05,False,0.350269,0.50138,20
452,hourglass,auxetic,True,-0.5694939808284899,-0.3969659346102133,0.20823860370310587,50,True,7.28,,199.0,1e-09,2,150,0.084003,50,50,0.3,3.128752,1.224083,9999,1,0.01,0.05,False,0.376744,0.505311,20
453,hourglass,auxetic,True,-0.5125910286497233,-0.44066932092818534,0.10721874100947171,77,True,10.71,,199.0,1e-09,2,150,0.107644,50,50,0.3,3.511973,1.217265,9999,1,0.01,0.05,False,0.318762,0.549903,20
454,hourglass,auxetic,True,-0.6049141228166047,-0.42667525583415117,0.20186144914697257,150,True,21.16,,199.0,1e-09,2,150,0.116419,50,50,0.3,2.597308,1.193608,9999,1,0.01,0.05,False,0.364993,0.500725,20
455,hourglass,auxetic,True,-0.6149523546587967,-0.41887000363462695,0.14795762555565162,50,True,7.45,,199.0,1e-09,2,150,0.106339,50,50,0.3,3.445034,1.107777,9999,1,0.01,0.05,False,0.292067,0.505396,20
456,hourglass,auxetic,True,-0.6531887043592288,-0.4084307436636075,0.10346925763186021,59,True,8.34,,199.0,1e-09,2,150,0.082528,50,50,0.3,2.979311,1.165188,9999,1,0.01,0.05,False,0.3236,0.568878,20
457,hourglass,auxetic,True,-0.6273758428105076,-0.445973896552093,0.05755290663289325,150,True,21.2,,199.0,1e-09,2,150,0.140917,50,50,0.3,2.671272,1.069876,9999,1,0.01,0.05,False,0.380354,0.553544,20
458,hourglass,auxetic,True,-0.6512589434799176,-0.4489205137278527,0.028260307209643787,70,True,10.22,,199.0,1e-09,2,150,0.080143,50,50,0.3,3.263175,1.063203,9999,1,0.01,0.05,False,0.305005,0.540975,20
459,hourglass,auxetic,True,-0.6194148975793726,-0.3526508521076894,0.06871681954418385,55,True,8.08,,199.0,1e-09,2,150,0.092797,50,50,0.3,2.58322,1.177625,9999,1,0.01,0.05,False,0.356054,0.578141,20
460,hourglass,auxetic,True,-0.6384129295830692,-0.43490145843474887,0.02544897544317659,150,True,17.85,,199.0,1e-09,2,150,0.08006,50,50,0.3,2.805142,1.206698,9999,1,0.01,0.05,False,0.291818,0.582298,20
461,hourglass,auxetic,True,-0.6612262259134651,-0.44974743372388154,0.10151970361002849,150,True,19.26,,199.0,1e-09,2,150,0.092335,50,50,0.3,2.939757,1.116315,9999,1,0.01,0.05,False,0.315317,0.550301,20
462,hourglass,auxetic,True,-0.6293479042449509,-0.40864379817348956,0.16798841923528218,150,True,21.08,,199.0,1e-09,2,150,0.130786,50,50,0.3,3.086319,1.233603,9999,1,0.01,0.05,False,0.298143,0.529375,20
463,hourglass,auxetic,True,-0.6269080471147819,-0.4265363009348271,0.1342373353171269,150,True,18.99,,199.0,1e-09,2,150,0.113032,50,50,0.3,2.698186,1.241126,9999,1,0.01,0.05,False,0.3323,0.535568,20
464,hourglass,auxetic,True,-0.5880067255661705,-0.45551497001668934,0.06290103746727793,84,True,11.12,,199.0,1e-09,2,150,0.125271,50,50,0.3,3.652658,1.13174,9999,1,0.01,0.05,False,0.342591,0.54343,20
465,hourglass,auxetic,True,-0.5965347791990951,-0.41171163691836926,0.0896927043655672,67,True,9.18,,199.0,1e-09,2,150,0.08279,50,50,0.3,2.764135,1.097929,9999,1,0.01,0.05,False,0.306414,0.528904,20
466,hourglass,auxetic,True,-0.5852044216249191,-0.4516326335165772,0.13913596127131866,84,True,12.7,,199.0,1e-09,2,150,0.080355,50,50,0.3,2.984525,1.246431,9999,1,0.01,0.05,False,0.303708,0.511152,20
467,hourglass,auxetic,True,-0.6518418976513708,-0.4169875032126419,0.061725675814199854,150,True,19.55,,199.0,1e-09,2,150,0.103635,50,50,0.3,3.032922,1.071671,9999,1,0.01,0.05,False,0.311221,0.534291,20
468,hourglass,auxetic,True,-0.6114653029714583,-0.4329216732249133,0.13980360807560144,150,True,21.28,,199.0,1e-09,2,150,0.097292,50,50,0.3,3.291566,1.166637,9999,1,0.01,0.05,False,0.319479,0.533485,20
469,hourglass,auxetic,True,-0.6374747990524856,-0.43495687954945667,0.11549903971664621,150,True,21.34,,199.0,1e-09,2,150,0.104443,50,50,0.3,2.825407,1.148127,9999,1,0.01,0.05,False,0.38017,0.528261,20
470,hourglass,auxetic,True,-0.6228525192081509,-0.43036781039386446,0.14977771762459358,150,True,25.49,,199.0,1e-09,2,150,0.084924,50,50,0.3,2.827195,1.208283,9999,1,0.01,0.05,False,0.362354,0.523056,20
471,hourglass,auxetic,True,-0.666504323022174,-0.4004314685765802,0.15425586214848785,150,True,20.09,,199.0,1e-09,2,150,0.075512,50,50,0.3,3.354757,1.192489,9999,1,0.01,0.05,False,0.313405,0.542858,20
472,hourglass,auxetic,True,-0.6194165117108653,-0.43858985261268774,0.13787618441780392,65,True,9.02,,199.0,1e-09,2,150,0.081707,50,50,0.3,3.106741,1.205002,9999,1,0.01,0.05,False,0.318309,0.546833,20
473,hourglass,auxetic,True,-0.6365641052794203,-0.4014761746512553,0.1254000754569099,58,True,8.06,,199.0,1e-09,2,150,0.112225,50,50,0.3,2.717653,1.069005,9999,1,0.01,0.05,False,0.340522,0.550217,20
474,hourglass,auxetic,True,-0.5873011536790909,-0.40896768040728926,0.16615518747580071,63,True,8.75,,199.0,1e-09,2,150,0.084603,50,50,0.3,3.011705,1.185988,9999,1,0.01,0.05,False,0.370475,0.508238,20
475,hourglass,auxetic,True,-0.5700643788434634,-0.4314102040363437,0.0708412500001998,61,True,8.54,,199.0,1e-09,2,150,0.099399,50,50,0.3,3.13647,1.075256,9999,1,0.01,0.05,False,0.346492,0.550867,20
476,hourglass,auxetic,True,-0.6207174905705242,-0.41793932448001186,0.13964740841095702,73,True,10.67,,199.0,1e-09,2,150,0.093075,50,50,0.3,3.228344,1.185362,9999,1,0.01,0.05,False,0.315596,0.508052,20
477,hourglass,auxetic,True,-0.5978769458722158,-0.47513355845637356,0.13860601717325038,63,True,8.96,,199.0,1e-09,2,150,0.120453,50,50,0.3,2.564593,1.07281,9999,1,0.01,0.05,False,0.308164,0.507729,20
478,hourglass,auxetic,True,-0.6152444785831523,-0.37081420567058443,0.15831389580595268,41,True,5.85,,199.0,1e-09,2,150,0.091929,50,50,0.3,2.631105,1.136067,9999,1,0.01,0.05,False,0.297011,0.548543,20
479,hourglass,auxetic,True,-0.558527466919732,-0.45783377437437767,0.05892081394581472,39,True,5.44,,199.0,1e-09,2,150,0.123633,50,50,0.3,3.534165,1.146062,9999,1,0.01,0.05,False,0.321518,0.536637,20
480,hourglass,auxetic,True,-0.6423015241189929,-0.4322630287650896,0.12361179790231402,74,True,10.72,,199.0,1e-09,2,150,0.119082,50,50,0.3,3.31492,1.221983,9999,1,0.01,0.05,False,0.309449,0.575354,20
481,hourglass,auxetic,True,-0.623267438140624,-0.4574502612456715,0.15080972228971112,150,True,22.1,,199.0,1e-09,2,150,0.123788,50,50,0.3,2.665832,1.064756,9999,1,0.01,0.05,False,0.288486,0.506368,20
482,hourglass,auxetic,True,-0.6253351961745356,-0.40422489368012593,0.1284471246696689,150,True,20.63,,199.0,1e-09,2,150,0.090889,50,50,0.3,2.677644,1.216251,9999,1,0.01,0.05,False,0.345047,0.542815,20
483,hourglass,auxetic,True,-0.6626105732344287,-0.4364914021820687,0.08410061954227566,150,True,19.61,,199.0,1e-09,2,150,0.111126,50,50,0.3,3.379636,1.154286,9999,1,0.01,0.05,False,0.305539,0.561829,20
484,hourglass,auxetic,True,-0.6088672360170745,-0.422081603147396,0.12427279000234959,56,True,7.82,,199.0,1e-09,2,150,0.086021,50,50,0.3,3.637279,1.20226,9999,1,0.01,0.05,False,0.357767,0.500532,20
485,hourglass,auxetic,True,-0.6337116510001208,-0.4311477613976076,0.1159511143286811,104,True,13.95,,199.0,1e-09,2,150,0.085008,50,50,0.3,3.482087,1.098895,9999,1,0.01,0.05,False,0.309363,0.524266,20
486,hourglass,auxetic,True,-0.6065436100272978,-0.4003712631688496,0.11884715135309254,150,True,21.11,,199.0,1e-09,2,150,0.116317,50,50,0.3,3.435829,1.174609,9999,1,0.01,0.05,False,0.329035,0.57301,20
487,hourglass,auxetic,True,-0.6108492236966436,-0.4410219031066819,0.06562717161392284,53,True,7.67,,199.0,1e-09,2,150,0.117184,50,50,0.3,3.22083,1.116639,9999,1,0.01,0.05,False,0.312102,0.579297,20
488,hourglass,auxetic,True,-0.5184684701016642,-0.4463432977526358,0.04869335632420402,55,True,7.31,,199.0,1e-09,2,150,0.115874,50,50,0.3,3.655498,1.07277,9999,1,0.01,0.05,False,0.303199,0.529052,20
489,hourglass,auxetic,True,-0.5681270066114481,-0.42177132642016957,0.1364119626532403,53,True,7.63,,199.0,1e-09,2,150,0.100779,50,50,0.3,3.356812,1.199342,9999,1,0.01,0.05,False,0.309945,0.510218,20
490,hourglass,auxetic,True,-0.5633720476141182,-0.4229596199651653,0.11251782855766412,92,True,12.99,,199.0,1e-09,2,150,0.097341,50,50,0.3,3.466868,1.160965,9999,1,0.01,0.05,False,0.320871,0.544704,20
491,hourglass,auxetic,True,-0.6151285383905797,-0.43847350581826194,0.0954411573403382,52,True,6.04,,199.0,1e-09,2,150,0.126921,50,50,0.3,2.577186,1.209301,9999,1,0.01,0.05,False,0.37959,0.572218,20
492,hourglass,auxetic,True,-0.6613566155548161,-0.3960238201269407,0.17947608957683014,43,True,5.62,,199.0,1e-09,2,150,0.109356,50,50,0.3,3.350008,1.21388,9999,1,0.01,0.05,False,0.328849,0.544203,20
493,hourglass,auxetic,True,-0.6325213356419702,-0.43021281743669126,0.10316377699564105,150,True,20.14,,199.0,1e-09,2,150,0.078813,50,50,0.3,3.401709,1.18205,9999,1,0.01,0.05,False,0.341877,0.554149,20
494,hourglass,auxetic,True,-0.707120726140053,-0.4434137174027094,0.09163370602428889,150,True,19.06,,199.0,1e-09,2,150,0.078734,50,50,0.3,2.669199,1.075945,9999,1,0.01,0.05,False,0.360303,0.530299,20
495,hourglass,auxetic,True,-0.5996013736931279,-0.4271988031970477,0.12216401014446987,42,True,6.47,,199.0,1e-09,2,150,0.132168,50,50,0.3,3.569431,1.220283,9999,1,0.01,0.05,False,0.371818,0.555483,20
496,hourglass,auxetic,True,-0.681484662567618,-0.40399804249586246,0.13145407623143568,150,True,20.92,,199.0,1e-09,2,150,0.07766,50,50,0.3,3.234436,1.10719,9999,1,0.01,0.05,False,0.377424,0.508503,20
497,hourglass,auxetic,True,-0.650682939362545,-0.3839202228310975,0.10477605065285023,91,True,12.63,,199.0,1e-09,2,150,0.079274,50,50,0.3,2.731963,1.231104,9999,1,0.01,0.05,False,0.379241,0.575546,20
498,hourglass,auxetic,True,-0.6672234128434782,-0.4263968959047921,0.14337663111426102,47,True,7.13,,199.0,1e-09,2,150,0.140234,50,50,0.3,3.035868,1.112148,9999,1,0.01,0.05,False,0.301302,0.515904,20
499,hourglass,auxetic,True,-0.6188073287331214,-0.428368309037209,0.09588779454802132,68,True,9.97,,199.0,1e-09,2,150,0.078169,50,50,0.3,2.845346,1.081157,9999,1,0.01,0.05,False,0.367353,0.52536,20
500,hourglass,auxetic,True,-0.660210977252597,-0.43514074745247505,0.08153711425507204,150,True,20.74,,199.0,1e-09,2,150,0.106826,50,50,0.3,3.063985,1.06025,9999,1,0.01,0.05,False,0.367837,0.584887,20
501,hourglass,auxetic,True,-0.6375172750126771,-0.40783257136616247,0.1278753643885061,150,True,20.79,,199.0,1e-09,2,150,0.11143,50,50,0.3,2.775277,1.115506,9999,1,0.01,0.05,False,0.293389,0.546568,20
502,hourglass,auxetic,True,-0.6175794383055553,-0.40677414083579416,0.14060281996225088,150,True,21.41,,199.0,1e-09,2,150,0.101454,50,50,0.3,2.812067,1.233857,9999,1,0.01,0.05,False,0.33171,0.571548,20
503,hourglass,auxetic,True,-0.7059828727506119,-0.4213388967253632,0.07535959519447888,111,True,14.8,,199.0,1e-09,2,150,0.079547,50,50,0.3,2.933655,1.129421,9999,1,0.01,0.05,False,0.345935,0.578761,20
504,hourglass,auxetic,True,-0.6540504319867971,-0.43126322211436213,0.12125355348055333,61,True,8.86,,199.0,1e-09,2,150,0.106582,50,50,0.3,3.196678,1.164839,9999,1,0.01,0.05,False,0.327456,0.561298,20
505,hourglass,auxetic,True,-0.6271685170297298,-0.44560218257684214,0.11930995559180324,92,True,13.56,,199.0,1e-09,2,150,0.114072,50,50,0.3,3.344028,1.147753,9999,1,0.01,0.05,False,0.359214,0.50445,20
506,hourglass,auxetic,True,-0.66929564798244,-0.44027049075821956,0.12998135678655853,150,True,18.92,,199.0,1e-09,2,150,0.137411,50,50,0.3,2.643344,1.16502,9999,1,0.01,0.05,False,0.329968,0.508118,20
507,hourglass,auxetic,True,-0.6269790130196081,-0.4488507855202492,0.016713365238682942,150,True,19.8,,199.0,1e-09,2,150,0.0766,50,50,0.3,2.613707,1.089813,9999,1,0.01,0.05,False,0.37642,0.559062,20
508,hourglass,auxetic,True,-0.7363793595300475,-0.4190027127770029,0.055046102279378895,150,True,19.19,,199.0,1e-09,2,150,0.132864,50,50,0.3,3.493849,1.077853,9999,1,0.01,0.05,False,0.365591,0.574539,20
509,hourglass,auxetic,True,-0.6495096677115867,-0.43650136975000636,0.12981852152818996,63,True,9.07,,199.0,1e-09,2,150,0.082003,50,50,0.3,3.452859,1.242484,9999,1,0.01,0.05,False,0.355246,0.57202,20
510,hourglass,auxetic,True,-0.5737723413321445,-0.4640389791196697,0.14080756550757456,38,True,5.7,,199.0,1e-09,2,150,0.115433,50,50,0.3,3.445977,1.234948,9999,1,0.01,0.05,False,0.290293,0.519442,20
511,hourglass,auxetic,True,-0.6392311420162887,-0.44778896345644703,0.03919317639398601,60,True,8.89,,199.0,1e-09,2,150,0.139528,50,50,0.3,3.190915,1.145941,9999,1,0.01,0.05,False,0.379943,0.577244,20
512,hourglass,auxetic,True,-0.6355804178400976,-0.43564816229554126,0.112280207511534,110,True,15.91,,199.0,1e-09,2,150,0.105571,50,50,0.3,2.57928,1.172155,9999,1,0.01,0.05,False,0.322284,0.53996,20
513,hourglass,auxetic,True,-0.6321278707996156,-0.40781785532000436,0.1200270152474382,150,True,21.62,,199.0,1e-09,2,150,0.105734,50,50,0.3,3.047362,1.221813,9999,1,0.01,0.05,False,0.300176,0.580983,20
514,hourglass,auxetic,True,-0.6183065743483079,-0.4312545112449886,0.09680103895697878,150,True,21.71,,199.0,1e-09,2,150,0.112476,50,50,0.3,2.710398,1.106044,9999,1,0.01,0.05,False,0.337895,0.557397,20
515,hourglass,auxetic,True,-0.6765340283948852,-0.4202950661226119,0.12982165395554557,150,True,21.1,,199.0,1e-09,2,150,0.088288,50,50,0.3,2.79342,1.129016,9999,1,0.01,0.05,False,0.339035,0.529907,20
516,hourglass,auxetic,True,-0.6285963702002237,-0.4396241182589569,0.12218306890705344,68,True,8.3,,199.0,1e-09,2,150,0.075949,50,50,0.3,3.142232,1.158093,9999,1,0.01,0.05,False,0.292263,0.542616,20
517,hourglass,auxetic,True,-0.5120810827332639,-0.4456099383760574,0.13286072901462953,38,True,5.01,,199.0,1e-09,2,150,0.107853,50,50,0.3,3.247134,1.139005,9999,1,0.01,0.05,False,0.332596,0.51254,20
518,hourglass,auxetic,True,-0.641363862645555,-0.40181175068673664,0.10760046069890206,150,True,20.99,,199.0,1e-09,2,150,0.143378,50,50,0.3,3.394922,1.149645,9999,1,0.01,0.05,False,0.33484,0.553923,20
519,hourglass,auxetic,True,-0.6075321005392408,-0.4876281084447452,0.09211480313615505,51,True,6.41,,199.0,1e-09,2,150,0.139659,50,50,0.3,3.271487,1.175192,9999,1,0.01,0.05,False,0.292745,0.519315,20
520,hourglass,auxetic,True,-0.6784266059222349,-0.42727294937807436,0.04935581006314815,53,True,7.77,,199.0,1e-09,2,150,0.111848,50,50,0.3,3.425682,1.07955,9999,1,0.01,0.05,False,0.354755,0.566063,20
521,hourglass,auxetic,True,-0.7195441268374878,-0.4761375815882808,0.13862274135457897,150,True,18.53,,199.0,1e-09,2,150,0.094153,50,50,0.3,2.862762,1.063509,9999,1,0.01,0.05,False,0.345317,0.515857,20
522,hourglass,auxetic,True,-0.5911285891438616,-0.40517231185396096,0.15214495387651938,150,True,21.84,,199.0,1e-09,2,150,0.128351,50,50,0.3,2.706181,1.226457,9999,1,0.01,0.05,False,0.319881,0.511069,20
523,hourglass,auxetic,True,-0.5478387386771432,-0.440184742406148,0.059419199537704026,46,True,6.77,,199.0,1e-09,2,150,0.13427,50,50,0.3,3.269488,1.153234,9999,1,0.01,0.05,False,0.359523,0.516274,20
524,hourglass,auxetic,True,-0.6303591760859835,-0.4328528275510318,0.09668124535744027,150,True,19.95,,199.0,1e-09,2,150,0.090607,50,50,0.3,2.754749,1.128416,9999,1,0.01,0.05,False,0.291529,0.549363,20
525,hourglass,auxetic,True,-0.5694984225038092,-0.45583644586842736,0.1492321489317625,66,True,8.64,,199.0,1e-09,2,150,0.095628,50,50,0.3,3.008653,1.239449,9999,1,0.01,0.05,False,0.335425,0.507049,20
526,hourglass,auxetic,True,-0.6486689481083471,-0.4513606183888692,0.058899410919472595,60,True,7.6,,199.0,1e-09,2,150,0.13759,50,50,0.3,3.072419,1.088769,9999,1,0.01,0.05,False,0.284972,0.533072,20
527,hourglass,auxetic,True,-0.5912912493328515,-0.4824430893196997,0.13207749003889047,102,True,13.48,,199.0,1e-09,2,150,0.110192,50,50,0.3,3.473758,1.206302,9999,1,0.01,0.05,False,0.367529,0.517798,20
528,hourglass,auxetic,True,-0.666019532230735,-0.44623179945192676,0.09248341131608984,150,True,20.66,,199.0,1e-09,2,150,0.094386,50,50,0.3,3.464755,1.145177,9999,1,0.01,0.05,False,0.349933,0.572658,20
529,hourglass,auxetic,True,-0.602074168661607,-0.38953359746008576,0.17170969570791172,64,True,9.24,,199.0,1e-09,2,150,0.090471,50,50,0.3,2.840485,1.228581,9999,1,0.01,0.05,False,0.364513,0.518843,20
530,hourglass,auxetic,True,-0.6204992692267945,-0.4482265917506402,0.05477043905889445,50,True,7.02,,199.0,1e-09,2,150,0.128878,50,50,0.3,3.370918,1.085715,9999,1,0.01,0.05,False,0.376173,0.547105,20
531,hourglass,auxetic,True,-0.6846416978629781,-0.4355659809858204,0.07481143626647402,80,True,11.5,,199.0,1e-09,2,150,0.11973,50,50,0.3,3.590486,1.199557,9999,1,0.01,0.05,False,0.331089,0.583592,20
532,hourglass,auxetic,True,-0.6024190190610459,-0.42532688792408907,0.09431716415687563,150,True,20.72,,199.0,1e-09,2,150,0.076775,50,50,0.3,2.618064,1.155943,9999,1,0.01,0.05,False,0.366989,0.533258,20
533,hourglass,auxetic,True,-0.6370491549738149,-0.44091810309084345,0.09091940607828253,70,True,8.83,,199.0,1e-09,2,150,0.120495,50,50,0.3,2.934761,1.093631,9999,1,0.01,0.05,False,0.320115,0.531218,20
534,hourglass,auxetic,True,-0.567472343802094,-0.40445806217056485,0.08871653770382537,87,True,11.34,,199.0,1e-09,2,150,0.084433,50,50,0.3,3.159499,1.0841,9999,1,0.01,0.05,False,0.326893,0.530865,20
535,hourglass,auxetic,True,-0.7054110996147595,-0.43456373803175646,0.0992556911587279,67,True,8.9,,199.0,1e-09,2,150,0.141502,50,50,0.3,3.131436,1.142048,9999,1,0.01,0.05,False,0.289187,0.559372,20
536,hourglass,auxetic,True,-0.6441699240227402,-0.3929105555932738,0.07439467333514604,86,True,12.42,,199.0,1e-09,2,150,0.089179,50,50,0.3,3.098646,1.162774,9999,1,0.01,0.05,False,0.317197,0.583005,20
537,hourglass,auxetic,True,-0.5099647412255782,-0.44536534040685033,0.11178023121726677,69,True,9.2,,199.0,1e-09,2,150,0.097862,50,50,0.3,3.078914,1.169988,9999,1,0.01,0.05,False,0.374258,0.515524,20
538,hourglass,auxetic,True,-0.6095820138792098,-0.3871132980057958,0.10285273331153988,74,True,10.69,,199.0,1e-09,2,150,0.075438,50,50,0.3,3.399963,1.065859,9999,1,0.01,0.05,False,0.339449,0.53892,20
539,hourglass,auxetic,True,-0.6531474227519348,-0.44305990493339814,0.05140007381868772,60,True,8.95,,199.0,1e-09,2,150,0.11933,50,50,0.3,3.657077,1.138605,9999,1,0.01,0.05,False,0.331452,0.574301,20
540,hourglass,auxetic,True,-0.5826434697653016,-0.39378695344091463,0.18916694971568782,150,True,21.54,,199.0,1e-09,2,150,0.07968,50,50,0.3,3.421961,1.213303,9999,1,0.01,0.05,False,0.366249,0.515244,20
541,hourglass,auxetic,True,-0.6142557315620778,-0.44783546152348325,0.09044380162659083,38,True,5.33,,199.0,1e-09,2,150,0.11709,50,50,0.3,3.371689,1.098128,9999,1,0.01,0.05,False,0.349684,0.503901,20
542,hourglass,auxetic,True,-0.5449843068691418,-0.46740394115053535,0.12142810346259691,39,True,4.99,,199.0,1e-09,2,150,0.133527,50,50,0.3,2.796557,1.099193,9999,1,0.01,0.05,False,0.342481,0.501648,20
543,hourglass,auxetic,True,-0.6159131157988464,-0.40411272805016957,0.1720219795656125,43,True,6.1,,199.0,1e-09,2,150,0.10232,50,50,0.3,3.335058,1.19164,9999,1,0.01,0.05,False,0.28799,0.50324,20
544,hourglass,auxetic,True,-0.6362448909822962,-0.3890311075107922,0.1796810037424933,99,True,13.69,,199.0,1e-09,2,150,0.080775,50,50,0.3,3.099868,1.200373,9999,1,0.01,0.05,False,0.349256,0.512788,20
545,hourglass,auxetic,True,-0.6071471195256378,-0.4491254933791791,0.14805107570957066,63,True,8.98,,199.0,1e-09,2,150,0.120111,50,50,0.3,3.135441,1.123743,9999,1,0.01,0.05,False,0.324851,0.526958,20
546,hourglass,auxetic,True,-0.6792440248194014,-0.47370725590750795,0.04798272828138617,150,True,22.08,,199.0,1e-09,2,150,0.091309,50,50,0.3,3.414995,1.075099,9999,1,0.01,0.05,False,0.348454,0.570309,20
547,hourglass,auxetic,True,-0.6618031954810935,-0.4843794121727967,0.010473199047498438,73,True,10.52,,199.0,1e-09,2,150,0.102728,50,50,0.3,3.48329,1.06998,9999,1,0.01,0.05,False,0.28448,0.565225,20
548,hourglass,auxetic,True,-0.6272172106073601,-0.4377627021727517,0.10512880974445071,47,True,6.73,,199.0,1e-09,2,150,0.07846,50,50,0.3,3.601117,1.186661,9999,1,0.01,0.05,False,0.375628,0.568982,20
549,hourglass,auxetic,True,-0.5696058414264479,-0.42055577342400696,0.06119271023929995,62,True,8.83,,199.0,1e-09,2,150,0.098634,50,50,0.3,3.256996,1.067007,9999,1,0.01,0.05,False,0.338734,0.560335,20
550,hourglass,auxetic,True,-0.6132633954167445,-0.4100779606100728,0.07892920267797976,70,True,9.67,,199.0,1e-09,2,150,0.079936,50,50,0.3,2.648897,1.195,9999,1,0.01,0.05,False,0.289483,0.579427,20
551,hourglass,auxetic,True,-0.6402712219248873,-0.43123981961491087,0.08303584648161244,43,True,6.14,,199.0,1e-09,2,150,0.10581,50,50,0.3,3.23952,1.110962,9999,1,0.01,0.05,False,0.333628,0.560744,20
552,hourglass,auxetic,True,-0.6293355628576277,-0.4265603226454923,0.0940227395480091,69,True,9.73,,199.0,1e-09,2,150,0.108269,50,50,0.3,2.652136,1.148582,9999,1,0.01,0.05,False,0.370233,0.584423,20
553,hourglass,auxetic,True,-0.6198784890802642,-0.4260463108480751,0.14646972602318264,150,True,21.73,,199.0,1e-09,2,150,0.135886,50,50,0.3,3.043956,1.189535,9999,1,0.01,0.05,False,0.379691,0.521368,20
554,hourglass,auxetic,True,-0.7298577966763973,-0.4097643873702917,0.09998830538365777,85,True,12.38,,199.0,1e-09,2,150,0.133244,50,50,0.3,3.478809,1.09546,9999,1,0.01,0.05,False,0.373378,0.530315,20
555,hourglass,auxetic,True,-0.6732002940762603,-0.4320790526211039,0.06081587475023442,80,True,11.36,,199.0,1e-09,2,150,0.122206,50,50,0.3,3.288357,1.110349,9999,1,0.01,0.05,False,0.329478,0.571269,20
556,hourglass,auxetic,True,-0.5117887567383229,-0.4258012126161665,0.13805157021888215,45,True,6.23,,199.0,1e-09,2,150,0.103558,50,50,0.3,3.241874,1.123288,9999,1,0.01,0.05,False,0.324973,0.516819,20
557,hourglass,auxetic,True,-0.5860284824338485,-0.46578558483019805,0.1278015974773059,109,True,15.46,,199.0,1e-09,2,150,0.11487,50,50,0.3,3.579755,1.235889,9999,1,0.01,0.05,False,0.309097,0.539665,20
558,hourglass,auxetic,True,-0.651958031340235,-0.405830300298425,0.04234497997495745,118,True,15.05,,199.0,1e-09,2,150,0.091118,50,50,0.3,2.608194,1.121195,9999,1,0.01,0.05,False,0.302684,0.575637,20
559,hourglass,auxetic,True,-0.6009383815266752,-0.4528546528237987,0.045686867407370935,81,True,10.42,,199.0,1e-09,2,150,0.085364,50,50,0.3,3.631291,1.098521,9999,1,0.01,0.05,False,0.377902,0.564233,20
560,hourglass,auxetic,True,-0.6375878213367154,-0.38233616201066506,0.1711976828727697,150,True,19.29,,199.0,1e-09,2,150,0.101259,50,50,0.3,2.969013,1.095131,9999,1,0.01,0.05,False,0.290014,0.501932,20
561,hourglass,auxetic,True,-0.6181341671660766,-0.4094254312139391,0.13950436853938875,150,True,21.26,,199.0,1e-09,2,150,0.140692,50,50,0.3,3.311265,1.172625,9999,1,0.01,0.05,False,0.320327,0.53731,20
562,hourglass,auxetic,True,-0.6160113811854423,-0.43186172534422596,0.1369211271555697,123,True,16.83,,199.0,1e-09,2,150,0.076886,50,50,0.3,2.985826,1.169452,9999,1,0.01,0.05,False,0.294875,0.510554,20
563,hourglass,auxetic,True,-0.5858071642538976,-0.4215102116929917,0.12227138325725606,46,True,6.29,,199.0,1e-09,2,150,0.138256,50,50,0.3,3.492701,1.211863,9999,1,0.01,0.05,False,0.290898,0.554325,20
564,hourglass,auxetic,True,-0.687015870320404,-0.45303140694147453,0.09437093211638314,150,True,20.65,,199.0,1e-09,2,150,0.097178,50,50,0.3,3.505671,1.181225,9999,1,0.01,0.05,False,0.341575,0.553086,20
565,hourglass,auxetic,True,-0.6285712276528674,-0.4363300888743108,0.09191028497867249,78,True,11.54,,199.0,1e-09,2,150,0.117649,50,50,0.3,3.402442,1.100303,9999,1,0.01,0.05,False,0.326175,0.50024,20
566,hourglass,auxetic,True,-0.6576429252674115,-0.4210610411691189,0.15254237948819105,38,True,4.9,,199.0,1e-09,2,150,0.138058,50,50,0.3,2.802451,1.192404,9999,1,0.01,0.05,False,0.354241,0.51357,20
567,hourglass,auxetic,True,-0.6495728918764071,-0.41995552224675575,0.09268426240593597,150,True,19.09,,199.0,1e-09,2,150,0.109135,50,50,0.3,2.739258,1.145269,9999,1,0.01,0.05,False,0.297711,0.553674,20
568,hourglass,auxetic,True,-0.5589101683600177,-0.4535531669787775,0.1506218397784549,72,True,10.22,,199.0,1e-09,2,150,0.115694,50,50,0.3,2.993108,1.241939,9999,1,0.01,0.05,False,0.312987,0.506134,20
569,hourglass,auxetic,True,-0.6685245047756574,-0.4369326467538985,0.12518347431726828,129,True,18.45,,199.0,1e-09,2,150,0.08569,50,50,0.3,2.895055,1.19849,9999,1,0.01,0.05,False,0.293056,0.541637,20
570,hourglass,auxetic,True,-0.5996586748750519,-0.4298529852701517,0.09910903976060426,150,True,21.54,,199.0,1e-09,2,150,0.080924,50,50,0.3,3.266216,1.152108,9999,1,0.01,0.05,False,0.351098,0.546339,20
571,hourglass,auxetic,True,-0.6130059569586628,-0.45491206411842944,0.10015392296895953,150,True,20.03,,199.0,1e-09,2,150,0.142015,50,50,0.3,3.25134,1.12753,9999,1,0.01,0.05,False,0.329151,0.4999,20
572,hourglass,auxetic,True,-0.6819935424632138,-0.44431358977216917,0.12373951105065606,150,True,21.54,,199.0,1e-09,2,150,0.091889,50,50,0.3,3.267328,1.178117,9999,1,0.01,0.05,False,0.294202,0.531832,20
573,hourglass,auxetic,True,-0.6557346368798931,-0.44215036302138094,0.11610601372616336,48,True,6.37,,199.0,1e-09,2,150,0.115543,50,50,0.3,3.276258,1.213045,9999,1,0.01,0.05,False,0.3531,0.575065,20
574,hourglass,auxetic,True,-0.6306473032485057,-0.43577513392382866,0.10227300736164191,105,True,12.8,,199.0,1e-09,2,150,0.097056,50,50,0.3,3.163216,1.192762,9999,1,0.01,0.05,False,0.32873,0.552878,20
575,hourglass,auxetic,True,-0.6613530024345937,-0.4054565224940271,0.10641040506865751,150,True,20.5,,199.0,1e-09,2,150,0.102348,50,50,0.3,3.373476,1.061137,9999,1,0.01,0.05,False,0.306026,0.584263,20
576,hourglass,auxetic,True,-0.649327837722642,-0.41322810900672813,0.08626667014694112,150,True,20.01,,199.0,1e-09,2,150,0.0889,50,50,0.3,2.60223,1.124684,9999,1,0.01,0.05,False,0.313598,0.552913,20
577,hourglass,auxetic,True,-0.5592964841429853,-0.3995574553479756,0.12671157613438822,150,True,21.28,,199.0,1e-09,2,150,0.120648,50,50,0.3,2.705405,1.139385,9999,1,0.01,0.05,False,0.344093,0.545801,20
578,hourglass,auxetic,True,-0.6464955387120909,-0.4291075689654857,0.07941886982564761,150,True,20.05,,199.0,1e-09,2,150,0.078002,50,50,0.3,3.274509,1.076826,9999,1,0.01,0.05,False,0.342923,0.546695,20
579,hourglass,auxetic,True,-0.6551443042348648,-0.41259903967608536,0.07699753311281554,57,True,8.4,,199.0,1e-09,2,150,0.087255,50,50,0.3,2.780091,1.183326,9999,1,0.01,0.05,False,0.34495,0.576771,20
580,hourglass,auxetic,True,-0.6655297975697559,-0.45318498589358935,0.11481383244748,116,True,16.14,,199.0,1e-09,2,150,0.124782,50,50,0.3,3.283795,1.242161,9999,1,0.01,0.05,False,0.336449,0.550669,20
581,hourglass,auxetic,True,-0.6235158071516211,-0.4359792048875611,0.040920427337622356,65,True,9.62,,199.0,1e-09,2,150,0.089792,50,50,0.3,3.21867,1.079791,9999,1,0.01,0.05,False,0.291952,0.569425,20
582,hourglass,auxetic,True,-0.5900748208425062,-0.43991320067858136,0.014891850678708018,150,True,21.57,,199.0,1e-09,2,150,0.077009,50,50,0.3,2.616774,1.108905,9999,1,0.01,0.05,False,0.366748,0.563008,20
583,hourglass,auxetic,True,-0.5684884924136437,-0.47025772977947383,0.10395606457894468,70,True,9.1,,199.0,1e-09,2,150,0.13003,50,50,0.3,3.246678,1.220217,9999,1,0.01,0.05,False,0.348135,0.527652,20
584,hourglass,auxetic,True,-0.5714918447061261,-0.437285129525736,0.1167942267990395,150,True,20.46,,199.0,1e-09,2,150,0.127978,50,50,0.3,2.770703,1.122678,9999,1,0.01,0.05,False,0.314987,0.551941,20
585,hourglass,auxetic,True,-0.6850855485830167,-0.438750668997197,-0.0014364115095681917,56,True,7.81,,199.0,1e-09,2,150,0.143706,50,50,0.3,3.469273,1.07931,9999,1,0.01,0.05,False,0.351925,0.576999,20
586,hourglass,auxetic,True,-0.5249321729340534,-0.4334711613652561,0.1430308703209009,55,True,8.49,,199.0,1e-09,2,150,0.098086,50,50,0.3,3.097379,1.22225,9999,1,0.01,0.05,False,0.327983,0.504599,20
587,hourglass,auxetic,True,-0.6602882164279069,-0.4238842419133514,0.10975758309532946,150,True,20.77,,199.0,1e-09,2,150,0.134354,50,50,0.3,3.296978,1.245643,9999,1,0.01,0.05,False,0.361728,0.557328,20
588,hourglass,auxetic,True,-0.6535934711881487,-0.4265840169064442,0.061797303599897546,96,True,13.42,,199.0,1e-09,2,150,0.091714,50,50,0.3,2.857941,1.071373,9999,1,0.01,0.05,False,0.375377,0.532609,20
589,hourglass,auxetic,True,-0.6213167493140662,-0.4307185145322976,0.07764641520871396,96,True,14.11,,199.0,1e-09,2,150,0.082166,50,50,0.3,2.720641,1.082661,9999,1,0.01,0.05,False,0.340385,0.526806,20
590,hourglass,auxetic,True,-0.657453104889783,-0.4310575287985288,0.11612045041659769,150,True,21.05,,199.0,1e-09,2,150,0.083503,50,50,0.3,3.563284,1.218919,9999,1,0.01,0.05,False,0.336884,0.58344,20
591,hourglass,auxetic,True,-0.5224902191185111,-0.4164441408882235,0.21732769436755484,47,True,6.74,,199.0,1e-09,2,150,0.117806,50,50,0.3,2.802981,1.223907,9999,1,0.01,0.05,False,0.320635,0.512131,20
592,hourglass,auxetic,True,-0.6510530993139854,-0.4341542238203799,0.1524976450006288,150,True,20.48,,199.0,1e-09,2,150,0.095369,50,50,0.3,2.748129,1.196584,9999,1,0.01,0.05,False,0.362065,0.519277,20
593,hourglass,auxetic,True,-0.5210229202434691,-0.44971679647065127,0.05521151649941436,55,True,8.05,,199.0,1e-09,2,150,0.123368,50,50,0.3,3.354116,1.110247,9999,1,0.01,0.05,False,0.311854,0.521662,20
594,hourglass,auxetic,True,-0.6397349531840417,-0.43034229256497336,0.10655809077925849,150,True,20.65,,199.0,1e-09,2,150,0.086883,50,50,0.3,3.442431,1.180943,9999,1,0.01,0.05,False,0.301782,0.577987,20
595,hourglass,auxetic,True,-0.6715933328335392,-0.44402836797425427,0.10734377903594061,134,True,18.27,,199.0,1e-09,2,150,0.086495,50,50,0.3,3.168927,1.159597,9999,1,0.01,0.05,False,0.306096,0.534471,20
596,hourglass,auxetic,True,-0.6554093683748876,-0.42419976857645086,0.10131136577285504,150,True,21.34,,199.0,1e-09,2,150,0.10286,50,50,0.3,2.832928,1.169882,9999,1,0.01,0.05,False,0.346228,0.551284,20
597,hourglass,auxetic,True,-0.652622743851831,-0.42549973063592134,0.08574132131967716,67,True,9.77,,199.0,1e-09,2,150,0.138148,50,50,0.3,3.412741,1.147483,9999,1,0.01,0.05,False,0.338131,0.561004,20
598,hourglass,auxetic,True,-0.6572038497310493,-0.4294732765735255,0.1276139819870381,70,True,10.14,,199.0,1e-09,2,150,0.136021,50,50,0.3,3.232719,1.118896,9999,1,0.01,0.05,False,0.319936,0.527553,20
599,hourglass,auxetic,True,-0.6284767854486568,-0.40115726964702525,0.15362871395585131,120,True,17.02,,199.0,1e-09,2,150,0.083826,50,50,0.3,2.722968,1.23887,9999,1,0.01,0.05,False,0.360498,0.539821,20
600,hourglass,auxetic,True,-0.5565689477448241,-0.457346211462658,0.1478504347017371,86,True,11.91,,199.0,1e-09,2,150,0.118058,50,50,0.3,3.02044,1.230189,9999,1,0.01,0.05,False,0.375967,0.513792,20
601,hourglass,auxetic,True,-0.6497070413370225,-0.42386561081659924,0.16573909075896442,150,True,20.93,,199.0,1e-09,2,150,0.082632,50,50,0.3,2.629274,1.224678,9999,1,0.01,0.05,False,0.36939,0.51658,20
602,hourglass,auxetic,True,-0.5417169089647949,-0.4627257984434347,0.1590858681501356,68,True,10.09,,199.0,1e-09,2,150,0.111228,50,50,0.3,3.330099,1.2186,9999,1,0.01,0.05,False,0.369177,0.515646,20
603,hourglass,auxetic,True,-0.6247293194083493,-0.4505996659650575,0.15902712109977946,54,True,7.6,,199.0,1e-09,2,150,0.143285,50,50,0.3,3.538567,1.176779,9999,1,0.01,0.05,False,0.335624,0.532249,20
604,hourglass,auxetic,True,-0.5724396690913557,-0.44400845332559474,0.13271499228016959,48,True,6.34,,199.0,1e-09,2,150,0.123732,50,50,0.3,3.317549,1.205478,9999,1,0.01,0.05,False,0.377553,0.551429,20
605,hourglass,auxetic,True,-0.5116309011540304,-0.4483022631464847,0.0955532040341992,72,True,10.17,,199.0,1e-09,2,150,0.096839,50,50,0.3,3.113733,1.137166,9999,1,0.01,0.05,False,0.326366,0.513956,20
606,hourglass,auxetic,True,-0.6567025508919434,-0.4719060895667317,0.1347399446592591,77,True,11.16,,199.0,1e-09,2,150,0.130885,50,50,0.3,2.66019,1.091764,9999,1,0.01,0.05,False,0.288833,0.505583,20
607,hourglass,auxetic,True,-0.6341287135918221,-0.4200946236050952,0.06931476944627712,150,True,20.89,,199.0,1e-09,2,150,0.095914,50,50,0.3,3.216567,1.115211,9999,1,0.01,0.05,False,0.323155,0.584732,20
608,hourglass,auxetic,True,-0.6855903401453447,-0.4382512888799577,0.12025370303562033,83,True,10.84,,199.0,1e-09,2,150,0.10115,50,50,0.3,3.194102,1.179981,9999,1,0.01,0.05,False,0.303221,0.539206,20
609,hourglass,auxetic,True,-0.5881591602993518,-0.41498077763342006,0.10066704546510752,150,True,18.88,,199.0,1e-09,2,150,0.12846,50,50,0.3,3.05456,1.172833,9999,1,0.01,0.05,False,0.350971,0.579519,20
610,hourglass,auxetic,True,-0.565097720415016,-0.3508368269659464,0.17753550227732529,54,True,7.24,,199.0,1e-09,2,150,0.112623,50,50,0.3,3.578231,1.232548,9999,1,0.01,0.05,False,0.32966,0.561612,20
611,hourglass,auxetic,True,-0.6408077472772143,-0.44593863923619553,0.14185204215798508,72,True,9.78,,199.0,1e-09,2,150,0.112834,50,50,0.3,2.937898,1.094513,9999,1,0.01,0.05,False,0.363028,0.514649,20
612,hourglass,auxetic,True,-0.6090603723417616,-0.4227628796527867,0.1353774447691075,111,True,16.33,,199.0,1e-09,2,150,0.081319,50,50,0.3,2.797968,1.214523,9999,1,0.01,0.05,False,0.371047,0.538517,20
613,hourglass,auxetic,True,-0.5812241993085695,-0.3941253303781872,0.15423895946600363,94,True,13.26,,199.0,1e-09,2,150,0.105051,50,50,0.3,3.45972,1.21548,9999,1,0.01,0.05,False,0.294533,0.54819,20
614,hourglass,auxetic,True,-0.6729332197540654,-0.43609344766819247,0.023146112591707624,99,True,14.21,,199.0,1e-09,2,150,0.137939,50,50,0.3,3.475274,1.082416,9999,1,0.01,0.05,False,0.286571,0.583227,20
615,hourglass,auxetic,True,-0.6725334806179979,-0.4167859755634214,0.1070740276708062,98,True,12.16,,199.0,1e-09,2,150,0.098739,50,50,0.3,3.639847,1.135925,9999,1,0.01,0.05,False,0.33617,0.546138,20
616,hourglass,auxetic,True,-0.6331232851011545,-0.43630614414192986,0.12195990770512799,54,True,6.33,,199.0,1e-09,2,150,0.097416,50,50,0.3,3.504363,1.164638,9999,1,0.01,0.05,False,0.29011,0.578405,20
617,hourglass,auxetic,True,-0.5414567012310019,-0.4474344388751133,0.09042842674812479,43,True,6.16,,199.0,1e-09,2,150,0.124953,50,50,0.3,3.629235,1.144235,9999,1,0.01,0.05,False,0.366794,0.526134,20
618,hourglass,auxetic,True,-0.5863253723992304,-0.48553681189495845,0.08795690046762339,54,True,8.0,,199.0,1e-09,2,150,0.143106,50,50,0.3,3.018591,1.231456,9999,1,0.01,0.05,False,0.297108,0.504273,20
619,hourglass,auxetic,True,-0.6313278040321206,-0.43644421609674905,0.07167210912015454,150,True,19.92,,199.0,1e-09,2,150,0.094493,50,50,0.3,2.82211,1.069414,9999,1,0.01,0.05,False,0.372805,0.55864,20
620,hourglass,auxetic,True,-0.6233962680789604,-0.4047117244860715,0.1412020113320538,71,True,10.48,,199.0,1e-09,2,150,0.109529,50,50,0.3,2.682349,1.119587,9999,1,0.01,0.05,False,0.337366,0.509134,20
621,hourglass,auxetic,True,-0.6870013903435159,-0.40544926011915167,0.07024214541422913,67,True,9.22,,199.0,1e-09,2,150,0.111526,50,50,0.3,3.43032,1.068796,9999,1,0.01,0.05,False,0.298576,0.570565,20
622,hourglass,auxetic,True,-0.5680865103446752,-0.3586677795114882,0.21332521259770165,55,True,7.64,,199.0,1e-09,2,150,0.101737,50,50,0.3,3.080942,1.131503,9999,1,0.01,0.05,False,0.301681,0.501201,20
623,hourglass,auxetic,True,-0.5402909081050935,-0.4631645088768124,0.06201987166324141,150,True,20.96,,199.0,1e-09,2,150,0.119841,50,50,0.3,3.279996,1.123691,9999,1,0.01,0.05,False,0.351716,0.519139,20
624,hourglass,auxetic,True,-0.6067651319734472,-0.5052611180943696,0.13685507866689317,68,True,10.0,,199.0,1e-09,2,150,0.133184,50,50,0.3,3.598096,1.221533,9999,1,0.01,0.05,False,0.308762,0.509804,20
625,hourglass,auxetic,True,-0.6097535188368824,-0.4089692321692869,0.09579395991612283,150,True,20.61,,199.0,1e-09,2,150,0.136104,50,50,0.3,2.738519,1.11658,9999,1,0.01,0.05,False,0.334659,0.573284,20
626,hourglass,auxetic,True,-0.6424923471569625,-0.4480750205561671,0.09778013943905073,150,True,19.48,,199.0,1e-09,2,150,0.085775,50,50,0.3,3.228577,1.188474,9999,1,0.01,0.05,False,0.352133,0.551562,20
627,hourglass,auxetic,True,-0.6370119347274413,-0.41103472180225786,0.12250488908200297,150,True,21.9,,199.0,1e-09,2,150,0.099776,50,50,0.3,2.673639,1.155312,9999,1,0.01,0.05,False,0.353898,0.549582,20
628,hourglass,auxetic,True,-0.6396897066494291,-0.4494676022278553,0.062139013971128865,150,True,19.61,,199.0,1e-09,2,150,0.103416,50,50,0.3,2.8823,1.10581,9999,1,0.01,0.05,False,0.373518,0.54507,20
629,hourglass,auxetic,True,-0.626876249316396,-0.44933314860722257,0.08611875501755184,150,True,19.61,,199.0,1e-09,2,150,0.114218,50,50,0.3,2.843185,1.11283,9999,1,0.01,0.05,False,0.292473,0.549199,20
630,hourglass,auxetic,True,-0.6363810565810049,-0.4417575846233855,0.07702412040195405,150,True,21.54,,199.0,1e-09,2,150,0.092117,50,50,0.3,3.085018,1.196337,9999,1,0.01,0.05,False,0.330766,0.565074,20
631,hourglass,auxetic,True,-0.667501917682317,-0.41323815096227806,0.11003792902490006,59,True,8.95,,199.0,1e-09,2,150,0.134046,50,50,0.3,3.497534,1.232137,9999,1,0.01,0.05,False,0.29036,0.582175,20
632,hourglass,auxetic,True,-0.6528646330380429,-0.4261611110491742,0.07548230646951337,150,True,19.96,,199.0,1e-09,2,150,0.091385,50,50,0.3,3.19513,1.182705,9999,1,0.01,0.05,False,0.338918,0.571758,20
633,hourglass,auxetic,True,-0.5980015511099627,-0.42417518445622115,0.15205857626040753,150,True,18.03,,199.0,1e-09,2,150,0.08146,50,50,0.3,3.577609,1.156974,9999,1,0.01,0.05,False,0.322941,0.522891,20
634,hourglass,auxetic,True,-0.6418023979593344,-0.4635520090216755,0.02667280267463179,61,True,8.21,,199.0,1e-09,2,150,0.142481,50,50,0.3,3.198307,1.11129,9999,1,0.01,0.05,False,0.296089,0.581243,20
635,hourglass,auxetic,True,-0.6696273186708336,-0.42486387748871973,0.13953744642518084,114,True,16.97,,199.0,1e-09,2,150,0.077871,50,50,0.3,3.117389,1.141223,9999,1,0.01,0.05,False,0.333153,0.526351,20
636,hourglass,auxetic,True,-0.6412618404996706,-0.4582055940287557,0.11689002638414503,115,True,17.02,,199.0,1e-09,2,150,0.082996,50,50,0.3,3.576119,1.163749,9999,1,0.01,0.05,False,0.339771,0.519929,20
637,hourglass,auxetic,True,-0.6291071054049532,-0.42493150832402804,0.018890456642702613,150,True,20.43,,199.0,1e-09,2,150,0.12744,50,50,0.3,2.724526,1.071182,9999,1,0.01,0.05,False,0.378459,0.577842,20
638,hourglass,auxetic,True,-0.6419818216281433,-0.45212622507273165,0.10345087027279676,69,True,10.05,,199.0,1e-09,2,150,0.098919,50,50,0.3,3.190471,1.191227,9999,1,0.01,0.05,False,0.358861,0.545304,20
639,hourglass,auxetic,True,-0.5783565499752398,-0.4327922708793629,0.10274702818030068,55,True,7.56,,199.0,1e-09,2,150,0.138726,50,50,0.3,3.035093,1.244762,9999,1,0.01,0.05,False,0.36513,0.57984,20
640,hourglass,auxetic,True,-0.5611083210872487,-0.4428805319115967,0.09754235546648571,78,True,10.62,,199.0,1e-09,2,150,0.103915,50,50,0.3,3.50069,1.23768,9999,1,0.01,0.05,False,0.31291,0.54328,20
641,hourglass,auxetic,True,-0.6535829154179152,-0.45761298096823877,0.04229420812870954,116,True,15.78,,199.0,1e-09,2,150,0.100934,50,50,0.3,3.223976,1.098324,9999,1,0.01,0.05,False,0.339242,0.553784,20
642,hourglass,auxetic,True,-0.6152916141575843,-0.4025185867333323,0.1634602454403976,54,True,7.45,,199.0,1e-09,2,150,0.076119,50,50,0.3,2.592538,1.180288,9999,1,0.01,0.05,False,0.338342,0.515365,20
643,hourglass,auxetic,True,-0.6274843201012926,-0.4222902835087738,0.09365436200541699,91,True,12.35,,199.0,1e-09,2,150,0.0798,50,50,0.3,2.684439,1.162475,9999,1,0.01,0.05,False,0.354106,0.538363,20
644,hourglass,auxetic,True,-0.5968775884821099,-0.45837302570787725,0.06013248073935906,82,True,11.67,,199.0,1e-09,2,150,0.089563,50,50,0.3,3.642109,1.125338,9999,1,0.01,0.05,False,0.367593,0.570954,20
645,hourglass,auxetic,True,-0.6425363016940876,-0.41252856146566563,0.11119714628462363,150,True,19.23,,199.0,1e-09,2,150,0.080237,50,50,0.3,3.039769,1.245942,9999,1,0.01,0.05,False,0.366112,0.574084,20
646,hourglass,auxetic,True,-0.6773091670483863,-0.4324941788769735,0.059938432732924096,51,True,6.99,,199.0,1e-09,2,150,0.13057,50,50,0.3,3.390465,1.084631,9999,1,0.01,0.05,False,0.326577,0.552355,20
647,hourglass,auxetic,True,-0.5903344144007232,-0.42475920875619855,0.11241893713481332,150,True,20.63,,199.0,1e-09,2,150,0.130249,50,50,0.3,2.978353,1.112525,9999,1,0.01,0.05,False,0.301912,0.520914,20
648,hourglass,auxetic,True,-0.6482214250345374,-0.4328254323750992,0.06492849172383652,150,True,21.7,,199.0,1e-09,2,150,0.11341,50,50,0.3,2.784339,1.073671,9999,1,0.01,0.05,False,0.341378,0.568071,20
649,hourglass,auxetic,True,-0.5535412162832796,-0.4388847812211332,0.08961525320365615,64,True,9.46,,199.0,1e-09,2,150,0.09752,50,50,0.3,3.60328,1.137966,9999,1,0.01,0.05,False,0.314403,0.539599,20
650,hourglass,auxetic,True,-0.5803266368752235,-0.387303009015312,0.193755169799125,150,True,23.19,,199.0,1e-09,2,150,0.132826,50,50,0.3,2.871391,1.240683,9999,1,0.01,0.05,False,0.28395,0.571029,20
651,hourglass,auxetic,True,-0.6475774513592207,-0.42801554666554775,0.12847486015923593,52,True,6.06,,199.0,1e-09,2,150,0.141873,50,50,0.3,2.652946,1.149085,9999,1,0.01,0.05,False,0.291013,0.509716,20
652,hourglass,auxetic,True,-0.5875430633587672,-0.43976953023743365,0.1263529084570708,80,True,11.06,,199.0,1e-09,2,150,0.085485,50,50,0.3,3.120212,1.229344,9999,1,0.01,0.05,False,0.30677,0.517068,20
653,hourglass,auxetic,True,-0.6658464227615344,-0.4395110224118816,0.11760475162899509,82,True,12.19,,199.0,1e-09,2,150,0.121794,50,50,0.3,3.188662,1.201235,9999,1,0.01,0.05,False,0.309248,0.547387,20
654,hourglass,auxetic,True,-0.66662367414361,-0.44089416685940536,0.12861881940210151,67,True,10.08,,199.0,1e-09,2,150,0.128559,50,50,0.3,3.204733,1.200158,9999,1,0.01,0.05,False,0.338443,0.538583,20
655,hourglass,auxetic,True,-0.6369199952688072,-0.41945317197420356,0.0979108841324623,133,True,17.42,,199.0,1e-09,2,150,0.079411,50,50,0.3,3.310146,1.135268,9999,1,0.01,0.05,False,0.374211,0.563238,20
656,hourglass,auxetic,True,-0.6356867581516883,-0.4259410181609064,0.10229397028823195,150,True,21.11,,199.0,1e-09,2,150,0.102964,50,50,0.3,2.624999,1.170305,9999,1,0.01,0.05,False,0.285455,0.530661,20
657,hourglass,auxetic,True,-0.6475793677343158,-0.46933245560189213,0.06646366502138823,150,True,21.87,,199.0,1e-09,2,150,0.075288,50,50,0.3,2.982488,1.151516,9999,1,0.01,0.05,False,0.352498,0.560575,20
658,hourglass,auxetic,True,-0.6524726822783705,-0.4215661151352483,0.04569687405043099,75,True,10.5,,199.0,1e-09,2,150,0.077935,50,50,0.3,2.771423,1.160923,9999,1,0.01,0.05,False,0.310754,0.572943,20
659,hourglass,auxetic,True,-0.5538436147691652,-0.42922283152866625,0.11081116415823866,67,True,10.16,,199.0,1e-09,2,150,0.102431,50,50,0.3,2.963377,1.121518,9999,1,0.01,0.05,False,0.34225,0.516017,20
660,hourglass,auxetic,True,-0.6765762944545307,-0.4402094838879501,0.09158507087620549,63,True,9.25,,199.0,1e-09,2,150,0.092673,50,50,0.3,3.626411,1.083076,9999,1,0.01,0.05,False,0.369042,0.54384,20
661,hourglass,auxetic,True,-0.6861832556088868,-0.44415167094048513,0.06360428121016881,74,True,9.98,,199.0,1e-09,2,150,0.090058,50,50,0.3,3.553,1.08153,9999,1,0.01,0.05,False,0.32709,0.54698,20
662,hourglass,auxetic,True,-0.6230791582302743,-0.4232066181304691,0.12386129587591699,150,True,19.71,,199.0,1e-09,2,150,0.117448,50,50,0.3,2.638882,1.173348,9999,1,0.01,0.05,False,0.361244,0.536999,20
663,hourglass,auxetic,True,-0.535074977521518,-0.46538373409639483,0.11128759188810167,48,True,6.03,,199.0,1e-09,2,150,0.115203,50,50,0.3,2.87883,1.160554,9999,1,0.01,0.05,False,0.366443,0.501031,20
664,hourglass,auxetic,True,-0.6685450979135881,-0.4142144326065224,0.11843146120646342,47,True,6.67,,199.0,1e-09,2,150,0.140529,50,50,0.3,2.619127,1.117184,9999,1,0.01,0.05,False,0.353376,0.501552,20
665,hourglass,auxetic,True,-0.6196930048358041,-0.42290016685228055,0.12872589601454643,150,True,19.57,,199.0,1e-09,2,150,0.105251,50,50,0.3,2.625273,1.207605,9999,1,0.01,0.05,False,0.363729,0.55607,20
666,hourglass,auxetic,True,-0.5721994362515062,-0.44850959832505277,0.0628288838865948,102,True,14.32,,199.0,1e-09,2,150,0.120033,50,50,0.3,3.542905,1.150056,9999,1,0.01,0.05,False,0.301087,0.534823,20
667,hourglass,auxetic,True,-0.5310038026522081,-0.40740755787687577,0.1092354892280194,55,True,7.59,,199.0,1e-09,2,150,0.111368,50,50,0.3,3.365345,1.081993,9999,1,0.01,0.05,False,0.335227,0.514866,20
668,hourglass,auxetic,True,-0.6151766663062646,-0.40369358096589913,0.17168264527521993,60,True,9.04,,199.0,1e-09,2,150,0.126562,50,50,0.3,2.944896,1.179858,9999,1,0.01,0.05,False,0.30145,0.572552,20
669,hourglass,auxetic,True,-0.6452994815862148,-0.44082297040152785,0.09247189157322255,150,True,21.2,,199.0,1e-09,2,150,0.127635,50,50,0.3,3.156468,1.170555,9999,1,0.01,0.05,False,0.308848,0.569266,20
670,hourglass,auxetic,True,-0.6114610163944796,-0.43523854338580464,0.07115448951539394,150,True,20.38,,199.0,1e-09,2,150,0.103348,50,50,0.3,3.334142,1.134108,9999,1,0.01,0.05,False,0.308387,0.579107,20
671,hourglass,auxetic,True,-0.6446600875902272,-0.4322346225554132,0.14494300521195413,73,True,10.9,,199.0,1e-09,2,150,0.077032,50,50,0.3,3.648806,1.240914,9999,1,0.01,0.05,False,0.287246,0.518089,20
672,hourglass,auxetic,True,-0.6412185711801404,-0.4138333533988183,0.10328837340588093,150,True,22.04,,199.0,1e-09,2,150,0.112328,50,50,0.3,2.83558,1.197202,9999,1,0.01,0.05,False,0.360058,0.576409,20
673,hourglass,auxetic,True,-0.6082279589882227,-0.41375469346989724,0.0651728435132225,150,True,21.0,,199.0,1e-09,2,150,0.113785,50,50,0.3,3.499428,1.110045,9999,1,0.01,0.05,False,0.313131,0.577461,20
674,hourglass,auxetic,True,-0.5960708029549017,-0.4549051213756153,0.09124579100715347,150,True,19.86,,199.0,1e-09,2,150,0.137808,50,50,0.3,3.295045,1.195794,9999,1,0.01,0.05,False,0.359132,0.582814,20
675,hourglass,auxetic,True,-0.6706178058776471,-0.4638769012061132,0.07137644306202195,150,True,19.97,,199.0,1e-09,2,150,0.10483,50,50,0.3,3.186622,1.157668,9999,1,0.01,0.05,False,0.370869,0.544958,20
676,hourglass,auxetic,True,-0.6113196767264383,-0.44285270870974924,0.13200417152505628,46,True,7.01,,199.0,1e-09,2,150,0.129321,50,50,0.3,2.609503,1.059769,9999,1,0.01,0.05,False,0.318255,0.544452,20
677,hourglass,auxetic,True,-0.6183718444156389,-0.427527573167064,0.09919525012376496,150,True,20.4,,199.0,1e-09,2,150,0.079228,50,50,0.3,2.623085,1.167188,9999,1,0.01,0.05,False,0.287815,0.533667,20
678,hourglass,auxetic,True,-0.5964666529253233,-0.496479637688905,-0.014150673060558394,98,True,12.87,,199.0,1e-09,2,150,0.134743,50,50,0.3,3.00612,1.06507,9999,1,0.01,0.05,False,0.363842,0.570794,20
679,hourglass,auxetic,True,-0.6404303394781525,-0.43741715534267644,0.11773004575801105,35,True,5.15,,199.0,1e-09,2,150,0.138924,50,50,0.3,2.789913,1.13558,9999,1,0.01,0.05,False,0.355941,0.53522,20
680,hourglass,auxetic,True,-0.6458802040258511,-0.40938397344780514,0.13005292958647674,150,True,20.33,,199.0,1e-09,2,150,0.076343,50,50,0.3,3.308587,1.130214,9999,1,0.01,0.05,False,0.30708,0.531267,20
681,hourglass,auxetic,True,-0.6442765000407201,-0.4188457229956664,0.08734370900089661,150,True,20.35,,199.0,1e-09,2,150,0.104646,50,50,0.3,3.358971,1.086428,9999,1,0.01,0.05,False,0.292948,0.581588,20
682,hourglass,auxetic,True,-0.5893304582170422,-0.4495461442580543,0.045631105147371676,60,True,7.4,,199.0,1e-09,2,150,0.113556,50,50,0.3,3.088697,1.088016,9999,1,0.01,0.05,False,0.353826,0.5639,20
683,hourglass,auxetic,True,-0.6138902886981707,-0.4226724177237803,0.11530483556058224,40,True,5.77,,199.0,1e-09,2,150,0.134498,50,50,0.3,3.125781,1.064445,9999,1,0.01,0.05,False,0.29377,0.520559,20
684,hourglass,auxetic,True,-0.5873569770773421,-0.4486813512737876,0.11827306649687008,38,True,5.08,,199.0,1e-09,2,150,0.141654,50,50,0.3,2.836623,1.163298,9999,1,0.01,0.05,False,0.289422,0.503008,20
685,hourglass,auxetic,True,-0.595013732327044,-0.4501454940514137,0.12980592646213152,41,True,5.96,,199.0,1e-09,2,150,0.107578,50,50,0.3,3.618945,1.122954,9999,1,0.01,0.05,False,0.351269,0.511868,20
686,hourglass,auxetic,True,-0.6016544243915591,-0.4423611407928768,0.14634652897874234,79,True,11.98,,199.0,1e-09,2,150,0.117729,50,50,0.3,3.210701,1.245446,9999,1,0.01,0.05,False,0.285376,0.50674,20
687,hourglass,auxetic,True,-0.6073500477886696,-0.4477044066536084,0.021422561939583584,61,True,8.16,,199.0,1e-09,2,150,0.132573,50,50,0.3,3.596263,1.077131,9999,1,0.01,0.05,False,0.374651,0.55566,20
688,hourglass,auxetic,True,-0.6081469148119758,-0.47141405889331145,0.13289855367996228,121,True,16.76,,199.0,1e-09,2,150,0.13345,50,50,0.3,3.479513,1.214371,9999,1,0.01,0.05,False,0.33949,0.504133,20
689,hourglass,auxetic,True,-0.6430365559090963,-0.4305366335594915,0.1122401104436358,150,True,20.89,,199.0,1e-09,2,150,0.123114,50,50,0.3,2.575105,1.207399,9999,1,0.01,0.05,False,0.367303,0.570111,20
690,hourglass,auxetic,True,-0.6842301674102462,-0.4638674356085899,0.050474938867430375,55,True,8.0,,199.0,1e-09,2,150,0.077588,50,50,0.3,3.611787,1.074506,9999,1,0.01,0.05,False,0.315191,0.55572,20
691,hourglass,auxetic,True,-0.6287473575913854,-0.49219835584510213,0.10980384253298714,75,True,10.16,,199.0,1e-09,2,150,0.142124,50,50,0.3,3.550956,1.180573,9999,1,0.01,0.05,False,0.285249,0.529211,20
692,hourglass,auxetic,True,-0.6381960048364761,-0.46245208630242945,0.08218655291796562,150,True,20.91,,199.0,1e-09,2,150,0.140305,50,50,0.3,2.643486,1.107036,9999,1,0.01,0.05,False,0.365147,0.562531,20
693,hourglass,auxetic,True,-0.6265226480275171,-0.42975897570505345,0.14197088726089535,85,True,11.98,,199.0,1e-09,2,150,0.118803,50,50,0.3,3.28767,1.227904,9999,1,0.01,0.05,False,0.314308,0.500787,20
694,hourglass,auxetic,True,-0.7119292706267236,-0.4553426034582755,0.0590838436295783,150,True,20.47,,199.0,1e-09,2,150,0.108791,50,50,0.3,2.776298,1.077399,9999,1,0.01,0.05,False,0.360937,0.540426,20
695,hourglass,auxetic,True,-0.6575625276910838,-0.3945410945002911,0.18278090710680528,87,True,11.64,,199.0,1e-09,2,150,0.083182,50,50,0.3,3.559427,1.136374,9999,1,0.01,0.05,False,0.30694,0.510168,20
696,hourglass,auxetic,True,-0.5484981202203952,-0.3944323785817334,0.14505788988159907,49,True,6.36,,199.0,1e-09,2,150,0.124572,50,50,0.3,2.998231,1.22952,9999,1,0.01,0.05,False,0.337167,0.528531,20
697,hourglass,auxetic,True,-0.6308757248847172,-0.45153927922513765,0.09595627442006183,150,True,20.99,,199.0,1e-09,2,150,0.127417,50,50,0.3,3.028981,1.14249,9999,1,0.01,0.05,False,0.310426,0.567147,20
698,hourglass,auxetic,True,-0.6844715201326522,-0.4499436079447234,0.05531250592878889,43,True,6.24,,199.0,1e-09,2,150,0.136472,50,50,0.3,2.927111,1.074707,9999,1,0.01,0.05,False,0.352035,0.533562,20
699,hourglass,auxetic,True,-0.6048197360668595,-0.3993081770613844,0.10306373108631495,150,True,20.72,,199.0,1e-09,2,150,0.122651,50,50,0.3,2.728104,1.217842,9999,1,0.01,0.05,False,0.341031,0.581794,20
700,hourglass,auxetic,True,-0.6088764447864288,-0.4528530341550817,0.05742289976726156,59,True,10.03,,199.0,1e-09,2,150,0.095565,50,50,0.3,3.520076,1.092119,9999,1,0.01,0.05,False,0.371558,0.573114,20
701,hourglass,auxetic,True,-0.6860536189514087,-0.4452663215649571,0.02989732783186516,150,True,21.43,,199.0,1e-09,2,150,0.090972,50,50,0.3,3.018799,1.061266,9999,1,0.01,0.05,False,0.381224,0.566481,20
702,hourglass,auxetic,True,-0.5946406096738405,-0.41295721448707245,0.12586355062832044,150,True,20.25,,199.0,1e-09,2,150,0.103867,50,50,0.3,3.32561,1.219679,9999,1,0.01,0.05,False,0.285028,0.569864,20
703,hourglass,auxetic,True,-0.5787476365435867,-0.38518976916795644,0.18964707444490236,82,True,11.82,,199.0,1e-09,2,150,0.098807,50,50,0.3,2.890818,1.190773,9999,1,0.01,0.05,False,0.287954,0.502155,20
704,hourglass,auxetic,True,-0.6872729313919508,-0.4866850030389212,0.05914127543992276,76,True,10.2,,199.0,1e-09,2,150,0.10151,50,50,0.3,3.416029,1.140401,9999,1,0.01,0.05,False,0.352799,0.566244,20
705,hourglass,auxetic,True,-0.636911922605105,-0.44157087521647576,0.10890994607573223,146,True,19.78,,199.0,1e-09,2,150,0.093838,50,50,0.3,2.971668,1.124101,9999,1,0.01,0.05,False,0.312303,0.520996,20
706,hourglass,auxetic,True,-0.601938943980006,-0.4487788249435037,0.17945471010561465,82,True,12.25,,199.0,1e-09,2,150,0.111726,50,50,0.3,2.572428,1.146336,9999,1,0.01,0.05,False,0.373061,0.500041,20
707,hourglass,auxetic,True,-0.6505291873827701,-0.4395686568910344,0.13530298374942096,150,True,21.83,,199.0,1e-09,2,150,0.101018,50,50,0.3,2.856731,1.216948,9999,1,0.01,0.05,False,0.374964,0.525637,20
708,hourglass,auxetic,True,-0.622226583423497,-0.49036396664072357,0.09213863876804407,58,True,7.62,,199.0,1e-09,2,150,0.126725,50,50,0.3,2.809811,1.058472,9999,1,0.01,0.05,False,0.363485,0.510367,20
709,hourglass,auxetic,True,-0.6260757521505858,-0.41949750310676015,0.1484343707603597,41,True,5.06,,199.0,1e-09,2,150,0.140638,50,50,0.3,3.53301,1.143937,9999,1,0.01,0.05,False,0.291426,0.538183,20
710,hourglass,auxetic,True,-0.5469788137013357,-0.471346074177442,0.0801837931199656,54,True,7.23,,199.0,1e-09,2,150,0.137556,50,50,0.3,3.18529,1.190168,9999,1,0.01,0.05,False,0.287438,0.516374,20
711,hourglass,auxetic,True,-0.6644265833528616,-0.402743629008843,0.15705121673197076,57,True,8.1,,199.0,1e-09,2,150,0.131546,50,50,0.3,2.952269,1.238361,9999,1,0.01,0.05,False,0.33142,0.530424,20
712,hourglass,auxetic,True,-0.6293290374010299,-0.4847993265278344,0.12421353092083931,76,True,10.99,,199.0,1e-09,2,150,0.129023,50,50,0.3,3.510313,1.159829,9999,1,0.01,0.05,False,0.316623,0.505065,20
713,hourglass,auxetic,True,-0.6416378722334045,-0.404010258264565,0.12214414590490741,73,True,10.07,,199.0,1e-09,2,150,0.079055,50,50,0.3,3.300591,1.233391,9999,1,0.01,0.05,False,0.300571,0.569707,20
714,hourglass,auxetic,True,-0.5783499100766649,-0.427750706954081,0.12507542937453098,150,True,19.09,,199.0,1e-09,2,150,0.119652,50,50,0.3,2.823224,1.184553,9999,1,0.01,0.05,False,0.3586,0.556704,20
715,hourglass,auxetic,True,-0.5300236612375,-0.480259067884343,0.09863720602025317,73,True,10.51,,199.0,1e-09,2,150,0.116899,50,50,0.3,2.869894,1.127246,9999,1,0.01,0.05,False,0.343393,0.502741,20
716,hourglass,auxetic,True,-0.6042281217489056,-0.43496991776436655,0.04983229423093383,78,True,11.34,,199.0,1e-09,2,150,0.080674,50,50,0.3,3.586587,1.079982,9999,1,0.01,0.05,False,0.326754,0.564727,20
717,hourglass,auxetic,True,-0.6438063847608159,-0.4019405145332322,0.1504529629008584,150,True,18.46,,199.0,1e-09,2,150,0.099555,50,50,0.3,2.950697,1.231771,9999,1,0.01,0.05,False,0.35578,0.578932,20
718,hourglass,auxetic,True,-0.5633141734471655,-0.39700958331795744,0.10019330126625614,41,True,5.29,,199.0,1e-09,2,150,0.123507,50,50,0.3,2.874188,1.158639,9999,1,0.01,0.05,False,0.368531,0.568674,20
719,hourglass,auxetic,True,-0.6442016995860849,-0.4443624138520976,0.11287527842524103,75,True,10.63,,199.0,1e-09,2,150,0.132695,50,50,0.3,3.001517,1.198171,9999,1,0.01,0.05,False,0.356312,0.575192,20
720,hexagonal,auxetic,True,-0.2796917750804463,-0.4810201428709342,0.43484369645212195,150,True,21.1,,199.0,1e-09,2,150,0.099663,50,50,0.3,3.268468,1.10552,9999,1,0.01,0.05,False,0.30535,0.509956,20
721,hexagonal,auxetic,True,-0.2733793080204937,-0.8874352014790553,0.2647526595089006,150,True,21.47,,199.0,1e-09,2,150,0.09515,50,50,0.3,2.610022,1.224168,9999,1,0.01,0.05,False,0.326595,0.580116,20
722,hexagonal,auxetic,True,-0.40719929546275774,-0.593649200838104,0.07480778779191666,150,True,20.03,,199.0,1e-09,2,150,0.120035,50,50,0.3,2.811347,1.104694,9999,1,0.01,0.05,False,0.323868,0.560347,20
723,hexagonal,auxetic,True,-0.4768734590770256,-0.5623454051213679,0.04098455685582081,67,True,9.99,,199.0,1e-09,2,150,0.122014,50,50,0.3,2.830886,1.130979,9999,1,0.01,0.05,False,0.351531,0.557661,20
724,hexagonal,auxetic,True,-0.4033690565405339,-0.6418363543471959,0.051179497928667605,114,True,16.98,,199.0,1e-09,2,150,0.121831,50,50,0.3,2.712043,1.137342,9999,1,0.01,0.05,False,0.347163,0.582489,20
725,hexagonal,auxetic,True,-0.44883070965065086,-0.7159629540958238,0.1913738657476427,79,True,11.53,,199.0,1e-09,2,150,0.140691,50,50,0.3,2.948072,1.10658,9999,1,0.01,0.05,False,0.317011,0.521564,20
726,hexagonal,auxetic,True,-0.2642504222504268,-0.7886408891267658,0.30079344459338325,150,True,20.93,,199.0,1e-09,2,150,0.083942,50,50,0.3,2.643718,1.118706,9999,1,0.01,0.05,False,0.298843,0.579561,20
727,hexagonal,auxetic,True,-0.32302942954385344,-0.7245405816426795,0.13055040273952223,150,True,20.66,,199.0,1e-09,2,150,0.097652,50,50,0.3,2.984443,1.18882,9999,1,0.01,0.05,False,0.287361,0.574664,20
728,hexagonal,auxetic,True,-0.5395466817285983,-0.5053426906309415,0.21261879572844333,79,True,11.66,,199.0,1e-09,2,150,0.127818,50,50,0.3,3.209167,1.182178,9999,1,0.01,0.05,False,0.379375,0.536861,20
729,hexagonal,auxetic,True,-0.25876056958690924,-0.4940235906450203,0.4866217613814916,150,True,20.65,,199.0,1e-09,2,150,0.085762,50,50,0.3,3.27192,1.155614,9999,1,0.01,0.05,False,0.370382,0.53778,20
730,hexagonal,auxetic,True,-0.31185960231647436,-0.19786660981706175,0.6367003573396565,150,True,21.27,,199.0,1e-09,2,150,0.123126,50,50,0.3,2.625271,1.167282,9999,1,0.01,0.05,False,0.293065,0.51449,20
731,hexagonal,auxetic,True,-0.3147580232562093,-0.4281928269106546,0.4103533075894916,150,True,19.69,,199.0,1e-09,2,150,0.118846,50,50,0.3,3.164439,1.153834,9999,1,0.01,0.05,False,0.309167,0.538146,20
732,hexagonal,auxetic,True,-0.11504443268535529,-0.4871142144309989,0.618819682788371,150,True,22.0,,199.0,1e-09,2,150,0.143439,50,50,0.3,2.707584,1.183437,9999,1,0.01,0.05,False,0.354043,0.534367,20
733,hexagonal,auxetic,True,-0.14476926402376045,-0.17490307487996407,0.6847097696881884,150,True,20.47,,199.0,1e-09,2,150,0.113066,50,50,0.3,3.605344,1.229931,9999,1,0.01,0.05,False,0.365253,0.529389,20
734,hexagonal,auxetic,True,-0.06178433024137104,-0.2835503343739679,0.7054826673961762,150,True,21.84,,199.0,1e-09,2,150,0.100232,50,50,0.3,2.596644,1.202294,9999,1,0.01,0.05,False,0.347537,0.526855,20
735,hexagonal,auxetic,True,-0.33321024215998474,-0.3883778840297164,0.551374848486851,150,True,21.71,,199.0,1e-09,2,150,0.12083,50,50,0.3,3.479583,1.145486,9999,1,0.01,0.05,False,0.290772,0.519921,20
736,hexagonal,auxetic,True,-0.42929431024656806,-0.3401359359617178,0.3906627543277197,150,True,19.49,,199.0,1e-09,2,150,0.079249,50,50,0.3,2.85932,1.146473,9999,1,0.01,0.05,False,0.355121,0.520539,20
737,hexagonal,auxetic,True,-0.287206066915694,-0.672211519157514,0.44100763985562064,150,True,20.65,,199.0,1e-09,2,150,0.117282,50,50,0.3,2.620146,1.211098,9999,1,0.01,0.05,False,0.33319,0.517395,20
738,hexagonal,auxetic,True,-0.49493431737917154,-0.4624777651912608,0.14293478029984963,93,True,11.92,,199.0,1e-09,2,150,0.083455,50,50,0.3,3.450326,1.246499,9999,1,0.01,0.05,False,0.291663,0.533505,20
739,hexagonal,auxetic,True,-0.30444331241162803,-0.7776181794479746,0.36688681381418986,150,True,20.83,,199.0,1e-09,2,150,0.074767,50,50,0.3,3.08486,1.116581,9999,1,0.01,0.05,False,0.302992,0.5323,20
740,hexagonal,auxetic,True,7.501983163437493e-12,0.29817878033406586,1.0509841617028424,35,True,5.23,,199.0,1e-09,2,150,0.075878,50,50,0.3,3.540006,1.169714,9999,1,0.01,0.05,False,0.348609,0.5531,20
741,hexagonal,auxetic,True,-0.49812615094601953,-0.6199485914520838,0.15159579915908838,150,True,21.77,,199.0,1e-09,2,150,0.093922,50,50,0.3,2.590374,1.136834,9999,1,0.01,0.05,False,0.293241,0.507034,20
742,hexagonal,auxetic,True,-0.355207696439852,-0.5405300688009363,0.3602037233672941,150,True,20.91,,199.0,1e-09,2,150,0.079774,50,50,0.3,2.596216,1.063702,9999,1,0.01,0.05,False,0.288845,0.555883,20
743,hexagonal,auxetic,True,-0.42389044071939375,-0.6249999645220615,0.16898971986432965,150,True,20.18,,199.0,1e-09,2,150,0.119813,50,50,0.3,2.696982,1.081912,9999,1,0.01,0.05,False,0.367781,0.519563,20
744,hexagonal,auxetic,True,-0.11561786170942136,-0.9272531602798055,0.6109022089855918,150,True,20.28,,199.0,1e-09,2,150,0.089102,50,50,0.3,3.303664,1.200663,9999,1,0.01,0.05,False,0.337863,0.562575,20
745,hexagonal,auxetic,True,-0.11267457297398138,-0.8306480041129538,0.6515312110991813,150,True,21.53,,199.0,1e-09,2,150,0.079581,50,50,0.3,3.106435,1.228628,9999,1,0.01,0.05,False,0.321685,0.566701,20
746,hexagonal,auxetic,True,-0.44397789191785125,-0.5713269330637724,0.23324323414131398,150,True,20.15,,199.0,1e-09,2,150,0.076956,50,50,0.3,3.028048,1.133884,9999,1,0.01,0.05,False,0.34829,0.531372,20
747,hexagonal,auxetic,True,-0.8260668297911578,-0.40468831135528477,0.35057544462893353,70,True,8.87,,199.0,1e-09,2,150,0.109684,50,50,0.3,3.460105,1.114869,9999,1,0.01,0.05,False,0.31577,0.56427,20
748,hexagonal,auxetic,True,-0.2757732918611024,-0.4978667957061308,0.5567080743723956,150,True,21.03,,199.0,1e-09,2,150,0.114052,50,50,0.3,3.287936,1.092878,9999,1,0.01,0.05,False,0.318031,0.523704,20
749,hexagonal,auxetic,True,-0.3692321944116305,-0.3772830534227295,0.49624739892837655,150,True,20.53,,199.0,1e-09,2,150,0.130586,50,50,0.3,2.897063,1.239329,9999,1,0.01,0.05,False,0.371097,0.500292,20
750,hexagonal,auxetic,True,-0.2368238842568018,-0.6658018476883317,0.5585097387006952,150,True,20.76,,199.0,1e-09,2,150,0.10546,50,50,0.3,3.276438,1.206646,9999,1,0.01,0.05,False,0.360649,0.530359,20
751,hexagonal,auxetic,True,-0.378092301639751,-0.4930438154712776,0.3191302937716981,150,True,20.33,,199.0,1e-09,2,150,0.10694,50,50,0.3,3.439799,1.22106,9999,1,0.01,0.05,False,0.312557,0.52875,20
752,hexagonal,auxetic,True,-0.11816507391049193,-0.4469260650478307,0.6504517048455422,150,True,20.85,,199.0,1e-09,2,150,0.112415,50,50,0.3,3.569171,1.212436,9999,1,0.01,0.05,False,0.295859,0.529842,20
753,hexagonal,auxetic,True,-0.47056831936804644,-0.551328696588906,0.1681663799785741,150,True,20.69,,199.0,1e-09,2,150,0.127502,50,50,0.3,3.395008,1.078956,9999,1,0.01,0.05,False,0.332866,0.523289,20
754,hexagonal,auxetic,True,-0.17044911930645307,-0.17290858325304137,0.5509006838824972,150,True,21.36,,199.0,1e-09,2,150,0.13813,50,50,0.3,3.310676,1.146145,9999,1,0.01,0.05,False,0.358126,0.573541,20
755,hexagonal,auxetic,True,-0.15221259860402397,-1.111277906324413,0.47267177455959664,150,True,20.3,,199.0,1e-09,2,150,0.107638,50,50,0.3,3.361706,1.196001,9999,1,0.01,0.05,False,0.342645,0.535926,20
756,hexagonal,auxetic,True,-0.19997778836337815,-0.3914435687945512,0.6331389215293196,150,True,22.04,,199.0,1e-09,2,150,0.08244,50,50,0.3,2.919333,1.180901,9999,1,0.01,0.05,False,0.357754,0.502152,20
757,hexagonal,auxetic,True,-0.25690876807658064,-0.3758812040135716,0.5087888737954854,150,True,22.62,,199.0,1e-09,2,150,0.111277,50,50,0.3,3.247542,1.130201,9999,1,0.01,0.05,False,0.297664,0.564403,20
758,hexagonal,auxetic,True,-0.2902241617110636,-0.4705504454668967,0.4025431772096937,150,True,21.2,,199.0,1e-09,2,150,0.137738,50,50,0.3,3.596212,1.096072,9999,1,0.01,0.05,False,0.371509,0.58178,20
759,hexagonal,auxetic,True,-0.5065075303816063,-0.4689037277393393,-0.012253124331745635,61,True,7.85,,199.0,1e-09,2,150,0.087787,50,50,0.3,3.055663,1.193684,9999,1,0.01,0.05,False,0.289324,0.519428,20
760,hexagonal,auxetic,True,-0.41228268344947744,-0.45572464452657646,0.3921136751792562,150,True,20.98,,199.0,1e-09,2,150,0.104648,50,50,0.3,2.952708,1.117757,9999,1,0.01,0.05,False,0.369683,0.511751,20
761,hexagonal,auxetic,True,-0.34978371460319757,-0.5498532672727884,0.3397672793895816,150,True,21.79,,199.0,1e-09,2,150,0.124619,50,50,0.3,3.321342,1.162152,9999,1,0.01,0.05,False,0.371538,0.573254,20
762,hexagonal,auxetic,True,-0.5302682142748845,-0.5383381156820545,-0.004096684343768975,110,True,13.52,,199.0,1e-09,2,150,0.103801,50,50,0.3,3.383447,1.195039,9999,1,0.01,0.05,False,0.29807,0.546291,20
763,hexagonal,auxetic,True,-0.47677677069441954,-0.5269154610371586,0.024574852938785918,50,True,7.36,,199.0,1e-09,2,150,0.127035,50,50,0.3,3.287224,1.107468,9999,1,0.01,0.05,False,0.353164,0.55062,20
764,hexagonal,auxetic,True,-0.43858737415881116,-0.645737173735404,0.10336751290129031,88,True,12.01,,199.0,1e-09,2,150,0.121408,50,50,0.3,3.481813,1.080594,9999,1,0.01,0.05,False,0.322956,0.543234,20
765,hexagonal,auxetic,True,-0.4613754060101956,-0.3857844808592268,0.2294922043687646,150,True,19.82,,199.0,1e-09,2,150,0.088827,50,50,0.3,2.827602,1.075914,9999,1,0.01,0.05,False,0.342143,0.523551,20
766,hexagonal,auxetic,True,-0.4285628635930147,-0.8044751774740521,0.287374349374769,150,True,19.62,,199.0,1e-09,2,150,0.133075,50,50,0.3,2.766289,1.196528,9999,1,0.01,0.05,False,0.352655,0.581446,20
767,hexagonal,auxetic,True,-0.24177750581148855,-0.9576598779568477,0.44008584134464573,150,True,20.96,,199.0,1e-09,2,150,0.077249,50,50,0.3,3.57083,1.095246,9999,1,0.01,0.05,False,0.324222,0.523621,20
768,hexagonal,auxetic,True,-0.4699767213938865,-0.5646834783070025,0.12007033428164426,144,True,20.82,,199.0,1e-09,2,150,0.079265,50,50,0.3,2.754339,1.086096,9999,1,0.01,0.05,False,0.357294,0.527016,20
769,hexagonal,auxetic,True,-0.2836950739149419,-0.496806084176814,0.407661256520907,150,True,20.18,,199.0,1e-09,2,150,0.09839,50,50,0.3,3.530533,1.161636,9999,1,0.01,0.05,False,0.315399,0.513605,20
770,hexagonal,auxetic,True,-0.3558005471056306,-0.6109485082012359,0.20132228596682955,56,True,8.42,,199.0,1e-09,2,150,0.143627,50,50,0.3,3.494617,1.23897,9999,1,0.01,0.05,False,0.319398,0.52189,20
771,hexagonal,auxetic,True,-0.6148557786014652,-0.34170735422154686,0.5253410379374513,96,True,14.45,,199.0,1e-09,2,150,0.099511,50,50,0.3,2.98993,1.132615,9999,1,0.01,0.05,False,0.293559,0.50345,20
772,hexagonal,auxetic,True,-0.2550583213058237,-0.5244149064232421,0.40150311800825284,150,True,21.27,,199.0,1e-09,2,150,0.09584,50,50,0.3,3.656169,1.117609,9999,1,0.01,0.05,False,0.3008,0.534751,20
773,hexagonal,auxetic,True,-0.22199572275417462,-0.4308504386179989,0.5423866628760894,150,True,21.61,,199.0,1e-09,2,150,0.122552,50,50,0.3,3.584208,1.090786,9999,1,0.01,0.05,False,0.37413,0.504369,20
774,hexagonal,auxetic,True,-0.32132291684198594,-0.5959081617854095,0.3448451094233911,150,True,21.12,,199.0,1e-09,2,150,0.113427,50,50,0.3,3.335879,1.220379,9999,1,0.01,0.05,False,0.361331,0.562919,20
775,hexagonal,auxetic,True,-0.23326236860417127,-0.2358175102262833,0.6865038994892323,150,True,21.43,,199.0,1e-09,2,150,0.11883,50,50,0.3,3.250801,1.188101,9999,1,0.01,0.05,False,0.342876,0.501256,20
776,hexagonal,auxetic,True,-0.46008528974022395,-0.3341358282055921,0.41864503469977044,150,True,19.84,,199.0,1e-09,2,150,0.116743,50,50,0.3,2.565966,1.187179,9999,1,0.01,0.05,False,0.345321,0.50982,20
777,hexagonal,auxetic,True,-0.2324133288453268,-0.6330640273051442,0.3991088658537394,150,True,21.06,,199.0,1e-09,2,150,0.13838,50,50,0.3,3.08952,1.13647,9999,1,0.01,0.05,False,0.327133,0.511409,20
778,hexagonal,auxetic,True,-0.2555651657280211,-0.6060347533019731,0.2917101937062198,150,True,21.43,,199.0,1e-09,2,150,0.136046,50,50,0.3,3.486712,1.1512,9999,1,0.01,0.05,False,0.285034,0.550889,20
779,hexagonal,auxetic,True,-0.27368284460309455,-0.6991611188282688,0.32470817550426667,150,True,21.69,,199.0,1e-09,2,150,0.083646,50,50,0.3,2.915623,1.144671,9999,1,0.01,0.05,False,0.324445,0.551868,20
780,hexagonal,auxetic,True,-0.4559965885272573,-0.5467791876973562,-0.027837703288730586,123,True,17.29,,199.0,1e-09,2,150,0.092269,50,50,0.3,3.317752,1.060577,9999,1,0.01,0.05,False,0.302086,0.503958,20
781,hexagonal,auxetic,True,-0.221155324839223,-0.41527540893281306,0.49522879589405977,150,True,21.32,,199.0,1e-09,2,150,0.110224,50,50,0.3,3.079135,1.129268,9999,1,0.01,0.05,False,0.334653,0.555624,20
782,hexagonal,auxetic,True,-0.3967369959414853,-0.3451349576653771,0.18979301842706287,88,True,11.95,,199.0,1e-09,2,150,0.103232,50,50,0.3,3.051687,1.06784,9999,1,0.01,0.05,False,0.352494,0.504105,20
783,hexagonal,auxetic,True,-0.15628951097189492,-1.1354708865466394,0.4988051233610038,102,True,14.98,,199.0,1e-09,2,150,0.084915,50,50,0.3,2.652471,1.24217,9999,1,0.01,0.05,False,0.304369,0.551368,20
784,hexagonal,auxetic,True,-0.41199341189058397,-0.5247975940349571,0.22409261996194996,150,True,19.41,,199.0,1e-09,2,150,0.110737,50,50,0.3,3.141941,1.223678,9999,1,0.01,0.05,False,0.287481,0.512369,20
785,hexagonal,auxetic,True,-0.41557839142110764,-0.45452242138866156,0.43486629771308905,64,True,8.93,,199.0,1e-09,2,150,0.092546,50,50,0.3,3.307791,1.076164,9999,1,0.01,0.05,False,0.340023,0.502635,20
786,hexagonal,auxetic,True,-0.3925786616674544,-0.6359584298210939,0.14932602131706363,131,True,18.46,,199.0,1e-09,2,150,0.111105,50,50,0.3,3.009326,1.122106,9999,1,0.01,0.05,False,0.299001,0.524739,20
787,hexagonal,auxetic,True,-0.5185615426192034,-0.6923264986938262,0.08145678643949117,73,True,9.37,,199.0,1e-09,2,150,0.108013,50,50,0.3,2.584213,1.230099,9999,1,0.01,0.05,False,0.324989,0.551075,20
788,hexagonal,auxetic,True,-0.5313536446314587,-0.48641392163472486,0.25847375997942856,150,True,19.31,,199.0,1e-09,2,150,0.133784,50,50,0.3,2.703739,1.102407,9999,1,0.01,0.05,False,0.352196,0.540973,20
789,hexagonal,auxetic,True,-0.35380839176484935,-0.5817817646738178,0.26134771608856255,150,True,20.44,,199.0,1e-09,2,150,0.123237,50,50,0.3,3.409995,1.198852,9999,1,0.01,0.05,False,0.357968,0.513479,20
790,hexagonal,auxetic,True,-0.25787038379405747,-0.5489497966965453,0.401662233232717,150,True,21.0,,199.0,1e-09,2,150,0.093821,50,50,0.3,2.940138,1.174648,9999,1,0.01,0.05,False,0.368744,0.515285,20
791,hexagonal,auxetic,True,-0.2784049539727247,-0.4323037880725277,0.36169510988930775,70,True,10.69,,199.0,1e-09,2,150,0.104784,50,50,0.3,3.188179,1.101654,9999,1,0.01,0.05,False,0.305435,0.504609,20
792,hexagonal,auxetic,True,-0.3318779355161061,-0.5135345896882005,0.25020429545149003,150,True,19.47,,199.0,1e-09,2,150,0.103978,50,50,0.3,3.40701,1.112384,9999,1,0.01,0.05,False,0.28619,0.520836,20
793,hexagonal,auxetic,True,-0.26846710472177115,-0.7883724763880338,0.42476654815759873,150,True,19.72,,199.0,1e-09,2,150,0.077926,50,50,0.3,3.477286,1.193822,9999,1,0.01,0.05,False,0.31076,0.51514,20
794,hexagonal,auxetic,True,-0.29622660284468516,-0.19307893335338716,0.4467267381369839,150,True,19.81,,199.0,1e-09,2,150,0.0935,50,50,0.3,3.527262,1.073565,9999,1,0.01,0.05,False,0.375854,0.572707,20
795,hexagonal,auxetic,True,-0.3671488302237407,-0.24451740170687025,0.5055122805529688,150,True,20.64,,199.0,1e-09,2,150,0.100198,50,50,0.3,3.567556,1.139112,9999,1,0.01,0.05,False,0.334104,0.560617,20
796,hexagonal,auxetic,True,-0.11046790129031417,-1.1954976497580896,0.5825553256664985,88,True,12.93,,199.0,1e-09,2,150,0.076815,50,50,0.3,2.709532,1.10496,9999,1,0.01,0.05,False,0.340855,0.504285,20
797,hexagonal,auxetic,True,-0.44186454505075906,-0.5330347901820844,0.1424391956539155,132,True,19.0,,199.0,1e-09,2,150,0.09986,50,50,0.3,3.454375,1.200291,9999,1,0.01,0.05,False,0.343185,0.550041,20
798,hexagonal,auxetic,True,-0.4390344442573029,-0.6124298755309915,0.13247104124620568,150,True,22.06,,199.0,1e-09,2,150,0.1255,50,50,0.3,3.547725,1.229571,9999,1,0.01,0.05,False,0.288061,0.58278,20
799,hexagonal,auxetic,True,-0.22992784642514882,-0.5729658262074464,0.41988167762452405,150,True,21.09,,199.0,1e-09,2,150,0.121732,50,50,0.3,3.61414,1.243842,9999,1,0.01,0.05,False,0.30791,0.552027,20
800,hexagonal,auxetic,True,-0.46525209539394574,-0.5186797100801507,0.24657329313009912,150,True,20.8,,199.0,1e-09,2,150,0.094956,50,50,0.3,3.603471,1.07287,9999,1,0.01,0.05,False,0.375727,0.538376,20
801,hexagonal,auxetic,True,-0.21157880555173952,-0.771634824731439,0.5258986884467345,150,True,19.65,,199.0,1e-09,2,150,0.113185,50,50,0.3,3.463036,1.110171,9999,1,0.01,0.05,False,0.333712,0.518308,20
802,hexagonal,auxetic,True,-0.8391187964199761,-0.27849860387413666,0.3815686003656269,150,True,17.43,,199.0,1e-09,2,150,0.114333,50,50,0.3,2.85632,1.187683,9999,1,0.01,0.05,False,0.320726,0.532014,20
803,hexagonal,auxetic,True,-0.31329849408206767,-0.37694465205122907,0.3798645720318815,59,True,8.17,,199.0,1e-09,2,150,0.132997,50,50,0.3,2.963881,1.221852,9999,1,0.01,0.05,False,0.349349,0.501512,20
804,hexagonal,auxetic,True,-0.42089105759359896,-0.3848318909072253,0.495682082034551,150,True,21.98,,199.0,1e-09,2,150,0.128014,50,50,0.3,3.654711,1.225155,9999,1,0.01,0.05,False,0.369973,0.554047,20
805,hexagonal,auxetic,True,-0.35143959627211874,-0.6140198305590101,0.4186761303200591,150,True,21.79,,199.0,1e-09,2,150,0.109555,50,50,0.3,2.704462,1.064015,9999,1,0.01,0.05,False,0.305722,0.550869,20
806,hexagonal,auxetic,True,-0.5763665154630481,-0.41002746241707166,0.4682559164303699,150,True,22.0,,199.0,1e-09,2,150,0.090773,50,50,0.3,3.257884,1.114661,9999,1,0.01,0.05,False,0.287226,0.521705,20
807,hexagonal,auxetic,True,-0.4203678973834142,-0.6575960668041304,-0.042773450964023074,150,True,19.42,,199.0,1e-09,2,150,0.117346,50,50,0.3,3.207607,1.075442,9999,1,0.01,0.05,False,0.339758,0.582362,20
808,hexagonal,auxetic,True,-0.3778748637667062,-0.4949278070235872,0.17078560074180305,150,True,20.98,,199.0,1e-09,2,150,0.141377,50,50,0.3,2.621438,1.107087,9999,1,0.01,0.05,False,0.320601,0.51054,20
809,hexagonal,auxetic,True,-0.5627009732544304,-0.3214537934367097,0.2764153746859721,150,True,21.63,,199.0,1e-09,2,150,0.100358,50,50,0.3,3.155925,1.173332,9999,1,0.01,0.05,False,0.361632,0.557376,20
810,hexagonal,auxetic,True,-0.35158986191575153,-0.32233583980896247,0.48070623852515515,150,True,22.46,,199.0,1e-09,2,150,0.087014,50,50,0.3,2.57273,1.102915,9999,1,0.01,0.05,False,0.317344,0.526343,20
811,hexagonal,auxetic,True,-0.29092737064719676,-0.3899305312360462,0.5504604204094745,150,True,21.3,,199.0,1e-09,2,150,0.077696,50,50,0.3,2.812304,1.172736,9999,1,0.01,0.05,False,0.285857,0.528795,20
812,hexagonal,auxetic,True,-0.1879888268950401,-0.6095537538070774,0.5651487943015487,150,True,19.55,,199.0,1e-09,2,150,0.101917,50,50,0.3,3.375965,1.096955,9999,1,0.01,0.05,False,0.333254,0.583014,20
813,hexagonal,auxetic,True,-0.1822386409053309,-0.356869756137222,0.5362383817360472,150,True,20.77,,199.0,1e-09,2,150,0.08053,50,50,0.3,3.077515,1.195434,9999,1,0.01,0.05,False,0.308489,0.546878,20
814,hexagonal,auxetic,True,-0.4226136371237073,-0.37918921657677335,0.41909562554051805,150,True,22.17,,199.0,1e-09,2,150,0.132516,50,50,0.3,2.927939,1.196265,9999,1,0.01,0.05,False,0.337616,0.559973,20
815,hexagonal,auxetic,True,-0.3344625093985552,-0.5029158894148789,0.3574590134288691,150,True,21.94,,199.0,1e-09,2,150,0.129684,50,50,0.3,3.282402,1.220711,9999,1,0.01,0.05,False,0.339602,0.526449,20
816,hexagonal,auxetic,True,-0.5013881951342547,-0.5684531523510602,0.17061083869824856,135,True,18.75,,199.0,1e-09,2,150,0.125759,50,50,0.3,2.71115,1.12837,9999,1,0.01,0.05,False,0.353217,0.579992,20
817,hexagonal,auxetic,True,-0.29516564308369014,-0.495829624967508,0.3177572038067945,65,True,9.58,,199.0,1e-09,2,150,0.098826,50,50,0.3,3.267205,1.099998,9999,1,0.01,0.05,False,0.361196,0.507698,20
818,hexagonal,auxetic,True,-0.24927185757796466,-0.2693867750746791,0.614292906224186,150,True,20.44,,199.0,1e-09,2,150,0.075194,50,50,0.3,3.536425,1.179,9999,1,0.01,0.05,False,0.359658,0.522188,20
819,hexagonal,auxetic,True,-0.27010611261604495,-0.5829959850305145,0.4257438697233801,150,True,20.21,,199.0,1e-09,2,150,0.084221,50,50,0.3,3.588424,1.140538,9999,1,0.01,0.05,False,0.302885,0.570971,20
820,hexagonal,auxetic,True,-0.29778332282693215,-0.2850261573506675,0.5167936065435189,150,True,21.15,,199.0,1e-09,2,150,0.132417,50,50,0.3,3.645092,1.241852,9999,1,0.01,0.05,False,0.30922,0.563079,20
821,hexagonal,auxetic,True,-0.43345905770206083,-0.5395444552813319,0.15371820733123265,150,True,20.0,,199.0,1e-09,2,150,0.122304,50,50,0.3,3.043301,1.089935,9999,1,0.01,0.05,False,0.338316,0.53806,20
822,hexagonal,auxetic,True,-0.319139931590829,-0.6325679965388956,0.15062456846458805,84,True,12.37,,199.0,1e-09,2,150,0.105103,50,50,0.3,2.574319,1.082007,9999,1,0.01,0.05,False,0.314798,0.520382,20
823,hexagonal,auxetic,True,-0.3961158678341191,-0.6762415600559154,0.12453141096347531,150,True,19.8,,199.0,1e-09,2,150,0.11452,50,50,0.3,2.80025,1.109393,9999,1,0.01,0.05,False,0.373258,0.548169,20
824,hexagonal,auxetic,True,-0.323412536511075,-0.5722648141746042,0.2415456661675658,150,True,19.7,,199.0,1e-09,2,150,0.116613,50,50,0.3,3.381342,1.07928,9999,1,0.01,0.05,False,0.310863,0.55957,20
825,hexagonal,auxetic,True,-0.44256064873405754,-0.5261870684746203,-0.012602564193139765,66,True,9.51,,199.0,1e-09,2,150,0.134071,50,50,0.3,2.706336,1.100504,9999,1,0.01,0.05,False,0.291072,0.554698,20
826,hexagonal,auxetic,True,-0.4883463978522327,-0.3941311041574936,0.31653836205121355,93,True,13.24,,199.0,1e-09,2,150,0.075792,50,50,0.3,3.183476,1.208446,9999,1,0.01,0.05,False,0.374082,0.537206,20
827,hexagonal,auxetic,True,-0.2707497801366724,-0.602452235790661,0.3729852118025815,150,True,19.82,,199.0,1e-09,2,150,0.089447,50,50,0.3,3.291912,1.077945,9999,1,0.01,0.05,False,0.337066,0.557033,20
828,hexagonal,auxetic,True,-0.3319225724981648,-0.5065184077993085,0.24763840515915758,60,True,8.72,,199.0,1e-09,2,150,0.119761,50,50,0.3,3.41583,1.158777,9999,1,0.01,0.05,False,0.34184,0.545428,20
829,hexagonal,auxetic,True,-0.4154976642338998,-0.4977653238240862,0.15389503051922981,150,True,21.38,,199.0,1e-09,2,150,0.142333,50,50,0.3,3.491698,1.144725,9999,1,0.01,0.05,False,0.303722,0.507286,20
830,hexagonal,auxetic,True,-0.26621986264789854,-0.854965668501443,0.2434225194724582,150,True,22.11,,199.0,1e-09,2,150,0.082331,50,50,0.3,2.593183,1.157747,9999,1,0.01,0.05,False,0.320541,0.583734,20
831,hexagonal,auxetic,True,-0.15963663575031045,-1.1029281625074332,0.46913968995790745,126,True,17.22,,199.0,1e-09,2,150,0.078265,50,50,0.3,3.062212,1.185853,9999,1,0.01,0.05,False,0.377827,0.558865,20
832,hexagonal,auxetic,True,-0.3714195474576449,-0.6789863587292188,0.26245413009047924,150,True,20.4,,199.0,1e-09,2,150,0.123943,50,50,0.3,2.636837,1.150652,9999,1,0.01,0.05,False,0.301409,0.530077,20
833,hexagonal,auxetic,True,-0.41863244209256467,-0.6544009554759906,0.12443505528322563,58,True,8.61,,199.0,1e-09,2,150,0.103135,50,50,0.3,2.679409,1.154218,9999,1,0.01,0.05,False,0.33535,0.536298,20
834,hexagonal,auxetic,True,-0.1557465656921398,-0.14751921805832802,0.5800698093524915,150,True,21.8,,199.0,1e-09,2,150,0.117626,50,50,0.3,3.354533,1.108269,9999,1,0.01,0.05,False,0.290907,0.535694,20
835,hexagonal,auxetic,True,-0.3801348085771396,-0.6653203516933325,0.08274715853592207,73,True,10.2,,199.0,1e-09,2,150,0.096676,50,50,0.3,3.127758,1.178139,9999,1,0.01,0.05,False,0.32487,0.567866,20
836,hexagonal,auxetic,True,-0.6023915280059883,-0.48991510498472446,0.11113052714069849,150,True,18.3,,199.0,1e-09,2,150,0.097261,50,50,0.3,2.722784,1.098368,9999,1,0.01,0.05,False,0.297413,0.563451,20
837,hexagonal,auxetic,True,-0.44305333711995804,-0.3553414262419903,0.32885039539270877,150,True,20.26,,199.0,1e-09,2,150,0.140986,50,50,0.3,2.851932,1.066806,9999,1,0.01,0.05,False,0.32599,0.576781,20
838,hexagonal,auxetic,True,-0.45497573514411827,-0.8251206196469382,0.10461158419793892,127,True,16.07,,199.0,1e-09,2,150,0.088632,50,50,0.3,2.66382,1.136001,9999,1,0.01,0.05,False,0.32337,0.52064,20
839,hexagonal,auxetic,True,-0.23725800042321166,-0.33723366283391915,0.4230259560826951,150,True,20.75,,199.0,1e-09,2,150,0.108449,50,50,0.3,3.620811,1.131803,9999,1,0.01,0.05,False,0.315866,0.569382,20
840,hexagonal,auxetic,True,-0.24862116760602332,-0.40374172769571903,0.4838594461952942,150,True,20.07,,199.0,1e-09,2,150,0.096931,50,50,0.3,2.924999,1.143412,9999,1,0.01,0.05,False,0.345747,0.508973,20
841,hexagonal,auxetic,True,-0.2853191724402047,-0.8084338106422782,0.351789896461564,150,True,20.42,,199.0,1e-09,2,150,0.144209,50,50,0.3,2.753523,1.058575,9999,1,0.01,0.05,False,0.376992,0.525098,20
842,hexagonal,auxetic,True,-0.3115473179592936,-0.5740236781213646,0.3073023735281154,150,True,21.1,,199.0,1e-09,2,150,0.083159,50,50,0.3,3.493224,1.125753,9999,1,0.01,0.05,False,0.30722,0.573407,20
843,hexagonal,auxetic,True,-0.3456387741594873,-0.8152924556882063,0.18970299143810632,50,True,6.49,,199.0,1e-09,2,150,0.088325,50,50,0.3,3.238756,1.185449,9999,1,0.01,0.05,False,0.322472,0.517268,20
844,hexagonal,auxetic,True,-0.4695601751534622,-0.5299279002695791,0.2073906681297134,150,True,22.34,,199.0,1e-09,2,150,0.118711,50,50,0.3,3.424812,1.224804,9999,1,0.01,0.05,False,0.357614,0.572991,20
845,hexagonal,auxetic,True,-0.24965921418101877,-0.3972541016926349,0.34297529338165733,150,True,21.13,,199.0,1e-09,2,150,0.107026,50,50,0.3,2.717911,1.151508,9999,1,0.01,0.05,False,0.377396,0.575837,20
846,hexagonal,auxetic,True,-0.15861257350833674,-0.12176488985715711,0.7103036233017366,150,True,21.21,,199.0,1e-09,2,150,0.118126,50,50,0.3,3.27411,1.227369,9999,1,0.01,0.05,False,0.289062,0.533834,20
847,hexagonal,auxetic,True,-0.4721343774128749,-0.5431325719802294,0.09129195578062255,150,True,21.21,,199.0,1e-09,2,150,0.122824,50,50,0.3,2.589836,1.217592,9999,1,0.01,0.05,False,0.355328,0.582663,20
848,hexagonal,auxetic,True,-0.24271820967400945,-0.3595397009502863,0.4408546582092633,150,True,20.88,,199.0,1e-09,2,150,0.097706,50,50,0.3,3.384534,1.065819,9999,1,0.01,0.05,False,0.311704,0.518991,20
849,hexagonal,auxetic,True,-0.15374909568910924,-0.22778094116251815,0.5919434295073878,150,True,21.01,,199.0,1e-09,2,150,0.139725,50,50,0.3,3.634912,1.186275,9999,1,0.01,0.05,False,0.358297,0.571438,20
850,hexagonal,auxetic,True,-0.06021417457083642,-0.1862692574061787,0.6826950317675535,150,True,20.63,,199.0,1e-09,2,150,0.106125,50,50,0.3,2.864539,1.10972,9999,1,0.01,0.05,False,0.33639,0.566905,20
851,hexagonal,auxetic,True,-0.33056487046024235,-0.5366452580122032,0.3001228352037374,150,True,21.03,,199.0,1e-09,2,150,0.100699,50,50,0.3,2.980537,1.12121,9999,1,0.01,0.05,False,0.375169,0.499838,20
852,hexagonal,auxetic,True,-0.41097693168375915,-0.5046321316738096,0.2584879817325114,85,True,11.3,,199.0,1e-09,2,150,0.136713,50,50,0.3,2.702505,1.122803,9999,1,0.01,0.05,False,0.329868,0.501374,20
853,hexagonal,auxetic,True,-0.07976433099373881,-0.14012261876640053,0.6798636674325095,150,True,27.1,,199.0,1e-09,2,150,0.11912,50,50,0.3,3.567352,1.16912,9999,1,0.01,0.05,False,0.360119,0.516174,20
854,hexagonal,auxetic,True,-0.30561281422151104,-0.7784538590307731,0.3946858476001407,150,True,19.45,,199.0,1e-09,2,150,0.108522,50,50,0.3,3.504449,1.218034,9999,1,0.01,0.05,False,0.349673,0.536129,20
855,hexagonal,auxetic,True,-0.18256147011149942,-0.5042865400538338,0.5177309323542285,150,True,20.32,,199.0,1e-09,2,150,0.112157,50,50,0.3,2.771979,1.189114,9999,1,0.01,0.05,False,0.378586,0.5164,20
856,hexagonal,auxetic,True,-0.44461358367104287,-0.5801499224839843,0.08127227593224906,150,True,21.47,,199.0,1e-09,2,150,0.129929,50,50,0.3,3.321077,1.102175,9999,1,0.01,0.05,False,0.294525,0.567563,20
857,hexagonal,auxetic,True,-0.14955324542809648,-0.17476242811946419,0.6387203893365723,150,True,20.39,,199.0,1e-09,2,150,0.113308,50,50,0.3,3.03207,1.130599,9999,1,0.01,0.05,False,0.3275,0.540367,20
858,hexagonal,auxetic,True,-0.45691376229902525,-0.4907851424574479,0.019858271490054147,84,True,10.71,,199.0,1e-09,2,150,0.127201,50,50,0.3,3.000105,1.157985,9999,1,0.01,0.05,False,0.300711,0.578894,20
859,hexagonal,auxetic,True,-0.43447520803343426,-0.5796025550444723,-0.08215548338337098,61,True,8.48,,199.0,1e-09,2,150,0.101525,50,50,0.3,2.687766,1.057688,9999,1,0.01,0.05,False,0.297502,0.533474,20
860,hexagonal,auxetic,True,-0.15587240771694894,-0.5979516997520611,0.4393785044497525,150,True,22.07,,199.0,1e-09,2,150,0.079071,50,50,0.3,3.112885,1.082821,9999,1,0.01,0.05,False,0.343769,0.526189,20
861,hexagonal,auxetic,True,-0.5077067987255128,-0.5303480345752422,0.053358116652710286,84,True,11.1,,199.0,1e-09,2,150,0.091389,50,50,0.3,3.451512,1.202573,9999,1,0.01,0.05,False,0.289955,0.511265,20
862,hexagonal,auxetic,True,-0.3272092991702884,-0.6281860966041898,0.336619276171765,150,True,19.99,,199.0,1e-09,2,150,0.135534,50,50,0.3,2.924321,1.127696,9999,1,0.01,0.05,False,0.378069,0.552792,20
863,hexagonal,auxetic,True,-0.31977546658153216,-0.6889247365089878,0.20479220936763587,46,True,6.37,,199.0,1e-09,2,150,0.103327,50,50,0.3,2.627389,1.171727,9999,1,0.01,0.05,False,0.319166,0.520359,20
864,hexagonal,auxetic,True,-0.40715056066637,-0.5269887866472281,0.21384663751476896,65,True,9.45,,199.0,1e-09,2,150,0.134977,50,50,0.3,3.180078,1.152826,9999,1,0.01,0.05,False,0.330803,0.530835,20
865,hexagonal,auxetic,True,-0.6652853006023421,-0.3259903509133392,0.502620629660365,150,True,20.85,,199.0,1e-09,2,150,0.109269,50,50,0.3,3.297856,1.094805,9999,1,0.01,0.05,False,0.352251,0.539654,20
866,hexagonal,auxetic,True,-0.38387929013388916,-0.6308337698628724,0.0011154065801453061,150,True,21.82,,199.0,1e-09,2,150,0.091825,50,50,0.3,3.1823,1.071683,9999,1,0.01,0.05,False,0.291972,0.563723,20
867,hexagonal,auxetic,True,-0.40137652977769556,-0.41267791966641476,0.37513225506689885,150,True,21.77,,199.0,1e-09,2,150,0.141734,50,50,0.3,3.35184,1.115721,9999,1,0.01,0.05,False,0.311864,0.526631,20
868,hexagonal,auxetic,True,-0.0880985999975073,-0.19863906838722303,0.68111701371532,150,True,19.96,,199.0,1e-09,2,150,0.116417,50,50,0.3,2.756321,1.244584,9999,1,0.01,0.05,False,0.35604,0.505553,20
869,hexagonal,auxetic,True,-0.479299307124069,-0.5081510766492889,0.3185105391030143,150,True,21.49,,199.0,1e-09,2,150,0.107735,50,50,0.3,3.230023,1.232716,9999,1,0.01,0.05,False,0.361603,0.51321,20
870,hexagonal,auxetic,True,-0.4022850365461671,-0.5143523388232404,0.2825325701967155,95,True,13.74,,199.0,1e-09,2,150,0.081241,50,50,0.3,2.835463,1.200068,9999,1,0.01,0.05,False,0.292681,0.541254,20
871,hexagonal,auxetic,True,-0.2422252493255728,-0.7030649302916467,0.24946650814205978,150,True,20.77,,199.0,1e-09,2,150,0.086178,50,50,0.3,2.673032,1.172286,9999,1,0.01,0.05,False,0.299977,0.581971,20
872,hexagonal,auxetic,True,-0.4192407754768991,-0.6508652815645012,0.1631577074919961,87,True,11.49,,199.0,1e-09,2,150,0.08194,50,50,0.3,3.585765,1.210766,9999,1,0.01,0.05,False,0.347957,0.526076,20
873,hexagonal,auxetic,True,-0.3684629450729194,-0.7728861539099571,0.3237777541071305,150,True,21.27,,199.0,1e-09,2,150,0.087427,50,50,0.3,3.336907,1.190598,9999,1,0.01,0.05,False,0.35574,0.516516,20
874,hexagonal,auxetic,True,-0.40594734764779805,-0.5070592572228724,0.22187921783198872,71,True,10.61,,199.0,1e-09,2,150,0.109859,50,50,0.3,3.305748,1.217731,9999,1,0.01,0.05,False,0.322814,0.506353,20
875,hexagonal,auxetic,True,-0.47047216874645686,-0.46786421863128463,-0.006782542414559334,150,True,19.91,,199.0,1e-09,2,150,0.109146,50,50,0.3,3.016989,1.160079,9999,1,0.01,0.05,False,0.287109,0.528355,20
876,hexagonal,auxetic,True,-0.23999045410427222,-0.45307441035521334,0.5387183798611114,150,True,20.55,,199.0,1e-09,2,150,0.08818,50,50,0.3,2.903289,1.140166,9999,1,0.01,0.05,False,0.371787,0.508028,20
877,hexagonal,auxetic,True,-0.41760158833481686,-0.6591786750482415,0.24645196455785834,150,True,20.9,,199.0,1e-09,2,150,0.117056,50,50,0.3,3.10304,1.217325,9999,1,0.01,0.05,False,0.376028,0.543572,20
878,hexagonal,auxetic,True,-0.4336346177729499,-0.2872216283075184,0.3532267114266803,150,True,20.69,,199.0,1e-09,2,150,0.081594,50,50,0.3,2.936927,1.13956,9999,1,0.01,0.05,False,0.295296,0.558536,20
879,hexagonal,auxetic,True,-0.38148201136381965,-0.6786881784119164,0.12539965891889648,150,True,20.89,,199.0,1e-09,2,150,0.102508,50,50,0.3,2.648191,1.227303,9999,1,0.01,0.05,False,0.330666,0.542284,20
880,hexagonal,auxetic,True,-0.38520751341185394,-0.6544822903948155,0.1462826011360845,150,True,20.3,,199.0,1e-09,2,150,0.076459,50,50,0.3,2.945828,1.198594,9999,1,0.01,0.05,False,0.36717,0.565662,20
881,hexagonal,auxetic,True,-0.3190077016180842,-0.6444514141420273,0.31682955001188995,150,True,18.24,,199.0,1e-09,2,150,0.143768,50,50,0.3,2.817368,1.204722,9999,1,0.01,0.05,False,0.316603,0.508092,20
882,hexagonal,auxetic,True,-0.30473399493305775,-0.6376484668394055,0.18374452806751956,60,True,8.03,,199.0,1e-09,2,150,0.096614,50,50,0.3,2.757383,1.122532,9999,1,0.01,0.05,False,0.36409,0.574298,20
883,hexagonal,auxetic,True,-0.44606654636348436,-0.6243317915506458,0.22062490375103672,150,True,22.13,,199.0,1e-09,2,150,0.114213,50,50,0.3,3.135425,1.06735,9999,1,0.01,0.05,False,0.320941,0.499936,20
884,hexagonal,auxetic,True,-0.2562459123030935,-0.8649940719055297,0.2932712136330419,150,True,21.57,,199.0,1e-09,2,150,0.079639,50,50,0.3,2.84887,1.169026,9999,1,0.01,0.05,False,0.334732,0.583601,20
885,hexagonal,auxetic,True,-0.2647588690057032,-0.4301587898035191,0.44504886316956926,150,True,21.84,,199.0,1e-09,2,150,0.128836,50,50,0.3,2.801924,1.126492,9999,1,0.01,0.05,False,0.335109,0.506714,20
886,hexagonal,auxetic,True,-0.46731531419804845,-0.31433386818921827,0.37182551461132685,110,True,15.75,,199.0,1e-09,2,150,0.129087,50,50,0.3,3.438191,1.154948,9999,1,0.01,0.05,False,0.350281,0.557866,20
887,hexagonal,auxetic,True,-0.19054127049585062,-0.5337904383036056,0.47497633436939646,150,True,22.83,,199.0,1e-09,2,150,0.096077,50,50,0.3,2.803645,1.219803,9999,1,0.01,0.05,False,0.309949,0.528058,20
888,hexagonal,auxetic,True,-0.37488479235037636,-0.4890903748481989,0.25095172670963595,150,True,21.65,,199.0,1e-09,2,150,0.129807,50,50,0.3,2.997682,1.226175,9999,1,0.01,0.05,False,0.341987,0.537528,20
889,hexagonal,auxetic,True,-0.3801134585191841,-0.6676074293683664,0.1487869335125689,61,True,9.04,,199.0,1e-09,2,150,0.10268,50,50,0.3,2.822648,1.244229,9999,1,0.01,0.05,False,0.310316,0.527297,20
890,hexagonal,auxetic,True,-0.3901063309879574,-0.6656946186547497,0.13436672511029335,138,True,18.28,,199.0,1e-09,2,150,0.14284,50,50,0.3,2.826197,1.153959,9999,1,0.01,0.05,False,0.315042,0.539323,20
891,hexagonal,auxetic,True,-0.5923593225747419,-0.44571526673618084,0.24874045903648556,150,True,21.35,,199.0,1e-09,2,150,0.103722,50,50,0.3,2.862553,1.142869,9999,1,0.01,0.05,False,0.336862,0.572298,20
892,hexagonal,auxetic,True,-0.3073164930630585,-0.5938111435596878,0.40020024360350737,150,True,21.46,,199.0,1e-09,2,150,0.106419,50,50,0.3,3.615632,1.168341,9999,1,0.01,0.05,False,0.364216,0.543106,20
893,hexagonal,auxetic,True,-0.37245736307332344,-0.5480065425953589,0.22585854183222853,65,True,9.0,,199.0,1e-09,2,150,0.101096,50,50,0.3,3.552374,1.127244,9999,1,0.01,0.05,False,0.307026,0.524081,20
894,hexagonal,auxetic,True,-0.42952827618849143,-0.6338329568608253,0.3387842296907533,90,True,12.95,,199.0,1e-09,2,150,0.130703,50,50,0.3,3.023075,1.10562,9999,1,0.01,0.05,False,0.374794,0.567206,20
895,hexagonal,auxetic,True,-0.43212729149674745,-0.6304798266920528,0.1244770187581381,150,True,21.21,,199.0,1e-09,2,150,0.091903,50,50,0.3,2.722216,1.117311,9999,1,0.01,0.05,False,0.313742,0.51711,20
896,hexagonal,auxetic,True,-0.40128597864887683,-0.42639180569011614,0.34355925619904204,122,True,15.54,,199.0,1e-09,2,150,0.080156,50,50,0.3,2.883404,1.061506,9999,1,0.01,0.05,False,0.374731,0.505274,20
897,hexagonal,auxetic,True,-0.5959625904366439,-0.4373072483934301,0.4446056866764052,150,True,21.69,,199.0,1e-09,2,150,0.134942,50,50,0.3,3.245134,1.059147,9999,1,0.01,0.05,False,0.347066,0.540616,20
898,hexagonal,auxetic,True,-0.7212860397887476,-0.3943721383264298,0.47585300996722435,150,True,21.82,,199.0,1e-09,2,150,0.110522,50,50,0.3,3.63392,1.137375,9999,1,0.01,0.05,False,0.33278,0.545848,20
899,hexagonal,auxetic,True,-0.24887281939874356,-0.8458124883630301,0.42121214406997076,150,True,21.69,,199.0,1e-09,2,150,0.078633,50,50,0.3,3.331488,1.21858,9999,1,0.01,0.05,False,0.312934,0.518733,20
900,hexagonal,auxetic,True,-0.11049194865899839,-0.48240765822724646,0.6405580887570501,150,True,18.69,,199.0,1e-09,2,150,0.07893,50,50,0.3,3.365076,1.140918,9999,1,0.01,0.05,False,0.337494,0.544296,20
901,hexagonal,auxetic,True,-0.06671976614133683,-0.2315149129684846,0.6748781474636676,150,True,22.28,,199.0,1e-09,2,150,0.077114,50,50,0.3,2.838016,1.068212,9999,1,0.01,0.05,False,0.358618,0.502686,20
902,hexagonal,auxetic,True,-0.40218378870361005,-0.4216612960450853,0.4053460317485892,150,True,21.36,,199.0,1e-09,2,150,0.100422,50,50,0.3,3.403729,1.182899,9999,1,0.01,0.05,False,0.362142,0.542999,20
903,hexagonal,auxetic,True,-0.3612114811840249,-0.6615810488862831,0.1959996306798144,150,True,21.16,,199.0,1e-09,2,150,0.096859,50,50,0.3,2.930384,1.148029,9999,1,0.01,0.05,False,0.377696,0.577728,20
904,hexagonal,auxetic,True,-0.28140467752295123,-0.4456530478182109,0.39429673615384475,150,True,21.27,,199.0,1e-09,2,150,0.099361,50,50,0.3,3.657311,1.082343,9999,1,0.01,0.05,False,0.294376,0.512864,20
905,hexagonal,auxetic,True,-0.4522992784232482,-0.5614339534208005,0.04567260487010716,150,True,21.38,,199.0,1e-09,2,150,0.117732,50,50,0.3,3.223899,1.176008,9999,1,0.01,0.05,False,0.340646,0.576448,20
906,hexagonal,auxetic,True,-0.15681454184433086,-0.22858346858795697,0.6513615141889522,150,True,19.19,,199.0,1e-09,2,150,0.103456,50,50,0.3,3.523262,1.084814,9999,1,0.01,0.05,False,0.364861,0.566143,20
907,hexagonal,auxetic,True,-0.41234104739798527,-0.6730401065433003,0.14752068660641238,150,True,21.06,,199.0,1e-09,2,150,0.130189,50,50,0.3,3.447061,1.218257,9999,1,0.01,0.05,False,0.335915,0.562784,20
908,hexagonal,auxetic,True,-0.3290686416037269,-0.7200029039103859,0.11958237081798417,150,True,20.28,,199.0,1e-09,2,150,0.091705,50,50,0.3,3.48512,1.128628,9999,1,0.01,0.05,False,0.369101,0.550669,20
909,hexagonal,auxetic,True,-0.452640018474759,-0.33470392668863497,0.3179956612821585,150,True,20.68,,199.0,1e-09,2,150,0.092047,50,50,0.3,2.798896,1.186931,9999,1,0.01,0.05,False,0.37095,0.540485,20
910,hexagonal,auxetic,True,-0.40218780001013926,-0.42611660331243423,0.1432113217806389,150,True,20.74,,199.0,1e-09,2,150,0.143143,50,50,0.3,3.393116,1.222684,9999,1,0.01,0.05,False,0.286691,0.538964,20
911,hexagonal,auxetic,True,-0.3145954579711079,-0.34950974512962457,0.37340357495771714,80,True,10.76,,199.0,1e-09,2,150,0.143668,50,50,0.3,3.159356,1.071901,9999,1,0.01,0.05,False,0.341313,0.567454,20
912,hexagonal,auxetic,True,-0.2512522381991486,-0.37257531406565775,0.586772773414702,150,True,19.32,,199.0,1e-09,2,150,0.105411,50,50,0.3,3.641788,1.237038,9999,1,0.01,0.05,False,0.352801,0.564062,20
913,hexagonal,auxetic,True,-0.2895708571782308,-0.5294263848534874,0.2848901018042923,150,True,20.66,,199.0,1e-09,2,150,0.117148,50,50,0.3,3.344228,1.069646,9999,1,0.01,0.05,False,0.299136,0.556461,20
914,hexagonal,auxetic,True,-0.31382553196478735,-1.0545530444635203,0.22451498283151866,67,True,9.98,,199.0,1e-09,2,150,0.101583,50,50,0.3,2.78886,1.060875,9999,1,0.01,0.05,False,0.302788,0.573669,20
915,hexagonal,auxetic,True,-0.6332624509291913,-0.5548692783935254,0.1851895931087043,75,True,10.39,,199.0,1e-09,2,150,0.113885,50,50,0.3,2.729322,1.207081,9999,1,0.01,0.05,False,0.317274,0.506183,20
916,hexagonal,auxetic,True,-0.44085767456317193,-0.6082552535854833,0.08486474364319063,150,True,18.64,,199.0,1e-09,2,150,0.106602,50,50,0.3,2.749743,1.147366,9999,1,0.01,0.05,False,0.29126,0.541382,20
917,hexagonal,auxetic,True,-0.30964614447533684,-0.6029938001273016,0.2699647552884304,150,True,21.89,,199.0,1e-09,2,150,0.094208,50,50,0.3,3.47882,1.120107,9999,1,0.01,0.05,False,0.351995,0.525749,20
918,hexagonal,auxetic,True,-0.39427411672578583,-0.41310675394299573,0.5241763368418487,150,True,20.86,,199.0,1e-09,2,150,0.137862,50,50,0.3,2.943683,1.141068,9999,1,0.01,0.05,False,0.360434,0.536721,20
919,hexagonal,auxetic,True,-0.47324904684089675,-0.6744776679342145,0.22530005353215732,150,True,20.93,,199.0,1e-09,2,150,0.099581,50,50,0.3,2.656726,1.118793,9999,1,0.01,0.05,False,0.29542,0.517698,20
920,hexagonal,auxetic,True,-0.2350007738180642,-0.2981357889581187,0.49526363477849145,150,True,21.56,,199.0,1e-09,2,150,0.095396,50,50,0.3,3.523397,1.134049,9999,1,0.01,0.05,False,0.298376,0.531903,20
921,hexagonal,auxetic,True,-0.4250854703891367,-0.6179237090047726,0.10821943030833825,150,True,20.69,,199.0,1e-09,2,150,0.104651,50,50,0.3,2.968425,1.105206,9999,1,0.01,0.05,False,0.351036,0.520914,20
922,hexagonal,auxetic,True,-0.37029577833925637,-0.32317609145763326,0.5384723473313997,150,True,21.76,,199.0,1e-09,2,150,0.091035,50,50,0.3,2.913646,1.18847,9999,1,0.01,0.05,False,0.345119,0.501109,20
923,hexagonal,auxetic,True,-0.5598373808137558,-0.3432657435463276,0.24073863230700066,150,True,20.2,,199.0,1e-09,2,150,0.094842,50,50,0.3,3.395909,1.177127,9999,1,0.01,0.05,False,0.353539,0.584584,20
924,hexagonal,auxetic,True,-0.11649282407316168,-0.609138737549504,0.5549802402918257,92,True,12.5,,199.0,1e-09,2,150,0.098305,50,50,0.3,3.423262,1.166715,9999,1,0.01,0.05,False,0.349502,0.568984,20
925,hexagonal,auxetic,True,-0.36063668122829245,-0.5959773184382172,0.20672397884059002,136,True,17.03,,199.0,1e-09,2,150,0.132165,50,50,0.3,3.420109,1.096611,9999,1,0.01,0.05,False,0.30944,0.553757,20
926,hexagonal,auxetic,True,-0.4176573016953857,-0.6628578581876865,0.06514980419278327,73,True,9.66,,199.0,1e-09,2,150,0.083054,50,50,0.3,3.498065,1.178433,9999,1,0.01,0.05,False,0.292265,0.557236,20
927,hexagonal,auxetic,True,-0.44476116534375565,-0.49277291470961043,0.0318451461549355,150,True,18.88,,199.0,1e-09,2,150,0.123624,50,50,0.3,3.281653,1.081124,9999,1,0.01,0.05,False,0.363948,0.549744,20
928,hexagonal,auxetic,True,-0.02352393741269424,-0.07707005109031508,0.8525007841693626,150,True,20.26,,199.0,1e-09,2,150,0.108951,50,50,0.3,2.823554,1.237173,9999,1,0.01,0.05,False,0.348414,0.55332,20
929,hexagonal,auxetic,True,-0.4609501428996777,-0.5972883728365096,0.030836335606886922,150,True,20.81,,199.0,1e-09,2,150,0.091195,50,50,0.3,3.049527,1.100626,9999,1,0.01,0.05,False,0.346196,0.581875,20
930,hexagonal,auxetic,True,-0.33973313649715514,-0.7929164468601803,0.17875708600351542,150,True,21.37,,199.0,1e-09,2,150,0.075208,50,50,0.3,2.666179,1.132177,9999,1,0.01,0.05,False,0.331066,0.546143,20
931,hexagonal,auxetic,True,-0.269780319202856,-0.6473590649563861,0.22980702200095238,150,True,22.31,,199.0,1e-09,2,150,0.08337,50,50,0.3,2.736215,1.132004,9999,1,0.01,0.05,False,0.344076,0.580574,20
932,hexagonal,auxetic,True,-0.8312681840247484,-0.3161293915200295,0.3513427530186949,150,True,21.65,,199.0,1e-09,2,150,0.093325,50,50,0.3,3.489701,1.074382,9999,1,0.01,0.05,False,0.289874,0.523832,20
933,hexagonal,auxetic,True,-0.39807165714864906,-0.47130515166420023,0.1643649968409333,92,True,12.55,,199.0,1e-09,2,150,0.104954,50,50,0.3,3.205185,1.201481,9999,1,0.01,0.05,False,0.29467,0.534474,20
934,hexagonal,auxetic,True,-0.39723590181474777,-0.616729371187791,0.394084975487207,150,True,21.59,,199.0,1e-09,2,150,0.125661,50,50,0.3,2.922248,1.205974,9999,1,0.01,0.05,False,0.303747,0.509653,20
935,hexagonal,auxetic,True,-0.3987822200012071,-0.6815661100062563,0.1222221158248582,150,True,19.0,,199.0,1e-09,2,150,0.090111,50,50,0.3,3.340118,1.069096,9999,1,0.01,0.05,False,0.371329,0.532602,20
936,hexagonal,auxetic,True,-0.16624508813696048,-0.16281177415677656,0.531200435620575,150,True,21.14,,199.0,1e-09,2,150,0.110271,50,50,0.3,3.192471,1.080895,9999,1,0.01,0.05,False,0.287886,0.575025,20
937,hexagonal,auxetic,True,-0.10737203180284599,-0.10980354799692073,0.6792170283319867,150,True,20.82,,199.0,1e-09,2,150,0.126061,50,50,0.3,2.630758,1.117022,9999,1,0.01,0.05,False,0.301516,0.500734,20
938,hexagonal,auxetic,True,-0.37354802355775735,-0.6638832936825483,0.1556404921823099,150,True,20.54,,199.0,1e-09,2,150,0.079408,50,50,0.3,2.985388,1.098651,9999,1,0.01,0.05,False,0.313528,0.523388,20
939,hexagonal,auxetic,True,-0.19594645500267377,-0.7401283008942801,0.5833740690764286,150,True,20.81,,199.0,1e-09,2,150,0.087359,50,50,0.3,3.355705,1.162707,9999,1,0.01,0.05,False,0.315002,0.565393,20
940,hexagonal,auxetic,True,-0.4035338555271577,-0.5683199004739503,0.24695407449433682,115,True,16.81,,199.0,1e-09,2,150,0.138759,50,50,0.3,3.154925,1.088325,9999,1,0.01,0.05,False,0.336232,0.535806,20
941,hexagonal,auxetic,True,-0.32804654225148083,-0.587814317342405,0.24969491648603925,150,True,21.01,,199.0,1e-09,2,150,0.11914,50,50,0.3,3.234262,1.065495,9999,1,0.01,0.05,False,0.363175,0.533858,20
942,hexagonal,auxetic,True,-0.6208361316798255,-0.3803612198747038,0.48151586755660813,150,True,20.85,,199.0,1e-09,2,150,0.138888,50,50,0.3,3.12618,1.189807,9999,1,0.01,0.05,False,0.380217,0.560493,20
943,hexagonal,auxetic,True,-0.28819328769868785,-0.6677366673598177,0.14062800677558812,102,True,12.6,,199.0,1e-09,2,150,0.112367,50,50,0.3,3.086829,1.074184,9999,1,0.01,0.05,False,0.32865,0.576613,20
944,hexagonal,auxetic,True,-0.41707279072344605,-0.5604825851754133,0.1773935399759312,63,True,8.7,,199.0,1e-09,2,150,0.081551,50,50,0.3,2.583722,1.140445,9999,1,0.01,0.05,False,0.368346,0.511009,20
945,hexagonal,auxetic,True,-0.43855364689787446,-0.5497270395053886,-0.03516278335077405,59,True,8.44,,199.0,1e-09,2,150,0.126427,50,50,0.3,2.60717,1.07724,9999,1,0.01,0.05,False,0.31214,0.544482,20
946,hexagonal,auxetic,True,-0.34503301403817027,-0.36960962930943575,0.4462028244349807,150,True,22.08,,199.0,1e-09,2,150,0.13511,50,50,0.3,2.65952,1.127506,9999,1,0.01,0.05,False,0.297027,0.519119,20
947,hexagonal,auxetic,True,-0.45752127821211447,-0.38419778895261886,0.3366740369518333,150,True,21.16,,199.0,1e-09,2,150,0.138196,50,50,0.3,2.634057,1.181902,9999,1,0.01,0.05,False,0.367468,0.548654,20
948,hexagonal,auxetic,True,-0.40925449043321976,-0.6530566702568367,0.10605733686447294,57,True,7.29,,199.0,1e-09,2,150,0.124792,50,50,0.3,3.594476,1.158485,9999,1,0.01,0.05,False,0.308271,0.562592,20
949,hexagonal,auxetic,True,-0.2590584165513774,-0.6336714692058196,0.32553153492519216,100,True,12.84,,199.0,1e-09,2,150,0.075331,50,50,0.3,2.792249,1.176645,9999,1,0.01,0.05,False,0.354443,0.568025,20
950,hexagonal,auxetic,True,-0.4025984016174681,-0.6469641715127314,0.3273247813757282,150,True,20.76,,199.0,1e-09,2,150,0.123538,50,50,0.3,3.3481,1.093785,9999,1,0.01,0.05,False,0.296817,0.5059,20
951,hexagonal,auxetic,True,-0.5932884871450113,-0.3994907635951078,0.49280225303155645,150,True,20.99,,199.0,1e-09,2,150,0.13635,50,50,0.3,3.357784,1.241043,9999,1,0.01,0.05,False,0.325073,0.579785,20
952,hexagonal,auxetic,True,-0.5216374457016303,-0.46021845946044604,0.16633749772534734,150,True,21.57,,199.0,1e-09,2,150,0.13177,50,50,0.3,3.302505,1.167615,9999,1,0.01,0.05,False,0.374308,0.552151,20
953,hexagonal,auxetic,True,-0.4922770679888364,-0.6062448706752539,0.13412717088448156,98,True,13.34,,199.0,1e-09,2,150,0.106486,50,50,0.3,2.949927,1.242703,9999,1,0.01,0.05,False,0.329972,0.513019,20
954,hexagonal,auxetic,True,-0.4702682384563103,-0.6195056221510088,0.0880223602058422,69,True,10.35,,199.0,1e-09,2,150,0.124396,50,50,0.3,3.533601,1.160506,9999,1,0.01,0.05,False,0.345208,0.563948,20
955,hexagonal,auxetic,True,-0.3092573166139536,-0.5055444055119309,0.37154796640788823,56,True,9.06,,199.0,1e-09,2,150,0.112868,50,50,0.3,2.870887,1.225326,9999,1,0.01,0.05,False,0.358963,0.568289,20
956,hexagonal,auxetic,True,-0.1274740069225958,-1.1695192002050927,0.4751234278559913,150,True,18.8,,199.0,1e-09,2,150,0.133339,50,50,0.3,3.552033,1.142708,9999,1,0.01,0.05,False,0.342536,0.56557,20
957,hexagonal,auxetic,True,-0.47155344610021005,-0.5645385962776496,0.10500553414403313,110,True,16.07,,199.0,1e-09,2,150,0.126664,50,50,0.3,3.50575,1.071415,9999,1,0.01,0.05,False,0.309474,0.546506,20
958,hexagonal,auxetic,True,-0.3086862139782838,-0.7646142790179521,0.27014879033065275,150,True,19.83,,199.0,1e-09,2,150,0.07743,50,50,0.3,3.310148,1.152208,9999,1,0.01,0.05,False,0.329767,0.584048,20
959,hexagonal,auxetic,True,-0.4276723754410028,-0.5694576939167922,0.11482860597820166,85,True,10.76,,199.0,1e-09,2,150,0.135963,50,50,0.3,3.362762,1.205717,9999,1,0.01,0.05,False,0.306572,0.557543,20
960,hexagonal,auxetic,True,-0.3830571925012222,-0.5024213842795019,0.4616605140701675,150,True,21.98,,199.0,1e-09,2,150,0.088007,50,50,0.3,3.534366,1.214903,9999,1,0.01,0.05,False,0.347364,0.523076,20
961,hexagonal,auxetic,True,-0.49898938370890894,-0.35981352670147804,0.3566900552375546,150,True,19.37,,199.0,1e-09,2,150,0.126935,50,50,0.3,2.737618,1.125369,9999,1,0.01,0.05,False,0.372043,0.550361,20
962,hexagonal,auxetic,True,-0.4730170364459395,-0.5969833152793453,-0.051782418064187374,55,True,8.32,,199.0,1e-09,2,150,0.090459,50,50,0.3,3.600588,1.163394,9999,1,0.01,0.05,False,0.305542,0.569311,20
963,hexagonal,auxetic,True,-0.3835428679572475,-0.5670059180948313,0.11510878597845742,150,True,21.9,,199.0,1e-09,2,150,0.086281,50,50,0.3,3.313756,1.099709,9999,1,0.01,0.05,False,0.296035,0.581004,20
964,hexagonal,auxetic,True,-0.22555175668310484,-0.7432588416083038,0.3913912902939556,124,True,14.7,,199.0,1e-09,2,150,0.090377,50,50,0.3,3.189006,1.074681,9999,1,0.01,0.05,False,0.338384,0.539813,20
965,hexagonal,auxetic,True,-0.2695110007460188,-0.7506698725772752,0.42403367672664644,150,True,22.7,,199.0,1e-09,2,150,0.081421,50,50,0.3,3.26583,1.104301,9999,1,0.01,0.05,False,0.296187,0.506979,20
966,hexagonal,auxetic,True,-0.23218619634458004,-0.4543383314253285,0.4874239678893506,150,True,21.75,,199.0,1e-09,2,150,0.108833,50,50,0.3,2.617318,1.169546,9999,1,0.01,0.05,False,0.311521,0.569466,20
967,hexagonal,auxetic,True,-0.4758401297395176,-0.4195899616810205,0.042240018979065264,150,True,21.59,,199.0,1e-09,2,150,0.133655,50,50,0.3,2.691406,1.120005,9999,1,0.01,0.05,False,0.313935,0.568833,20
968,hexagonal,auxetic,True,-0.5035086012807362,-0.5347732741251564,0.025014899931390944,150,True,20.93,,199.0,1e-09,2,150,0.120688,50,50,0.3,2.64118,1.064233,9999,1,0.01,0.05,False,0.326711,0.573761,20
969,hexagonal,auxetic,True,-0.3843951607646059,-0.5549982586646466,0.35954435166420085,150,True,21.72,,199.0,1e-09,2,150,0.087747,50,50,0.3,3.277236,1.108629,9999,1,0.01,0.05,False,0.37019,0.530005,20
970,hexagonal,auxetic,True,-0.42789517533198507,-0.5173531417875915,0.18294044590980174,85,True,11.83,,199.0,1e-09,2,150,0.086457,50,50,0.3,2.845963,1.178733,9999,1,0.01,0.05,False,0.299376,0.516784,20
971,hexagonal,auxetic,True,-0.2996119826769479,-0.5960112496216321,0.3229003436171777,150,True,21.3,,199.0,1e-09,2,150,0.101269,50,50,0.3,2.73158,1.233389,9999,1,0.01,0.05,False,0.365781,0.582838,20
972,hexagonal,auxetic,True,-0.3942327340497333,-0.6303188070976161,-0.01640872368728996,85,True,12.61,,199.0,1e-09,2,150,0.080711,50,50,0.3,3.529432,1.060112,9999,1,0.01,0.05,False,0.312257,0.546161,20
973,hexagonal,auxetic,True,-0.4142036558765634,-0.6860348955844449,-0.04493497239676825,150,True,21.15,,199.0,1e-09,2,150,0.094746,50,50,0.3,3.010163,1.110597,9999,1,0.01,0.05,False,0.290247,0.577975,20
974,hexagonal,auxetic,True,-0.6390044730151135,-0.34346639679893953,0.6187058047514843,150,True,20.26,,199.0,1e-09,2,150,0.136839,50,50,0.3,3.457637,1.195661,9999,1,0.01,0.05,False,0.365942,0.564967,20
975,hexagonal,auxetic,True,-0.47622340332143137,-0.6708049786484764,0.04959518944411867,70,True,10.39,,199.0,1e-09,2,150,0.1227,50,50,0.3,2.692406,1.066645,9999,1,0.01,0.05,False,0.331454,0.541587,20
976,hexagonal,auxetic,True,-0.23673276984686267,-0.3490494550379432,0.5307884111661477,150,True,21.24,,199.0,1e-09,2,150,0.109921,50,50,0.3,2.660395,1.202716,9999,1,0.01,0.05,False,0.288764,0.549335,20
977,hexagonal,auxetic,True,-0.4077073149455265,-0.5025397276371181,0.24840345300076894,150,True,19.78,,199.0,1e-09,2,150,0.084623,50,50,0.3,2.575271,1.241754,9999,1,0.01,0.05,False,0.352531,0.507853,20
978,hexagonal,auxetic,True,-0.44710815187615977,-0.46784781386442237,0.18306689449809288,75,True,9.85,,199.0,1e-09,2,150,0.134541,50,50,0.3,2.752604,1.098807,9999,1,0.01,0.05,False,0.342268,0.512255,20
979,hexagonal,auxetic,True,-0.3640175776719238,-0.30507630519516354,0.4540983876296051,150,True,20.71,,199.0,1e-09,2,150,0.093019,50,50,0.3,2.820491,1.229134,9999,1,0.01,0.05,False,0.376167,0.531297,20
980,hexagonal,auxetic,True,-0.582808169064925,-0.2924285368548251,0.441329812785217,150,True,20.68,,199.0,1e-09,2,150,0.139988,50,50,0.3,3.024296,1.172187,9999,1,0.01,0.05,False,0.336055,0.561098,20
981,hexagonal,auxetic,True,-0.37583760683135803,-0.5793487914030735,0.23284475588955056,105,True,14.71,,199.0,1e-09,2,150,0.124639,50,50,0.3,3.413802,1.246238,9999,1,0.01,0.05,False,0.355494,0.55179,20
982,hexagonal,auxetic,True,-0.32697700904009036,-0.6341074106259011,0.2725767924172505,150,True,20.54,,199.0,1e-09,2,150,0.080629,50,50,0.3,3.647396,1.142193,9999,1,0.01,0.05,False,0.377177,0.501857,20
983,hexagonal,auxetic,True,-0.2290627033443623,-0.5717955214364371,0.3777490663846807,150,True,20.59,,199.0,1e-09,2,150,0.130003,50,50,0.3,3.578588,1.238621,9999,1,0.01,0.05,False,0.308979,0.547637,20
984,hexagonal,auxetic,True,-0.3783435187296066,-0.15532651504163572,0.41748398765278844,150,True,20.86,,199.0,1e-09,2,150,0.130842,50,50,0.3,2.618677,1.165346,9999,1,0.01,0.05,False,0.353362,0.571547,20
985,hexagonal,auxetic,True,-0.4405556362896216,-0.6846717277071783,0.18714022097378058,150,True,22.53,,199.0,1e-09,2,150,0.078754,50,50,0.3,3.185656,1.235366,9999,1,0.01,0.05,False,0.366322,0.582298,20
986,hexagonal,auxetic,True,-0.29090609652340665,-0.6994513486167168,0.3766927098982764,150,True,20.63,,199.0,1e-09,2,150,0.08212,50,50,0.3,2.760689,1.109926,9999,1,0.01,0.05,False,0.355897,0.568396,20
987,hexagonal,auxetic,True,-0.36796473369854077,-0.6165498110979589,0.2425714076047254,150,True,22.03,,199.0,1e-09,2,150,0.135439,50,50,0.3,3.063784,1.120554,9999,1,0.01,0.05,False,0.363462,0.538634,20
988,hexagonal,auxetic,True,-0.28519332524913993,-0.5929997391688973,0.1877686759173514,150,True,21.64,,199.0,1e-09,2,150,0.111199,50,50,0.3,3.21762,1.070463,9999,1,0.01,0.05,False,0.364943,0.569557,20
989,hexagonal,auxetic,True,-0.05884602356200989,-0.19474355685126285,0.7120404508157656,150,True,21.18,,199.0,1e-09,2,150,0.115425,50,50,0.3,2.624435,1.06952,9999,1,0.01,0.05,False,0.338586,0.5578,20
990,hexagonal,auxetic,True,-0.2585813960265905,-0.6840301439570988,0.3691633087543264,56,True,7.84,,199.0,1e-09,2,150,0.084762,50,50,0.3,2.839702,1.221392,9999,1,0.01,0.05,False,0.362398,0.522497,20
991,hexagonal,auxetic,True,-0.4189243122865356,-0.14854100456597366,0.42489993127148,74,True,10.37,,199.0,1e-09,2,150,0.098888,50,50,0.3,2.915216,1.152398,9999,1,0.01,0.05,False,0.370144,0.556886,20
992,hexagonal,auxetic,True,-0.4071347844592406,-0.6545068143751196,0.17046826444712881,150,True,20.71,,199.0,1e-09,2,150,0.119357,50,50,0.3,2.99582,1.18095,9999,1,0.01,0.05,False,0.304757,0.56223,20
993,hexagonal,auxetic,True,-0.3082652416920205,-0.612585885541162,0.18285851763797012,150,True,21.81,,199.0,1e-09,2,150,0.114835,50,50,0.3,3.433746,1.08708,9999,1,0.01,0.05,False,0.308868,0.574054,20
994,hexagonal,auxetic,True,-0.4640359746255333,-0.6061491310211115,0.28136973081271166,150,True,22.21,,199.0,1e-09,2,150,0.123859,50,50,0.3,3.581432,1.234381,9999,1,0.01,0.05,False,0.374988,0.560205,20
995,hexagonal,auxetic,True,-0.4543609688776902,-0.4594406160279505,0.08496902199327094,77,True,10.89,,199.0,1e-09,2,150,0.091267,50,50,0.3,3.210362,1.176301,9999,1,0.01,0.05,False,0.307645,0.502388,20
996,hexagonal,auxetic,True,-0.3763682263916552,-0.5421523125771761,0.09751502766063358,150,True,20.88,,199.0,1e-09,2,150,0.134311,50,50,0.3,2.689,1.170217,9999,1,0.01,0.05,False,0.298923,0.543662,20
997,hexagonal,auxetic,True,-0.2489907475618349,-0.2970877922075432,0.5270129738532905,150,True,19.17,,199.0,1e-09,2,150,0.129556,50,50,0.3,3.039327,1.151777,9999,1,0.01,0.05,False,0.288251,0.531123,20
998,hexagonal,auxetic,True,-0.4677071805887154,-0.4937521632583557,0.09453897567052905,68,True,9.68,,199.0,1e-09,2,150,0.119286,50,50,0.3,3.075577,1.103038,9999,1,0.01,0.05,False,0.325759,0.548316,20
999,hexagonal,auxetic,True,-0.7163088599913485,-0.3356106348698951,0.4258054514486391,150,True,21.0,,199.0,1e-09,2,150,0.108763,50,50,0.3,3.227692,1.101589,9999,1,0.01,0.05,False,0.360325,0.529814,20
1000,hexagonal,auxetic,True,-0.23640720863390105,-0.6568320117444576,0.35280711858905484,150,True,19.59,,199.0,1e-09,2,150,0.088394,50,50,0.3,3.620345,1.07379,9999,1,0.01,0.05,False,0.332013,0.549682,20
1001,hexagonal,auxetic,True,7.438292899649472e-12,0.29272570584284907,1.0524382785340674,34,True,4.73,,199.0,1e-09,2,150,0.097537,50,50,0.3,2.961804,1.209374,9999,1,0.01,0.05,False,0.320368,0.531486,20
1002,hexagonal,auxetic,True,-0.33955838504423114,-0.6605279667907776,0.15456469817476393,150,True,19.78,,199.0,1e-09,2,150,0.117982,50,50,0.3,3.56003,1.191236,9999,1,0.01,0.05,False,0.322062,0.577072,20
1003,hexagonal,auxetic,True,-0.4289243917560914,-0.6813588659535392,0.13778984370234326,150,True,21.33,,199.0,1e-09,2,150,0.130252,50,50,0.3,3.235173,1.158933,9999,1,0.01,0.05,False,0.311105,0.539946,20
1004,hexagonal,auxetic,True,-0.4946329367108167,-0.640006135530525,-0.0717993496725009,124,True,15.55,,199.0,1e-09,2,150,0.097423,50,50,0.3,3.046428,1.212325,9999,1,0.01,0.05,False,0.295648,0.550242,20
1005,hexagonal,auxetic,True,-0.3431502652310743,-0.5321451071926108,0.2801074369887031,150,True,22.01,,199.0,1e-09,2,150,0.125913,50,50,0.3,2.777424,1.192212,9999,1,0.01,0.05,False,0.318582,0.530584,20
1006,hexagonal,auxetic,True,-0.3063024671566622,-0.8922118534394706,0.39436299306794004,60,True,8.01,,199.0,1e-09,2,150,0.119625,50,50,0.3,2.861269,1.095073,9999,1,0.01,0.05,False,0.331826,0.500481,20
1007,hexagonal,auxetic,True,-0.3967898614457248,-0.6600820696449361,0.1948843115760186,150,True,21.87,,199.0,1e-09,2,150,0.144118,50,50,0.3,2.571047,1.233527,9999,1,0.01,0.05,False,0.332606,0.524499,20
1008,hexagonal,auxetic,True,-0.30819933516833997,-0.5747774530594997,0.2968934502871243,150,True,21.42,,199.0,1e-09,2,150,0.08693,50,50,0.3,3.284631,1.204285,9999,1,0.01,0.05,False,0.329002,0.551479,20
1009,hexagonal,auxetic,True,-0.16525219790581067,-0.1458584638041267,0.6864040645236584,150,True,20.57,,199.0,1e-09,2,150,0.123707,50,50,0.3,3.070029,1.242899,9999,1,0.01,0.05,False,0.327731,0.500586,20
1010,hexagonal,auxetic,True,-0.31058954234287534,-0.523682609050731,0.20740303546144334,108,True,14.64,,199.0,1e-09,2,150,0.12099,50,50,0.3,3.000857,1.180609,9999,1,0.01,0.05,False,0.306949,0.54773,20
1011,hexagonal,auxetic,True,-0.5071765463006842,-0.6157878611051183,-0.10624309955789601,75,True,10.28,,199.0,1e-09,2,150,0.100649,50,50,0.3,3.590903,1.116046,9999,1,0.01,0.05,False,0.305114,0.560945,20
1012,hexagonal,auxetic,True,-0.2643681784892138,-0.5947198128642504,0.471248830931824,150,True,20.39,,199.0,1e-09,2,150,0.142409,50,50,0.3,2.568788,1.087745,9999,1,0.01,0.05,False,0.300617,0.578305,20
1013,hexagonal,auxetic,True,-0.4325283554902957,-0.6576192487723317,0.05085392575774905,150,True,20.17,,199.0,1e-09,2,150,0.110912,50,50,0.3,2.663026,1.204154,9999,1,0.01,0.05,False,0.306813,0.583457,20
1014,hexagonal,auxetic,True,-0.4267534117696187,-0.5561322755957876,0.16610361762618198,82,True,11.97,,199.0,1e-09,2,150,0.12488,50,50,0.3,3.232563,1.245235,9999,1,0.01,0.05,False,0.368945,0.556391,20
1015,hexagonal,auxetic,True,-0.4196091980605166,-0.5761551925613025,0.2503751828264241,50,True,7.63,,199.0,1e-09,2,150,0.131047,50,50,0.3,2.934613,1.191834,9999,1,0.01,0.05,False,0.368035,0.563577,20
1016,hexagonal,auxetic,True,-0.30342346228721406,-0.3449239477822246,0.5028641818354912,150,True,19.79,,199.0,1e-09,2,150,0.126241,50,50,0.3,3.543693,1.197868,9999,1,0.01,0.05,False,0.328752,0.521181,20
1017,hexagonal,auxetic,True,-0.5465111864879122,-0.4893524607423978,0.06279927630334803,150,True,20.82,,199.0,1e-09,2,150,0.103949,50,50,0.3,2.668112,1.104051,9999,1,0.01,0.05,False,0.379186,0.576698,20
1018,hexagonal,auxetic,True,-0.401411478824037,-0.6678314059586858,0.150282216650375,150,True,20.46,,199.0,1e-09,2,150,0.085557,50,50,0.3,2.81913,1.096253,9999,1,0.01,0.05,False,0.356615,0.556646,20
1019,hexagonal,auxetic,True,-0.45263677172585826,-0.6019802118605155,0.15863761439857194,150,True,21.84,,199.0,1e-09,2,150,0.101224,50,50,0.3,3.101667,1.127956,9999,1,0.01,0.05,False,0.326199,0.539249,20
1020,hexagonal,auxetic,True,-0.45543713326679586,-0.6116258651811919,0.11640581284684792,150,True,19.63,,199.0,1e-09,2,150,0.126665,50,50,0.3,2.91004,1.219191,9999,1,0.01,0.05,False,0.34238,0.55228,20
1021,hexagonal,auxetic,True,8.164355756557817e-12,0.3121535470846609,1.052298719906823,42,True,5.46,,199.0,1e-09,2,150,0.078115,50,50,0.3,3.473893,1.112647,9999,1,0.01,0.05,False,0.321359,0.568651,20
1022,hexagonal,auxetic,True,-0.5812313674549652,-0.429500236141332,0.35909055797736045,150,True,20.98,,199.0,1e-09,2,150,0.094265,50,50,0.3,3.095635,1.061063,9999,1,0.01,0.05,False,0.299415,0.545075,20
1023,hexagonal,auxetic,True,-0.4462663126581813,-0.4132594300265688,0.1805743676461148,150,True,20.79,,199.0,1e-09,2,150,0.104491,50,50,0.3,3.091405,1.08959,9999,1,0.01,0.05,False,0.294036,0.540203,20
1024,hexagonal,auxetic,True,-0.8515912860578475,-0.2846997797764379,0.24569592109907024,150,True,21.27,,199.0,1e-09,2,150,0.105764,50,50,0.3,2.901024,1.061262,9999,1,0.01,0.05,False,0.351598,0.54809,20
1025,hexagonal,auxetic,True,-0.37552613504044163,-0.6251818522156302,0.13028554686355565,74,True,10.86,,199.0,1e-09,2,150,0.07995,50,50,0.3,3.637343,1.060216,9999,1,0.01,0.05,False,0.337315,0.530295,20
1026,hexagonal,auxetic,True,-0.5141819367845092,-0.5850390450383979,0.24240959706788467,150,True,21.49,,199.0,1e-09,2,150,0.133146,50,50,0.3,2.927106,1.091034,9999,1,0.01,0.05,False,0.376336,0.528942,20
1027,hexagonal,auxetic,True,-0.27115807251892066,-0.8840620696613242,0.2785921208905174,150,True,20.24,,199.0,1e-09,2,150,0.101765,50,50,0.3,3.359799,1.112754,9999,1,0.01,0.05,False,0.299916,0.577354,20
1028,hexagonal,auxetic,True,-0.15288223439403378,-0.9292247429629563,0.5557025323123197,150,True,20.98,,199.0,1e-09,2,150,0.130086,50,50,0.3,3.556752,1.22565,9999,1,0.01,0.05,False,0.34123,0.527182,20
1029,hexagonal,auxetic,True,-0.3082755388286176,-0.9005600842423854,0.3310563459151229,150,True,21.26,,199.0,1e-09,2,150,0.137959,50,50,0.3,2.976612,1.116284,9999,1,0.01,0.05,False,0.380951,0.546977,20
1030,hexagonal,auxetic,True,-0.42812130724679504,-0.6116028868790074,0.09959749456710643,150,True,20.86,,199.0,1e-09,2,150,0.092445,50,50,0.3,2.622704,1.215058,9999,1,0.01,0.05,False,0.378783,0.577591,20
1031,hexagonal,auxetic,True,-0.41803749455274763,-0.6615607639253076,-0.0372133245790095,150,True,20.97,,199.0,1e-09,2,150,0.121168,50,50,0.3,3.201011,1.103957,9999,1,0.01,0.05,False,0.314586,0.584546,20
1032,hexagonal,auxetic,True,-0.3440729221833091,-0.39370863386201405,0.3862148565654363,150,True,21.1,,199.0,1e-09,2,150,0.116966,50,50,0.3,2.684279,1.238281,9999,1,0.01,0.05,False,0.37357,0.573871,20
1033,hexagonal,auxetic,True,-0.32937286006616423,-0.5735530252695382,0.21116778190905494,150,True,21.61,,199.0,1e-09,2,150,0.114616,50,50,0.3,2.8875,1.228115,9999,1,0.01,0.05,False,0.333893,0.567669,20
1034,hexagonal,auxetic,True,-0.6285981578880497,-0.2886754620004362,0.35602101248643647,150,True,19.87,,199.0,1e-09,2,150,0.134749,50,50,0.3,3.562318,1.110885,9999,1,0.01,0.05,False,0.291647,0.569885,20
1035,hexagonal,auxetic,True,-0.41958103851600803,-0.47528212752305316,0.05287042358058014,67,True,9.05,,199.0,1e-09,2,150,0.095865,50,50,0.3,3.608063,1.084445,9999,1,0.01,0.05,False,0.346085,0.542571,20
1036,hexagonal,auxetic,True,-0.4165732887722881,-0.44482808465497986,0.44504346325595767,150,True,20.04,,199.0,1e-09,2,150,0.10486,50,50,0.3,2.988369,1.216709,9999,1,0.01,0.05,False,0.343901,0.530689,20
1037,hexagonal,auxetic,True,-0.2711390569707449,-0.5986198792407647,0.2839559628704653,150,True,21.72,,199.0,1e-09,2,150,0.081059,50,50,0.3,2.918422,1.079407,9999,1,0.01,0.05,False,0.381363,0.569091,20
1038,hexagonal,auxetic,True,-0.6173168938597778,-0.4185932082483171,0.28713752703972883,150,True,19.58,,199.0,1e-09,2,150,0.090304,50,50,0.3,2.638356,1.173667,9999,1,0.01,0.05,False,0.296629,0.574835,20
1039,hexagonal,auxetic,True,-0.39230716850470865,-0.45766190744164653,0.6034150626483732,150,True,20.73,,199.0,1e-09,2,150,0.138486,50,50,0.3,3.21979,1.062373,9999,1,0.01,0.05,False,0.285179,0.579615,20
1040,hexagonal,auxetic,True,-0.3757573745663281,-0.5732442050651673,0.20242439897708064,150,True,21.17,,199.0,1e-09,2,150,0.086526,50,50,0.3,3.012461,1.219378,9999,1,0.01,0.05,False,0.347779,0.515294,20
1041,hexagonal,auxetic,True,-0.3805659417369784,-0.6519128015512438,0.4139151896092963,150,True,20.88,,199.0,1e-09,2,150,0.100507,50,50,0.3,3.417142,1.174067,9999,1,0.01,0.05,False,0.375892,0.558722,20
1042,hexagonal,auxetic,True,-0.30947112697356277,-0.40292105527058997,0.466688413742839,150,True,20.94,,199.0,1e-09,2,150,0.138032,50,50,0.3,2.587692,1.205239,9999,1,0.01,0.05,False,0.320099,0.554639,20
1043,hexagonal,auxetic,True,-0.5054297354351812,-0.3862829704693429,0.22717207096717384,88,True,12.26,,199.0,1e-09,2,150,0.075629,50,50,0.3,3.172562,1.155974,9999,1,0.01,0.05,False,0.372812,0.529043,20
1044,hexagonal,auxetic,True,-0.3457350729698829,-0.704127866030852,0.2965077364686566,52,True,7.6,,199.0,1e-09,2,150,0.139167,50,50,0.3,3.563236,1.195224,9999,1,0.01,0.05,False,0.350445,0.530425,20
1045,hexagonal,auxetic,True,-0.12884541913805406,-0.7283339933342552,0.6406256169725288,150,True,21.63,,199.0,1e-09,2,150,0.076871,50,50,0.3,2.920462,1.155362,9999,1,0.01,0.05,False,0.344405,0.504815,20
1046,hexagonal,auxetic,True,-0.2728882443212576,-0.5248522522358798,0.4271958637890294,150,True,21.67,,199.0,1e-09,2,150,0.124488,50,50,0.3,2.907741,1.097413,9999,1,0.01,0.05,False,0.362153,0.528539,20
1047,hexagonal,auxetic,True,-0.4283214484727497,-0.36825911273987816,0.20389809436064066,150,True,20.46,,199.0,1e-09,2,150,0.139812,50,50,0.3,3.357188,1.067784,9999,1,0.01,0.05,False,0.318916,0.5317,20
1048,hexagonal,auxetic,True,-0.26634465652252953,-0.7790326027900053,0.45453968626085456,150,True,20.08,,199.0,1e-09,2,150,0.078813,50,50,0.3,3.61034,1.223173,9999,1,0.01,0.05,False,0.312013,0.51007,20
1049,hexagonal,auxetic,True,-0.14654112865639884,-0.18703542708836612,0.7607687278755595,150,True,22.23,,199.0,1e-09,2,150,0.102977,50,50,0.3,3.618735,1.236012,9999,1,0.01,0.05,False,0.379413,0.554867,20
1050,hexagonal,auxetic,True,-0.3749436668836541,-0.5240022535923116,0.13961854887741343,98,True,12.3,,199.0,1e-09,2,150,0.098532,50,50,0.3,2.733859,1.210075,9999,1,0.01,0.05,False,0.29236,0.572012,20
1051,hexagonal,auxetic,True,-0.4395679099340482,-0.5525977631949124,0.02134542017003982,63,True,9.16,,199.0,1e-09,2,150,0.129276,50,50,0.3,2.744574,1.194594,9999,1,0.01,0.05,False,0.289481,0.58068,20
1052,hexagonal,auxetic,True,-0.142870152554052,-0.9108565222881517,0.5530903392351763,150,True,21.28,,199.0,1e-09,2,150,0.075484,50,50,0.3,2.604918,1.222049,9999,1,0.01,0.05,False,0.322498,0.552998,20
1053,hexagonal,auxetic,True,-0.38423159842774046,-0.3969633300199373,0.4566151429177078,150,True,20.26,,199.0,1e-09,2,150,0.078511,50,50,0.3,3.468336,1.184848,9999,1,0.01,0.05,False,0.356553,0.584355,20
1054,hexagonal,auxetic,True,-0.5140762238931106,-0.2886538792996905,0.3233612706075682,148,True,21.04,,199.0,1e-09,2,150,0.099271,50,50,0.3,3.472997,1.133381,9999,1,0.01,0.05,False,0.372328,0.514959,20
1055,hexagonal,auxetic,True,-0.4470453303441126,-0.31594841007524976,0.4417401418889477,150,True,21.33,,199.0,1e-09,2,150,0.121842,50,50,0.3,3.455919,1.245057,9999,1,0.01,0.05,False,0.374605,0.535527,20
1056,hexagonal,auxetic,True,-0.46860748666257485,-0.5533843160102292,0.13525029657000798,150,True,20.13,,199.0,1e-09,2,150,0.105592,50,50,0.3,2.686739,1.179385,9999,1,0.01,0.05,False,0.336747,0.547845,20
1057,hexagonal,auxetic,True,-0.2944105988732737,-0.6235096870905386,0.516752477199034,150,True,20.42,,199.0,1e-09,2,150,0.137579,50,50,0.3,3.419078,1.173108,9999,1,0.01,0.05,False,0.359264,0.55601,20
1058,hexagonal,auxetic,True,-0.3312087946405504,-0.6156672438573173,0.2468825957946965,61,True,8.86,,199.0,1e-09,2,150,0.118639,50,50,0.3,3.199163,1.087426,9999,1,0.01,0.05,False,0.375341,0.522969,20
1059,hexagonal,auxetic,True,-0.24284656943565544,-0.7287912876556165,0.41079828436157534,150,True,19.29,,199.0,1e-09,2,150,0.088563,50,50,0.3,3.622445,1.149104,9999,1,0.01,0.05,False,0.340734,0.562114,20
1060,hexagonal,auxetic,True,-0.34146235777568995,-0.6044356963596521,0.13837198773786574,78,True,10.25,,199.0,1e-09,2,150,0.094336,50,50,0.3,2.886322,1.136198,9999,1,0.01,0.05,False,0.346914,0.568871,20
1061,hexagonal,auxetic,True,-0.3351855906405687,-0.7009266237995239,0.19292432975555107,150,True,20.36,,199.0,1e-09,2,150,0.095073,50,50,0.3,2.939602,1.199139,9999,1,0.01,0.05,False,0.369287,0.584737,20
1062,hexagonal,auxetic,True,-0.48310450025920404,-0.5786293902301323,-0.0017957855418886393,91,True,12.65,,199.0,1e-09,2,150,0.125339,50,50,0.3,3.13,1.192751,9999,1,0.01,0.05,False,0.310212,0.577132,20
1063,hexagonal,auxetic,True,-0.36817699626254485,-0.6192907765948666,0.18860002519422703,79,True,11.57,,199.0,1e-09,2,150,0.079026,50,50,0.3,3.514585,1.231766,9999,1,0.01,0.05,False,0.368654,0.543488,20
1064,hexagonal,auxetic,True,-0.3819641196446665,-0.6013596639610086,0.4703136881684926,150,True,20.6,,199.0,1e-09,2,150,0.128348,50,50,0.3,3.464633,1.224227,9999,1,0.01,0.05,False,0.377509,0.535296,20
1065,hexagonal,auxetic,True,-0.2259065864611092,-0.7358741025092438,0.3172857741524932,150,True,20.62,,199.0,1e-09,2,150,0.109302,50,50,0.3,2.894999,1.191029,9999,1,0.01,0.05,False,0.325397,0.580282,20
1066,hexagonal,auxetic,True,-0.305621064924122,-0.5620945485891962,0.27534533295313324,150,True,22.04,,199.0,1e-09,2,150,0.115266,50,50,0.3,3.144327,1.146737,9999,1,0.01,0.05,False,0.349615,0.548521,20
1067,hexagonal,auxetic,True,-0.5784999134221567,-0.4714290391946359,0.19505203479306044,84,True,11.7,,199.0,1e-09,2,150,0.104191,50,50,0.3,2.776903,1.070009,9999,1,0.01,0.05,False,0.356264,0.514314,20
1068,hexagonal,auxetic,True,-0.3198626363940997,-0.8072520373721971,0.4724106506082699,150,True,18.91,,199.0,1e-09,2,150,0.111953,50,50,0.3,2.825573,1.129036,9999,1,0.01,0.05,False,0.343034,0.534138,20
1069,hexagonal,auxetic,True,8.050840786176156e-12,0.3077880327519545,1.0596134238034278,34,True,4.89,,199.0,1e-09,2,150,0.134661,50,50,0.3,3.447723,1.14713,9999,1,0.01,0.05,False,0.362869,0.512483,20
1070,hexagonal,auxetic,True,-0.42721537440001545,-0.5863299606054124,0.25754864168599845,150,True,22.55,,199.0,1e-09,2,150,0.128954,50,50,0.3,3.14936,1.207724,9999,1,0.01,0.05,False,0.360832,0.571106,20
1071,hexagonal,auxetic,True,-0.24678727831304215,-0.6217881184544051,0.4030733870138442,150,True,21.44,,199.0,1e-09,2,150,0.092888,50,50,0.3,3.114962,1.164324,9999,1,0.01,0.05,False,0.360954,0.522285,20
1072,hexagonal,auxetic,True,-0.1334806506395881,-0.5936940177994582,0.5340812850398894,112,True,16.77,,199.0,1e-09,2,150,0.095709,50,50,0.3,2.780712,1.12091,9999,1,0.01,0.05,False,0.369854,0.542395,20
1073,hexagonal,auxetic,True,-0.35768295703047465,-0.7121692694348044,0.21260390683114672,150,True,21.07,,199.0,1e-09,2,150,0.12205,50,50,0.3,3.487659,1.058954,9999,1,0.01,0.05,False,0.288317,0.54086,20
1074,hexagonal,auxetic,True,-0.2168026629399969,-0.4259620815406878,0.4150423220689159,150,True,20.92,,199.0,1e-09,2,150,0.128103,50,50,0.3,2.787536,1.163914,9999,1,0.01,0.05,False,0.378921,0.567339,20
1075,hexagonal,auxetic,True,-0.1644939454717179,-0.2255807125413277,0.5055779820238051,150,True,21.99,,199.0,1e-09,2,150,0.14352,50,50,0.3,2.65014,1.167205,9999,1,0.01,0.05,False,0.354969,0.581038,20
1076,hexagonal,auxetic,True,-0.4458828255893443,-0.40168828111810956,0.14245203896981173,150,True,20.98,,199.0,1e-09,2,150,0.102548,50,50,0.3,3.577578,1.084866,9999,1,0.01,0.05,False,0.346591,0.522762,20
1077,hexagonal,auxetic,True,-0.4172834781970484,-0.470972640835129,0.08123120063074873,143,True,19.06,,199.0,1e-09,2,150,0.090254,50,50,0.3,3.507608,1.068555,9999,1,0.01,0.05,False,0.303558,0.509186,20
1078,hexagonal,auxetic,True,-0.4803079268175043,-0.500452409968003,-0.0016816271550713635,148,True,19.59,,199.0,1e-09,2,150,0.084071,50,50,0.3,2.988709,1.163734,9999,1,0.01,0.05,False,0.285668,0.522001,20
1079,hexagonal,auxetic,True,-0.28043153549701455,-0.5993883262307607,0.33413073164775187,150,True,19.91,,199.0,1e-09,2,150,0.102382,50,50,0.3,3.068807,1.160992,9999,1,0.01,0.05,False,0.379709,0.542223,20
1080,hexagonal,auxetic,True,-0.3566944250459071,-0.6662272450086032,0.08883742151461071,87,True,12.31,,199.0,1e-09,2,150,0.083303,50,50,0.3,3.441579,1.148814,9999,1,0.01,0.05,False,0.317806,0.540338,20
1081,hexagonal,auxetic,True,-0.4327483320461041,-0.5604480770592694,0.04187037622829992,146,True,19.96,,199.0,1e-09,2,150,0.119034,50,50,0.3,2.844917,1.141965,9999,1,0.01,0.05,False,0.360082,0.563291,20
1082,hexagonal,auxetic,True,-0.41051199282797607,-0.524294336370964,0.2267035372470111,110,True,16.68,,199.0,1e-09,2,150,0.132908,50,50,0.3,2.816277,1.244004,9999,1,0.01,0.05,False,0.305006,0.532332,20
1083,hexagonal,auxetic,True,-0.3473604083692561,-0.4993484203436258,0.3195230363140036,150,True,22.27,,199.0,1e-09,2,150,0.131202,50,50,0.3,2.86942,1.237349,9999,1,0.01,0.05,False,0.302604,0.527897,20
1084,hexagonal,auxetic,True,-0.2760107992568852,-0.471329555140115,0.46674896958756007,150,True,19.03,,199.0,1e-09,2,150,0.104387,50,50,0.3,3.194993,1.192045,9999,1,0.01,0.05,False,0.356328,0.537313,20
1085,hexagonal,auxetic,True,-0.3753248695407462,-0.6523473894558659,0.4207582101488916,150,True,20.45,,199.0,1e-09,2,150,0.115628,50,50,0.3,3.158451,1.123158,9999,1,0.01,0.05,False,0.303909,0.540725,20
1086,hexagonal,auxetic,True,-0.48246186414482234,-0.5885201214354714,-0.10339662100611313,42,True,7.63,,199.0,1e-09,2,150,0.09907,50,50,0.3,2.696529,1.059753,9999,1,0.01,0.05,False,0.295972,0.549435,20
1087,hexagonal,auxetic,True,-0.2738029504925619,-0.4182542903734877,0.4844306915043666,150,True,21.03,,199.0,1e-09,2,150,0.125048,50,50,0.3,3.325183,1.075223,9999,1,0.01,0.05,False,0.312579,0.515755,20
1088,hexagonal,auxetic,True,-0.12777855900776303,-0.26133311680384463,0.5594491543695161,150,True,20.83,,199.0,1e-09,2,150,0.102157,50,50,0.3,3.516412,1.099064,9999,1,0.01,0.05,False,0.359426,0.577571,20
1089,hexagonal,auxetic,True,-0.24347163448204878,-0.34545054364724975,0.5291529478030338,150,True,21.52,,199.0,1e-09,2,150,0.112227,50,50,0.3,2.936625,1.113669,9999,1,0.01,0.05,False,0.320219,0.506789,20
1090,hexagonal,auxetic,True,-0.46441959424304,-0.445622826569724,0.5291750080888162,150,True,22.09,,199.0,1e-09,2,150,0.116191,50,50,0.3,2.893607,1.151987,9999,1,0.01,0.05,False,0.294922,0.503048,20
1091,hexagonal,auxetic,True,-0.534469119594733,-0.5369447237928825,0.12285389100969457,150,True,19.62,,199.0,1e-09,2,150,0.128246,50,50,0.3,3.066211,1.174992,9999,1,0.01,0.05,False,0.326368,0.570045,20
1092,hexagonal,auxetic,True,-0.21058243878969224,-0.4121866606312507,0.5296276001337196,150,True,24.01,,199.0,1e-09,2,150,0.082752,50,50,0.3,3.469781,1.198072,9999,1,0.01,0.05,False,0.344635,0.560773,20
1093,hexagonal,auxetic,True,-0.34904066580219595,-0.5614822946872692,0.16713986301048045,150,True,24.66,,199.0,1e-09,2,150,0.120914,50,50,0.3,3.052542,1.174523,9999,1,0.01,0.05,False,0.365368,0.554131,20
1094,hexagonal,auxetic,True,-0.3042514226550583,-0.5017280834900034,0.36373102641477706,150,True,21.82,,199.0,1e-09,2,150,0.096322,50,50,0.3,3.402503,1.216228,9999,1,0.01,0.05,False,0.325495,0.513786,20
1095,hexagonal,auxetic,True,-0.15063259294316428,-0.20698262197690317,0.579794369141472,150,True,19.64,,199.0,1e-09,2,150,0.143215,50,50,0.3,3.260592,1.13994,9999,1,0.01,0.05,False,0.306674,0.581181,20
1096,hexagonal,auxetic,True,-0.33402121907807714,-0.5235594719339268,0.3217260665978505,150,True,20.02,,199.0,1e-09,2,150,0.107149,50,50,0.3,2.879317,1.086417,9999,1,0.01,0.05,False,0.37963,0.514592,20
1097,hexagonal,auxetic,True,-0.151700567812954,-0.13635265693680215,0.6855806188457583,150,True,21.35,,199.0,1e-09,2,150,0.116251,50,50,0.3,2.903225,1.094235,9999,1,0.01,0.05,False,0.301584,0.534055,20
1098,hexagonal,auxetic,True,-0.227092451080978,-0.8750685256478314,0.405435761009023,150,True,21.03,,199.0,1e-09,2,150,0.096209,50,50,0.3,2.945065,1.176765,9999,1,0.01,0.05,False,0.351795,0.545636,20
1099,hexagonal,auxetic,True,-0.32883371594059524,-0.5597660510722013,0.291908760136088,80,True,10.07,,199.0,1e-09,2,150,0.098013,50,50,0.3,3.186637,1.081416,9999,1,0.01,0.05,False,0.37213,0.502209,20
1100,hexagonal,auxetic,True,-0.45796900432237436,-0.5270256921136859,0.06366284151624035,150,True,20.41,,199.0,1e-09,2,150,0.117972,50,50,0.3,2.775547,1.103675,9999,1,0.01,0.05,False,0.34547,0.579285,20
1101,hexagonal,auxetic,True,-0.46168369196241954,-0.5192885263699086,0.1435281762952494,150,True,18.2,,199.0,1e-09,2,150,0.13625,50,50,0.3,3.02141,1.112073,9999,1,0.01,0.05,False,0.318277,0.536375,20
1102,hexagonal,auxetic,True,-0.45203437887618203,-0.5553093559845496,-0.02070908971683383,117,True,15.95,,199.0,1e-09,2,150,0.098093,50,50,0.3,3.048711,1.106745,9999,1,0.01,0.05,False,0.284447,0.538542,20
1103,hexagonal,auxetic,True,-0.3993428848689646,-0.5917562725875355,-0.02208395773449412,150,True,20.54,,199.0,1e-09,2,150,0.091472,50,50,0.3,2.599122,1.124501,9999,1,0.01,0.05,False,0.353805,0.572494,20
1104,hexagonal,auxetic,True,-0.726287723663815,-0.3659755321579991,0.44774485343704384,142,True,18.75,,199.0,1e-09,2,150,0.109586,50,50,0.3,3.608501,1.089083,9999,1,0.01,0.05,False,0.327968,0.549892,20
1105,hexagonal,auxetic,True,-0.4137732858800797,-0.4690889430333542,0.03564148268876943,61,True,8.74,,199.0,1e-09,2,150,0.116638,50,50,0.3,3.630825,1.2269,9999,1,0.01,0.05,False,0.336189,0.567918,20
1106,hexagonal,auxetic,True,-0.12527464930717166,-0.18508187750406815,0.6864594656575617,150,True,20.48,,199.0,1e-09,2,150,0.111507,50,50,0.3,3.07099,1.110465,9999,1,0.01,0.05,False,0.327521,0.538323,20
1107,hexagonal,auxetic,True,-0.23057383659464206,-0.7765845701418378,0.4149480674968249,150,True,20.56,,199.0,1e-09,2,150,0.104321,50,50,0.3,2.931433,1.088199,9999,1,0.01,0.05,False,0.371143,0.537942,20
1108,hexagonal,auxetic,True,-0.28950572033634864,-0.7353533414967195,0.42823089279716475,150,True,20.83,,199.0,1e-09,2,150,0.088915,50,50,0.3,3.574613,1.197112,9999,1,0.01,0.05,False,0.304685,0.542662,20
1109,hexagonal,auxetic,True,-0.2529857217798622,-0.7246483839867068,0.38275056361772547,150,True,21.02,,199.0,1e-09,2,150,0.085294,50,50,0.3,2.874631,1.131062,9999,1,0.01,0.05,False,0.330465,0.544534,20
1110,hexagonal,auxetic,True,-0.08857361253873255,-0.32691223445844936,0.632733559871581,150,True,20.0,,199.0,1e-09,2,150,0.131335,50,50,0.3,3.323292,1.077615,9999,1,0.01,0.05,False,0.371861,0.558964,20
1111,hexagonal,auxetic,True,-0.34164549348750894,-0.26441913323012395,0.547492179175923,150,True,19.79,,199.0,1e-09,2,150,0.113994,50,50,0.3,3.365324,1.203166,9999,1,0.01,0.05,False,0.302305,0.547265,20
1112,hexagonal,auxetic,True,7.972016596322987e-12,0.2934015828101464,1.0568683774804462,56,True,7.75,,199.0,1e-09,2,150,0.093565,50,50,0.3,3.285032,1.163161,9999,1,0.01,0.05,False,0.314081,0.569952,20
1113,hexagonal,auxetic,True,7.432146808597582e-12,0.29602744469049563,1.0504585116068994,40,True,5.42,,199.0,1e-09,2,150,0.077411,50,50,0.3,3.520806,1.063477,9999,1,0.01,0.05,False,0.326102,0.544894,20
1114,hexagonal,auxetic,True,-0.36835894909920064,-0.8421811952152353,0.06781268449211425,150,True,21.57,,199.0,1e-09,2,150,0.086753,50,50,0.3,2.70073,1.092428,9999,1,0.01,0.05,False,0.352945,0.515899,20
1115,hexagonal,auxetic,True,-0.2612936957525786,-0.7192027234364011,0.2785346822780398,150,True,21.11,,199.0,1e-09,2,150,0.112533,50,50,0.3,3.206645,1.194413,9999,1,0.01,0.05,False,0.314656,0.571693,20
1116,hexagonal,auxetic,True,-0.4023821509529067,-0.5974538588483819,0.000912026984202785,150,True,21.62,,199.0,1e-09,2,150,0.089328,50,50,0.3,2.665062,1.119728,9999,1,0.01,0.05,False,0.333546,0.578579,20
1117,hexagonal,auxetic,True,-0.4101548643097903,-0.6582175085278958,0.40482250715863166,150,True,22.2,,199.0,1e-09,2,150,0.105843,50,50,0.3,3.174704,1.165019,9999,1,0.01,0.05,False,0.373742,0.548002,20
1118,hexagonal,auxetic,True,-0.11148340940255838,-0.14040171290355602,0.7650876235531081,150,True,20.54,,199.0,1e-09,2,150,0.142595,50,50,0.3,2.642258,1.199661,9999,1,0.01,0.05,False,0.332441,0.566267,20
1119,hexagonal,auxetic,True,-0.0975187289116969,-0.12946429538051116,0.7380321274730154,150,True,20.17,,199.0,1e-09,2,150,0.094121,50,50,0.3,3.557439,1.0935,9999,1,0.01,0.05,False,0.335678,0.504958,20
1120,hexagonal,auxetic,True,-0.3790063992187668,-0.5016255857874923,0.46938544280494543,150,True,24.54,,199.0,1e-09,2,150,0.119988,50,50,0.3,3.236595,1.19691,9999,1,0.01,0.05,False,0.346789,0.511965,20
1121,hexagonal,auxetic,True,-0.24147779435089323,-0.3606645216813979,0.5867398971127189,150,True,20.56,,199.0,1e-09,2,150,0.125157,50,50,0.3,3.439768,1.245623,9999,1,0.01,0.05,False,0.339594,0.508851,20
1122,hexagonal,auxetic,True,-0.7091180292816609,-0.29254247338154404,0.4202523092607955,150,True,20.67,,199.0,1e-09,2,150,0.103627,50,50,0.3,3.626354,1.170435,9999,1,0.01,0.05,False,0.312307,0.574472,20
1123,hexagonal,auxetic,True,-0.37428976492448585,-0.811601560044968,0.21633391713401928,70,True,10.0,,199.0,1e-09,2,150,0.143973,50,50,0.3,3.272675,1.108788,9999,1,0.01,0.05,False,0.347276,0.53289,20
1124,hexagonal,auxetic,True,-0.350126435420565,-0.5610037207787021,0.32990575040260417,150,True,22.21,,199.0,1e-09,2,150,0.097921,50,50,0.3,2.993778,1.219601,9999,1,0.01,0.05,False,0.297211,0.525127,20
1125,hexagonal,auxetic,True,-0.35615413047268624,-1.106871919413623,0.39206088916030346,150,True,23.8,,199.0,1e-09,2,150,0.141513,50,50,0.3,3.131707,1.143266,9999,1,0.01,0.05,False,0.321482,0.546663,20
1126,hexagonal,auxetic,True,-0.3111771077604012,-0.6576197586476038,0.40530240252914984,150,True,21.37,,199.0,1e-09,2,150,0.090869,50,50,0.3,3.259346,1.080017,9999,1,0.01,0.05,False,0.365966,0.523201,20
1127,hexagonal,auxetic,True,-0.31477845825902534,-0.8767631336470774,0.3051829243373896,150,True,21.61,,199.0,1e-09,2,150,0.134209,50,50,0.3,2.725008,1.16548,9999,1,0.01,0.05,False,0.323736,0.583047,20
1128,hexagonal,auxetic,True,-0.35713185596138974,-0.6462263722699506,0.35430747081294767,150,True,20.4,,199.0,1e-09,2,150,0.099213,50,50,0.3,3.427885,1.171451,9999,1,0.01,0.05,False,0.347712,0.579857,20
1129,hexagonal,auxetic,True,-0.36804929294704686,-0.5863879409919244,0.17756611189860194,83,True,11.12,,199.0,1e-09,2,150,0.085886,50,50,0.3,3.346751,1.124474,9999,1,0.01,0.05,False,0.348831,0.509377,20
1130,hexagonal,auxetic,True,-0.3804990903740848,-0.8091692782049316,0.1769667927771985,150,True,19.59,,199.0,1e-09,2,150,0.113556,50,50,0.3,2.578207,1.238009,9999,1,0.01,0.05,False,0.283958,0.513339,20
1131,hexagonal,auxetic,True,-0.2956708586268252,-0.706691371706457,0.2046998312662387,150,True,21.85,,199.0,1e-09,2,150,0.082624,50,50,0.3,2.741996,1.206543,9999,1,0.01,0.05,False,0.339313,0.579375,20
1132,hexagonal,auxetic,True,-0.30920462254925546,-0.4282146173201934,0.5645238351077937,150,True,20.9,,199.0,1e-09,2,150,0.075753,50,50,0.3,3.631393,1.233829,9999,1,0.01,0.05,False,0.331682,0.525876,20
1133,hexagonal,auxetic,True,-0.592507343224053,-0.3888978309435263,0.25378622188940037,150,True,21.28,,199.0,1e-09,2,150,0.088113,50,50,0.3,3.581034,1.236602,9999,1,0.01,0.05,False,0.303326,0.529166,20
1134,hexagonal,auxetic,True,-0.11836997746485553,-1.0054509229242043,0.549009213511265,150,True,19.74,,199.0,1e-09,2,150,0.084533,50,50,0.3,2.60543,1.124981,9999,1,0.01,0.05,False,0.356995,0.54284,20
1135,hexagonal,auxetic,True,-0.34081560685998197,-0.5689264916279831,0.2529320231214012,150,True,20.09,,199.0,1e-09,2,150,0.117851,50,50,0.3,3.373387,1.138729,9999,1,0.01,0.05,False,0.304481,0.547507,20
1136,hexagonal,auxetic,True,-0.4131698951788252,-0.5833092811444397,0.10273537091360874,150,True,20.02,,199.0,1e-09,2,150,0.129423,50,50,0.3,2.684714,1.192692,9999,1,0.01,0.05,False,0.354877,0.559072,20
1137,hexagonal,auxetic,True,-0.412317717923663,-0.640214983454072,0.13378627444059443,150,True,20.31,,199.0,1e-09,2,150,0.107784,50,50,0.3,2.6295,1.15967,9999,1,0.01,0.05,False,0.330272,0.525335,20
1138,hexagonal,auxetic,True,-0.467179609146929,-0.5558737252810818,0.04665535250402675,112,True,16.16,,199.0,1e-09,2,150,0.123367,50,50,0.3,3.1692,1.184602,9999,1,0.01,0.05,False,0.331932,0.552345,20
1139,hexagonal,auxetic,True,-0.26286085384945707,-0.33805500558401236,0.5048738894395509,150,True,20.14,,199.0,1e-09,2,150,0.094698,50,50,0.3,3.649403,1.179206,9999,1,0.01,0.05,False,0.36438,0.513919,20
1140,hexagonal,auxetic,True,-0.2016883714037184,-0.671158795072959,0.4093745434980212,150,True,18.62,,199.0,1e-09,2,150,0.111802,50,50,0.3,2.796541,1.21464,9999,1,0.01,0.05,False,0.341748,0.576011,20
1141,hexagonal,auxetic,True,-0.5682848967942931,-0.36318176543489655,0.39690573879854985,150,True,22.06,,199.0,1e-09,2,150,0.101979,50,50,0.3,3.036859,1.239874,9999,1,0.01,0.05,False,0.359828,0.550145,20
1142,hexagonal,auxetic,True,-0.44993173662301983,-0.5371657197688515,0.057216591464955724,136,True,18.72,,199.0,1e-09,2,150,0.135662,50,50,0.3,3.374437,1.232409,9999,1,0.01,0.05,False,0.322352,0.553842,20
1143,hexagonal,auxetic,True,-0.3240461265794579,-0.8057772051376328,0.2568506683047028,150,True,20.08,,199.0,1e-09,2,150,0.110579,50,50,0.3,2.871621,1.090124,9999,1,0.01,0.05,False,0.293963,0.54912,20
1144,hexagonal,auxetic,True,-0.3433139459195538,-0.5557520343504404,0.3091272812473753,59,True,7.76,,199.0,1e-09,2,150,0.127559,50,50,0.3,2.843447,1.210333,9999,1,0.01,0.05,False,0.321249,0.517874,20
1145,hexagonal,auxetic,True,-0.442264800060815,-0.5848062368367779,0.08583726943191428,61,True,8.28,,199.0,1e-09,2,150,0.13123,50,50,0.3,3.201531,1.148446,9999,1,0.01,0.05,False,0.32431,0.549037,20
1146,hexagonal,auxetic,True,-0.31672402280953704,-0.6341144003346292,0.34479971716112734,150,True,22.45,,199.0,1e-09,2,150,0.086624,50,50,0.3,2.790469,1.149422,9999,1,0.01,0.05,False,0.288627,0.556234,20
1147,hexagonal,auxetic,True,-0.11291946116959595,-1.2287909285841716,0.5318710915234652,150,True,21.11,,199.0,1e-09,2,150,0.076343,50,50,0.3,3.366933,1.145475,9999,1,0.01,0.05,False,0.356841,0.576388,20
1148,hexagonal,auxetic,True,-0.22520333069979692,-0.7916981809074003,0.34662502724727945,150,True,20.55,,199.0,1e-09,2,150,0.080052,50,50,0.3,2.773722,1.154451,9999,1,0.01,0.05,False,0.284129,0.574873,20
1149,hexagonal,auxetic,True,-0.11625216113017918,-1.161826405853525,0.5615226138602344,150,True,19.25,,199.0,1e-09,2,150,0.076572,50,50,0.3,3.318975,1.224699,9999,1,0.01,0.05,False,0.335171,0.580888,20
1150,hexagonal,auxetic,True,-0.4544243761210481,-0.3348835406271922,0.34555089045527454,72,True,9.86,,199.0,1e-09,2,150,0.102072,50,50,0.3,3.369432,1.134608,9999,1,0.01,0.05,False,0.373511,0.506291,20
1151,hexagonal,auxetic,True,-0.41525884996556583,-0.4223359956941416,0.22971632604133607,41,True,5.6,,199.0,1e-09,2,150,0.138697,50,50,0.3,3.542279,1.160808,9999,1,0.01,0.05,False,0.376748,0.515513,20
1152,hexagonal,auxetic,True,-0.20836628781943492,-0.6880521588046516,0.42765052007555526,150,True,21.17,,199.0,1e-09,2,150,0.142772,50,50,0.3,2.883575,1.190756,9999,1,0.01,0.05,False,0.299566,0.527752,20
1153,hexagonal,auxetic,True,-0.36628606884017345,-0.6756016614105884,0.18707797302705398,150,True,22.68,,199.0,1e-09,2,150,0.140954,50,50,0.3,3.386929,1.091673,9999,1,0.01,0.05,False,0.316393,0.510275,20
1154,hexagonal,auxetic,True,-0.29858183337253874,-0.5776200677630133,0.29952377304264227,150,True,20.44,,199.0,1e-09,2,150,0.101455,50,50,0.3,3.107914,1.175278,9999,1,0.01,0.05,False,0.307362,0.510757,20
1155,hexagonal,auxetic,True,-0.4435259666514258,-0.5572108422245563,0.06491122960229267,150,True,18.78,,199.0,1e-09,2,150,0.122367,50,50,0.3,3.221478,1.243388,9999,1,0.01,0.05,False,0.344118,0.570503,20
1156,hexagonal,auxetic,True,-0.34517744420708674,-0.6818709191121215,0.15242909861553178,150,True,22.25,,199.0,1e-09,2,150,0.085228,50,50,0.3,3.113289,1.183949,9999,1,0.01,0.05,False,0.29063,0.583967,20
1157,hexagonal,auxetic,True,-0.17130329200036998,-0.13183826641172022,0.7040545946250212,150,True,21.52,,199.0,1e-09,2,150,0.118461,50,50,0.3,3.525538,1.062026,9999,1,0.01,0.05,False,0.357512,0.514121,20
1158,hexagonal,auxetic,True,-0.24709310389321293,-0.9362491199286753,0.26497062307009134,150,True,19.6,,199.0,1e-09,2,150,0.096771,50,50,0.3,2.612759,1.232958,9999,1,0.01,0.05,False,0.294134,0.583226,20
1159,hexagonal,auxetic,True,-0.5059870054462319,-0.3970721253140282,0.16892379116951828,81,True,11.13,,199.0,1e-09,2,150,0.124155,50,50,0.3,3.392635,1.076498,9999,1,0.01,0.05,False,0.375293,0.541833,20
1160,hexagonal,auxetic,True,-0.42371105936680015,-0.606820228795515,0.07999136938824458,150,True,21.15,,199.0,1e-09,2,150,0.13718,50,50,0.3,3.466169,1.233987,9999,1,0.01,0.05,False,0.327084,0.512679,20
1161,hexagonal,auxetic,True,-0.2360196755620729,-0.6358641717357671,0.4686781899943018,150,True,21.75,,199.0,1e-09,2,150,0.097351,50,50,0.3,2.612968,1.228293,9999,1,0.01,0.05,False,0.315458,0.51481,20
1162,hexagonal,auxetic,True,-0.3786049382043787,-0.3067171695811593,0.5042222099851591,150,True,21.35,,199.0,1e-09,2,150,0.082349,50,50,0.3,2.726578,1.214057,9999,1,0.01,0.05,False,0.367408,0.50022,20
1163,hexagonal,auxetic,True,-0.2527323100068505,-0.9251351433315598,0.29391282173820693,102,True,15.01,,199.0,1e-09,2,150,0.07599,50,50,0.3,3.141236,1.085447,9999,1,0.01,0.05,False,0.321629,0.512197,20
1164,hexagonal,auxetic,True,-0.20966328551656985,-0.41480764935741665,0.47119335118842776,150,True,21.7,,199.0,1e-09,2,150,0.082688,50,50,0.3,3.316429,1.220091,9999,1,0.01,0.05,False,0.339954,0.559847,20
1165,hexagonal,auxetic,True,-0.4316374506058776,-0.45911175062033505,0.32858026093039183,150,True,20.59,,199.0,1e-09,2,150,0.100786,50,50,0.3,3.137777,1.096828,9999,1,0.01,0.05,False,0.357888,0.547394,20
1166,hexagonal,auxetic,True,-0.3727278053358512,-0.5690485841702357,0.27647721267074155,150,True,20.85,,199.0,1e-09,2,150,0.124042,50,50,0.3,3.629656,1.115446,9999,1,0.01,0.05,False,0.366811,0.511279,20
1167,hexagonal,auxetic,True,-0.35150513024520275,-0.482113823473944,0.42773543585609186,150,True,21.63,,199.0,1e-09,2,150,0.115832,50,50,0.3,3.638442,1.236118,9999,1,0.01,0.05,False,0.354192,0.526939,20
1168,hexagonal,auxetic,True,-0.40034209787982694,-0.3275219098101349,0.37435095598865764,150,True,19.93,,199.0,1e-09,2,150,0.08548,50,50,0.3,3.120382,1.097795,9999,1,0.01,0.05,False,0.363665,0.552452,20
1169,hexagonal,auxetic,True,-0.3143459363441127,-0.5020583954255369,0.2979270484477352,150,True,21.76,,199.0,1e-09,2,150,0.120229,50,50,0.3,3.510423,1.057942,9999,1,0.01,0.05,False,0.366201,0.537069,20
1170,hexagonal,auxetic,True,-0.3335667114942918,-0.7558977198494997,0.429632643662324,117,True,15.62,,199.0,1e-09,2,150,0.140077,50,50,0.3,3.094611,1.105912,9999,1,0.01,0.05,False,0.316088,0.559492,20
1171,hexagonal,auxetic,True,-0.25323935277467446,-0.41366725880980276,0.42363793182459497,150,True,25.71,,199.0,1e-09,2,150,0.141175,50,50,0.3,3.170917,1.209252,9999,1,0.01,0.05,False,0.344261,0.578255,20
1172,hexagonal,auxetic,True,-0.2851049517549693,-0.29560750677265296,0.5855266446171137,150,True,20.75,,199.0,1e-09,2,150,0.089928,50,50,0.3,3.003243,1.197347,9999,1,0.01,0.05,False,0.381187,0.522691,20
1173,hexagonal,auxetic,True,-0.07287181006906084,-0.16045827862402864,0.6835581287361281,150,True,21.66,,199.0,1e-09,2,150,0.08286,50,50,0.3,3.333759,1.08587,9999,1,0.01,0.05,False,0.322625,0.57045,20
1174,hexagonal,auxetic,True,-0.41740076733870557,-0.5316545668073666,0.3392534002271663,150,True,20.98,,199.0,1e-09,2,150,0.134182,50,50,0.3,3.628107,1.12223,9999,1,0.01,0.05,False,0.38084,0.52142,20
1175,hexagonal,auxetic,True,-0.13285324856256894,-0.9739131613183929,0.6479942712697989,150,True,20.74,,199.0,1e-09,2,150,0.115104,50,50,0.3,3.212072,1.129924,9999,1,0.01,0.05,False,0.367599,0.502942,20
1176,hexagonal,auxetic,True,-0.31122547918879,-0.30777364464646173,0.617135551906036,150,True,20.86,,199.0,1e-09,2,150,0.137282,50,50,0.3,2.85495,1.09207,9999,1,0.01,0.05,False,0.301065,0.581712,20
1177,hexagonal,auxetic,True,-0.2722898629837964,-0.5761977035463584,0.300612621239861,150,True,20.4,,199.0,1e-09,2,150,0.110075,50,50,0.3,3.327877,1.157439,9999,1,0.01,0.05,False,0.32941,0.565906,20
1178,hexagonal,auxetic,True,-0.2906127455412584,-0.6638087664125426,0.3517010163872294,150,True,17.63,,199.0,1e-09,2,150,0.104133,50,50,0.3,3.332232,1.064736,9999,1,0.01,0.05,False,0.324768,0.578067,20
1179,hexagonal,auxetic,True,-0.14674366320814275,-0.1545388952534928,0.6789097487971665,150,True,19.06,,199.0,1e-09,2,150,0.081172,50,50,0.3,3.538556,1.115084,9999,1,0.01,0.05,False,0.293705,0.513696,20
1180,hexagonal,auxetic,True,-0.5617339302541803,-0.3438473877248786,0.5457566980298674,150,True,18.61,,199.0,1e-09,2,150,0.123384,50,50,0.3,2.693963,1.240389,9999,1,0.01,0.05,False,0.291909,0.515843,20
1181,hexagonal,auxetic,True,-0.6869357738924546,-0.34331155596060453,0.5500718285454753,77,True,10.85,,199.0,1e-09,2,150,0.117489,50,50,0.3,3.378908,1.135562,9999,1,0.01,0.05,False,0.349996,0.511068,20
1182,hexagonal,auxetic,True,-0.260826106257264,-0.6579312887679696,0.3766609577681384,150,True,20.07,,199.0,1e-09,2,150,0.098204,50,50,0.3,2.714823,1.083193,9999,1,0.01,0.05,False,0.315579,0.522616,20
1183,hexagonal,auxetic,True,-0.3575254273648596,-0.5901804574232598,0.3128640609971032,45,True,6.06,,199.0,1e-09,2,150,0.131537,50,50,0.3,3.512778,1.216972,9999,1,0.01,0.05,False,0.372467,0.548812,20
1184,hexagonal,auxetic,True,7.615598512563679e-12,0.2976239159391353,1.051652104554637,33,True,4.22,,199.0,1e-09,2,150,0.095185,50,50,0.3,3.073328,1.164401,9999,1,0.01,0.05,False,0.306344,0.561433,20
1185,hexagonal,auxetic,True,-0.4300955672896269,-0.6016808384835816,0.13150519376581038,117,True,16.0,,199.0,1e-09,2,150,0.082047,50,50,0.3,3.431509,1.182287,9999,1,0.01,0.05,False,0.350098,0.555248,20
1186,hexagonal,auxetic,True,-0.3223622906913579,-0.5947746740192473,0.40232052722393274,150,True,21.76,,199.0,1e-09,2,150,0.128988,50,50,0.3,3.04077,1.215464,9999,1,0.01,0.05,False,0.284558,0.51985,20
1187,hexagonal,auxetic,True,-0.4568794089089123,-0.7530636687691221,0.1417865539191061,88,True,12.81,,199.0,1e-09,2,150,0.102292,50,50,0.3,2.682834,1.214489,9999,1,0.01,0.05,False,0.344879,0.514434,20
1188,hexagonal,auxetic,True,-0.07578425573040626,-0.0827048371513732,0.7999364452021,150,True,21.5,,199.0,1e-09,2,150,0.118289,50,50,0.3,2.742248,1.234782,9999,1,0.01,0.05,False,0.317635,0.521509,20
1189,hexagonal,auxetic,True,-0.26625110902073656,-0.4827562747446403,0.4891592106907011,150,True,20.61,,199.0,1e-09,2,150,0.118406,50,50,0.3,2.833857,1.080145,9999,1,0.01,0.05,False,0.361401,0.532532,20
1190,hexagonal,auxetic,True,-0.37196001582740645,-0.7598693517050445,0.12392842028378548,150,True,22.97,,199.0,1e-09,2,150,0.094426,50,50,0.3,3.034162,1.111282,9999,1,0.01,0.05,False,0.349893,0.559314,20
1191,hexagonal,auxetic,True,-0.3211493777844815,-0.41203478654251374,0.4099876217803682,150,True,24.05,,199.0,1e-09,2,150,0.141286,50,50,0.3,2.762652,1.227636,9999,1,0.01,0.05,False,0.330145,0.500128,20
1192,hexagonal,auxetic,True,-0.2931088907524076,-0.6330072147672454,0.4273471284788777,150,True,21.61,,199.0,1e-09,2,150,0.130355,50,50,0.3,2.810354,1.226461,9999,1,0.01,0.05,False,0.375563,0.545935,20
1193,hexagonal,auxetic,True,-0.42784392212851424,-0.8684930583408849,0.28636548317975863,150,True,20.87,,199.0,1e-09,2,150,0.138932,50,50,0.3,2.631376,1.114072,9999,1,0.01,0.05,False,0.33879,0.567028,20
1194,hexagonal,auxetic,True,-0.22954110941264474,-0.6483482993763167,0.36571208026712276,150,True,19.52,,199.0,1e-09,2,150,0.110727,50,50,0.3,3.079605,1.138322,9999,1,0.01,0.05,False,0.286299,0.534233,20
1195,hexagonal,auxetic,True,-0.46763697031022966,-0.5507506759679284,0.18176912874074047,150,True,17.9,,199.0,1e-09,2,150,0.089763,50,50,0.3,2.717784,1.185908,9999,1,0.01,0.05,False,0.362675,0.555403,20
1196,hexagonal,auxetic,True,-0.44111883825958204,-0.5367670339276808,0.14824488325155794,44,True,6.54,,199.0,1e-09,2,150,0.140262,50,50,0.3,3.390346,1.102534,9999,1,0.01,0.05,False,0.372524,0.503117,20
1197,hexagonal,auxetic,True,-0.3900846063289245,-0.6895926021509677,0.480191401299939,150,True,19.71,,199.0,1e-09,2,150,0.092688,50,50,0.3,3.651931,1.206285,9999,1,0.01,0.05,False,0.35091,0.51978,20
1198,hexagonal,auxetic,True,-0.27571926392824886,-0.7955341515992893,0.4713718737295446,150,True,21.64,,199.0,1e-09,2,150,0.10999,50,50,0.3,3.42977,1.148165,9999,1,0.01,0.05,False,0.36458,0.528425,20
1199,hexagonal,auxetic,True,-0.28927592128865554,-0.46118158964617406,0.47629155555081115,112,True,15.74,,199.0,1e-09,2,150,0.111664,50,50,0.3,3.62472,1.156639,9999,1,0.01,0.05,False,0.341412,0.517966,20
1200,hexagonal,auxetic,True,-0.4574024953984809,-0.5824295419365871,0.10097957073061792,150,True,20.69,,199.0,1e-09,2,150,0.096379,50,50,0.3,2.841113,1.123787,9999,1,0.01,0.05,False,0.35598,0.549458,20
1201,hexagonal,auxetic,True,-0.35338217502861374,-0.5420008879516888,0.2529705001862317,150,True,19.33,,199.0,1e-09,2,150,0.112002,50,50,0.3,3.612991,1.127094,9999,1,0.01,0.05,False,0.295153,0.577886,20
1202,hexagonal,auxetic,True,-0.44091282246131736,-0.6091963342020329,0.27666954291764756,150,True,20.0,,199.0,1e-09,2,150,0.07621,50,50,0.3,3.192011,1.130471,9999,1,0.01,0.05,False,0.379959,0.51659,20
1203,hexagonal,auxetic,True,-0.5587309782876874,-0.38492649910151555,0.2241632608609465,150,True,21.73,,199.0,1e-09,2,150,0.10526,50,50,0.3,2.600117,1.240614,9999,1,0.01,0.05,False,0.372701,0.558086,20
1204,hexagonal,auxetic,True,-0.18090869130944529,-0.5173943471983501,0.4958028584063095,150,True,21.95,,199.0,1e-09,2,150,0.081797,50,50,0.3,3.01278,1.222588,9999,1,0.01,0.05,False,0.362472,0.501046,20
1205,hexagonal,auxetic,True,-0.42206089016361525,-0.5980067812665135,0.082300031262734,150,True,21.77,,199.0,1e-09,2,150,0.107392,50,50,0.3,2.992362,1.06256,9999,1,0.01,0.05,False,0.329053,0.523947,20
1206,hexagonal,auxetic,True,-0.20514679272569014,-0.4774373139924326,0.47802475659756405,150,True,21.14,,199.0,1e-09,2,150,0.112774,50,50,0.3,2.699339,1.235008,9999,1,0.01,0.05,False,0.351925,0.553377,20
1207,hexagonal,auxetic,True,-0.3917775463103227,-0.4745661877463551,0.2620022637441096,150,True,21.74,,199.0,1e-09,2,150,0.111372,50,50,0.3,3.386299,1.144411,9999,1,0.01,0.05,False,0.376524,0.577316,20
1208,hexagonal,auxetic,True,-0.27499412328145495,-0.35091729405354083,0.5100853007896362,150,True,21.27,,199.0,1e-09,2,150,0.126828,50,50,0.3,3.532314,1.119224,9999,1,0.01,0.05,False,0.380728,0.510847,20
1209,hexagonal,auxetic,True,-0.446394584285177,-0.45718324268709815,0.31200524924880035,79,True,11.75,,199.0,1e-09,2,150,0.131,50,50,0.3,3.312898,1.161349,9999,1,0.01,0.05,False,0.372958,0.536556,20
1210,hexagonal,auxetic,True,-0.3687959049287453,-0.6739340289288444,0.11169445804976363,101,True,14.43,,199.0,1e-09,2,150,0.093168,50,50,0.3,3.606834,1.228825,9999,1,0.01,0.05,False,0.36279,0.561297,20
1211,hexagonal,auxetic,True,-0.03608349085792207,-0.0767854285125956,0.6974683079465156,150,True,20.64,,199.0,1e-09,2,150,0.089572,50,50,0.3,2.898301,1.082694,9999,1,0.01,0.05,False,0.311275,0.548897,20
1212,hexagonal,auxetic,True,-0.4093190624930359,-0.5706601434361679,0.2837017594923835,150,True,19.97,,199.0,1e-09,2,150,0.089071,50,50,0.3,2.680417,1.118073,9999,1,0.01,0.05,False,0.363899,0.545156,20
1213,hexagonal,auxetic,True,-0.4095503093451783,-0.726625879583518,0.021205712933162646,49,True,7.43,,199.0,1e-09,2,150,0.119588,50,50,0.3,2.639847,1.133562,9999,1,0.01,0.05,False,0.308536,0.568151,20
1214,hexagonal,auxetic,True,-0.18683343365633326,-0.6799975198707245,0.42277712226980485,150,True,20.11,,199.0,1e-09,2,150,0.087095,50,50,0.3,3.65027,1.150094,9999,1,0.01,0.05,False,0.381091,0.571251,20
1215,hexagonal,auxetic,True,-0.26561179359746506,-0.4371694266636823,0.5204689055534321,150,True,19.76,,199.0,1e-09,2,150,0.115494,50,50,0.3,3.589041,1.187363,9999,1,0.01,0.05,False,0.297987,0.54531,20
1216,hexagonal,auxetic,True,-0.4942181224161232,-0.18056327986605247,0.44392628846382015,150,True,22.56,,199.0,1e-09,2,150,0.127318,50,50,0.3,3.165873,1.150898,9999,1,0.01,0.05,False,0.326886,0.58131,20
1217,hexagonal,auxetic,True,-0.4199309542584355,-0.6195919984512133,0.28395205720115246,96,True,12.66,,199.0,1e-09,2,150,0.090028,50,50,0.3,3.482842,1.083437,9999,1,0.01,0.05,False,0.340468,0.508487,20
1218,hexagonal,auxetic,True,-0.24898833652419342,-0.3356133221947393,0.5452507266752525,150,True,20.41,,199.0,1e-09,2,150,0.10906,50,50,0.3,3.270535,1.064407,9999,1,0.01,0.05,False,0.307767,0.563796,20
1219,hexagonal,auxetic,True,-0.3443984295683455,-0.5763242700773639,0.25090070004428755,150,True,22.33,,199.0,1e-09,2,150,0.120591,50,50,0.3,3.461727,1.201243,9999,1,0.01,0.05,False,0.328242,0.532715,20
1220,hexagonal,auxetic,True,-0.12951014821684442,-0.15611684492479067,0.6402703002204957,150,True,19.32,,199.0,1e-09,2,150,0.120545,50,50,0.3,2.608938,1.126724,9999,1,0.01,0.05,False,0.316789,0.526012,20
1221,hexagonal,auxetic,True,-0.6331997440115085,-0.3926306788046525,0.46104293596853185,150,True,21.6,,199.0,1e-09,2,150,0.141555,50,50,0.3,2.891128,1.231138,9999,1,0.01,0.05,False,0.32946,0.570631,20
1222,hexagonal,auxetic,True,-0.25725028301640823,-0.6025296582108186,0.436140534815493,150,True,21.94,,199.0,1e-09,2,150,0.081375,50,50,0.3,3.432906,1.087641,9999,1,0.01,0.05,False,0.295521,0.583286,20
1223,hexagonal,auxetic,True,-0.45155543190063635,-0.41126393668544,0.30276903810364053,150,True,20.26,,199.0,1e-09,2,150,0.12244,50,50,0.3,3.176001,1.180084,9999,1,0.01,0.05,False,0.378507,0.54553,20
1224,hexagonal,auxetic,True,-0.4438679518458316,-0.4637994036540626,0.033035448423911706,60,True,8.7,,199.0,1e-09,2,150,0.077752,50,50,0.3,3.293941,1.078228,9999,1,0.01,0.05,False,0.293011,0.553695,20
1225,hexagonal,auxetic,True,-0.2982466708415971,-0.6280782941331826,0.4812524034323239,150,True,21.54,,199.0,1e-09,2,150,0.142665,50,50,0.3,3.099945,1.164644,9999,1,0.01,0.05,False,0.366674,0.543991,20
1226,hexagonal,auxetic,True,-0.27523982537824004,-0.747010870176642,0.44323621809495445,150,True,19.83,,199.0,1e-09,2,150,0.07833,50,50,0.3,3.582899,1.166278,9999,1,0.01,0.05,False,0.2868,0.524618,20
1227,hexagonal,auxetic,True,-0.424463984982961,-0.5092886788803506,0.16898281971746631,150,True,21.54,,199.0,1e-09,2,150,0.075535,50,50,0.3,2.955798,1.06913,9999,1,0.01,0.05,False,0.380101,0.538856,20
1228,hexagonal,auxetic,True,-0.5164677320992028,-0.5870677606195893,0.39278353290575496,129,True,17.8,,199.0,1e-09,2,150,0.135299,50,50,0.3,2.95425,1.183681,9999,1,0.01,0.05,False,0.378273,0.534928,20
1229,hexagonal,auxetic,True,-0.3481049580868002,-0.746796128971724,0.2652656153840074,150,True,18.68,,199.0,1e-09,2,150,0.084142,50,50,0.3,3.497015,1.162965,9999,1,0.01,0.05,False,0.350612,0.564849,20
1230,hexagonal,auxetic,True,-0.16077894436484988,-0.5253048551229007,0.6906373780019324,150,True,20.0,,199.0,1e-09,2,150,0.137528,50,50,0.3,3.508305,1.199382,9999,1,0.01,0.05,False,0.305906,0.507589,20
1231,hexagonal,auxetic,True,-0.4201769591547565,-0.534034576124168,0.28241042471286004,150,True,20.43,,199.0,1e-09,2,150,0.103014,50,50,0.3,3.598045,1.066117,9999,1,0.01,0.05,False,0.349193,0.55131,20
1232,hexagonal,auxetic,True,-0.1239773354923398,-0.14667421216664822,0.6588232103569838,150,True,23.38,,199.0,1e-09,2,150,0.108629,50,50,0.3,3.379358,1.081451,9999,1,0.01,0.05,False,0.328429,0.552543,20
1233,hexagonal,auxetic,True,-0.23787552589064975,-0.37878107381643056,0.496942681597894,150,True,21.46,,199.0,1e-09,2,150,0.139248,50,50,0.3,2.770034,1.21597,9999,1,0.01,0.05,False,0.285472,0.518138,20
1234,hexagonal,auxetic,True,-0.31918833825442744,-0.7244194271788411,0.23819818349181876,85,True,12.75,,199.0,1e-09,2,150,0.085362,50,50,0.3,2.851353,1.073255,9999,1,0.01,0.05,False,0.301268,0.556689,20
1235,hexagonal,auxetic,True,-0.4627291541974087,-0.5057742834776477,-0.0659323585450784,50,True,7.04,,199.0,1e-09,2,150,0.102766,50,50,0.3,2.767713,1.06303,9999,1,0.01,0.05,False,0.291241,0.527431,20
1236,hexagonal,auxetic,True,-0.3862763213126866,-0.5723541638799073,0.039899656772986125,150,True,19.13,,199.0,1e-09,2,150,0.093374,50,50,0.3,3.108921,1.101018,9999,1,0.01,0.05,False,0.3436,0.5697,20
1237,hexagonal,auxetic,True,-0.3548546539783889,-0.5805751211857573,0.3879934334462368,150,True,19.01,,199.0,1e-09,2,150,0.086385,50,50,0.3,3.408869,1.231854,9999,1,0.01,0.05,False,0.302241,0.565487,20
1238,hexagonal,auxetic,True,-0.15953721748156902,-0.8493094258875742,0.4855759326339863,150,True,20.77,,199.0,1e-09,2,150,0.132182,50,50,0.3,3.559669,1.116642,9999,1,0.01,0.05,False,0.290467,0.554432,20
1239,hexagonal,auxetic,True,-0.48582991808527975,-0.6633919117137949,-0.039107684912316865,150,True,21.53,,199.0,1e-09,2,150,0.119436,50,50,0.3,3.118101,1.058679,9999,1,0.01,0.05,False,0.329233,0.570324,20
1240,hexagonal,auxetic,True,-0.44608240768167395,-0.6199307998369707,0.09941185991950885,150,True,22.52,,199.0,1e-09,2,150,0.102824,50,50,0.3,2.837251,1.072123,9999,1,0.01,0.05,False,0.345923,0.515643,20
1241,hexagonal,auxetic,True,-0.4006068760168087,-0.5790681964342124,0.05615620407898736,150,True,20.7,,199.0,1e-09,2,150,0.088436,50,50,0.3,2.793464,1.23096,9999,1,0.01,0.05,False,0.326551,0.583803,20
1242,hexagonal,auxetic,True,-0.1364041471024241,-0.40101885320357367,0.5124709730835662,150,True,21.85,,199.0,1e-09,2,150,0.083588,50,50,0.3,3.226825,1.200874,9999,1,0.01,0.05,False,0.306075,0.564488,20
1243,hexagonal,auxetic,True,-0.3222846128037795,-0.718474780420371,0.2858441403080888,67,True,9.48,,199.0,1e-09,2,150,0.09059,50,50,0.3,3.245733,1.092484,9999,1,0.01,0.05,False,0.34339,0.579049,20
1244,hexagonal,auxetic,True,-0.4010609508171062,-0.6006555346310966,0.11872451166273579,150,True,20.45,,199.0,1e-09,2,150,0.080392,50,50,0.3,3.617183,1.126144,9999,1,0.01,0.05,False,0.327844,0.584841,20
1245,hexagonal,auxetic,True,-0.31957417761602636,-0.44455333232414623,0.5217267900559058,150,True,20.44,,199.0,1e-09,2,150,0.111751,50,50,0.3,3.087965,1.106147,9999,1,0.01,0.05,False,0.367973,0.541753,20
1246,hexagonal,auxetic,True,-0.15097530936370418,-0.8478274963284999,0.6024537712431848,150,True,19.51,,199.0,1e-09,2,150,0.141842,50,50,0.3,2.973407,1.181377,9999,1,0.01,0.05,False,0.31319,0.50716,20
1247,hexagonal,auxetic,True,-0.23415354838788913,-0.5375370310950783,0.3982883827483258,150,True,20.58,,199.0,1e-09,2,150,0.136587,50,50,0.3,3.414043,1.156255,9999,1,0.01,0.05,False,0.31878,0.516949,20
1248,hexagonal,auxetic,True,-0.08880596006338887,-0.8266887029575948,0.6847485922448379,150,True,27.46,,199.0,1e-09,2,150,0.080218,50,50,0.3,2.958967,1.22113,9999,1,0.01,0.05,False,0.293289,0.501699,20
1249,hexagonal,auxetic,True,-0.31262695204983004,-0.7422998140793757,0.25535259924633735,150,True,20.37,,199.0,1e-09,2,150,0.084352,50,50,0.3,2.760105,1.121777,9999,1,0.01,0.05,False,0.300249,0.559706,20
1250,hexagonal,auxetic,True,-0.39469678733705366,-0.40697149268253124,0.19731064280445587,94,True,12.47,,199.0,1e-09,2,150,0.110439,50,50,0.3,2.780113,1.193008,9999,1,0.01,0.05,False,0.291384,0.502034,20
1251,hexagonal,auxetic,True,-0.1335362755914055,-0.7368709556323795,0.5887110122582866,150,True,19.77,,199.0,1e-09,2,150,0.076102,50,50,0.3,2.653883,1.201699,9999,1,0.01,0.05,False,0.318337,0.510419,20
1252,hexagonal,auxetic,True,-0.44449602766326624,-0.5244874455305163,-0.0749414459641673,80,True,11.48,,199.0,1e-09,2,150,0.121266,50,50,0.3,3.139245,1.118225,9999,1,0.01,0.05,False,0.303468,0.575647,20
1253,hexagonal,auxetic,True,-0.10836238567739741,-0.1211453412899787,0.8212507619846696,150,True,20.42,,199.0,1e-09,2,150,0.133842,50,50,0.3,3.243676,1.203866,9999,1,0.01,0.05,False,0.368237,0.570831,20
1254,hexagonal,auxetic,True,-0.5901023886931391,-0.6692490170520005,0.1578838706399771,150,True,19.17,,199.0,1e-09,2,150,0.083786,50,50,0.3,3.241259,1.091685,9999,1,0.01,0.05,False,0.330972,0.516866,20
1255,hexagonal,auxetic,True,-0.6703379441924949,-0.36031754856027015,0.45764875493683055,150,True,20.62,,199.0,1e-09,2,150,0.117543,50,50,0.3,2.808606,1.095624,9999,1,0.01,0.05,False,0.313832,0.529571,20
1256,hexagonal,auxetic,True,-0.3882503940313913,-0.6609035822637823,0.024801830621724807,130,True,19.23,,199.0,1e-09,2,150,0.084743,50,50,0.3,2.832814,1.083672,9999,1,0.01,0.05,False,0.350855,0.584156,20
1257,hexagonal,auxetic,True,-0.33875542073427795,-0.44305718657868925,0.3320367847579857,150,True,19.65,,199.0,1e-09,2,150,0.138255,50,50,0.3,2.970826,1.113339,9999,1,0.01,0.05,False,0.329576,0.514048,20
1258,hexagonal,auxetic,True,-0.3647282970926434,-0.604466020743492,0.1404415809994749,150,True,21.86,,199.0,1e-09,2,150,0.126501,50,50,0.3,2.798264,1.203528,9999,1,0.01,0.05,False,0.341094,0.57513,20
1259,hexagonal,auxetic,True,-0.29231887901960035,-0.7863533376320881,0.31619187303084484,150,True,20.86,,199.0,1e-09,2,150,0.139682,50,50,0.3,2.966038,1.158245,9999,1,0.01,0.05,False,0.338049,0.556953,20
1260,hexagonal,auxetic,True,-0.4766674509499427,-0.4935602318635949,0.0052518689177573075,113,True,15.98,,199.0,1e-09,2,150,0.085064,50,50,0.3,2.89096,1.134937,9999,1,0.01,0.05,False,0.28654,0.519226,20
1261,hexagonal,auxetic,True,-0.3015660358565193,-0.7488522551550262,0.27471606464893195,99,True,14.53,,199.0,1e-09,2,150,0.106346,50,50,0.3,3.149794,1.06502,9999,1,0.01,0.05,False,0.366906,0.542067,20
1262,hexagonal,auxetic,True,-0.1496903085836232,-1.2164277296656054,0.4825281360788012,96,True,13.01,,199.0,1e-09,2,150,0.094585,50,50,0.3,3.097382,1.12038,9999,1,0.01,0.05,False,0.283891,0.509107,20
1263,hexagonal,auxetic,True,-0.06627762849041138,-0.13983213621651264,0.7099358506853694,82,True,11.31,,199.0,1e-09,2,150,0.089647,50,50,0.3,2.793954,1.213147,9999,1,0.01,0.05,False,0.303152,0.544172,20
1264,hexagonal,auxetic,True,-0.3630264439694206,-0.37334542322275394,0.4466180304660319,150,True,19.81,,199.0,1e-09,2,150,0.126136,50,50,0.3,3.639638,1.09537,9999,1,0.01,0.05,False,0.379093,0.516294,20
1265,hexagonal,auxetic,True,-0.2851663663172717,-0.6952369672779163,0.3871896983503328,150,True,21.86,,199.0,1e-09,2,150,0.141068,50,50,0.3,3.059125,1.18529,9999,1,0.01,0.05,False,0.31061,0.562036,20
1266,hexagonal,auxetic,True,-0.275401847440686,-0.7280920340438204,0.21224299212457182,72,True,10.74,,199.0,1e-09,2,150,0.137064,50,50,0.3,3.341948,1.10794,9999,1,0.01,0.05,False,0.338174,0.533304,20
1267,hexagonal,auxetic,True,-0.3273581115141374,-0.7090745336047508,0.4144004756316416,150,True,20.39,,199.0,1e-09,2,150,0.106263,50,50,0.3,3.252123,1.175456,9999,1,0.01,0.05,False,0.325721,0.555168,20
1268,hexagonal,auxetic,True,-0.2100663958239285,-1.0729157478645615,0.5093580335121624,150,True,22.23,,199.0,1e-09,2,150,0.113755,50,50,0.3,2.881229,1.157146,9999,1,0.01,0.05,False,0.290321,0.531212,20
1269,hexagonal,auxetic,True,-0.3672714359814555,-0.6200121067874432,0.08325601950097838,58,True,7.63,,199.0,1e-09,2,150,0.085033,50,50,0.3,3.081754,1.111859,9999,1,0.01,0.05,False,0.306005,0.506636,20
1270,hexagonal,auxetic,True,-0.28146827754160386,-0.6900371883179163,0.4004529053374132,150,True,20.45,,199.0,1e-09,2,150,0.112606,50,50,0.3,2.670472,1.135083,9999,1,0.01,0.05,False,0.304896,0.555055,20
1271,hexagonal,auxetic,True,-0.26488798282555565,-0.7769976112087744,0.41472749461815184,150,True,20.04,,199.0,1e-09,2,150,0.089786,50,50,0.3,2.678183,1.230661,9999,1,0.01,0.05,False,0.351384,0.528017,20
1272,hexagonal,auxetic,True,-0.3575466125466249,-0.5611040105792614,0.5018798963472146,150,True,22.17,,199.0,1e-09,2,150,0.116031,50,50,0.3,2.577979,1.068654,9999,1,0.01,0.05,False,0.298514,0.533032,20
1273,hexagonal,auxetic,True,-0.8248833208218427,-0.29354351218626584,0.4459662836423913,150,True,20.5,,199.0,1e-09,2,150,0.093078,50,50,0.3,3.592005,1.162346,9999,1,0.01,0.05,False,0.288491,0.518114,20
1274,hexagonal,auxetic,True,-0.48043570256338447,-0.4582460468877427,0.025938766194436247,102,True,14.33,,199.0,1e-09,2,150,0.140397,50,50,0.3,3.426162,1.153218,9999,1,0.01,0.05,False,0.314343,0.521072,20
1275,hexagonal,auxetic,True,-0.434318240584137,-0.6328909969076382,-0.022815802910730154,102,True,14.17,,199.0,1e-09,2,150,0.078435,50,50,0.3,3.444617,1.184508,9999,1,0.01,0.05,False,0.289487,0.556112,20
1276,hexagonal,auxetic,True,-0.338181518201723,-0.5805972468460313,0.23138627331775397,51,True,7.07,,199.0,1e-09,2,150,0.130473,50,50,0.3,3.643652,1.149355,9999,1,0.01,0.05,False,0.359058,0.537641,20
1277,hexagonal,auxetic,True,-0.33274006694538477,-0.5283033644407014,0.30952050984208146,150,True,20.36,,199.0,1e-09,2,150,0.125011,50,50,0.3,2.713318,1.204881,9999,1,0.01,0.05,False,0.373947,0.520089,20
1278,hexagonal,auxetic,True,-0.25662308924029076,-0.5316079605075689,0.5454568502016661,150,True,20.06,,199.0,1e-09,2,150,0.095282,50,50,0.3,3.030379,1.198402,9999,1,0.01,0.05,False,0.319599,0.505143,20
1279,hexagonal,auxetic,True,-0.3764169395109479,-0.5749643528675513,0.174554217985896,80,True,12.13,,199.0,1e-09,2,150,0.133551,50,50,0.3,3.005693,1.193461,9999,1,0.01,0.05,False,0.317491,0.561778,20
1280,hexagonal,auxetic,True,-0.42373156182106964,-0.5956959845496799,0.23140735786664757,150,True,20.33,,199.0,1e-09,2,150,0.131595,50,50,0.3,3.444133,1.208205,9999,1,0.01,0.05,False,0.359465,0.52489,20
1281,hexagonal,auxetic,True,-0.46831564634804207,-0.5078433269565652,0.2374328297735332,150,True,20.47,,199.0,1e-09,2,150,0.125592,50,50,0.3,2.874195,1.075053,9999,1,0.01,0.05,False,0.363598,0.574188,20
1282,hexagonal,auxetic,True,-0.2562860530512716,-0.6745402403931359,0.4922134728245845,150,True,21.29,,199.0,1e-09,2,150,0.090954,50,50,0.3,3.397901,1.240033,9999,1,0.01,0.05,False,0.292809,0.53101,20
1283,hexagonal,auxetic,True,-0.4020995426603089,-0.6863463297731098,0.04949934907716935,58,True,8.64,,199.0,1e-09,2,150,0.098621,50,50,0.3,2.974798,1.142421,9999,1,0.01,0.05,False,0.311481,0.527579,20
1284,hexagonal,auxetic,True,-0.26586647330861685,-0.5744152879778732,0.31560385848698513,150,True,22.17,,199.0,1e-09,2,150,0.1253,50,50,0.3,3.166495,1.145838,9999,1,0.01,0.05,False,0.313338,0.551184,20
1285,hexagonal,auxetic,True,-0.4738437240432354,-0.3081517680006687,0.4243625244095306,150,True,20.19,,199.0,1e-09,2,150,0.100944,50,50,0.3,3.003864,1.10918,9999,1,0.01,0.05,False,0.369357,0.580464,20
1286,hexagonal,auxetic,True,-0.6121068453092922,-0.3915975821970602,0.25993267544639276,106,True,14.37,,199.0,1e-09,2,150,0.121486,50,50,0.3,3.033686,1.123544,9999,1,0.01,0.05,False,0.369526,0.536662,20
1287,hexagonal,auxetic,True,-0.4432654588291973,-0.6813613263786854,0.06875488865236412,150,True,21.57,,199.0,1e-09,2,150,0.141997,50,50,0.3,2.806638,1.100105,9999,1,0.01,0.05,False,0.324557,0.531768,20
1288,hexagonal,auxetic,True,-0.21302971425340228,-0.45649630301543936,0.4970301629256754,150,True,20.28,,199.0,1e-09,2,150,0.107227,50,50,0.3,3.07493,1.085136,9999,1,0.01,0.05,False,0.31428,0.576222,20
1289,hexagonal,auxetic,True,-0.38381600051143766,-0.6286533991011037,0.017400760244445923,82,True,11.92,,199.0,1e-09,2,150,0.0764,50,50,0.3,2.909227,1.138486,9999,1,0.01,0.05,False,0.28485,0.570247,20
1290,hexagonal,auxetic,True,-0.1401052662305819,-0.7907700233360256,0.5709898332279302,150,True,20.44,,199.0,1e-09,2,150,0.115271,50,50,0.3,2.911836,1.209544,9999,1,0.01,0.05,False,0.292127,0.517557,20
1291,hexagonal,auxetic,True,-0.26573047759964996,-0.5129559731963629,0.35858252577777294,150,True,20.67,,199.0,1e-09,2,150,0.11569,50,50,0.3,3.453086,1.231375,9999,1,0.01,0.05,False,0.316227,0.560013,20
1292,hexagonal,auxetic,True,-0.1505896028015899,-0.44587055659367386,0.585207289659643,150,True,21.33,,199.0,1e-09,2,150,0.08762,50,50,0.3,3.216167,1.168692,9999,1,0.01,0.05,False,0.310463,0.543844,20
1293,hexagonal,auxetic,True,-0.3597692293885733,-0.7725615438867461,0.5389090898657418,150,True,21.51,,199.0,1e-09,2,150,0.09709,50,50,0.3,3.601592,1.159454,9999,1,0.01,0.05,False,0.296462,0.507743,20
1294,hexagonal,auxetic,True,-0.31646642748073034,-0.6796262551673923,0.10038676599688079,150,True,19.8,,199.0,1e-09,2,150,0.087205,50,50,0.3,2.602174,1.159242,9999,1,0.01,0.05,False,0.323441,0.572607,20
1295,hexagonal,auxetic,True,-0.3059201609796689,-0.5123959130789906,0.4881242133575864,150,True,20.92,,199.0,1e-09,2,150,0.142955,50,50,0.3,3.162325,1.175859,9999,1,0.01,0.05,False,0.377292,0.504505,20
1296,hexagonal,auxetic,True,-0.2935685075424077,-0.7003103830876471,0.5573179639307208,86,True,12.46,,199.0,1e-09,2,150,0.091556,50,50,0.3,3.202796,1.121377,9999,1,0.01,0.05,False,0.361795,0.500911,20
1297,hexagonal,auxetic,True,-0.17199576739130326,-1.207876136311806,0.4958418687697586,150,True,20.52,,199.0,1e-09,2,150,0.115013,50,50,0.3,3.293334,1.133124,9999,1,0.01,0.05,False,0.323127,0.511705,20
1298,hexagonal,auxetic,True,-0.17343000488993468,-0.34956180587477853,0.706440495386431,150,True,19.76,,199.0,1e-09,2,150,0.137353,50,50,0.3,3.350703,1.211488,9999,1,0.01,0.05,False,0.297233,0.507393,20
1299,hexagonal,auxetic,True,-0.36309815914020566,-0.3667926752986853,0.5174407121510883,150,True,20.56,,199.0,1e-09,2,150,0.133248,50,50,0.3,3.38847,1.24236,9999,1,0.01,0.05,False,0.284657,0.581564,20
1300,hexagonal,auxetic,True,-0.33374012900899835,-0.5214067497565651,0.32776137101421976,150,True,21.24,,199.0,1e-09,2,150,0.109465,50,50,0.3,3.371697,1.194113,9999,1,0.01,0.05,False,0.285371,0.521302,20
1301,hexagonal,auxetic,True,-0.3552130503074078,-0.4712306626797918,0.41370839922362124,150,True,19.7,,199.0,1e-09,2,150,0.120177,50,50,0.3,3.256565,1.181509,9999,1,0.01,0.05,False,0.322178,0.518637,20
1302,hexagonal,auxetic,True,-0.6671097550731219,-0.29574564914436563,0.42935847394865967,150,True,19.57,,199.0,1e-09,2,150,0.136971,50,50,0.3,3.295894,1.141445,9999,1,0.01,0.05,False,0.287739,0.580309,20
1303,hexagonal,auxetic,True,-0.43218346897464666,-0.6889110964378339,0.02919770582632686,65,True,10.39,,199.0,1e-09,2,150,0.122206,50,50,0.3,3.057279,1.089533,9999,1,0.01,0.05,False,0.332324,0.575542,20
1304,hexagonal,auxetic,True,-0.5385171066023964,-0.5058277642336483,0.34451100935603063,83,True,11.57,,199.0,1e-09,2,150,0.132302,50,50,0.3,3.104449,1.211813,9999,1,0.01,0.05,False,0.376568,0.535074,20
1305,hexagonal,auxetic,True,-0.3660005475837672,-0.5931307417326113,0.15765746409621884,150,True,21.6,,199.0,1e-09,2,150,0.120424,50,50,0.3,3.091848,1.245772,9999,1,0.01,0.05,False,0.304196,0.56583,20
1306,hexagonal,auxetic,True,0.021834182707859678,0.026094553934293704,0.9183628720471588,150,True,20.84,,199.0,1e-09,2,150,0.127368,50,50,0.3,3.596834,1.177612,9999,1,0.01,0.05,False,0.289699,0.516032,20
1307,hexagonal,auxetic,True,-0.27607674832712,-0.6051890331166763,0.4409657855750956,150,True,20.34,,199.0,1e-09,2,150,0.127081,50,50,0.3,3.170125,1.240997,9999,1,0.01,0.05,False,0.373293,0.578701,20
1308,hexagonal,auxetic,True,-0.27914798412716646,-0.5992203497976163,0.31062466647212195,150,True,21.65,,199.0,1e-09,2,150,0.116447,50,50,0.3,3.564424,1.19033,9999,1,0.01,0.05,False,0.353678,0.537502,20
1309,hexagonal,auxetic,True,-0.5919256121339908,-0.3103312773853644,0.37629806441909674,150,True,21.55,,199.0,1e-09,2,150,0.143034,50,50,0.3,2.746545,1.144986,9999,1,0.01,0.05,False,0.354551,0.557289,20
1310,hexagonal,auxetic,True,-0.1247394667178884,-0.8501772744838058,0.6363549539717904,150,True,18.04,,199.0,1e-09,2,150,0.133984,50,50,0.3,3.299606,1.18317,9999,1,0.01,0.05,False,0.34562,0.510599,20
1311,hexagonal,auxetic,True,-0.5778251808060811,-0.40008725379842425,0.4661333590633895,150,True,21.1,,199.0,1e-09,2,150,0.140854,50,50,0.3,3.5178,1.156186,9999,1,0.01,0.05,False,0.354766,0.554414,20
1312,hexagonal,auxetic,True,-0.4244609773380668,-0.6371660845883131,0.1664680669037677,150,True,20.8,,199.0,1e-09,2,150,0.135869,50,50,0.3,2.996614,1.186622,9999,1,0.01,0.05,False,0.313492,0.533152,20
1313,hexagonal,auxetic,True,-0.37065472859820653,-0.4915054983586742,0.4317875216280824,150,True,20.84,,199.0,1e-09,2,150,0.142197,50,50,0.3,3.133913,1.146804,9999,1,0.01,0.05,False,0.28375,0.52022,20
1314,hexagonal,auxetic,True,-0.33631175346804965,-0.9513555385457431,0.31349235569001477,89,True,13.13,,199.0,1e-09,2,150,0.08571,50,50,0.3,2.965209,1.072404,9999,1,0.01,0.05,False,0.334322,0.558402,20
1315,hexagonal,auxetic,True,-0.2137685943584054,-0.24284634708692032,0.5501207225094481,150,True,22.08,,199.0,1e-09,2,150,0.136134,50,50,0.3,3.3269,1.091262,9999,1,0.01,0.05,False,0.338743,0.579131,20
1316,hexagonal,auxetic,True,-0.3959649935581395,-0.6844282051310693,0.1919736412985945,150,True,21.43,,199.0,1e-09,2,150,0.077601,50,50,0.3,2.969789,1.21094,9999,1,0.01,0.05,False,0.340397,0.508762,20
1317,hexagonal,auxetic,True,-0.3495828145773915,-0.6625285461248092,0.05591110320886444,98,True,14.62,,199.0,1e-09,2,150,0.076693,50,50,0.3,2.750531,1.076911,9999,1,0.01,0.05,False,0.35841,0.558671,20
1318,hexagonal,auxetic,True,-0.12857641447277046,-0.308519146478637,0.5777685296301808,150,True,20.25,,199.0,1e-09,2,150,0.106822,50,50,0.3,3.120675,1.21202,9999,1,0.01,0.05,False,0.336956,0.53959,20
1319,hexagonal,auxetic,True,-0.13066436284626606,-0.17136494069072664,0.5889586534872988,150,True,20.05,,199.0,1e-09,2,150,0.124106,50,50,0.3,3.474983,1.084254,9999,1,0.01,0.05,False,0.308636,0.54149,20
1320,hexagonal,auxetic,True,-0.3298189676189082,-0.1568074663805239,0.552173830996588,81,True,10.47,,199.0,1e-09,2,150,0.138602,50,50,0.3,2.905189,1.235526,9999,1,0.01,0.05,False,0.342791,0.546826,20
1321,hexagonal,auxetic,True,-0.1413942010232155,-0.2471501700732337,0.5392220624950373,103,True,14.73,,199.0,1e-09,2,150,0.133437,50,50,0.3,3.401535,1.073839,9999,1,0.01,0.05,False,0.328068,0.503333,20
1322,hexagonal,auxetic,True,-0.2628556543670948,-0.3514533071894137,0.42087183341420586,150,True,19.79,,199.0,1e-09,2,150,0.114762,50,50,0.3,3.343498,1.137768,9999,1,0.01,0.05,False,0.298203,0.559194,20
1323,hexagonal,auxetic,True,-0.21466596024665857,-0.7300001242720856,0.5530330457439703,150,True,21.33,,199.0,1e-09,2,150,0.136655,50,50,0.3,3.213551,1.153068,9999,1,0.01,0.05,False,0.304025,0.518579,20
1324,hexagonal,auxetic,True,-0.3523873738844336,-0.5224988035848187,0.2609866655004911,150,True,20.52,,199.0,1e-09,2,150,0.121631,50,50,0.3,3.421712,1.14398,9999,1,0.01,0.05,False,0.335405,0.512736,20
1325,hexagonal,auxetic,True,-0.4845634244387169,-0.49675200373368533,0.21851985915270988,58,True,8.39,,199.0,1e-09,2,150,0.087533,50,50,0.3,2.971753,1.083824,9999,1,0.01,0.05,False,0.294883,0.50859,20
1326,hexagonal,auxetic,True,-0.23411070793164487,-0.8942885163412978,0.48496117077503936,83,True,11.8,,199.0,1e-09,2,150,0.089238,50,50,0.3,2.570318,1.070323,9999,1,0.01,0.05,False,0.366577,0.5058,20
1327,hexagonal,auxetic,True,-0.5807231874367368,-0.34775137338736234,0.5640938797268304,150,True,20.75,,199.0,1e-09,2,150,0.131855,50,50,0.3,3.178915,1.230426,9999,1,0.01,0.05,False,0.379807,0.574521,20
1328,hexagonal,auxetic,True,-0.4279251526097842,-0.6243110007230971,0.09913809166245324,150,True,19.57,,199.0,1e-09,2,150,0.087874,50,50,0.3,3.264621,1.179679,9999,1,0.01,0.05,False,0.298584,0.564218,20
1329,hexagonal,auxetic,True,-0.3941585618880983,-0.743226991761398,0.03358421731217798,69,True,10.12,,199.0,1e-09,2,150,0.095636,50,50,0.3,3.015435,1.14988,9999,1,0.01,0.05,False,0.300211,0.573128,20
1330,hexagonal,auxetic,True,-0.5274693820459868,-0.6653733706369755,0.01791821990926068,57,True,8.23,,199.0,1e-09,2,150,0.099726,50,50,0.3,2.941755,1.244824,9999,1,0.01,0.05,False,0.307426,0.553488,20
1331,hexagonal,auxetic,True,-0.30023149114823294,-0.6048309958732686,0.21864040278340396,150,True,20.99,,199.0,1e-09,2,150,0.14227,50,50,0.3,3.099059,1.167873,9999,1,0.01,0.05,False,0.334502,0.519425,20
1332,hexagonal,auxetic,True,-0.4787787883974999,-0.5481287127895218,0.2574783673064943,150,True,20.43,,199.0,1e-09,2,150,0.124285,50,50,0.3,3.262194,1.170142,9999,1,0.01,0.05,False,0.357203,0.563234,20
1333,hexagonal,auxetic,True,-0.4091837709624548,-0.6800012475678918,0.18284417056671498,93,True,12.98,,199.0,1e-09,2,150,0.086815,50,50,0.3,3.027461,1.215586,9999,1,0.01,0.05,False,0.317966,0.534601,20
1334,hexagonal,auxetic,True,-0.31877523315517337,-0.6135870750613911,0.30526496911844114,150,True,21.38,,199.0,1e-09,2,150,0.126304,50,50,0.3,3.1769,1.20756,9999,1,0.01,0.05,False,0.36192,0.50161,20
1335,hexagonal,auxetic,True,-0.2887631438300589,-0.6583681619629422,0.38467867115847953,150,True,21.11,,199.0,1e-09,2,150,0.129561,50,50,0.3,3.252962,1.114333,9999,1,0.01,0.05,False,0.378008,0.561573,20
1336,hexagonal,auxetic,True,-0.40687387393483676,-0.6113462510908184,0.3626340012177508,150,True,19.83,,199.0,1e-09,2,150,0.08045,50,50,0.3,3.122747,1.184142,9999,1,0.01,0.05,False,0.348152,0.57696,20
1337,hexagonal,auxetic,True,-0.16336054861762275,-1.104066166283565,0.406166790193764,80,True,10.79,,199.0,1e-09,2,150,0.139365,50,50,0.3,3.019387,1.101324,9999,1,0.01,0.05,False,0.289097,0.561241,20
1338,hexagonal,auxetic,True,-0.12850871280013534,-0.9780857875171655,0.5039672790151528,150,True,22.01,,199.0,1e-09,2,150,0.143943,50,50,0.3,3.151421,1.079771,9999,1,0.01,0.05,False,0.35539,0.536051,20
1339,hexagonal,auxetic,True,-0.5332859019077728,-0.4611135885121645,0.23475068587300385,150,True,21.04,,199.0,1e-09,2,150,0.135184,50,50,0.3,2.615406,1.07073,9999,1,0.01,0.05,False,0.370522,0.504652,20
1340,hexagonal,auxetic,True,-0.42368627647285706,-0.6171510103828861,0.2195034319403869,150,True,20.94,,199.0,1e-09,2,150,0.107882,50,50,0.3,3.573389,1.207406,9999,1,0.01,0.05,False,0.302495,0.509423,20
1341,hexagonal,auxetic,True,-0.4865430150192368,-0.30421965855373734,0.19444576665759794,150,True,20.59,,199.0,1e-09,2,150,0.105667,50,50,0.3,2.854208,1.132805,9999,1,0.01,0.05,False,0.365082,0.551665,20
1342,hexagonal,auxetic,True,-0.1234899929775231,-1.2036703088667664,0.525968233228939,128,True,17.05,,199.0,1e-09,2,150,0.079888,50,50,0.3,3.12416,1.166129,9999,1,0.01,0.05,False,0.306194,0.573954,20
1343,hexagonal,auxetic,True,-0.09319406154714682,-0.2862000275558635,0.638854752169354,150,True,20.52,,199.0,1e-09,2,150,0.13942,50,50,0.3,3.540738,1.189907,9999,1,0.01,0.05,False,0.309641,0.566064,20
1344,hexagonal,auxetic,True,-0.16921239328501608,-1.0653230131312375,0.543203545405109,150,True,20.56,,199.0,1e-09,2,150,0.09868,50,50,0.3,3.025852,1.236333,9999,1,0.01,0.05,False,0.374509,0.561686,20
1345,hexagonal,auxetic,True,-0.4207496303654873,-0.5816214832416924,0.09492938043815435,150,True,21.34,,199.0,1e-09,2,150,0.140501,50,50,0.3,2.646743,1.099312,9999,1,0.01,0.05,False,0.311035,0.518881,20
1346,hexagonal,auxetic,True,-0.24151299058436776,-0.2663226227386911,0.4678449730954988,150,True,21.5,,199.0,1e-09,2,150,0.11269,50,50,0.3,2.980872,1.059408,9999,1,0.01,0.05,False,0.316364,0.558262,20
1347,hexagonal,auxetic,True,-0.43980017884304395,-0.6297145236517536,0.03659901698486967,89,True,13.68,,199.0,1e-09,2,150,0.115849,50,50,0.3,2.848022,1.103344,9999,1,0.01,0.05,False,0.37691,0.570872,20
1348,hexagonal,auxetic,True,-0.37927361738000465,-0.5695687550946602,0.4689981290792903,150,True,20.83,,199.0,1e-09,2,150,0.12303,50,50,0.3,3.405079,1.201983,9999,1,0.01,0.05,False,0.315172,0.503816,20
1349,hexagonal,auxetic,True,-0.3111812585613272,-0.6631525043219411,0.26953653585519366,150,True,22.31,,199.0,1e-09,2,150,0.121104,50,50,0.3,3.145215,1.129528,9999,1,0.01,0.05,False,0.331305,0.528207,20
1350,hexagonal,auxetic,True,-0.5677768385430161,-0.38976892675826397,0.3283778679414504,150,True,21.31,,199.0,1e-09,2,150,0.137464,50,50,0.3,3.45917,1.13141,9999,1,0.01,0.05,False,0.339346,0.572085,20
1351,hexagonal,auxetic,True,-0.37880661579834346,-0.6641536272919312,0.05551728928584021,150,True,18.7,,199.0,1e-09,2,150,0.097185,50,50,0.3,3.147148,1.243204,9999,1,0.01,0.05,False,0.327358,0.578847,20
1352,hexagonal,auxetic,True,-0.4335022662655669,-0.6001238966467064,0.07819630373569941,150,True,19.46,,199.0,1e-09,2,150,0.127835,50,50,0.3,3.555206,1.166862,9999,1,0.01,0.05,False,0.334292,0.566471,20
1353,hexagonal,auxetic,True,-0.44152875203624053,-0.546168071223412,0.12102581167683857,150,True,20.11,,199.0,1e-09,2,150,0.100109,50,50,0.3,3.03745,1.113901,9999,1,0.01,0.05,False,0.341598,0.54641,20
1354,hexagonal,auxetic,True,-0.4420046735294694,-0.5643577652059999,-0.0023832689516584127,92,True,12.88,,199.0,1e-09,2,150,0.125844,50,50,0.3,3.301023,1.058257,9999,1,0.01,0.05,False,0.323231,0.555793,20
1355,hexagonal,auxetic,True,-0.31118388067610103,-0.6906827614988839,0.35242010353023956,150,True,21.97,,199.0,1e-09,2,150,0.074887,50,50,0.3,2.785724,1.171062,9999,1,0.01,0.05,False,0.316756,0.532925,20
1356,hexagonal,auxetic,True,-0.2649292709103485,-0.42880813117192385,0.5142441708384551,150,True,22.28,,199.0,1e-09,2,150,0.116822,50,50,0.3,2.805211,1.226583,9999,1,0.01,0.05,False,0.321125,0.535451,20
1357,hexagonal,auxetic,True,-0.4234529422254923,-0.5075047042112734,0.030299673388446968,150,True,20.31,,199.0,1e-09,2,150,0.095975,50,50,0.3,2.602658,1.113153,9999,1,0.01,0.05,False,0.348865,0.562398,20
1358,hexagonal,auxetic,True,-0.2931093593656651,-0.6388183187374784,0.18571432725498482,43,True,5.2,,199.0,1e-09,2,150,0.139555,50,50,0.3,3.218241,1.07625,9999,1,0.01,0.05,False,0.3464,0.524814,20
1359,hexagonal,auxetic,True,-0.7280816305927222,-0.2723073728045753,0.43536723566477825,150,True,20.37,,199.0,1e-09,2,150,0.092298,50,50,0.3,3.54506,1.13532,9999,1,0.01,0.05,False,0.29353,0.525506,20
1360,hexagonal,auxetic,True,-0.20833383493675992,-0.4403483359265198,0.36971890011782527,150,True,20.86,,199.0,1e-09,2,150,0.074958,50,50,0.3,3.196901,1.093117,9999,1,0.01,0.05,False,0.301789,0.535229,20
1361,hexagonal,auxetic,True,-0.3105457856075772,-0.20530159012060398,0.445869706798654,150,True,20.99,,199.0,1e-09,2,150,0.12877,50,50,0.3,3.306056,1.065417,9999,1,0.01,0.05,False,0.287019,0.525396,20
1362,hexagonal,auxetic,True,-0.06917765621986767,-0.21415340218017329,0.6814343799161848,150,True,21.38,,199.0,1e-09,2,150,0.080827,50,50,0.3,3.470183,1.226035,9999,1,0.01,0.05,False,0.367225,0.5648,20
1363,hexagonal,auxetic,True,-0.10682491626777867,-1.046206608297242,0.6252468636219017,119,True,16.65,,199.0,1e-09,2,150,0.131974,50,50,0.3,3.653228,1.094541,9999,1,0.01,0.05,False,0.358577,0.508413,20
1364,hexagonal,auxetic,True,-0.23013878971758572,-0.610397925874766,0.5066768456494335,150,True,21.78,,199.0,1e-09,2,150,0.118175,50,50,0.3,3.060031,1.216421,9999,1,0.01,0.05,False,0.317151,0.511584,20
1365,hexagonal,auxetic,True,-0.3026470760122268,-0.5058891569570316,0.3981632297933484,71,True,9.41,,199.0,1e-09,2,150,0.127632,50,50,0.3,3.017794,1.232244,9999,1,0.01,0.05,False,0.348544,0.512097,20
1366,hexagonal,auxetic,True,-0.4077340808263947,-0.5695969737295554,0.13510630898265819,150,True,20.47,,199.0,1e-09,2,150,0.130794,50,50,0.3,2.580542,1.160434,9999,1,0.01,0.05,False,0.368426,0.552649,20
1367,hexagonal,auxetic,True,-0.48176591465250246,-0.4835896124253535,0.04444317373247386,46,True,6.64,,199.0,1e-09,2,150,0.143347,50,50,0.3,3.064726,1.177298,9999,1,0.01,0.05,False,0.318986,0.513084,20
1368,hexagonal,auxetic,True,-0.44264120302521553,-0.5921408682583055,-0.06514309944160201,150,True,19.58,,199.0,1e-09,2,150,0.091735,50,50,0.3,2.829958,1.063187,9999,1,0.01,0.05,False,0.34905,0.568572,20
1369,hexagonal,auxetic,True,-0.3887960179086058,-0.48295061242147536,0.38262869942071576,150,True,21.1,,199.0,1e-09,2,150,0.108187,50,50,0.3,3.502146,1.139391,9999,1,0.01,0.05,False,0.365422,0.503615,20
1370,hexagonal,auxetic,True,-0.41440783913140905,-0.6047111333343408,0.03539236628052844,150,True,18.62,,199.0,1e-09,2,150,0.075077,50,50,0.3,2.888088,1.08663,9999,1,0.01,0.05,False,0.313017,0.566566,20
1371,hexagonal,auxetic,True,-0.37055963706556455,-0.4730313561734109,0.26427152775060636,150,True,20.93,,199.0,1e-09,2,150,0.142111,50,50,0.3,3.116627,1.20995,9999,1,0.01,0.05,False,0.336576,0.514865,20
1372,hexagonal,auxetic,True,-0.35847623995013905,-0.5632334717601648,0.29193964249750437,150,True,21.14,,199.0,1e-09,2,150,0.082235,50,50,0.3,3.436194,1.124217,9999,1,0.01,0.05,False,0.32407,0.508196,20
1373,hexagonal,auxetic,True,-0.4285571752735943,-0.17552123039372358,0.457413601617199,150,True,22.03,,199.0,1e-09,2,150,0.093935,50,50,0.3,2.720863,1.062003,9999,1,0.01,0.05,False,0.346292,0.502771,20
1374,hexagonal,auxetic,True,-0.18893308269662637,-0.6038350285884968,0.46993817161950646,150,True,21.83,,199.0,1e-09,2,150,0.128414,50,50,0.3,3.490567,1.218913,9999,1,0.01,0.05,False,0.323632,0.532129,20
1375,hexagonal,auxetic,True,-0.3391878688270854,-0.6103952498451153,0.29310183118842337,150,True,22.41,,199.0,1e-09,2,150,0.120335,50,50,0.3,2.950415,1.200351,9999,1,0.01,0.05,False,0.344998,0.539519,20
1376,hexagonal,auxetic,True,-0.42556324335550716,-0.5970628522278695,0.2025582801786523,150,True,20.28,,199.0,1e-09,2,150,0.10807,50,50,0.3,3.349267,1.17282,9999,1,0.01,0.05,False,0.285797,0.506516,20
1377,hexagonal,auxetic,True,-0.4508521018359687,-0.4846714071194176,0.10351637682028192,150,True,20.53,,199.0,1e-09,2,150,0.132607,50,50,0.3,3.289318,1.141649,9999,1,0.01,0.05,False,0.299744,0.564665,20
1378,hexagonal,auxetic,True,-0.591793776891731,-0.38854975049416796,0.14284715209785837,63,True,8.85,,199.0,1e-09,2,150,0.083011,50,50,0.3,2.645677,1.156933,9999,1,0.01,0.05,False,0.358753,0.529291,20
1379,hexagonal,auxetic,True,-0.43145137087158664,-0.6433244479522292,0.17118047799402947,150,True,21.97,,199.0,1e-09,2,150,0.128499,50,50,0.3,2.784251,1.088541,9999,1,0.01,0.05,False,0.300999,0.544049,20
1380,hexagonal,auxetic,True,-0.4693108043022834,-0.47981305316196365,-0.041200682577625214,68,True,8.8,,199.0,1e-09,2,150,0.099029,50,50,0.3,3.412157,1.071134,9999,1,0.01,0.05,False,0.290096,0.554271,20
1381,hexagonal,auxetic,True,-0.3369447887045473,-0.49375000144367526,0.23766160535988623,150,True,21.24,,199.0,1e-09,2,150,0.10672,50,50,0.3,3.338785,1.174207,9999,1,0.01,0.05,False,0.312775,0.52435,20
1382,hexagonal,auxetic,True,-0.6087744175603688,-0.34197825418357397,0.35823981076838773,150,True,20.73,,199.0,1e-09,2,150,0.113024,50,50,0.3,2.959617,1.088968,9999,1,0.01,0.05,False,0.373135,0.571896,20
1383,hexagonal,auxetic,True,-0.4413921418511391,-0.634749639085783,0.19558517083942673,150,True,22.82,,199.0,1e-09,2,150,0.132793,50,50,0.3,3.083985,1.161903,9999,1,0.01,0.05,False,0.359909,0.539167,20
1384,hexagonal,auxetic,True,-0.26601164070250144,-0.8463102487651204,0.3771413867704984,150,True,21.03,,199.0,1e-09,2,150,0.081688,50,50,0.3,3.249679,1.222173,9999,1,0.01,0.05,False,0.351245,0.558023,20
1385,hexagonal,auxetic,True,-0.3720885290040336,-0.4835150487667004,0.1386481034754138,69,True,10.52,,199.0,1e-09,2,150,0.129192,50,50,0.3,2.858883,1.066446,9999,1,0.01,0.05,False,0.28646,0.533665,20
1386,hexagonal,auxetic,True,-0.4075238423402784,-0.5876224065270552,0.12307554023215883,150,True,20.27,,199.0,1e-09,2,150,0.103539,50,50,0.3,2.878249,1.180383,9999,1,0.01,0.05,False,0.331361,0.54275,20
1387,hexagonal,auxetic,True,-0.27823613950031734,-0.8314093417025898,0.36160881030029424,150,True,22.36,,199.0,1e-09,2,150,0.092633,50,50,0.3,3.329005,1.21387,9999,1,0.01,0.05,False,0.350592,0.55496,20
1388,hexagonal,auxetic,True,-0.12836010287235428,-0.2684437454763742,0.5355892190549226,150,True,26.75,,199.0,1e-09,2,150,0.108319,50,50,0.3,2.813769,1.125123,9999,1,0.01,0.05,False,0.363065,0.539997,20
1389,hexagonal,auxetic,True,-0.3051779968252744,-0.5488807442925571,0.3239241613124527,146,True,21.44,,199.0,1e-09,2,150,0.116117,50,50,0.3,3.110072,1.213299,9999,1,0.01,0.05,False,0.340252,0.550418,20
1390,hexagonal,auxetic,True,-0.3743388317856341,-0.6040874107057195,0.2668300992343896,150,True,22.29,,199.0,1e-09,2,150,0.092157,50,50,0.3,2.876845,1.154739,9999,1,0.01,0.05,False,0.319754,0.575746,20
1391,hexagonal,auxetic,True,-0.12740735635703918,-0.3502689935650944,0.6397916109235583,150,True,22.27,,199.0,1e-09,2,150,0.088748,50,50,0.3,3.370227,1.128906,9999,1,0.01,0.05,False,0.319275,0.575339,20
1392,hexagonal,auxetic,True,-0.4569365313210691,-0.4644671240061345,0.18381675252799978,59,True,8.75,,199.0,1e-09,2,150,0.085976,50,50,0.3,3.643399,1.23452,9999,1,0.01,0.05,False,0.300393,0.522036,20
1393,hexagonal,auxetic,True,-0.3180421687858842,-0.7646965688177155,0.2864546535705099,150,True,21.83,,199.0,1e-09,2,150,0.110953,50,50,0.3,2.735938,1.182511,9999,1,0.01,0.05,False,0.31847,0.560263,20
1394,hexagonal,auxetic,True,-0.41224724707499033,-0.994402960704262,0.18371093934931015,81,True,11.62,,199.0,1e-09,2,150,0.078014,50,50,0.3,2.782569,1.208484,9999,1,0.01,0.05,False,0.284293,0.505613,20
1395,hexagonal,auxetic,True,-0.4413103182038072,-0.6285350727184039,0.07281838735049029,104,True,15.27,,199.0,1e-09,2,150,0.101662,50,50,0.3,3.05373,1.137991,9999,1,0.01,0.05,False,0.328566,0.553142,20
1396,hexagonal,auxetic,True,-0.5976149904419888,-0.2911384431731806,0.5146600559593678,150,True,21.47,,199.0,1e-09,2,150,0.140367,50,50,0.3,3.129413,1.171693,9999,1,0.01,0.05,False,0.319859,0.567123,20
1397,hexagonal,auxetic,True,-0.27779529557114147,-0.701295286966764,0.40022690936697003,150,True,21.3,,199.0,1e-09,2,150,0.111439,50,50,0.3,3.007717,1.229274,9999,1,0.01,0.05,False,0.333937,0.534864,20
1398,hexagonal,auxetic,True,-0.2706902548170382,-0.570189812373809,0.36590896783893,150,True,23.04,,199.0,1e-09,2,150,0.108282,50,50,0.3,3.499945,1.238666,9999,1,0.01,0.05,False,0.319928,0.575439,20
1399,hexagonal,auxetic,True,-0.5060799847771791,-0.33826111992332464,0.40325224093287015,150,True,20.84,,199.0,1e-09,2,150,0.100979,50,50,0.3,3.224339,1.239512,9999,1,0.01,0.05,False,0.378375,0.505455,20
1400,hexagonal,auxetic,True,-0.43156641467403584,-0.4131843582349547,0.2766725484832012,150,True,22.14,,199.0,1e-09,2,150,0.135774,50,50,0.3,3.045124,1.0976,9999,1,0.01,0.05,False,0.301891,0.544815,20
1401,hexagonal,auxetic,True,-0.49031417127754257,-0.3865991623583755,0.19493365236061555,150,True,20.41,,199.0,1e-09,2,150,0.105994,50,50,0.3,2.867264,1.212923,9999,1,0.01,0.05,False,0.339183,0.5411,20
1402,hexagonal,auxetic,True,-0.013634198447201656,-0.1385015759209971,0.9128005428523274,150,True,21.34,,199.0,1e-09,2,150,0.086063,50,50,0.3,3.501799,1.197546,9999,1,0.01,0.05,False,0.338952,0.578491,20
1403,hexagonal,auxetic,True,-0.09662656438631208,-0.1549866657398746,0.6615712824888305,150,True,21.4,,199.0,1e-09,2,150,0.083799,50,50,0.3,2.671873,1.21371,9999,1,0.01,0.05,False,0.308206,0.500817,20
1404,hexagonal,auxetic,True,-0.40489623235593925,-0.4242051847006873,0.16102463273321865,150,True,21.04,,199.0,1e-09,2,150,0.139067,50,50,0.3,3.511752,1.107255,9999,1,0.01,0.05,False,0.33557,0.525664,20
1405,hexagonal,auxetic,True,-0.5165511941752633,-0.6445936456401816,0.10679351857969632,109,True,15.98,,199.0,1e-09,2,150,0.077828,50,50,0.3,2.564781,1.203304,9999,1,0.01,0.05,False,0.354404,0.561942,20
1406,hexagonal,auxetic,True,-0.07723084395412277,-0.2106015121656271,0.6717457655459417,150,True,22.3,,199.0,1e-09,2,150,0.097884,50,50,0.3,3.152839,1.223073,9999,1,0.01,0.05,False,0.334885,0.584304,20
1407,hexagonal,auxetic,True,-0.6393354648858599,-0.4474640483596877,0.09183606132574695,150,True,21.05,,199.0,1e-09,2,150,0.105208,50,50,0.3,3.280092,1.09376,9999,1,0.01,0.05,False,0.356927,0.529603,20
1408,hexagonal,auxetic,True,-0.4277324938147261,-0.46305046975753544,0.30932520702011146,150,True,21.54,,199.0,1e-09,2,150,0.132025,50,50,0.3,3.400027,1.134278,9999,1,0.01,0.05,False,0.333446,0.538809,20
1409,hexagonal,auxetic,True,-0.4300937510976635,-0.5344104104915487,-0.011904508249286794,90,True,12.23,,199.0,1e-09,2,150,0.084381,50,50,0.3,3.254917,1.07734,9999,1,0.01,0.05,False,0.285983,0.544617,20
1410,hexagonal,auxetic,True,-0.308097008944644,-0.883204945752344,0.21358402447583252,75,True,10.82,,199.0,1e-09,2,150,0.07718,50,50,0.3,2.983504,1.189442,9999,1,0.01,0.05,False,0.294349,0.503894,20
1411,hexagonal,auxetic,True,-0.3061296897297835,-0.580531885791955,0.4018713266508943,150,True,21.34,,199.0,1e-09,2,150,0.113713,50,50,0.3,2.957217,1.078541,9999,1,0.01,0.05,False,0.344511,0.510153,20
1412,hexagonal,auxetic,True,-0.26180854682427906,-0.19879223927093687,0.7454464830028802,150,True,20.85,,199.0,1e-09,2,150,0.140573,50,50,0.3,3.575251,1.143818,9999,1,0.01,0.05,False,0.380564,0.545711,20
1413,hexagonal,auxetic,True,-0.19784853048075418,-0.5983897398615905,0.4453797849503236,150,True,21.07,,199.0,1e-09,2,150,0.114138,50,50,0.3,2.72772,1.241305,9999,1,0.01,0.05,False,0.337231,0.566769,20
1414,hexagonal,auxetic,True,-0.3823157353233795,-0.6740640657244682,0.18613161496335529,150,True,19.59,,199.0,1e-09,2,150,0.114892,50,50,0.3,2.739222,1.168276,9999,1,0.01,0.05,False,0.330608,0.543357,20
1415,hexagonal,auxetic,True,-0.29058758963854064,-0.4181379852968048,0.4445871870401805,150,True,20.59,,199.0,1e-09,2,150,0.079528,50,50,0.3,3.546685,1.191615,9999,1,0.01,0.05,False,0.370714,0.572197,20
1416,hexagonal,auxetic,True,-0.2512757142272334,-0.27532535532822705,0.5887993825444781,150,True,20.49,,199.0,1e-09,2,150,0.092851,50,50,0.3,2.674787,1.2054,9999,1,0.01,0.05,False,0.296812,0.518454,20
1417,hexagonal,auxetic,True,-0.40466516546546305,-0.6332339861110412,0.10816143721107485,64,True,9.25,,199.0,1e-09,2,150,0.106061,50,50,0.3,3.161445,1.072748,9999,1,0.01,0.05,False,0.310008,0.526657,20
1418,hexagonal,auxetic,True,-0.23276368521782198,-0.731775764871086,0.5346069270201015,150,True,19.22,,199.0,1e-09,2,150,0.141633,50,50,0.3,2.978732,1.078648,9999,1,0.01,0.05,False,0.297829,0.505048,20
1419,hexagonal,auxetic,True,-0.6502438273982042,-0.31669824408087194,0.3319521130387302,150,True,22.05,,199.0,1e-09,2,150,0.136477,50,50,0.3,3.136483,1.17091,9999,1,0.01,0.05,False,0.353873,0.572924,20
1420,hexagonal,auxetic,True,-0.37960985593296115,-0.6219028168514678,0.12015758236237506,94,True,13.63,,199.0,1e-09,2,150,0.096498,50,50,0.3,2.657956,1.119367,9999,1,0.01,0.05,False,0.292588,0.565216,20
1421,hexagonal,auxetic,True,-0.31921814286385375,-0.65413576388071,0.23774358669251527,82,True,11.78,,199.0,1e-09,2,150,0.140135,50,50,0.3,3.239587,1.165767,9999,1,0.01,0.05,False,0.343537,0.509561,20
1422,hexagonal,auxetic,True,-0.339686254341405,-0.5998414499670621,0.4638138621067377,150,True,21.0,,199.0,1e-09,2,150,0.131433,50,50,0.3,3.549649,1.18876,9999,1,0.01,0.05,False,0.370588,0.527638,20
1423,hexagonal,auxetic,True,-0.4476769549667998,-0.505949784861653,0.09570979624279319,150,True,21.74,,199.0,1e-09,2,150,0.122975,50,50,0.3,2.768902,1.090489,9999,1,0.01,0.05,False,0.325277,0.560816,20
1424,hexagonal,auxetic,True,-0.2069903900889298,-0.869072033980918,0.41646716351604146,150,True,21.63,,199.0,1e-09,2,150,0.09557,50,50,0.3,3.042742,1.136813,9999,1,0.01,0.05,False,0.368829,0.541973,20
1425,hexagonal,auxetic,True,-0.42604771017971177,-0.5857274605234358,0.05909260827641438,61,True,7.99,,199.0,1e-09,2,150,0.122757,50,50,0.3,2.730229,1.177927,9999,1,0.01,0.05,False,0.365615,0.54847,20
1426,hexagonal,auxetic,True,-0.17796344504208816,-0.5743892083170385,0.5249684407948509,150,True,19.38,,199.0,1e-09,2,150,0.132702,50,50,0.3,3.231175,1.086785,9999,1,0.01,0.05,False,0.36331,0.502429,20
1427,hexagonal,auxetic,True,-0.07729364558995126,-0.2007461499665544,0.6499409028127243,150,True,19.47,,199.0,1e-09,2,150,0.114405,50,50,0.3,2.933463,1.208938,9999,1,0.01,0.05,False,0.284865,0.565148,20
1428,hexagonal,auxetic,True,-0.39991156970613917,-0.5443435685064381,0.11334847674814374,150,True,21.07,,199.0,1e-09,2,150,0.093678,50,50,0.3,2.675854,1.237839,9999,1,0.01,0.05,False,0.332219,0.555521,20
1429,hexagonal,auxetic,True,-0.42484209877177265,-0.6125968022981505,0.030564122155233964,67,True,8.42,,199.0,1e-09,2,150,0.135568,50,50,0.3,2.634714,1.108021,9999,1,0.01,0.05,False,0.309734,0.571623,20
1430,hexagonal,auxetic,True,-0.45885642657212194,-0.5925362688542095,0.13996805677382707,83,True,12.19,,199.0,1e-09,2,150,0.134396,50,50,0.3,2.654389,1.223893,9999,1,0.01,0.05,False,0.337782,0.536936,20
1431,hexagonal,auxetic,True,-0.399444584844685,-0.5643485256752485,0.21615488823650253,150,True,21.79,,199.0,1e-09,2,150,0.134855,50,50,0.3,2.764566,1.111618,9999,1,0.01,0.05,False,0.321862,0.524166,20
1432,hexagonal,auxetic,True,-0.061209665308991176,-0.1446954034130662,0.7161106746982832,150,True,21.82,,199.0,1e-09,2,150,0.107295,50,50,0.3,3.195368,1.150458,9999,1,0.01,0.05,False,0.308025,0.572833,20
1433,hexagonal,auxetic,True,-0.41524346643146137,-0.5393449905824083,0.15209721916292018,76,True,10.94,,199.0,1e-09,2,150,0.080916,50,50,0.3,2.586324,1.147582,9999,1,0.01,0.05,False,0.364651,0.517447,20
1434,hexagonal,auxetic,True,-0.47672219909305935,-0.6327664028967056,-0.001797166925078586,150,True,20.25,,199.0,1e-09,2,150,0.12815,50,50,0.3,2.866478,1.098113,9999,1,0.01,0.05,False,0.333034,0.563009,20
1435,hexagonal,auxetic,True,-0.4483517150708561,-0.24066768156455015,0.4888480345868022,150,True,19.08,,199.0,1e-09,2,150,0.107486,50,50,0.3,2.58238,1.125944,9999,1,0.01,0.05,False,0.380407,0.506067,20
1436,hexagonal,auxetic,True,-0.5242045887956938,-0.5910449664175003,-0.1381321485290854,49,True,6.85,,199.0,1e-09,2,150,0.090693,50,50,0.3,3.52023,1.187853,9999,1,0.01,0.05,False,0.287709,0.576074,20
1437,hexagonal,auxetic,True,-0.5687157676778293,-0.6129714502989159,0.148955100117113,150,True,20.7,,199.0,1e-09,2,150,0.128638,50,50,0.3,2.593487,1.153606,9999,1,0.01,0.05,False,0.296328,0.582168,20
1438,hexagonal,auxetic,True,-0.49652232068629565,-0.6051374348483531,0.304771327256672,150,True,21.88,,199.0,1e-09,2,150,0.113497,50,50,0.3,2.899412,1.067126,9999,1,0.01,0.05,False,0.360733,0.503494,20
1439,hexagonal,auxetic,True,-0.3507824427319866,-0.5318991187845947,0.2779350026256894,150,True,21.31,,199.0,1e-09,2,150,0.099987,50,50,0.3,2.746743,1.123209,9999,1,0.01,0.05,False,0.366377,0.54719,20
1440,reentrant_bowtie,auxetic,True,-0.28752366882217684,-0.727449481436253,0.2737227452698602,150,True,19.82,,199.0,1e-09,2,150,0.096564,50,50,0.3,3.343703,1.066156,9999,1,0.01,0.05,False,0.287648,0.542055,20
1441,reentrant_bowtie,auxetic,True,-0.07226866180612357,-1.3362885247304293,0.8185576384469027,49,True,7.08,,199.0,1e-09,2,150,0.143523,50,50,0.3,2.984195,1.141091,9999,1,0.01,0.05,False,0.368642,0.53496,20
1442,reentrant_bowtie,auxetic,True,-0.20002407410900203,-0.27276925803880325,0.522984750258738,150,True,22.34,,199.0,1e-09,2,150,0.08617,50,50,0.3,2.608387,1.15828,9999,1,0.01,0.05,False,0.350143,0.544072,20
1443,reentrant_bowtie,auxetic,True,-0.2544311771768771,-0.3622265387811786,0.4320936531132362,39,True,6.08,,199.0,1e-09,2,150,0.089012,50,50,0.3,2.833129,1.109074,9999,1,0.01,0.05,False,0.298344,0.519185,20
1444,reentrant_bowtie,auxetic,True,-0.1200392353651065,-0.25989612067245077,0.6236757163532545,150,True,20.08,,199.0,1e-09,2,150,0.140241,50,50,0.3,3.628718,1.125027,9999,1,0.01,0.05,False,0.329038,0.500426,20
1445,reentrant_bowtie,auxetic,True,-0.26311642449346984,-0.4137847037261889,0.4386569395299029,63,True,8.14,,199.0,1e-09,2,150,0.082806,50,50,0.3,3.048438,1.100425,9999,1,0.01,0.05,False,0.369873,0.503369,20
1446,reentrant_bowtie,auxetic,True,-0.2919660814091718,-0.5107187012367458,0.42288679345054536,53,True,7.43,,199.0,1e-09,2,150,0.091839,50,50,0.3,3.65844,1.081949,9999,1,0.01,0.05,False,0.346599,0.550083,20
1447,reentrant_bowtie,auxetic,True,-0.09859639884547734,-0.8939096245183935,0.6828359825047019,119,True,17.78,,199.0,1e-09,2,150,0.121655,50,50,0.3,3.322526,1.119586,9999,1,0.01,0.05,False,0.35933,0.543723,20
1448,reentrant_bowtie,auxetic,True,1.831961041350794e-11,0.34287640203588143,1.3037135341733093,16,True,2.49,,199.0,1e-09,2,150,0.12694,50,50,0.3,2.691031,1.112661,9999,1,0.01,0.05,False,0.296386,0.559559,20
1449,reentrant_bowtie,auxetic,True,-0.017894444419933774,-0.663529049231793,1.1581240604556204,150,True,21.67,,199.0,1e-09,2,150,0.080092,50,50,0.3,2.72964,1.149246,9999,1,0.01,0.05,False,0.363808,0.551626,20
1450,reentrant_bowtie,auxetic,True,-0.2398030018103861,-0.33141163685239805,0.45854821046740946,150,True,20.74,,199.0,1e-09,2,150,0.11937,50,50,0.3,2.811162,1.135119,9999,1,0.01,0.05,False,0.338989,0.521325,20
1451,reentrant_bowtie,auxetic,True,-0.04901402225562198,-1.5971442269949692,0.925006149217365,29,True,3.73,,199.0,1e-09,2,150,0.133299,50,50,0.3,3.213011,1.097286,9999,1,0.01,0.05,False,0.366686,0.567452,20
1452,reentrant_bowtie,auxetic,True,-0.0046464684554555335,-0.1281855638991492,1.2569077693041537,150,True,21.85,,199.0,1e-09,2,150,0.108055,50,50,0.3,2.67033,1.167141,9999,1,0.01,0.05,False,0.301617,0.555677,20
1453,reentrant_bowtie,auxetic,True,3.5804675818086353e-12,0.08313123860402724,1.1944720083879223,15,True,1.8,,199.0,1e-09,2,150,0.137249,50,50,0.3,2.935341,1.237137,9999,1,0.01,0.05,False,0.295466,0.569273,20
1454,reentrant_bowtie,auxetic,True,-0.3061059298548077,-0.27073007681542666,0.5987220416236444,150,True,20.98,,199.0,1e-09,2,150,0.085369,50,50,0.3,3.523942,1.222334,9999,1,0.01,0.05,False,0.290404,0.505773,20
1455,reentrant_bowtie,auxetic,True,-0.07348411446698346,-1.1162476891387847,0.8069636903586108,65,True,9.72,,199.0,1e-09,2,150,0.091543,50,50,0.3,3.537398,1.190188,9999,1,0.01,0.05,False,0.33765,0.583358,20
1456,reentrant_bowtie,auxetic,True,-0.05518459823925154,-0.2713750091644133,0.8799768810432096,150,True,19.47,,199.0,1e-09,2,150,0.109924,50,50,0.3,2.813572,1.233896,9999,1,0.01,0.05,False,0.352032,0.541274,20
1457,reentrant_bowtie,auxetic,True,-0.04601045105100647,-1.582692762808615,0.966594580223054,150,True,19.44,,199.0,1e-09,2,150,0.132014,50,50,0.3,3.253329,1.078683,9999,1,0.01,0.05,False,0.294071,0.576719,20
1458,reentrant_bowtie,auxetic,True,-0.25025948578729307,-0.5672581326307399,0.5034625432992335,60,True,8.81,,199.0,1e-09,2,150,0.116151,50,50,0.3,3.296455,1.217785,9999,1,0.01,0.05,False,0.322983,0.538817,20
1459,reentrant_bowtie,auxetic,True,-0.035733159708985406,-1.3912674035788266,1.0259213404580128,150,True,21.42,,199.0,1e-09,2,150,0.129361,50,50,0.3,3.189443,1.188854,9999,1,0.01,0.05,False,0.359196,0.58201,20
1460,reentrant_bowtie,auxetic,True,-0.06236411155789299,-1.4464554813210706,0.8499060230924808,150,True,20.56,,199.0,1e-09,2,150,0.103902,50,50,0.3,3.145928,1.203619,9999,1,0.01,0.05,False,0.338048,0.563284,20
1461,reentrant_bowtie,auxetic,True,-0.2711442483409173,-0.405183190994685,0.39171134761783255,40,True,4.84,,199.0,1e-09,2,150,0.136276,50,50,0.3,2.807774,1.075206,9999,1,0.01,0.05,False,0.315031,0.511232,20
1462,reentrant_bowtie,auxetic,True,-0.2490421496010438,-0.4236413263542828,0.42003100842092816,150,True,21.72,,199.0,1e-09,2,150,0.07709,50,50,0.3,3.126685,1.107699,9999,1,0.01,0.05,False,0.33713,0.509372,20
1463,reentrant_bowtie,auxetic,True,-0.08095345947164455,-1.8392167075575743,0.7418135393368573,58,True,8.65,,199.0,1e-09,2,150,0.139045,50,50,0.3,3.450463,1.071149,9999,1,0.01,0.05,False,0.343998,0.561629,20
1464,reentrant_bowtie,auxetic,True,-0.0545445177456636,-1.3013616875301908,0.8514215439917825,41,True,6.12,,199.0,1e-09,2,150,0.119151,50,50,0.3,3.036658,1.139998,9999,1,0.01,0.05,False,0.298021,0.544741,20
1465,reentrant_bowtie,auxetic,True,-0.3928886278894589,-0.2725896660939745,0.5151966290163807,51,True,7.37,,199.0,1e-09,2,150,0.126819,50,50,0.3,3.454311,1.177626,9999,1,0.01,0.05,False,0.331328,0.517155,20
1466,reentrant_bowtie,auxetic,True,-0.26643275429593427,-0.3491001398653467,0.4854688211489059,150,True,20.21,,199.0,1e-09,2,150,0.098772,50,50,0.3,2.611257,1.186674,9999,1,0.01,0.05,False,0.333885,0.5151,20
1467,reentrant_bowtie,auxetic,True,5.773182449708724e-12,0.12850255254601453,1.1672361707424104,16,True,2.52,,199.0,1e-09,2,150,0.128482,50,50,0.3,3.623569,1.23251,9999,1,0.01,0.05,False,0.284546,0.581918,20
1468,reentrant_bowtie,auxetic,True,-0.4624176041675097,-0.2906855823705335,0.4850713395187837,51,True,7.11,,199.0,1e-09,2,150,0.081013,50,50,0.3,3.223195,1.219313,9999,1,0.01,0.05,False,0.367285,0.533784,20
1469,reentrant_bowtie,auxetic,True,-0.23573059703989116,-0.34071369771284443,0.4739800981310699,150,True,21.87,,199.0,1e-09,2,150,0.103011,50,50,0.3,2.964492,1.169577,9999,1,0.01,0.05,False,0.372073,0.50159,20
1470,reentrant_bowtie,auxetic,True,-0.25322689474620635,-0.4054395193520192,0.502340672698503,150,True,18.86,,199.0,1e-09,2,150,0.112448,50,50,0.3,2.631871,1.18765,9999,1,0.01,0.05,False,0.360141,0.50703,20
1471,reentrant_bowtie,auxetic,True,-0.03973112209206176,-1.9527227017711477,0.9443687736074929,150,True,18.25,,199.0,1e-09,2,150,0.091019,50,50,0.3,2.897614,1.155663,9999,1,0.01,0.05,False,0.296549,0.554957,20
1472,reentrant_bowtie,auxetic,True,-0.06615076359920032,-1.46821855818245,0.8050814830713572,150,True,21.75,,199.0,1e-09,2,150,0.141854,50,50,0.3,3.133009,1.19036,9999,1,0.01,0.05,False,0.30317,0.541127,20
1473,reentrant_bowtie,auxetic,True,-0.08513572851707661,-1.5689046650001095,0.764626007668506,150,True,21.69,,199.0,1e-09,2,150,0.128166,50,50,0.3,3.509397,1.180497,9999,1,0.01,0.05,False,0.318472,0.561462,20
1474,reentrant_bowtie,auxetic,True,-0.36772457377312145,-0.28877589485871635,0.5054756827500568,150,True,20.52,,199.0,1e-09,2,150,0.089842,50,50,0.3,3.565625,1.079158,9999,1,0.01,0.05,False,0.305513,0.506604,20
1475,reentrant_bowtie,auxetic,True,-0.030816344232931375,-0.18899502206904886,1.0682264269944475,42,True,6.28,,199.0,1e-09,2,150,0.121618,50,50,0.3,2.678054,1.198313,9999,1,0.01,0.05,False,0.308225,0.555114,20
1476,reentrant_bowtie,auxetic,True,-0.2621391271317185,-0.4522112073577585,0.4047963597460538,70,True,9.92,,199.0,1e-09,2,150,0.099276,50,50,0.3,3.011802,1.092715,9999,1,0.01,0.05,False,0.35002,0.508911,20
1477,reentrant_bowtie,auxetic,True,-0.319339633874452,-0.481218461101819,0.38970718983367814,150,True,21.43,,199.0,1e-09,2,150,0.130877,50,50,0.3,2.75765,1.061857,9999,1,0.01,0.05,False,0.302153,0.519317,20
1478,reentrant_bowtie,auxetic,True,-0.2696805960417892,-0.48453141050626425,0.450174468432355,150,True,20.99,,199.0,1e-09,2,150,0.13951,50,50,0.3,2.880199,1.097746,9999,1,0.01,0.05,False,0.300195,0.516108,20
1479,reentrant_bowtie,auxetic,True,-0.2592061278918489,-0.3884453352484857,0.41971578341597127,46,True,6.61,,199.0,1e-09,2,150,0.113432,50,50,0.3,2.672357,1.083105,9999,1,0.01,0.05,False,0.294423,0.522125,20
1480,reentrant_bowtie,auxetic,True,-0.22231844872680168,-0.5285664317198382,0.46226642051668243,56,True,8.22,,199.0,1e-09,2,150,0.105102,50,50,0.3,3.520837,1.099265,9999,1,0.01,0.05,False,0.316236,0.556765,20
1481,reentrant_bowtie,auxetic,True,-0.021895409546996675,-0.5614488334618373,1.0962168202265712,150,True,20.89,,199.0,1e-09,2,150,0.099416,50,50,0.3,2.688353,1.113213,9999,1,0.01,0.05,False,0.327774,0.554197,20
1482,reentrant_bowtie,auxetic,True,-0.26455720657442783,-0.33213828422262437,0.44248787043976656,150,True,21.88,,199.0,1e-09,2,150,0.101969,50,50,0.3,2.779167,1.113699,9999,1,0.01,0.05,False,0.293324,0.51857,20
1483,reentrant_bowtie,auxetic,True,5.7210755458721324e-12,0.13618595456257612,1.147632131768236,30,True,4.09,,199.0,1e-09,2,150,0.097949,50,50,0.3,3.453173,1.060019,9999,1,0.01,0.05,False,0.294848,0.571479,20
1484,reentrant_bowtie,auxetic,True,-0.30440709037695335,-0.4216238272335588,0.4675937498204309,121,True,17.28,,199.0,1e-09,2,150,0.082386,50,50,0.3,2.635403,1.159789,9999,1,0.01,0.05,False,0.380306,0.518684,20
1485,reentrant_bowtie,auxetic,True,-0.2500928000606515,-0.3321782588716215,0.5177659130256408,150,True,22.31,,199.0,1e-09,2,150,0.12096,50,50,0.3,2.573515,1.231054,9999,1,0.01,0.05,False,0.352686,0.523212,20
1486,reentrant_bowtie,auxetic,True,-0.3991699487733024,-0.2802288897750771,0.48854039542945993,121,True,18.09,,199.0,1e-09,2,150,0.127314,50,50,0.3,3.598875,1.143993,9999,1,0.01,0.05,False,0.352965,0.506159,20
1487,reentrant_bowtie,auxetic,True,-0.04667706592796828,-1.4839249527194733,0.9363815254628327,150,True,22.33,,199.0,1e-09,2,150,0.120101,50,50,0.3,3.05479,1.091022,9999,1,0.01,0.05,False,0.296914,0.564375,20
1488,reentrant_bowtie,auxetic,True,-0.10316644063932982,-0.7815710468788758,0.7280693118625337,150,True,19.85,,199.0,1e-09,2,150,0.075195,50,50,0.3,3.600996,1.232699,9999,1,0.01,0.05,False,0.331957,0.574456,20
1489,reentrant_bowtie,auxetic,True,-0.0761326080122777,-1.4313810755207435,0.8179448694122118,150,True,22.51,,199.0,1e-09,2,150,0.132263,50,50,0.3,3.56641,1.202117,9999,1,0.01,0.05,False,0.360025,0.58015,20
1490,reentrant_bowtie,auxetic,True,-0.4994971576088036,-0.29510370266325003,0.467602086056226,51,True,7.62,,199.0,1e-09,2,150,0.124955,50,50,0.3,3.420074,1.142177,9999,1,0.01,0.05,False,0.380522,0.527786,20
1491,reentrant_bowtie,auxetic,True,-0.06562834783710884,-0.18961066131148827,0.8316925172224126,66,True,9.35,,199.0,1e-09,2,150,0.130111,50,50,0.3,2.662466,1.207823,9999,1,0.01,0.05,False,0.374728,0.551197,20
1492,reentrant_bowtie,auxetic,True,-0.24550981745562397,-0.44910719787479664,0.5079604078786697,150,True,21.16,,199.0,1e-09,2,150,0.126327,50,50,0.3,2.656127,1.2174,9999,1,0.01,0.05,False,0.373431,0.501514,20
1493,reentrant_bowtie,auxetic,True,-0.37659157822128225,-0.2719714839425289,0.5206310375639924,33,True,5.02,,199.0,1e-09,2,150,0.117287,50,50,0.3,3.413178,1.194451,9999,1,0.01,0.05,False,0.31493,0.517753,20
1494,reentrant_bowtie,auxetic,True,-0.13455970175300472,-0.19173357848665204,0.6251871869440633,58,True,7.64,,199.0,1e-09,2,150,0.127656,50,50,0.3,3.371355,1.223351,9999,1,0.01,0.05,False,0.366279,0.500548,20
1495,reentrant_bowtie,auxetic,True,-0.26130042176301754,-0.3467909322166488,0.5097269112798355,150,True,21.47,,199.0,1e-09,2,150,0.098362,50,50,0.3,2.712568,1.246418,9999,1,0.01,0.05,False,0.347013,0.510429,20
1496,reentrant_bowtie,auxetic,True,-0.1080829034956514,-1.4640893222340754,0.6539803895486946,92,True,13.61,,199.0,1e-09,2,150,0.116265,50,50,0.3,3.28668,1.135988,9999,1,0.01,0.05,False,0.314577,0.545482,20
1497,reentrant_bowtie,auxetic,True,-0.2826294602229864,-0.21772555340855057,0.5716021071041377,54,True,8.76,,199.0,1e-09,2,150,0.110441,50,50,0.3,3.00228,1.204266,9999,1,0.01,0.05,False,0.346455,0.522712,20
1498,reentrant_bowtie,auxetic,True,1.1233448349765171e-11,0.24620524366261126,1.192671384617377,15,True,2.13,,199.0,1e-09,2,150,0.136912,50,50,0.3,3.13731,1.171379,9999,1,0.01,0.05,False,0.31646,0.578369,20
1499,reentrant_bowtie,auxetic,True,-0.2904020364987199,-0.5290286841876111,0.4581087335548619,81,True,12.21,,199.0,1e-09,2,150,0.110813,50,50,0.3,3.627985,1.205723,9999,1,0.01,0.05,False,0.318293,0.542377,20
1500,reentrant_bowtie,auxetic,True,-0.12950053905479905,-0.1764474003170094,0.6773045476540036,39,True,6.18,,199.0,1e-09,2,150,0.118651,50,50,0.3,2.876207,1.207439,9999,1,0.01,0.05,False,0.299953,0.519892,20
1501,reentrant_bowtie,auxetic,True,-0.23451531423320635,-0.35075319879159855,0.45443902659844226,150,True,21.78,,199.0,1e-09,2,150,0.090312,50,50,0.3,2.617739,1.102091,9999,1,0.01,0.05,False,0.369292,0.541711,20
1502,reentrant_bowtie,auxetic,True,-0.04603489403652808,-1.2407082318048201,0.9594807167976229,150,True,21.77,,199.0,1e-09,2,150,0.080188,50,50,0.3,2.817438,1.211109,9999,1,0.01,0.05,False,0.287128,0.547387,20
1503,reentrant_bowtie,auxetic,True,-0.08784024389368471,-1.0732692170760765,0.7378411890892751,150,True,20.7,,199.0,1e-09,2,150,0.080414,50,50,0.3,3.405152,1.185832,9999,1,0.01,0.05,False,0.310119,0.568742,20
1504,reentrant_bowtie,auxetic,True,-0.5365462003503375,-0.4973444168897562,0.29659490338591277,150,True,22.63,,199.0,1e-09,2,150,0.084211,50,50,0.3,3.113521,1.233579,9999,1,0.01,0.05,False,0.37675,0.529136,20
1505,reentrant_bowtie,auxetic,True,-0.09361439513190356,-1.5042435812549366,0.7178554887898543,43,True,6.17,,199.0,1e-09,2,150,0.08768,50,50,0.3,3.256067,1.202533,9999,1,0.01,0.05,False,0.286566,0.555349,20
1506,reentrant_bowtie,auxetic,True,-0.0523963174389813,-0.1729607772975937,0.8634044378642182,48,True,7.33,,199.0,1e-09,2,150,0.127574,50,50,0.3,2.62567,1.209557,9999,1,0.01,0.05,False,0.356642,0.555146,20
1507,reentrant_bowtie,auxetic,True,-0.45711680104524843,-0.5100275406056691,0.18104308849084272,150,True,20.79,,199.0,1e-09,2,150,0.094716,50,50,0.3,3.292088,1.058017,9999,1,0.01,0.05,False,0.341547,0.526247,20
1508,reentrant_bowtie,auxetic,True,-0.08142305895564309,-1.5108066430437521,0.7788725305381152,51,True,8.15,,199.0,1e-09,2,150,0.080726,50,50,0.3,3.121377,1.191132,9999,1,0.01,0.05,False,0.365513,0.553373,20
1509,reentrant_bowtie,auxetic,True,-0.32077165528900975,-0.25407924782887803,0.5276293165599059,150,True,21.48,,199.0,1e-09,2,150,0.094679,50,50,0.3,2.982349,1.132679,9999,1,0.01,0.05,False,0.380757,0.52365,20
1510,reentrant_bowtie,auxetic,True,-0.099238977771296,-1.1168530272484654,0.7103252584924602,50,True,8.11,,199.0,1e-09,2,150,0.090636,50,50,0.3,3.051714,1.170543,9999,1,0.01,0.05,False,0.357096,0.539196,20
1511,reentrant_bowtie,auxetic,True,-8.610937759902026e-12,-0.17657981900616626,1.2620339722560443,15,True,2.48,,199.0,1e-09,2,150,0.141035,50,50,0.3,2.845125,1.142809,9999,1,0.01,0.05,False,0.332097,0.569397,20
1512,reentrant_bowtie,auxetic,True,-0.3121234827390111,-0.6886478774187806,0.43958949185759455,77,True,11.87,,199.0,1e-09,2,150,0.115273,50,50,0.3,3.303884,1.209053,9999,1,0.01,0.05,False,0.3364,0.529519,20
1513,reentrant_bowtie,auxetic,True,-0.23536850703193468,-0.6609893532209921,0.45343935890477755,60,True,8.24,,199.0,1e-09,2,150,0.129631,50,50,0.3,3.163343,1.13966,9999,1,0.01,0.05,False,0.322462,0.535093,20
1514,reentrant_bowtie,auxetic,True,-0.2562997200398161,-0.3876156191636431,0.46125794172351486,150,True,21.83,,199.0,1e-09,2,150,0.098169,50,50,0.3,3.103547,1.147423,9999,1,0.01,0.05,False,0.375053,0.500107,20
1515,reentrant_bowtie,auxetic,True,-0.33076837299553213,-0.727307892339241,0.3050095677730058,150,True,21.72,,199.0,1e-09,2,150,0.092822,50,50,0.3,3.242591,1.080604,9999,1,0.01,0.05,False,0.377635,0.537875,20
1516,reentrant_bowtie,auxetic,True,-0.0846032332613256,-0.9994011498389865,0.7765802030748621,150,True,20.18,,199.0,1e-09,2,150,0.101287,50,50,0.3,3.516846,1.201114,9999,1,0.01,0.05,False,0.336039,0.582366,20
1517,reentrant_bowtie,auxetic,True,-0.3666452538292919,-0.6187131138532042,0.23879658124491854,150,True,21.89,,199.0,1e-09,2,150,0.092339,50,50,0.3,3.528858,1.101295,9999,1,0.01,0.05,False,0.285906,0.536605,20
1518,reentrant_bowtie,auxetic,True,9.827954757903108e-12,0.22857632190196997,1.174774559239086,16,True,2.56,,199.0,1e-09,2,150,0.126525,50,50,0.3,2.993764,1.13092,9999,1,0.01,0.05,False,0.293853,0.564752,20
1519,reentrant_bowtie,auxetic,True,2.4309548991021878e-11,0.4856501093636913,1.2742579240779626,17,True,2.58,,199.0,1e-09,2,150,0.117447,50,50,0.3,2.627324,1.215135,9999,1,0.01,0.05,False,0.290129,0.570454,20
1520,reentrant_bowtie,auxetic,True,3.176040703621555e-11,0.6358908248601516,1.2882012220927725,18,True,2.67,,199.0,1e-09,2,150,0.099619,50,50,0.3,2.659069,1.15608,9999,1,0.01,0.05,False,0.326199,0.584058,20
1521,reentrant_bowtie,auxetic,True,-0.11073905866875883,-1.5833162448636424,0.6537072620757494,98,True,13.97,,199.0,1e-09,2,150,0.118135,50,50,0.3,3.161585,1.144927,9999,1,0.01,0.05,False,0.348447,0.541476,20
1522,reentrant_bowtie,auxetic,True,-4.3606116061917765e-12,-0.09033566309844279,1.2514335143754107,16,True,2.13,,199.0,1e-09,2,150,0.120776,50,50,0.3,2.819037,1.176792,9999,1,0.01,0.05,False,0.330652,0.568407,20
1523,reentrant_bowtie,auxetic,True,-0.008275557403331243,-0.38186933033652964,1.2226948800651358,150,True,20.47,,199.0,1e-09,2,150,0.105479,50,50,0.3,2.678644,1.24197,9999,1,0.01,0.05,False,0.305495,0.55894,20
1524,reentrant_bowtie,auxetic,True,-0.25107129883776896,-0.43219007577247337,0.4022731633749863,150,True,18.84,,199.0,1e-09,2,150,0.137482,50,50,0.3,3.084974,1.106109,9999,1,0.01,0.05,False,0.35108,0.505428,20
1525,reentrant_bowtie,auxetic,True,-0.1019298085167771,-0.7000260942825827,0.7384325538186993,59,True,7.22,,199.0,1e-09,2,150,0.075958,50,50,0.3,3.382167,1.124393,9999,1,0.01,0.05,False,0.314803,0.572586,20
1526,reentrant_bowtie,auxetic,True,-0.2660765605923791,-0.39976138335750483,0.4173774324221119,150,True,19.96,,199.0,1e-09,2,150,0.117051,50,50,0.3,2.933015,1.081413,9999,1,0.01,0.05,False,0.338635,0.504999,20
1527,reentrant_bowtie,auxetic,True,-0.28697120743264753,-0.45978572113222066,0.4794584767765976,92,True,11.36,,199.0,1e-09,2,150,0.109521,50,50,0.3,2.62304,1.163368,9999,1,0.01,0.05,False,0.307474,0.540181,20
1528,reentrant_bowtie,auxetic,True,-0.4470413531828341,-0.2864840879838927,0.4825786978611696,150,True,19.83,,199.0,1e-09,2,150,0.07634,50,50,0.3,3.482169,1.193622,9999,1,0.01,0.05,False,0.339084,0.507309,20
1529,reentrant_bowtie,auxetic,True,-0.21034723468079514,-0.2849828859442355,0.5129869914288961,150,True,18.87,,199.0,1e-09,2,150,0.143584,50,50,0.3,2.640619,1.154281,9999,1,0.01,0.05,False,0.349192,0.532156,20
1530,reentrant_bowtie,auxetic,True,-0.10319589819104984,-0.15854763657693255,0.6243013127584528,52,True,7.89,,199.0,1e-09,2,150,0.125061,50,50,0.3,2.986936,1.1575,9999,1,0.01,0.05,False,0.358137,0.509699,20
1531,reentrant_bowtie,auxetic,True,-0.3178612330584519,-0.33870699600142573,0.3979917619166692,130,True,19.18,,199.0,1e-09,2,150,0.111611,50,50,0.3,3.338295,1.126532,9999,1,0.01,0.05,False,0.352836,0.515295,20
1532,reentrant_bowtie,auxetic,True,-0.19889596957415817,-0.2869949355873221,0.5352335765690555,150,True,22.27,,199.0,1e-09,2,150,0.101573,50,50,0.3,2.981369,1.237894,9999,1,0.01,0.05,False,0.310842,0.501942,20
1533,reentrant_bowtie,auxetic,True,-0.037109233503586615,-1.0497711381644153,0.998580901097738,150,True,22.17,,199.0,1e-09,2,150,0.112936,50,50,0.3,3.174507,1.181755,9999,1,0.01,0.05,False,0.284293,0.573098,20
1534,reentrant_bowtie,auxetic,True,-0.07892885567300195,-1.2518753660187805,0.7765261834795492,52,True,7.62,,199.0,1e-09,2,150,0.094022,50,50,0.3,3.541768,1.220665,9999,1,0.01,0.05,False,0.287373,0.572367,20
1535,reentrant_bowtie,auxetic,True,-0.2633122140486335,-0.3899235996065003,0.41091492677498054,51,True,7.66,,199.0,1e-09,2,150,0.13398,50,50,0.3,2.609052,1.075974,9999,1,0.01,0.05,False,0.328358,0.527851,20
1536,reentrant_bowtie,auxetic,True,2.9284352530397984e-12,0.06495806167639236,1.1914722332338263,16,True,2.22,,199.0,1e-09,2,150,0.121894,50,50,0.3,3.005071,1.200584,9999,1,0.01,0.05,False,0.367063,0.575967,20
1537,reentrant_bowtie,auxetic,True,5.633341361353708e-12,0.13326576914661245,1.1588512703634368,15,True,2.49,,199.0,1e-09,2,150,0.137094,50,50,0.3,3.428498,1.233981,9999,1,0.01,0.05,False,0.317353,0.576539,20
1538,reentrant_bowtie,auxetic,True,-0.07796336076762161,-1.4671210010680014,0.8030915000385894,98,True,15.05,,199.0,1e-09,2,150,0.092148,50,50,0.3,3.115328,1.183834,9999,1,0.01,0.05,False,0.313407,0.549861,20
1539,reentrant_bowtie,auxetic,True,-0.21241466094978417,-0.26701899641268056,0.5291623335520064,150,True,19.67,,199.0,1e-09,2,150,0.103847,50,50,0.3,2.566283,1.182929,9999,1,0.01,0.05,False,0.341323,0.527575,20
1540,reentrant_bowtie,auxetic,True,-0.2922730260359293,-0.40880549516851483,0.49390278324337866,82,True,11.63,,199.0,1e-09,2,150,0.090179,50,50,0.3,2.724472,1.204892,9999,1,0.01,0.05,False,0.376495,0.530641,20
1541,reentrant_bowtie,auxetic,True,-0.07318244910883794,-1.4777718108083628,0.8065206656697017,150,True,21.63,,199.0,1e-09,2,150,0.107935,50,50,0.3,3.075093,1.18746,9999,1,0.01,0.05,False,0.343931,0.553079,20
1542,reentrant_bowtie,auxetic,True,1.158005021033423e-11,0.23719831001418543,1.270019182099673,17,True,2.02,,199.0,1e-09,2,150,0.116532,50,50,0.3,2.795874,1.223782,9999,1,0.01,0.05,False,0.332879,0.57491,20
1543,reentrant_bowtie,auxetic,True,-0.13791979046408318,-0.207904284899012,0.6738492547472004,150,True,21.4,,199.0,1e-09,2,150,0.088382,50,50,0.3,2.930863,1.206818,9999,1,0.01,0.05,False,0.373288,0.526083,20
1544,reentrant_bowtie,auxetic,True,-0.21442354760248344,-0.6800340100638543,0.625628568039863,150,True,20.49,,199.0,1e-09,2,150,0.078235,50,50,0.3,3.552992,1.070917,9999,1,0.01,0.05,False,0.346245,0.561871,20
1545,reentrant_bowtie,auxetic,True,-0.13593754638646102,-0.23888400406632002,0.6988222944487994,66,True,8.76,,199.0,1e-09,2,150,0.102978,50,50,0.3,2.928793,1.222416,9999,1,0.01,0.05,False,0.309623,0.526933,20
1546,reentrant_bowtie,auxetic,True,-0.08584664787880589,-1.5394051294982276,0.7119643366503087,150,True,21.53,,199.0,1e-09,2,150,0.11561,50,50,0.3,3.308264,1.076361,9999,1,0.01,0.05,False,0.290713,0.542175,20
1547,reentrant_bowtie,auxetic,True,4.104384883089638e-12,0.10041891989055346,1.1602854275136203,16,True,2.54,,199.0,1e-09,2,150,0.123988,50,50,0.3,2.954038,1.08161,9999,1,0.01,0.05,False,0.357405,0.559222,20
1548,reentrant_bowtie,auxetic,True,1.2223356169264588e-11,0.2542464587334392,1.2429705622569804,18,True,2.63,,199.0,1e-09,2,150,0.096978,50,50,0.3,2.776786,1.173379,9999,1,0.01,0.05,False,0.31037,0.561012,20
1549,reentrant_bowtie,auxetic,True,-0.281355908445289,-0.3396877115892045,0.40553350082942563,42,True,5.9,,199.0,1e-09,2,150,0.078413,50,50,0.3,2.61338,1.074058,9999,1,0.01,0.05,False,0.289238,0.513277,20
1550,reentrant_bowtie,auxetic,True,-0.48804986316437077,-0.29290174382459966,0.4249665252462108,49,True,7.17,,199.0,1e-09,2,150,0.085518,50,50,0.3,3.323379,1.086719,9999,1,0.01,0.05,False,0.363777,0.534335,20
1551,reentrant_bowtie,auxetic,True,-0.11755573123537727,-0.20459857288798936,0.6668883764234019,150,True,20.25,,199.0,1e-09,2,150,0.130936,50,50,0.3,2.922824,1.210583,9999,1,0.01,0.05,False,0.288461,0.505614,20
1552,reentrant_bowtie,auxetic,True,-0.1090773599748191,-0.6575889349659776,0.7045680007620223,150,True,21.14,,199.0,1e-09,2,150,0.085989,50,50,0.3,3.522435,1.072361,9999,1,0.01,0.05,False,0.361613,0.577218,20
1553,reentrant_bowtie,auxetic,True,-0.041420959925043736,-1.4743009757916812,0.9799415375778293,150,True,20.04,,199.0,1e-09,2,150,0.103568,50,50,0.3,3.101974,1.096056,9999,1,0.01,0.05,False,0.308293,0.570584,20
1554,reentrant_bowtie,auxetic,True,-0.08531523910332141,-1.2295837227209043,0.7705497451816539,70,True,9.2,,199.0,1e-09,2,150,0.083295,50,50,0.3,3.01045,1.171518,9999,1,0.01,0.05,False,0.288689,0.540353,20
1555,reentrant_bowtie,auxetic,True,-0.3930633646505887,-0.35237162872895,0.6092169299935198,150,True,18.76,,199.0,1e-09,2,150,0.113559,50,50,0.3,2.985353,1.193324,9999,1,0.01,0.05,False,0.300776,0.518296,20
1556,reentrant_bowtie,auxetic,True,-0.04986612789951766,-1.288597684199921,0.8852011810636443,56,True,7.58,,199.0,1e-09,2,150,0.106389,50,50,0.3,2.881956,1.152509,9999,1,0.01,0.05,False,0.336087,0.548436,20
1557,reentrant_bowtie,auxetic,True,-0.293369277978299,-0.7985000293239335,0.38226302697139636,150,True,18.87,,199.0,1e-09,2,150,0.131636,50,50,0.3,3.611719,1.137187,9999,1,0.01,0.05,False,0.334398,0.534465,20
1558,reentrant_bowtie,auxetic,True,-0.3815005072612634,-0.26893649422929344,0.5532340015252428,45,True,6.83,,199.0,1e-09,2,150,0.132331,50,50,0.3,3.462305,1.175112,9999,1,0.01,0.05,False,0.333253,0.510645,20
1559,reentrant_bowtie,auxetic,True,-0.2762821745412242,-0.3675951279420849,0.43948547796543924,150,True,21.33,,199.0,1e-09,2,150,0.138138,50,50,0.3,2.702462,1.103404,9999,1,0.01,0.05,False,0.368431,0.513068,20
1560,reentrant_bowtie,auxetic,True,-0.3661038163918832,-0.2741001764386762,0.5383051236035138,98,True,13.57,,199.0,1e-09,2,150,0.107454,50,50,0.3,3.447362,1.2307,9999,1,0.01,0.05,False,0.31716,0.507898,20
1561,reentrant_bowtie,auxetic,True,-0.44258940230275745,-0.392933947256117,0.34258526635352204,150,True,21.54,,199.0,1e-09,2,150,0.103126,50,50,0.3,3.478791,1.205554,9999,1,0.01,0.05,False,0.298893,0.524267,20
1562,reentrant_bowtie,auxetic,True,-0.31788841129465273,-0.4461423168230879,0.409392483584916,150,True,22.2,,199.0,1e-09,2,150,0.083399,50,50,0.3,2.901225,1.238798,9999,1,0.01,0.05,False,0.373683,0.519567,20
1563,reentrant_bowtie,auxetic,True,-0.1274530148915593,-0.21630306520236037,0.6599720785321235,150,True,20.18,,199.0,1e-09,2,150,0.105881,50,50,0.3,2.670798,1.212173,9999,1,0.01,0.05,False,0.371384,0.537327,20
1564,reentrant_bowtie,auxetic,True,-0.04520746105294539,-1.783916645957391,0.9113112774463874,39,True,6.05,,199.0,1e-09,2,150,0.132618,50,50,0.3,3.020145,1.111179,9999,1,0.01,0.05,False,0.312093,0.546484,20
1565,reentrant_bowtie,auxetic,True,-5.123684912192033e-12,-0.1087704634095388,1.2403276930991696,19,True,2.63,,199.0,1e-09,2,150,0.088061,50,50,0.3,2.738569,1.188172,9999,1,0.01,0.05,False,0.355205,0.572834,20
1566,reentrant_bowtie,auxetic,True,-0.11424941183050036,-0.996594565958045,0.7330539810963064,150,True,20.69,,199.0,1e-09,2,150,0.08454,50,50,0.3,2.999307,1.236624,9999,1,0.01,0.05,False,0.304682,0.532821,20
1567,reentrant_bowtie,auxetic,True,-0.30058530463296285,-0.6797131865149839,0.38867957039786716,75,True,10.45,,199.0,1e-09,2,150,0.132658,50,50,0.3,3.24809,1.114633,9999,1,0.01,0.05,False,0.371689,0.524673,20
1568,reentrant_bowtie,auxetic,True,-0.3201942050400302,-0.3873503731923063,0.4687714061675734,150,True,19.78,,199.0,1e-09,2,150,0.131153,50,50,0.3,3.63877,1.237338,9999,1,0.01,0.05,False,0.307604,0.513592,20
1569,reentrant_bowtie,auxetic,True,-0.04686131281419732,-1.4370730970816454,0.9130248843019947,150,True,21.34,,199.0,1e-09,2,150,0.087879,50,50,0.3,2.945552,1.169631,9999,1,0.01,0.05,False,0.331241,0.549468,20
1570,reentrant_bowtie,auxetic,True,-0.13178530053729934,-0.7358835627184528,0.4935386138123264,130,True,18.69,,199.0,1e-09,2,150,0.135862,50,50,0.3,3.493487,1.058832,9999,1,0.01,0.05,False,0.381096,0.55608,20
1571,reentrant_bowtie,auxetic,True,-0.09250648282877712,-1.3868742021275118,0.6949408964017945,41,True,5.91,,199.0,1e-09,2,150,0.122879,50,50,0.3,3.31806,1.114851,9999,1,0.01,0.05,False,0.292188,0.553896,20
1572,reentrant_bowtie,auxetic,True,-0.44329785472793604,-0.31191284347164827,0.4725280917776292,150,True,19.77,,199.0,1e-09,2,150,0.07955,50,50,0.3,3.039151,1.109431,9999,1,0.01,0.05,False,0.29056,0.521464,20
1573,reentrant_bowtie,auxetic,True,-0.2872376128097844,-0.6606018852895448,0.4698012682717104,67,True,9.15,,199.0,1e-09,2,150,0.141324,50,50,0.3,3.580817,1.222834,9999,1,0.01,0.05,False,0.308766,0.534663,20
1574,reentrant_bowtie,auxetic,True,-0.0010731836568926836,-0.1032225151507165,1.2980552655453088,150,True,19.84,,199.0,1e-09,2,150,0.112646,50,50,0.3,2.645616,1.069138,9999,1,0.01,0.05,False,0.330782,0.562069,20
1575,reentrant_bowtie,auxetic,True,-0.4193511282327387,-0.5476695196108256,0.26553571161813494,150,True,18.66,,199.0,1e-09,2,150,0.081377,50,50,0.3,3.621059,1.095344,9999,1,0.01,0.05,False,0.355583,0.544219,20
1576,reentrant_bowtie,auxetic,True,-0.08214635614922702,-1.2352410131424914,0.7596919282041428,51,True,6.91,,199.0,1e-09,2,150,0.097167,50,50,0.3,3.554574,1.165259,9999,1,0.01,0.05,False,0.291322,0.575901,20
1577,reentrant_bowtie,auxetic,True,-0.2389243680559606,-0.29167845651328295,0.5300150144244518,150,True,18.53,,199.0,1e-09,2,150,0.098497,50,50,0.3,2.58454,1.243858,9999,1,0.01,0.05,False,0.343083,0.521838,20
1578,reentrant_bowtie,auxetic,True,-0.35862031803401717,-0.3346083100816634,0.4173751352046011,79,True,11.88,,199.0,1e-09,2,150,0.092679,50,50,0.3,3.482478,1.198808,9999,1,0.01,0.05,False,0.334764,0.519914,20
1579,reentrant_bowtie,auxetic,True,-8.884073040351673e-12,-0.1877647863153114,1.2456231936388424,20,True,2.74,,199.0,1e-09,2,150,0.085561,50,50,0.3,2.910639,1.150724,9999,1,0.01,0.05,False,0.285038,0.578669,20
1580,reentrant_bowtie,auxetic,True,-0.25563663485958144,-0.4465918379691006,0.5529015291537211,150,True,21.01,,199.0,1e-09,2,150,0.110114,50,50,0.3,3.436341,1.075002,9999,1,0.01,0.05,False,0.294172,0.506885,20
1581,reentrant_bowtie,auxetic,True,-0.054831109078658076,-0.1866027540182729,0.8583697620522376,44,True,6.56,,199.0,1e-09,2,150,0.099634,50,50,0.3,2.582432,1.212759,9999,1,0.01,0.05,False,0.3315,0.557554,20
1582,reentrant_bowtie,auxetic,True,-0.295782797837942,-0.4351509944331988,0.4899609280513426,150,True,21.64,,199.0,1e-09,2,150,0.086512,50,50,0.3,3.211117,1.243032,9999,1,0.01,0.05,False,0.331175,0.503199,20
1583,reentrant_bowtie,auxetic,True,-0.298895395883605,-0.4104111129634355,0.4638041543078303,83,True,11.44,,199.0,1e-09,2,150,0.11097,50,50,0.3,2.716017,1.176115,9999,1,0.01,0.05,False,0.375904,0.520555,20
1584,reentrant_bowtie,auxetic,True,1.0927781366108893e-11,0.3023077563163333,1.1240493533402465,28,True,4.22,,199.0,1e-09,2,150,0.130389,50,50,0.3,3.646518,1.241189,9999,1,0.01,0.05,False,0.379102,0.550355,20
1585,reentrant_bowtie,auxetic,True,-0.23848892973242547,-0.4329657689873131,0.501326963105139,150,True,21.64,,199.0,1e-09,2,150,0.116713,50,50,0.3,3.028614,1.14347,9999,1,0.01,0.05,False,0.311131,0.502389,20
1586,reentrant_bowtie,auxetic,True,-0.5357926188658675,-0.5467455457693674,0.2358930997970764,150,True,19.95,,199.0,1e-09,2,150,0.078672,50,50,0.3,3.28073,1.082815,9999,1,0.01,0.05,False,0.316574,0.536509,20
1587,reentrant_bowtie,auxetic,True,-0.04664282560870055,-1.567021325048416,0.9564744025723249,150,True,19.56,,199.0,1e-09,2,150,0.128545,50,50,0.3,3.270424,1.154473,9999,1,0.01,0.05,False,0.365679,0.574845,20
1588,reentrant_bowtie,auxetic,True,-0.04967130184685805,-1.4255644283296383,0.8951158068856653,29,True,4.43,,199.0,1e-09,2,150,0.126668,50,50,0.3,2.866513,1.138542,9999,1,0.01,0.05,False,0.365906,0.55051,20
1589,reentrant_bowtie,auxetic,True,-0.28409415309088115,-0.4142482511849218,0.43251643557238895,150,True,20.69,,199.0,1e-09,2,150,0.107599,50,50,0.3,2.579636,1.076685,9999,1,0.01,0.05,False,0.333649,0.545286,20
1590,reentrant_bowtie,auxetic,True,-0.051362588659122105,-0.21404580529975722,0.9113634216394289,150,True,19.13,,199.0,1e-09,2,150,0.092962,50,50,0.3,2.667616,1.098919,9999,1,0.01,0.05,False,0.350682,0.549222,20
1591,reentrant_bowtie,auxetic,True,-0.08551087499720338,-0.8826092231509411,0.7246948200894567,150,True,21.43,,199.0,1e-09,2,150,0.096062,50,50,0.3,3.379999,1.14508,9999,1,0.01,0.05,False,0.342432,0.575111,20
1592,reentrant_bowtie,auxetic,True,-0.25037356945313977,-0.5203629320027957,0.4360933951303641,70,True,9.04,,199.0,1e-09,2,150,0.100875,50,50,0.3,3.185564,1.089454,9999,1,0.01,0.05,False,0.374011,0.538656,20
1593,reentrant_bowtie,auxetic,True,-0.3399130528488641,-0.3444706050544072,0.4216221596098588,78,True,11.6,,199.0,1e-09,2,150,0.132112,50,50,0.3,3.275553,1.231429,9999,1,0.01,0.05,False,0.355364,0.525965,20
1594,reentrant_bowtie,auxetic,True,-0.4215317642437539,-0.321671965263017,0.4452221441874974,40,True,5.73,,199.0,1e-09,2,150,0.092237,50,50,0.3,3.34102,1.078358,9999,1,0.01,0.05,False,0.356732,0.516291,20
1595,reentrant_bowtie,auxetic,True,-0.08109724431342276,-1.6170611569934783,0.7829293358508578,43,True,5.38,,199.0,1e-09,2,150,0.133798,50,50,0.3,3.37323,1.196915,9999,1,0.01,0.05,False,0.330391,0.564287,20
1596,reentrant_bowtie,auxetic,True,-0.313895864516117,-0.32520469927746537,0.387737495615037,83,True,12.46,,199.0,1e-09,2,150,0.104006,50,50,0.3,3.635708,1.106148,9999,1,0.01,0.05,False,0.347412,0.520149,20
1597,reentrant_bowtie,auxetic,True,-0.2581560044446377,-0.4588067226401052,0.4146147140716657,72,True,9.72,,199.0,1e-09,2,150,0.120562,50,50,0.3,3.120066,1.09583,9999,1,0.01,0.05,False,0.349561,0.504489,20
1598,reentrant_bowtie,auxetic,True,1.1014015783273939e-11,0.3053055619311599,1.1227956647020751,25,True,3.82,,199.0,1e-09,2,150,0.141475,50,50,0.3,3.489338,1.23474,9999,1,0.01,0.05,False,0.37705,0.54314,20
1599,reentrant_bowtie,auxetic,True,8.203062886854057e-12,0.18523310088086306,1.1720296496354716,16,True,2.51,,199.0,1e-09,2,150,0.133813,50,50,0.3,2.974026,1.212503,9999,1,0.01,0.05,False,0.325531,0.560346,20
1600,reentrant_bowtie,auxetic,True,1.0663317081041077e-11,0.29877208824763846,1.1160361805033496,28,True,3.79,,199.0,1e-09,2,150,0.13359,50,50,0.3,3.616765,1.143814,9999,1,0.01,0.05,False,0.34872,0.547249,20
1601,reentrant_bowtie,auxetic,True,-0.33598501990110785,-0.23768881354851082,0.5921568011913088,150,True,17.59,,199.0,1e-09,2,150,0.096155,50,50,0.3,3.082625,1.16315,9999,1,0.01,0.05,False,0.328531,0.516462,20
1602,reentrant_bowtie,auxetic,True,-0.05732494507899866,-1.5716662661807055,0.8624901663058907,36,True,5.01,,199.0,1e-09,2,150,0.077353,50,50,0.3,3.015149,1.133634,9999,1,0.01,0.05,False,0.347915,0.558552,20
1603,reentrant_bowtie,auxetic,True,-8.986934367124119e-12,-0.1906524711426024,1.2524799223880165,15,True,2.18,,199.0,1e-09,2,150,0.141538,50,50,0.3,3.024899,1.059243,9999,1,0.01,0.05,False,0.352268,0.561751,20
1604,reentrant_bowtie,auxetic,True,-0.06479564722358408,-1.3567035936340455,0.8313123848520602,58,True,8.66,,199.0,1e-09,2,150,0.100699,50,50,0.3,3.356286,1.23994,9999,1,0.01,0.05,False,0.283682,0.574598,20
1605,reentrant_bowtie,auxetic,True,-0.5216936300218329,-0.3695435767078424,0.5083954181715336,100,True,14.62,,199.0,1e-09,2,150,0.113028,50,50,0.3,3.068146,1.220103,9999,1,0.01,0.05,False,0.347141,0.522934,20
1606,reentrant_bowtie,auxetic,True,-0.13183349730712637,-0.17531236167442177,0.635862627237456,150,True,20.43,,199.0,1e-09,2,150,0.097243,50,50,0.3,3.24082,1.17621,9999,1,0.01,0.05,False,0.297006,0.50593,20
1607,reentrant_bowtie,auxetic,True,-0.12186722904377083,-0.6721627210497129,0.6956505934208645,74,True,10.59,,199.0,1e-09,2,150,0.086095,50,50,0.3,3.567555,1.198543,9999,1,0.01,0.05,False,0.339337,0.575701,20
1608,reentrant_bowtie,auxetic,True,-0.12751109467565794,-0.2203742882702048,0.6416566868166642,150,True,19.33,,199.0,1e-09,2,150,0.11647,50,50,0.3,2.84959,1.12251,9999,1,0.01,0.05,False,0.317969,0.52395,20
1609,reentrant_bowtie,auxetic,True,-0.31376923726210165,-0.3362509470140525,0.4500210924722604,57,True,7.8,,199.0,1e-09,2,150,0.098193,50,50,0.3,3.574277,1.117319,9999,1,0.01,0.05,False,0.341804,0.509872,20
1610,reentrant_bowtie,auxetic,True,-0.029045172885507443,-1.080478145148492,1.0627903757305817,150,True,21.29,,199.0,1e-09,2,150,0.082651,50,50,0.3,2.721899,1.236314,9999,1,0.01,0.05,False,0.32507,0.552431,20
1611,reentrant_bowtie,auxetic,True,-0.11682906634564938,-0.1970658655806359,0.7087174959976072,40,True,5.54,,199.0,1e-09,2,150,0.130636,50,50,0.3,2.937369,1.223481,9999,1,0.01,0.05,False,0.306668,0.522158,20
1612,reentrant_bowtie,auxetic,True,-0.27956065860907847,-0.363367204951071,0.41844147378032104,42,True,6.0,,199.0,1e-09,2,150,0.124445,50,50,0.3,2.786965,1.084065,9999,1,0.01,0.05,False,0.289988,0.514354,20
1613,reentrant_bowtie,auxetic,True,-0.2776463005689972,-0.4209429881147537,0.43826727507031793,150,True,21.33,,199.0,1e-09,2,150,0.089477,50,50,0.3,3.306219,1.229415,9999,1,0.01,0.05,False,0.367457,0.500932,20
1614,reentrant_bowtie,auxetic,True,-0.065387178556533,-0.8875104883749179,0.8299118662033137,53,True,7.0,,199.0,1e-09,2,150,0.083914,50,50,0.3,3.214259,1.131051,9999,1,0.01,0.05,False,0.296816,0.573442,20
1615,reentrant_bowtie,auxetic,True,-0.06717916809680842,-1.311599345196538,0.812031875473908,55,True,8.79,,199.0,1e-09,2,150,0.129876,50,50,0.3,3.423124,1.15216,9999,1,0.01,0.05,False,0.353471,0.580269,20
1616,reentrant_bowtie,auxetic,True,-0.05044314694785888,-1.2053200519461458,0.8786036218272288,55,True,8.24,,199.0,1e-09,2,150,0.124193,50,50,0.3,2.970752,1.228913,9999,1,0.01,0.05,False,0.336931,0.545762,20
1617,reentrant_bowtie,auxetic,True,-0.09650929351926761,-1.2893043445968546,0.6637374026947644,150,True,19.64,,199.0,1e-09,2,150,0.091764,50,50,0.3,3.399074,1.066864,9999,1,0.01,0.05,False,0.364531,0.564085,20
1618,reentrant_bowtie,auxetic,True,-0.09216438351094056,-1.7457356507894695,0.7322783799139447,108,True,15.14,,199.0,1e-09,2,150,0.115158,50,50,0.3,3.604815,1.130766,9999,1,0.01,0.05,False,0.366,0.562175,20
1619,reentrant_bowtie,auxetic,True,-0.11991591016404785,-0.1631939842109967,0.6296374431168115,38,True,5.81,,199.0,1e-09,2,150,0.085083,50,50,0.3,3.060908,1.158428,9999,1,0.01,0.05,False,0.36432,0.513018,20
1620,reentrant_bowtie,auxetic,True,-0.1080198220355009,-1.1602088328137057,0.7077601381986677,119,True,14.69,,199.0,1e-09,2,150,0.089993,50,50,0.3,3.397937,1.184848,9999,1,0.01,0.05,False,0.364907,0.550264,20
1621,reentrant_bowtie,auxetic,True,-2.109476178504232e-12,-0.04684330886625915,1.204867518354628,21,True,3.2,,199.0,1e-09,2,150,0.074869,50,50,0.3,2.736772,1.105288,9999,1,0.01,0.05,False,0.336657,0.559862,20
1622,reentrant_bowtie,auxetic,True,2.1394901076164492e-11,0.43794493515806465,1.263860652582332,20,True,3.12,,199.0,1e-09,2,150,0.081799,50,50,0.3,2.679901,1.179825,9999,1,0.01,0.05,False,0.368205,0.560173,20
1623,reentrant_bowtie,auxetic,True,-0.2606727442605623,-0.4121714157848511,0.4606734995344358,150,True,22.3,,199.0,1e-09,2,150,0.122251,50,50,0.3,2.959488,1.123163,9999,1,0.01,0.05,False,0.305659,0.50258,20
1624,reentrant_bowtie,auxetic,True,-0.11534302271942723,-0.19121480952985878,0.6523308711611777,150,True,20.32,,199.0,1e-09,2,150,0.135709,50,50,0.3,3.118357,1.096268,9999,1,0.01,0.05,False,0.379879,0.507428,20
1625,reentrant_bowtie,auxetic,True,3.77338123879821e-12,0.08431748417533842,1.1841917812606153,18,True,2.73,,199.0,1e-09,2,150,0.104244,50,50,0.3,2.947859,1.224851,9999,1,0.01,0.05,False,0.313806,0.57423,20
1626,reentrant_bowtie,auxetic,True,-0.03483663410109361,-1.1212798576174796,0.990062661208156,150,True,20.76,,199.0,1e-09,2,150,0.134085,50,50,0.3,2.908884,1.141684,9999,1,0.01,0.05,False,0.339533,0.546976,20
1627,reentrant_bowtie,auxetic,True,-0.13265184825174053,-0.21129527837230816,0.6498982790564154,42,True,6.03,,199.0,1e-09,2,150,0.101068,50,50,0.3,2.756304,1.162447,9999,1,0.01,0.05,False,0.374324,0.529878,20
1628,reentrant_bowtie,auxetic,True,-0.4103082678615241,-0.2821471324355816,0.493595041441932,75,True,10.71,,199.0,1e-09,2,150,0.079977,50,50,0.3,3.63973,1.244518,9999,1,0.01,0.05,False,0.356546,0.508102,20
1629,reentrant_bowtie,auxetic,True,-0.3081837289835456,-0.391820313204868,0.46554333070313636,150,True,22.33,,199.0,1e-09,2,150,0.084896,50,50,0.3,2.794965,1.165949,9999,1,0.01,0.05,False,0.318097,0.512774,20
1630,reentrant_bowtie,auxetic,True,-0.09325215618059117,-1.0611300743585683,0.7487107331954805,150,True,19.02,,199.0,1e-09,2,150,0.123148,50,50,0.3,3.649503,1.143348,9999,1,0.01,0.05,False,0.380633,0.578479,20
1631,reentrant_bowtie,auxetic,True,-0.29936631902354643,-0.33721567613075804,0.4595948225065558,101,True,12.27,,199.0,1e-09,2,150,0.142819,50,50,0.3,3.40845,1.235562,9999,1,0.01,0.05,False,0.291092,0.510971,20
1632,reentrant_bowtie,auxetic,True,-0.28717417609316676,-0.47317524194628113,0.4414396578112554,150,True,20.62,,199.0,1e-09,2,150,0.093359,50,50,0.3,3.126387,1.183499,9999,1,0.01,0.05,False,0.332551,0.504197,20
1633,reentrant_bowtie,auxetic,True,1.040082786129916e-12,0.02418166988909823,1.2092535590734201,16,True,2.56,,199.0,1e-09,2,150,0.118369,50,50,0.3,2.894924,1.08784,9999,1,0.01,0.05,False,0.354463,0.56899,20
1634,reentrant_bowtie,auxetic,True,-0.6184201363407532,-0.37128451808774343,0.4147659440156751,150,True,19.98,,199.0,1e-09,2,150,0.079201,50,50,0.3,3.214952,1.217206,9999,1,0.01,0.05,False,0.337383,0.535636,20
1635,reentrant_bowtie,auxetic,True,-0.08135112413779368,-1.6207994553250358,0.7646022297687511,48,True,6.56,,199.0,1e-09,2,150,0.122647,50,50,0.3,3.527752,1.159443,9999,1,0.01,0.05,False,0.318174,0.565366,20
1636,reentrant_bowtie,auxetic,True,-0.04486638125683802,-1.5046162735472268,0.9488185707963274,61,True,9.29,,199.0,1e-09,2,150,0.086838,50,50,0.3,2.907125,1.149751,9999,1,0.01,0.05,False,0.358,0.562622,20
1637,reentrant_bowtie,auxetic,True,-0.08627926609292284,-1.721816217474127,0.7604339071283224,48,True,6.45,,199.0,1e-09,2,150,0.113456,50,50,0.3,3.530575,1.182558,9999,1,0.01,0.05,False,0.319149,0.558429,20
1638,reentrant_bowtie,auxetic,True,-0.253479203299917,-0.3694629435311533,0.44994847484295264,150,True,20.2,,199.0,1e-09,2,150,0.130022,50,50,0.3,2.82542,1.121314,9999,1,0.01,0.05,False,0.361988,0.510698,20
1639,reentrant_bowtie,auxetic,True,-0.039056883653383216,-1.4934160284057185,0.9682508564365007,150,True,19.44,,199.0,1e-09,2,150,0.087955,50,50,0.3,2.888824,1.16927,9999,1,0.01,0.05,False,0.304963,0.562337,20
1640,reentrant_bowtie,auxetic,True,-0.029303553839907973,-0.2381093499737017,1.073572123227395,150,True,19.5,,199.0,1e-09,2,150,0.108543,50,50,0.3,2.759674,1.063657,9999,1,0.01,0.05,False,0.320462,0.547726,20
1641,reentrant_bowtie,auxetic,True,-0.04614802370914376,-0.18145232777156645,0.9147188325074924,32,True,4.92,,199.0,1e-09,2,150,0.125423,50,50,0.3,2.709444,1.204543,9999,1,0.01,0.05,False,0.295924,0.548363,20
1642,reentrant_bowtie,auxetic,True,-0.04642424479718136,-1.2519098240123765,0.9400056903211222,150,True,20.32,,199.0,1e-09,2,150,0.124737,50,50,0.3,3.181815,1.069093,9999,1,0.01,0.05,False,0.379237,0.57368,20
1643,reentrant_bowtie,auxetic,True,-0.30071714333444155,-0.41006758001467714,0.4944867432882448,106,True,14.43,,199.0,1e-09,2,150,0.088257,50,50,0.3,2.823868,1.235958,9999,1,0.01,0.05,False,0.346796,0.511366,20
1644,reentrant_bowtie,auxetic,True,-0.17691577430835156,-0.7283006461634312,0.5185429185508603,62,True,8.73,,199.0,1e-09,2,150,0.088172,50,50,0.3,3.498131,1.096922,9999,1,0.01,0.05,False,0.306104,0.557026,20
1645,reentrant_bowtie,auxetic,True,-0.3550283270575657,-0.3466643380233173,0.6660214442923997,80,True,10.46,,199.0,1e-09,2,150,0.111319,50,50,0.3,2.959572,1.119785,9999,1,0.01,0.05,False,0.297692,0.52855,20
1646,reentrant_bowtie,auxetic,True,-0.24797071362048576,-0.42853931548499685,0.42365346401916676,65,True,9.28,,199.0,1e-09,2,150,0.120069,50,50,0.3,3.055687,1.088195,9999,1,0.01,0.05,False,0.366472,0.503067,20
1647,reentrant_bowtie,auxetic,True,-0.0008101181788671188,-0.10120877358648948,1.3077009437920395,150,True,20.54,,199.0,1e-09,2,150,0.106293,50,50,0.3,2.573093,1.058382,9999,1,0.01,0.05,False,0.378248,0.570351,20
1648,reentrant_bowtie,auxetic,True,-0.405376872156936,-0.3574340827819259,0.34007205833422094,126,True,15.67,,199.0,1e-09,2,150,0.090075,50,50,0.3,3.470761,1.100721,9999,1,0.01,0.05,False,0.290598,0.512322,20
1649,reentrant_bowtie,auxetic,True,-0.08115020247514225,-1.2989691247078916,0.758490860388843,45,True,5.69,,199.0,1e-09,2,150,0.095403,50,50,0.3,3.267676,1.19524,9999,1,0.01,0.05,False,0.312613,0.566643,20
1650,reentrant_bowtie,auxetic,True,-0.2844035461789931,-0.44052407489922385,0.41058030335864903,50,True,7.47,,199.0,1e-09,2,150,0.113721,50,50,0.3,3.249936,1.189823,9999,1,0.01,0.05,False,0.28602,0.532533,20
1651,reentrant_bowtie,auxetic,True,-0.23151347663225874,-0.35508311270778864,0.491447331942245,150,True,21.52,,199.0,1e-09,2,150,0.105725,50,50,0.3,3.029572,1.158813,9999,1,0.01,0.05,False,0.320906,0.50804,20
1652,reentrant_bowtie,auxetic,True,-0.05271681956970428,-0.17275565899924838,0.8618104547098334,51,True,7.66,,199.0,1e-09,2,150,0.138267,50,50,0.3,2.633471,1.210452,9999,1,0.01,0.05,False,0.349249,0.553632,20
1653,reentrant_bowtie,auxetic,True,-0.10893463161667888,-0.173638480965415,0.6374271982922406,150,True,21.39,,199.0,1e-09,2,150,0.090446,50,50,0.3,3.336873,1.132016,9999,1,0.01,0.05,False,0.285452,0.502263,20
1654,reentrant_bowtie,auxetic,True,-0.30223381789722537,-0.40912691842517424,0.4038938300705155,63,True,8.52,,199.0,1e-09,2,150,0.104797,50,50,0.3,2.675,1.079454,9999,1,0.01,0.05,False,0.295154,0.527225,20
1655,reentrant_bowtie,auxetic,True,1.2791181900245767e-12,0.027183735580458425,1.220822338636418,16,True,2.2,,199.0,1e-09,2,150,0.121747,50,50,0.3,2.753478,1.130153,9999,1,0.01,0.05,False,0.31284,0.565733,20
1656,reentrant_bowtie,auxetic,True,-0.07589380194968456,-1.4900061476042625,0.8034513957795171,150,True,19.74,,199.0,1e-09,2,150,0.091361,50,50,0.3,3.095723,1.102968,9999,1,0.01,0.05,False,0.288108,0.558891,20
1657,reentrant_bowtie,auxetic,True,-0.3037839836767056,-0.6655215248886789,0.44856631522666446,65,True,9.5,,199.0,1e-09,2,150,0.137976,50,50,0.3,3.354985,1.197138,9999,1,0.01,0.05,False,0.309764,0.530903,20
1658,reentrant_bowtie,auxetic,True,-0.04334003586430114,-1.3989481367454921,0.9622139887979011,150,True,19.12,,199.0,1e-09,2,150,0.138919,50,50,0.3,3.30597,1.068489,9999,1,0.01,0.05,False,0.366223,0.584099,20
1659,reentrant_bowtie,auxetic,True,-0.7130342309213515,-0.5374387991935621,0.2763331297753203,150,True,21.62,,199.0,1e-09,2,150,0.103399,50,50,0.3,3.433815,1.098382,9999,1,0.01,0.05,False,0.378565,0.526724,20
1660,reentrant_bowtie,auxetic,True,-0.09621522013831138,-1.0396166392883963,0.7088277078726586,136,True,18.92,,199.0,1e-09,2,150,0.113952,50,50,0.3,3.255139,1.168404,9999,1,0.01,0.05,False,0.345746,0.541389,20
1661,reentrant_bowtie,auxetic,True,-0.10277471877508108,-0.1923420327395395,0.7695650056869632,150,True,18.44,,199.0,1e-09,2,150,0.080375,50,50,0.3,2.728422,1.239437,9999,1,0.01,0.05,False,0.354966,0.537643,20
1662,reentrant_bowtie,auxetic,True,-9.043022806958743e-12,-0.18425172004600257,1.2708919221133137,15,True,2.25,,199.0,1e-09,2,150,0.142086,50,50,0.3,2.865242,1.140962,9999,1,0.01,0.05,False,0.294369,0.57887,20
1663,reentrant_bowtie,auxetic,True,-4.79850866031448e-12,-0.10128555020449942,1.242609561419464,21,True,3.2,,199.0,1e-09,2,150,0.077019,50,50,0.3,2.764299,1.13899,9999,1,0.01,0.05,False,0.286129,0.573968,20
1664,reentrant_bowtie,auxetic,True,-0.13235810282855034,-0.21927430474425955,0.6408221399665616,150,True,20.69,,199.0,1e-09,2,150,0.115814,50,50,0.3,2.760534,1.139317,9999,1,0.01,0.05,False,0.339937,0.529045,20
1665,reentrant_bowtie,auxetic,True,1.1493968985174826e-11,0.2318781600188064,1.2552840034793395,16,True,2.45,,199.0,1e-09,2,150,0.126247,50,50,0.3,2.791245,1.193037,9999,1,0.01,0.05,False,0.321704,0.567312,20
1666,reentrant_bowtie,auxetic,True,-0.18365811194201634,-0.5076253955108697,0.45176257942422754,150,True,17.26,,199.0,1e-09,2,150,0.127014,50,50,0.3,3.10674,1.084577,9999,1,0.01,0.05,False,0.34107,0.525055,20
1667,reentrant_bowtie,auxetic,True,-0.2809112674856171,-0.19906388179728085,0.6282586282227725,150,True,19.08,,199.0,1e-09,2,150,0.087616,50,50,0.3,3.040127,1.060519,9999,1,0.01,0.05,False,0.379709,0.515762,20
1668,reentrant_bowtie,auxetic,True,-0.26882529978681935,-0.4686232001466482,0.37222000075594946,102,True,13.89,,199.0,1e-09,2,150,0.09535,50,50,0.3,2.919769,1.067098,9999,1,0.01,0.05,False,0.302382,0.514048,20
1669,reentrant_bowtie,auxetic,True,3.678626506156106e-12,0.08887243900052935,1.1647357672881347,16,True,2.48,,199.0,1e-09,2,150,0.118483,50,50,0.3,3.001511,1.069434,9999,1,0.01,0.05,False,0.320088,0.557417,20
1670,reentrant_bowtie,auxetic,True,-0.12084459308628946,-0.1622317555485858,0.6349204457665525,42,True,5.98,,199.0,1e-09,2,150,0.116056,50,50,0.3,2.894055,1.189474,9999,1,0.01,0.05,False,0.306331,0.516994,20
1671,reentrant_bowtie,auxetic,True,2.8816688010095496e-12,0.07044120458416388,1.1953616913550285,20,True,2.64,,199.0,1e-09,2,150,0.085304,50,50,0.3,3.008039,1.07578,9999,1,0.01,0.05,False,0.31161,0.58124,20
1672,reentrant_bowtie,auxetic,True,-0.37805493900492954,-0.2797512725093444,0.48120034668033285,150,True,19.65,,199.0,1e-09,2,150,0.119753,50,50,0.3,3.366511,1.104146,9999,1,0.01,0.05,False,0.325937,0.511708,20
1673,reentrant_bowtie,auxetic,True,-0.04618122828424639,-1.154368671608038,0.9520809823720657,150,True,19.86,,199.0,1e-09,2,150,0.103735,50,50,0.3,3.266507,1.223006,9999,1,0.01,0.05,False,0.321293,0.582308,20
1674,reentrant_bowtie,auxetic,True,-0.2981489043032781,-0.6770266320662843,0.37667751246001846,127,True,17.98,,199.0,1e-09,2,150,0.115901,50,50,0.3,3.359398,1.108161,9999,1,0.01,0.05,False,0.321205,0.532214,20
1675,reentrant_bowtie,auxetic,True,-0.06693395349056806,-1.3066339570067056,0.8176986329333222,53,True,7.66,,199.0,1e-09,2,150,0.13653,50,50,0.3,3.404586,1.174476,9999,1,0.01,0.05,False,0.378174,0.580661,20
1676,reentrant_bowtie,auxetic,True,-0.3787442559232838,-0.27003688832069217,0.5348518167475267,55,True,7.98,,199.0,1e-09,2,150,0.091701,50,50,0.3,3.245753,1.184541,9999,1,0.01,0.05,False,0.319902,0.512395,20
1677,reentrant_bowtie,auxetic,True,-0.08748559381294296,-0.9069706693447324,0.7275847403993667,150,True,19.9,,199.0,1e-09,2,150,0.112033,50,50,0.3,3.548525,1.145325,9999,1,0.01,0.05,False,0.359869,0.577382,20
1678,reentrant_bowtie,auxetic,True,-0.07638130175804407,-1.5882654067683333,0.7885358231220844,150,True,20.19,,199.0,1e-09,2,150,0.104473,50,50,0.3,3.229869,1.208342,9999,1,0.01,0.05,False,0.287252,0.563892,20
1679,reentrant_bowtie,auxetic,True,-0.04510316685184542,-1.5093882775796077,0.9511495386850168,150,True,20.52,,199.0,1e-09,2,150,0.083054,50,50,0.3,2.961517,1.115036,9999,1,0.01,0.05,False,0.36357,0.565173,20
1680,reentrant_bowtie,auxetic,True,2.774328805194448e-11,0.5476076656550634,1.2602178609002455,18,True,2.76,,199.0,1e-09,2,150,0.102324,50,50,0.3,2.751191,1.150334,9999,1,0.01,0.05,False,0.293121,0.560576,20
1681,reentrant_bowtie,auxetic,True,-0.314157823433894,-0.42532797251826504,0.45415949208946627,111,True,15.6,,199.0,1e-09,2,150,0.104983,50,50,0.3,2.719418,1.148146,9999,1,0.01,0.05,False,0.346369,0.521175,20
1682,reentrant_bowtie,auxetic,True,-0.1316688732067139,-0.24060240992178675,0.6538422314230511,150,True,21.12,,199.0,1e-09,2,150,0.11947,50,50,0.3,3.372409,1.145852,9999,1,0.01,0.05,False,0.306589,0.502834,20
1683,reentrant_bowtie,auxetic,True,-0.07999141647887063,-0.3655029480383823,0.8456075394946487,150,True,20.2,,199.0,1e-09,2,150,0.089245,50,50,0.3,2.822531,1.070405,9999,1,0.01,0.05,False,0.362537,0.540886,20
1684,reentrant_bowtie,auxetic,True,-0.3067738963925345,-0.42237410207603726,0.4792873921433527,150,True,20.15,,199.0,1e-09,2,150,0.084699,50,50,0.3,2.804578,1.195684,9999,1,0.01,0.05,False,0.369503,0.512148,20
1685,reentrant_bowtie,auxetic,True,-0.10998055218820044,-0.18915174761131848,0.6387388798996445,150,True,18.54,,199.0,1e-09,2,150,0.135598,50,50,0.3,2.976022,1.085619,9999,1,0.01,0.05,False,0.308962,0.50653,20
1686,reentrant_bowtie,auxetic,True,-0.27497577816657476,-0.3646662612369281,0.413329012338882,37,True,4.95,,199.0,1e-09,2,150,0.140444,50,50,0.3,2.746301,1.078251,9999,1,0.01,0.05,False,0.374941,0.511456,20
1687,reentrant_bowtie,auxetic,True,-0.06366903609538001,-0.3525944659562106,0.8948764104882003,150,True,18.57,,199.0,1e-09,2,150,0.125361,50,50,0.3,2.827115,1.133216,9999,1,0.01,0.05,False,0.297584,0.54355,20
1688,reentrant_bowtie,auxetic,True,-1.2126662324055244e-11,-0.2486686556798694,1.2734318722859923,16,True,2.37,,199.0,1e-09,2,150,0.127729,50,50,0.3,2.871089,1.116855,9999,1,0.01,0.05,False,0.351713,0.578217,20
1689,reentrant_bowtie,auxetic,True,-0.7945998659578463,-0.5223199115553273,0.294551162266247,150,True,21.67,,199.0,1e-09,2,150,0.092026,50,50,0.3,3.654761,1.184197,9999,1,0.01,0.05,False,0.287893,0.5276,20
1690,reentrant_bowtie,auxetic,True,-0.4586993484286072,-0.2897917399411216,0.4550580596998035,37,True,5.56,,199.0,1e-09,2,150,0.093498,50,50,0.3,3.487989,1.178504,9999,1,0.01,0.05,False,0.292827,0.518938,20
1691,reentrant_bowtie,auxetic,True,-0.314223062243876,-0.24871982345592242,0.5571458104443534,150,True,19.01,,199.0,1e-09,2,150,0.105652,50,50,0.3,3.034215,1.086574,9999,1,0.01,0.05,False,0.378406,0.520686,20
1692,reentrant_bowtie,auxetic,True,-0.44626145171296927,-0.28204475142215624,0.4981772551126388,79,True,12.25,,199.0,1e-09,2,150,0.077986,50,50,0.3,3.177955,1.18539,9999,1,0.01,0.05,False,0.323242,0.520437,20
1693,reentrant_bowtie,auxetic,True,-0.08976695801292996,-0.20862455161991364,0.7384086243522563,33,True,4.81,,199.0,1e-09,2,150,0.094865,50,50,0.3,2.770046,1.114039,9999,1,0.01,0.05,False,0.342,0.533264,20
1694,reentrant_bowtie,auxetic,True,-0.0667382657395117,-1.2365497331657822,0.8208950449180805,62,True,8.64,,199.0,1e-09,2,150,0.130232,50,50,0.3,3.301167,1.195547,9999,1,0.01,0.05,False,0.341643,0.575368,20
1695,reentrant_bowtie,auxetic,True,-0.0892796692766671,-1.7342070850964735,0.744594189993689,52,True,6.78,,199.0,1e-09,2,150,0.112503,50,50,0.3,3.429423,1.160169,9999,1,0.01,0.05,False,0.326458,0.557971,20
1696,reentrant_bowtie,auxetic,True,-0.33737800999378625,-0.6110235885231583,0.3349211184927985,150,True,20.6,,199.0,1e-09,2,150,0.075065,50,50,0.3,3.288692,1.220446,9999,1,0.01,0.05,False,0.285368,0.538811,20
1697,reentrant_bowtie,auxetic,True,-0.06638749604346687,-1.6961023990334916,0.8122329259181584,57,True,7.95,,199.0,1e-09,2,150,0.13335,50,50,0.3,3.340644,1.133078,9999,1,0.01,0.05,False,0.323122,0.541784,20
1698,reentrant_bowtie,auxetic,True,-0.155353729029251,-0.23946841085947076,0.6363268910512261,150,True,19.79,,199.0,1e-09,2,150,0.139393,50,50,0.3,2.646662,1.100124,9999,1,0.01,0.05,False,0.37619,0.541604,20
1699,reentrant_bowtie,auxetic,True,-4.192771833504203e-12,-0.08771763581129434,1.2484183452215314,17,True,2.47,,199.0,1e-09,2,150,0.111739,50,50,0.3,2.816004,1.15168,9999,1,0.01,0.05,False,0.377396,0.575532,20
1700,reentrant_bowtie,auxetic,True,-0.27672845031411625,-0.7724251651289538,0.27856965801010247,73,True,10.16,,199.0,1e-09,2,150,0.108386,50,50,0.3,3.468868,1.062077,9999,1,0.01,0.05,False,0.343602,0.543318,20
1701,reentrant_bowtie,auxetic,True,-0.09615112547334265,-1.0647762980450375,0.7317934237100554,150,True,20.44,,199.0,1e-09,2,150,0.08056,50,50,0.3,3.309481,1.11431,9999,1,0.01,0.05,False,0.31073,0.560453,20
1702,reentrant_bowtie,auxetic,True,-0.043412565636539974,-1.7726272409367356,0.9378573194829354,150,True,19.13,,199.0,1e-09,2,150,0.078865,50,50,0.3,3.147897,1.070537,9999,1,0.01,0.05,False,0.29575,0.577901,20
1703,reentrant_bowtie,auxetic,True,-0.2322690610871369,-0.37440346387524376,0.47927232971026673,150,True,20.82,,199.0,1e-09,2,150,0.142593,50,50,0.3,2.621181,1.098507,9999,1,0.01,0.05,False,0.379659,0.50071,20
1704,reentrant_bowtie,auxetic,True,-0.05004214487144701,-0.3371194856015983,0.9126923775386685,27,True,3.4,,199.0,1e-09,2,150,0.125158,50,50,0.3,2.827733,1.074759,9999,1,0.01,0.05,False,0.369391,0.542633,20
1705,reentrant_bowtie,auxetic,True,-0.3006599056216765,-0.6452749926932406,0.5407638753824218,97,True,12.57,,199.0,1e-09,2,150,0.075777,50,50,0.3,3.625243,1.166285,9999,1,0.01,0.05,False,0.31405,0.558608,20
1706,reentrant_bowtie,auxetic,True,-0.032880171156957134,-0.15090771282554127,1.0238912968641203,57,True,6.87,,199.0,1e-09,2,150,0.120286,50,50,0.3,2.767036,1.240643,9999,1,0.01,0.05,False,0.344708,0.544276,20
1707,reentrant_bowtie,auxetic,True,-0.29592722514975595,-0.4576963949971023,0.42280047950829514,40,True,5.37,,199.0,1e-09,2,150,0.110194,50,50,0.3,2.683212,1.081019,9999,1,0.01,0.05,False,0.311054,0.506382,20
1708,reentrant_bowtie,auxetic,True,-0.047642479101484725,-1.2818160016193885,0.9193428239617496,150,True,20.77,,199.0,1e-09,2,150,0.094064,50,50,0.3,3.179746,1.16547,9999,1,0.01,0.05,False,0.315919,0.576898,20
1709,reentrant_bowtie,auxetic,True,-0.09870022036848473,-1.7696512792636658,0.6992249353959328,84,True,11.81,,199.0,1e-09,2,150,0.086618,50,50,0.3,3.261376,1.155277,9999,1,0.01,0.05,False,0.314666,0.543864,20
1710,reentrant_bowtie,auxetic,True,-0.3157440329579017,-0.3454522238472227,0.415930020965135,47,True,6.65,,199.0,1e-09,2,150,0.098939,50,50,0.3,3.510156,1.092232,9999,1,0.01,0.05,False,0.340138,0.512094,20
1711,reentrant_bowtie,auxetic,True,-0.22331437042290056,-0.3126010567028811,0.48405031276835353,150,True,20.06,,199.0,1e-09,2,150,0.080973,50,50,0.3,2.650691,1.138227,9999,1,0.01,0.05,False,0.370629,0.517921,20
1712,reentrant_bowtie,auxetic,True,-0.37389774091500744,-0.46265328276740825,0.3502754245743809,102,True,14.29,,199.0,1e-09,2,150,0.087486,50,50,0.3,3.492143,1.104567,9999,1,0.01,0.05,False,0.298233,0.538991,20
1713,reentrant_bowtie,auxetic,True,-1.3126501688220727e-12,-0.027698146635669236,1.2621009847354754,16,True,2.07,,199.0,1e-09,2,150,0.13179,50,50,0.3,2.934795,1.072563,9999,1,0.01,0.05,False,0.350197,0.572162,20
1714,reentrant_bowtie,auxetic,True,-0.27811303173164953,-0.4737779178636057,0.39174767302599367,101,True,13.48,,199.0,1e-09,2,150,0.112761,50,50,0.3,3.188226,1.126252,9999,1,0.01,0.05,False,0.32397,0.527964,20
1715,reentrant_bowtie,auxetic,True,-0.3473079187296892,-0.2525934474354991,0.545802190599012,150,True,20.68,,199.0,1e-09,2,150,0.11555,50,50,0.3,3.167026,1.174651,9999,1,0.01,0.05,False,0.284034,0.514182,20
1716,reentrant_bowtie,auxetic,True,-0.0661602952052656,-0.27811521344923984,0.8116298088770248,150,True,20.09,,199.0,1e-09,2,150,0.116021,50,50,0.3,2.831265,1.196575,9999,1,0.01,0.05,False,0.303448,0.537785,20
1717,reentrant_bowtie,auxetic,True,-0.28825627422260247,-0.4215468184465091,0.4832734989657018,150,True,22.84,,199.0,1e-09,2,150,0.102512,50,50,0.3,3.042159,1.22852,9999,1,0.01,0.05,False,0.314178,0.506688,20
1718,reentrant_bowtie,auxetic,True,1.3407950013025979e-12,0.029712995837747554,1.178105587059814,16,True,2.28,,199.0,1e-09,2,150,0.122452,50,50,0.3,2.915566,1.160738,9999,1,0.01,0.05,False,0.362029,0.564513,20
1719,reentrant_bowtie,auxetic,True,-0.04208164917472722,-1.4955798124520676,0.9928512113742901,150,True,20.58,,199.0,1e-09,2,150,0.108661,50,50,0.3,3.139759,1.179398,9999,1,0.01,0.05,False,0.303591,0.573226,20
1720,reentrant_bowtie,auxetic,True,-0.09113317529107871,-1.4955719884981427,0.74418958558612,42,True,6.11,,199.0,1e-09,2,150,0.134662,50,50,0.3,3.299358,1.241726,9999,1,0.01,0.05,False,0.322657,0.549743,20
1721,reentrant_bowtie,auxetic,True,2.799470194234229e-12,0.06598058707430034,1.178750936993443,19,True,2.7,,199.0,1e-09,2,150,0.093843,50,50,0.3,2.924719,1.105425,9999,1,0.01,0.05,False,0.30517,0.566929,20
1722,reentrant_bowtie,auxetic,True,1.147007748855172e-12,0.02673769382074641,1.2084210270105942,15,True,1.87,,199.0,1e-09,2,150,0.13415,50,50,0.3,2.905367,1.080311,9999,1,0.01,0.05,False,0.360626,0.56957,20
1723,reentrant_bowtie,auxetic,True,1.2729613177467827e-11,0.227410572677245,1.3163160852447628,15,True,2.23,,199.0,1e-09,2,150,0.143663,50,50,0.3,2.802276,1.10668,9999,1,0.01,0.05,False,0.312331,0.582485,20
1724,reentrant_bowtie,auxetic,True,-0.2111538132526802,-0.30733432063077637,0.5562549775631201,150,True,20.18,,199.0,1e-09,2,150,0.118251,50,50,0.3,2.586673,1.197648,9999,1,0.01,0.05,False,0.358538,0.508746,20
1725,reentrant_bowtie,auxetic,True,-0.08858819174420487,-1.5230273614745788,0.7458143101171286,150,True,20.28,,199.0,1e-09,2,150,0.098455,50,50,0.3,3.499956,1.150142,9999,1,0.01,0.05,False,0.31057,0.567781,20
1726,reentrant_bowtie,auxetic,True,-0.2337263886623659,-0.31181861388809473,0.4945741415544458,150,True,21.8,,199.0,1e-09,2,150,0.089359,50,50,0.3,2.843715,1.156445,9999,1,0.01,0.05,False,0.310496,0.507199,20
1727,reentrant_bowtie,auxetic,True,-0.07910096377080313,-1.2606045393717225,0.7702095035411692,52,True,7.62,,199.0,1e-09,2,150,0.107083,50,50,0.3,3.503428,1.197427,9999,1,0.01,0.05,False,0.311455,0.570925,20
1728,reentrant_bowtie,auxetic,True,1.4203244675434643e-12,0.033045041210219055,1.2256139815267757,18,True,2.16,,199.0,1e-09,2,150,0.097785,50,50,0.3,2.899471,1.078953,9999,1,0.01,0.05,False,0.304553,0.579672,20
1729,reentrant_bowtie,auxetic,True,-0.09572020609708164,-1.5747491195817331,0.6994613579283959,110,True,14.53,,199.0,1e-09,2,150,0.083154,50,50,0.3,3.314652,1.157662,9999,1,0.01,0.05,False,0.330303,0.551374,20
1730,reentrant_bowtie,auxetic,True,-0.25790532817878725,-0.343557671383025,0.5135355202956262,150,True,19.66,,199.0,1e-09,2,150,0.140638,50,50,0.3,2.852708,1.165983,9999,1,0.01,0.05,False,0.340519,0.513785,20
1731,reentrant_bowtie,auxetic,True,-0.298703176915951,-0.6447403951207921,0.46457433455848507,150,True,21.89,,199.0,1e-09,2,150,0.127077,50,50,0.3,3.272965,1.147215,9999,1,0.01,0.05,False,0.337479,0.53748,20
1732,reentrant_bowtie,auxetic,True,-0.07641605203431519,-1.3806635393391584,0.8038420252815117,150,True,19.22,,199.0,1e-09,2,150,0.114695,50,50,0.3,3.264097,1.117772,9999,1,0.01,0.05,False,0.342246,0.563775,20
1733,reentrant_bowtie,auxetic,True,-0.03337374629415887,-2.0857058193688305,1.0320458233986616,150,True,21.45,,199.0,1e-09,2,150,0.113207,50,50,0.3,2.850315,1.24414,9999,1,0.01,0.05,False,0.2935,0.546818,20
1734,reentrant_bowtie,auxetic,True,-0.37911702398538694,-0.5435147895465987,0.29317102208183865,150,True,20.12,,199.0,1e-09,2,150,0.076561,50,50,0.3,3.571855,1.235257,9999,1,0.01,0.05,False,0.306268,0.535406,20
1735,reentrant_bowtie,auxetic,True,-0.08213239198564337,-0.176997080162931,0.7168043655028015,150,True,21.02,,199.0,1e-09,2,150,0.076238,50,50,0.3,2.577074,1.167763,9999,1,0.01,0.05,False,0.368872,0.552861,20
1736,reentrant_bowtie,auxetic,True,-7.385119091161308e-12,-0.15606450167310998,1.2702672893472409,15,True,2.19,,199.0,1e-09,2,150,0.134198,50,50,0.3,3.110332,1.059805,9999,1,0.01,0.05,False,0.349087,0.579787,20
1737,reentrant_bowtie,auxetic,True,-0.038499511191917295,-1.423673142252369,1.0013491774686853,150,True,19.39,,199.0,1e-09,2,150,0.111959,50,50,0.3,3.150203,1.203814,9999,1,0.01,0.05,False,0.37202,0.583037,20
1738,reentrant_bowtie,auxetic,True,-0.13953850845448862,-0.23450425881202,0.6474260220077122,150,True,19.52,,199.0,1e-09,2,150,0.134868,50,50,0.3,2.949387,1.192809,9999,1,0.01,0.05,False,0.322793,0.517575,20
1739,reentrant_bowtie,auxetic,True,4.139668980100892e-12,0.09911259716685096,1.1902695709275688,16,True,2.27,,199.0,1e-09,2,150,0.118558,50,50,0.3,2.921428,1.146267,9999,1,0.01,0.05,False,0.343491,0.571118,20
1740,reentrant_bowtie,auxetic,True,-0.26653149890095773,-0.19108234113616887,0.5684443472529688,106,True,14.58,,199.0,1e-09,2,150,0.113839,50,50,0.3,3.301693,1.074611,9999,1,0.01,0.05,False,0.330991,0.510068,20
1741,reentrant_bowtie,auxetic,True,-0.20325980243039649,-0.274428239768706,0.5217189930515723,150,True,20.51,,199.0,1e-09,2,150,0.111505,50,50,0.3,2.657212,1.166751,9999,1,0.01,0.05,False,0.354793,0.536431,20
1742,reentrant_bowtie,auxetic,True,-0.34854391547287655,-0.4772981490175407,0.35941097939123834,150,True,19.6,,199.0,1e-09,2,150,0.110646,50,50,0.3,3.28236,1.186047,9999,1,0.01,0.05,False,0.359688,0.534186,20
1743,reentrant_bowtie,auxetic,True,-0.4544499098910392,-0.5076687876666269,0.17981196801430044,150,True,17.31,,199.0,1e-09,2,150,0.086294,50,50,0.3,3.233227,1.058897,9999,1,0.01,0.05,False,0.329968,0.524917,20
1744,reentrant_bowtie,auxetic,True,-0.05189029620660333,-1.1430122262070435,0.9032298436109507,150,True,19.64,,199.0,1e-09,2,150,0.094945,50,50,0.3,3.249015,1.181591,9999,1,0.01,0.05,False,0.325846,0.579901,20
1745,reentrant_bowtie,auxetic,True,-0.09365745919236837,-0.7798698985608075,0.7467412536731074,73,True,10.57,,199.0,1e-09,2,150,0.089743,50,50,0.3,3.394124,1.109814,9999,1,0.01,0.05,False,0.358979,0.57169,20
1746,reentrant_bowtie,auxetic,True,-0.3876546968882171,-0.5666641027045781,0.31716431895825303,144,True,18.52,,199.0,1e-09,2,150,0.080673,50,50,0.3,3.650427,1.156573,9999,1,0.01,0.05,False,0.285717,0.539998,20
1747,reentrant_bowtie,auxetic,True,-0.2773965229621222,-0.6320761226167376,0.40272778487448135,150,True,20.96,,199.0,1e-09,2,150,0.129491,50,50,0.3,3.108343,1.200029,9999,1,0.01,0.05,False,0.284866,0.531429,20
1748,reentrant_bowtie,auxetic,True,-0.1197789954234802,-0.5926281102262119,0.5863676436117541,150,True,21.01,,199.0,1e-09,2,150,0.079409,50,50,0.3,3.440368,1.059507,9999,1,0.01,0.05,False,0.339636,0.565865,20
1749,reentrant_bowtie,auxetic,True,-0.04881919142437673,-1.3459721198334225,0.9003567933486853,150,True,20.85,,199.0,1e-09,2,150,0.137377,50,50,0.3,3.103953,1.112108,9999,1,0.01,0.05,False,0.311673,0.559099,20
1750,reentrant_bowtie,auxetic,True,-0.23699294690911532,-0.2909002171373258,0.49893120708440286,150,True,19.9,,199.0,1e-09,2,150,0.088612,50,50,0.3,2.891436,1.170992,9999,1,0.01,0.05,False,0.319324,0.515691,20
1751,reentrant_bowtie,auxetic,True,-0.13743270444335884,-0.17866292821467714,0.6111798673119566,150,True,21.47,,199.0,1e-09,2,150,0.078019,50,50,0.3,2.966092,1.10183,9999,1,0.01,0.05,False,0.314207,0.51478,20
1752,reentrant_bowtie,auxetic,True,-0.08877218388608663,-1.5581307197594765,0.7334549740724343,60,True,8.61,,199.0,1e-09,2,150,0.122006,50,50,0.3,3.618549,1.119155,9999,1,0.01,0.05,False,0.324694,0.547171,20
1753,reentrant_bowtie,auxetic,True,-0.23859064999598137,-0.3268838828328119,0.48341656819620515,150,True,21.77,,199.0,1e-09,2,150,0.100196,50,50,0.3,2.875248,1.164483,9999,1,0.01,0.05,False,0.330222,0.517451,20
1754,reentrant_bowtie,auxetic,True,-0.19426897897361167,-0.44518164412145245,0.458575822945395,53,True,7.74,,199.0,1e-09,2,150,0.142972,50,50,0.3,3.061337,1.067385,9999,1,0.01,0.05,False,0.355903,0.523023,20
1755,reentrant_bowtie,auxetic,True,-0.12867555859461843,-0.22475047967947942,0.6353407644388092,150,True,21.8,,199.0,1e-09,2,150,0.136818,50,50,0.3,2.733363,1.085753,9999,1,0.01,0.05,False,0.332176,0.53369,20
1756,reentrant_bowtie,auxetic,True,-0.06152989118243744,-0.5605927398618608,0.8530999777320702,150,True,18.92,,199.0,1e-09,2,150,0.139432,50,50,0.3,2.946861,1.170364,9999,1,0.01,0.05,False,0.296451,0.534793,20
1757,reentrant_bowtie,auxetic,True,-0.36125963165914105,-0.4272423517334705,0.6767180302148185,150,True,17.9,,199.0,1e-09,2,150,0.098725,50,50,0.3,2.940114,1.099763,9999,1,0.01,0.05,False,0.31302,0.531671,20
1758,reentrant_bowtie,auxetic,True,-0.08496236356507311,-0.8372948415934778,0.7806424304123643,150,True,18.87,,199.0,1e-09,2,150,0.128858,50,50,0.3,2.99571,1.2278,9999,1,0.01,0.05,False,0.311991,0.533245,20
1759,reentrant_bowtie,auxetic,True,-0.11983793315052647,-0.19070546718338505,0.6826830799151492,150,True,19.69,,199.0,1e-09,2,150,0.105249,50,50,0.3,2.781077,1.228391,9999,1,0.01,0.05,False,0.317539,0.528918,20
1760,reentrant_bowtie,auxetic,True,-0.2239409814505084,-0.29576393141801066,0.4965842950347379,150,True,21.07,,199.0,1e-09,2,150,0.122207,50,50,0.3,2.735198,1.159306,9999,1,0.01,0.05,False,0.296029,0.501869,20
1761,reentrant_bowtie,auxetic,True,-0.0793562609107344,-1.6131580205097549,0.7808956726968046,69,True,9.71,,199.0,1e-09,2,150,0.107726,50,50,0.3,3.608911,1.202774,9999,1,0.01,0.05,False,0.325045,0.566426,20
1762,reentrant_bowtie,auxetic,True,-0.4645007915269769,-0.2912344697328346,0.49948694686283834,34,True,4.07,,199.0,1e-09,2,150,0.099982,50,50,0.3,3.336031,1.210173,9999,1,0.01,0.05,False,0.372745,0.529663,20
1763,reentrant_bowtie,auxetic,True,-0.0809405933178937,-1.7871341233115523,0.7998922834272044,44,True,6.4,,199.0,1e-09,2,150,0.089891,50,50,0.3,3.363608,1.20884,9999,1,0.01,0.05,False,0.336531,0.558305,20
1764,reentrant_bowtie,auxetic,True,-0.3668763274917523,-0.551395292094372,0.2897622319751856,150,True,20.88,,199.0,1e-09,2,150,0.085808,50,50,0.3,3.535632,1.075522,9999,1,0.01,0.05,False,0.326761,0.54878,20
1765,reentrant_bowtie,auxetic,True,-0.26858047320593637,-0.4707712559445884,0.40267193127135537,41,True,5.59,,199.0,1e-09,2,150,0.122942,50,50,0.3,2.642592,1.077315,9999,1,0.01,0.05,False,0.285254,0.51263,20
1766,reentrant_bowtie,auxetic,True,-0.08560411067993454,-1.5012810130818333,0.7335243026808764,31,True,4.4,,199.0,1e-09,2,150,0.114443,50,50,0.3,3.152597,1.071456,9999,1,0.01,0.05,False,0.337769,0.545369,20
1767,reentrant_bowtie,auxetic,True,-0.2807835087393265,-0.4274258705441195,0.4704969686406859,150,True,19.16,,199.0,1e-09,2,150,0.101495,50,50,0.3,2.598862,1.154982,9999,1,0.01,0.05,False,0.319671,0.508398,20
1768,reentrant_bowtie,auxetic,True,-0.29479466043794117,-0.24805923753821443,0.5679765294304058,150,True,20.83,,199.0,1e-09,2,150,0.07494,50,50,0.3,2.942713,1.080717,9999,1,0.01,0.05,False,0.3274,0.522468,20
1769,reentrant_bowtie,auxetic,True,-0.08452292202854884,-1.2792031023578625,0.7808172052425284,45,True,6.59,,199.0,1e-09,2,150,0.078885,50,50,0.3,3.202635,1.168948,9999,1,0.01,0.05,False,0.284376,0.559771,20
1770,reentrant_bowtie,auxetic,True,-0.49609422643512685,-0.34360493076358495,0.5297575724847126,88,True,14.8,,199.0,1e-09,2,150,0.084583,50,50,0.3,3.073883,1.186792,9999,1,0.01,0.05,False,0.298101,0.523811,20
1771,reentrant_bowtie,auxetic,True,-0.10153673934278377,-1.7516146682523548,0.7256705282446458,56,True,6.76,,199.0,1e-09,2,150,0.086401,50,50,0.3,3.289986,1.24479,9999,1,0.01,0.05,False,0.307365,0.546163,20
1772,reentrant_bowtie,auxetic,True,-0.27141567356655893,-0.6349696893210948,0.4468648967214125,71,True,10.36,,199.0,1e-09,2,150,0.125851,50,50,0.3,3.200358,1.172846,9999,1,0.01,0.05,False,0.298474,0.535853,20
1773,reentrant_bowtie,auxetic,True,-0.0958975108931192,-1.6307654272046368,0.693156980264151,150,True,21.47,,199.0,1e-09,2,150,0.095122,50,50,0.3,3.171578,1.063228,9999,1,0.01,0.05,False,0.351362,0.546343,20
1774,reentrant_bowtie,auxetic,True,-0.08547681378375106,-1.2572291432345046,0.7505308414474041,150,True,20.29,,199.0,1e-09,2,150,0.117794,50,50,0.3,3.551918,1.118303,9999,1,0.01,0.05,False,0.345697,0.57942,20
1775,reentrant_bowtie,auxetic,True,-0.41975019818936476,-0.3406308877649434,0.47959434692728065,150,True,17.17,,199.0,1e-09,2,150,0.135444,50,50,0.3,3.285124,1.124954,9999,1,0.01,0.05,False,0.315198,0.517838,20
1776,reentrant_bowtie,auxetic,True,-0.08538406800981309,-1.7268151062530146,0.7689754753307745,50,True,7.08,,199.0,1e-09,2,150,0.127523,50,50,0.3,3.445132,1.212117,9999,1,0.01,0.05,False,0.367975,0.56024,20
1777,reentrant_bowtie,auxetic,True,-0.07542579299009661,-1.2345097908746574,0.8147021386273466,150,True,18.36,,199.0,1e-09,2,150,0.078172,50,50,0.3,3.221828,1.136087,9999,1,0.01,0.05,False,0.354192,0.570798,20
1778,reentrant_bowtie,auxetic,True,-0.11013484032957734,-0.19086048880691503,0.6637992947142287,150,True,22.21,,199.0,1e-09,2,150,0.096269,50,50,0.3,3.421957,1.073648,9999,1,0.01,0.05,False,0.319945,0.502097,20
1779,reentrant_bowtie,auxetic,True,-4.906569472681483e-12,-0.10968952009989606,1.239025653012221,17,True,2.54,,199.0,1e-09,2,150,0.109855,50,50,0.3,2.94354,1.069791,9999,1,0.01,0.05,False,0.351588,0.580763,20
1780,reentrant_bowtie,auxetic,True,-0.0463278639319012,-0.16994688094718308,0.9101143798040292,31,True,4.61,,199.0,1e-09,2,150,0.092579,50,50,0.3,2.687078,1.211453,9999,1,0.01,0.05,False,0.370174,0.549114,20
1781,reentrant_bowtie,auxetic,True,-0.44539037449496915,-0.28847539314128556,0.47610126627856664,59,True,8.84,,199.0,1e-09,2,150,0.141678,50,50,0.3,3.396964,1.246237,9999,1,0.01,0.05,False,0.348394,0.517363,20
1782,reentrant_bowtie,auxetic,True,-0.09174032786045654,-1.1526648464196134,0.7261888053073083,48,True,6.6,,199.0,1e-09,2,150,0.093142,50,50,0.3,3.283407,1.158016,9999,1,0.01,0.05,False,0.349788,0.566771,20
1783,reentrant_bowtie,auxetic,True,5.111885173103812e-12,0.12396570856948047,1.2013993989428062,17,True,2.04,,199.0,1e-09,2,150,0.109415,50,50,0.3,3.071502,1.072951,9999,1,0.01,0.05,False,0.366535,0.583809,20
1784,reentrant_bowtie,auxetic,True,-0.09926473870234796,-0.1731648210871134,0.6646350090272941,150,True,20.12,,199.0,1e-09,2,150,0.130574,50,50,0.3,2.972986,1.084931,9999,1,0.01,0.05,False,0.332314,0.513721,20
1785,reentrant_bowtie,auxetic,True,-0.1605963184524686,-0.2693270322741909,0.6688586542113757,50,True,6.23,,199.0,1e-09,2,150,0.076539,50,50,0.3,2.798054,1.22397,9999,1,0.01,0.05,False,0.33627,0.532647,20
1786,reentrant_bowtie,auxetic,True,-0.05369227927669105,-0.1853021157986231,0.8493771431834954,59,True,8.76,,199.0,1e-09,2,150,0.124573,50,50,0.3,2.583841,1.112397,9999,1,0.01,0.05,False,0.355687,0.558195,20
1787,reentrant_bowtie,auxetic,True,-0.1521446192539666,-0.21828171275470332,0.6445853158043415,90,True,11.78,,199.0,1e-09,2,150,0.082849,50,50,0.3,3.268808,1.153936,9999,1,0.01,0.05,False,0.324803,0.505036,20
1788,reentrant_bowtie,auxetic,True,-0.1731290342960028,-0.7422055034596162,0.5285523034783763,65,True,9.75,,199.0,1e-09,2,150,0.092975,50,50,0.3,3.49741,1.11647,9999,1,0.01,0.05,False,0.319624,0.550665,20
1789,reentrant_bowtie,auxetic,True,-0.7867791686238784,-0.5262033104398922,0.27388642897188353,150,True,21.74,,199.0,1e-09,2,150,0.116759,50,50,0.3,3.326664,1.192033,9999,1,0.01,0.05,False,0.368803,0.52524,20
1790,reentrant_bowtie,auxetic,True,-0.40972095791613145,-0.5350903673215828,0.3662761059084151,150,True,21.49,,199.0,1e-09,2,150,0.10275,50,50,0.3,3.620518,1.082504,9999,1,0.01,0.05,False,0.320847,0.510819,20
1791,reentrant_bowtie,auxetic,True,-0.09296259863952074,-1.3867864935592749,0.7330708120889717,150,True,19.57,,199.0,1e-09,2,150,0.08365,50,50,0.3,3.276534,1.226964,9999,1,0.01,0.05,False,0.286634,0.556358,20
1792,reentrant_bowtie,auxetic,True,1.2743630661280827e-11,0.23114003115062845,1.3048195218729015,15,True,2.12,,199.0,1e-09,2,150,0.137736,50,50,0.3,2.768936,1.107558,9999,1,0.01,0.05,False,0.349456,0.570672,20
1793,reentrant_bowtie,auxetic,True,-0.08686501359791317,-1.3062275224839413,0.7495171832196781,150,True,20.92,,199.0,1e-09,2,150,0.093319,50,50,0.3,3.505675,1.15333,9999,1,0.01,0.05,False,0.333382,0.575633,20
1794,reentrant_bowtie,auxetic,True,-0.11800842245186922,-0.21665606544133292,0.6297306736363817,34,True,5.22,,199.0,1e-09,2,150,0.121228,50,50,0.3,3.278874,1.213564,9999,1,0.01,0.05,False,0.328897,0.50109,20
1795,reentrant_bowtie,auxetic,True,-0.42385749940641604,-0.2890997462835203,0.4207536877878765,35,True,5.09,,199.0,1e-09,2,150,0.10435,50,50,0.3,3.128648,1.077672,9999,1,0.01,0.05,False,0.293249,0.5248,20
1796,reentrant_bowtie,auxetic,True,-0.08884730001785021,-1.456772915862548,0.7138903709952777,45,True,6.48,,199.0,1e-09,2,150,0.120408,50,50,0.3,3.111714,1.116069,9999,1,0.01,0.05,False,0.327174,0.543452,20
1797,reentrant_bowtie,auxetic,True,1.5000945469347475e-11,0.3137338283902511,1.2542016055216678,17,True,2.44,,199.0,1e-09,2,150,0.110866,50,50,0.3,2.652077,1.151984,9999,1,0.01,0.05,False,0.364357,0.570028,20
1798,reentrant_bowtie,auxetic,True,-0.08195836594950656,-1.604612028915215,0.7794601874216276,32,True,4.81,,199.0,1e-09,2,150,0.124088,50,50,0.3,3.576126,1.20312,9999,1,0.01,0.05,False,0.301555,0.566119,20
1799,reentrant_bowtie,auxetic,True,-0.09626836930880599,-1.0162841686699302,0.6989501891482681,150,True,20.55,,199.0,1e-09,2,150,0.118787,50,50,0.3,3.295137,1.131312,9999,1,0.01,0.05,False,0.372725,0.544992,20
1800,reentrant_bowtie,auxetic,True,-0.296163193521936,-0.3918646029639294,0.471942831681601,150,True,19.44,,199.0,1e-09,2,150,0.142254,50,50,0.3,2.702825,1.175331,9999,1,0.01,0.05,False,0.334106,0.501286,20
1801,reentrant_bowtie,auxetic,True,-0.10150361115317516,-0.18023606018795368,0.7424348891283554,150,True,20.22,,199.0,1e-09,2,150,0.137936,50,50,0.3,2.855871,1.189916,9999,1,0.01,0.05,False,0.34294,0.528341,20
1802,reentrant_bowtie,auxetic,True,-0.11083558981190667,-1.485916121879004,0.6679419462415999,74,True,10.4,,199.0,1e-09,2,150,0.114176,50,50,0.3,3.507126,1.186965,9999,1,0.01,0.05,False,0.333194,0.543997,20
1803,reentrant_bowtie,auxetic,True,-0.053100525926936405,-1.5055579638958143,0.8717656539973473,67,True,9.09,,199.0,1e-09,2,150,0.144206,50,50,0.3,3.123871,1.073402,9999,1,0.01,0.05,False,0.315746,0.554057,20
1804,reentrant_bowtie,auxetic,True,-0.037714624846757604,-1.470437257084162,1.004888204383766,150,True,20.98,,199.0,1e-09,2,150,0.13529,50,50,0.3,3.173058,1.128656,9999,1,0.01,0.05,False,0.377796,0.577978,20
1805,reentrant_bowtie,auxetic,True,-0.26198475634184115,-0.3393536437583791,0.5497193549597447,150,True,20.23,,199.0,1e-09,2,150,0.107861,50,50,0.3,3.596166,1.148532,9999,1,0.01,0.05,False,0.348566,0.50822,20
1806,reentrant_bowtie,auxetic,True,-0.5427284484332564,-0.565059442052819,0.258193881584176,150,True,19.03,,199.0,1e-09,2,150,0.086741,50,50,0.3,3.643148,1.068684,9999,1,0.01,0.05,False,0.354861,0.533109,20
1807,reentrant_bowtie,auxetic,True,-0.2651347360507381,-0.3983029281536227,0.4088921263788281,51,True,6.65,,199.0,1e-09,2,150,0.132905,50,50,0.3,2.593627,1.067609,9999,1,0.01,0.05,False,0.314353,0.530354,20
1808,reentrant_bowtie,auxetic,True,1.028026951371609e-11,0.2078319120238227,1.2629184092679622,16,True,2.41,,199.0,1e-09,2,150,0.131337,50,50,0.3,2.803048,1.18142,9999,1,0.01,0.05,False,0.364723,0.576366,20
1809,reentrant_bowtie,auxetic,True,-0.05814369585508832,-0.8422274802455061,0.8582451672610125,150,True,21.66,,199.0,1e-09,2,150,0.101195,50,50,0.3,3.362079,1.128365,9999,1,0.01,0.05,False,0.319378,0.581664,20
1810,reentrant_bowtie,auxetic,True,-3.613376422840904e-12,-0.07632282668974534,1.2629489200143695,20,True,2.78,,199.0,1e-09,2,150,0.083995,50,50,0.3,2.710431,1.140649,9999,1,0.01,0.05,False,0.362176,0.58209,20
1811,reentrant_bowtie,auxetic,True,-0.3031725687197713,-0.676837335172401,0.4111855733967066,46,True,5.38,,199.0,1e-09,2,150,0.13672,50,50,0.3,3.090836,1.153878,9999,1,0.01,0.05,False,0.317607,0.530496,20
1812,reentrant_bowtie,auxetic,True,-6.171433688312023e-12,-0.13577870173662468,1.2044042616862733,15,True,2.44,,199.0,1e-09,2,150,0.139231,50,50,0.3,2.806851,1.061261,9999,1,0.01,0.05,False,0.353858,0.557918,20
1813,reentrant_bowtie,auxetic,True,-0.06199631111391619,-0.18318627638790327,0.8308457640024334,150,True,20.79,,199.0,1e-09,2,150,0.13825,50,50,0.3,2.588558,1.134862,9999,1,0.01,0.05,False,0.307186,0.55647,20
1814,reentrant_bowtie,auxetic,True,-0.40982090263649734,-0.26464962745740755,0.5687436726357665,94,True,12.78,,199.0,1e-09,2,150,0.107049,50,50,0.3,3.491068,1.148712,9999,1,0.01,0.05,False,0.36102,0.522769,20
1815,reentrant_bowtie,auxetic,True,1.0784432277718391e-11,0.3023247998947108,1.1174978512270761,23,True,2.46,,199.0,1e-09,2,150,0.143445,50,50,0.3,3.587619,1.151043,9999,1,0.01,0.05,False,0.372409,0.545174,20
1816,reentrant_bowtie,auxetic,True,-0.037169044432214256,-1.0926270769992843,1.0044254357511535,150,True,21.88,,199.0,1e-09,2,150,0.121002,50,50,0.3,3.238275,1.182191,9999,1,0.01,0.05,False,0.30405,0.577057,20
1817,reentrant_bowtie,auxetic,True,1.0446607410478571e-12,0.022748426556619326,1.2197420350595318,19,True,2.82,,199.0,1e-09,2,150,0.088841,50,50,0.3,2.793618,1.200134,9999,1,0.01,0.05,False,0.292929,0.557735,20
1818,reentrant_bowtie,auxetic,True,-0.06180056709777026,-0.8972060084439747,0.876516739723328,150,True,22.38,,199.0,1e-09,2,150,0.114564,50,50,0.3,3.209198,1.177412,9999,1,0.01,0.05,False,0.309171,0.552102,20
1819,reentrant_bowtie,auxetic,True,-0.09302848583077634,-1.8243522838045607,0.7601437968797317,117,True,17.12,,199.0,1e-09,2,150,0.119928,50,50,0.3,3.585963,1.243275,9999,1,0.01,0.05,False,0.299567,0.553313,20
1820,reentrant_bowtie,auxetic,True,1.894610176435656e-11,0.3020540641602207,1.1919555565077722,17,True,2.18,,199.0,1e-09,2,150,0.111103,50,50,0.3,3.132232,1.092979,9999,1,0.01,0.05,False,0.324488,0.584696,20
1821,reentrant_bowtie,auxetic,True,-0.1411944970730007,-0.2598496577674158,0.7184057275703946,52,True,7.53,,199.0,1e-09,2,150,0.142371,50,50,0.3,3.015815,1.166578,9999,1,0.01,0.05,False,0.292676,0.531308,20
1822,reentrant_bowtie,auxetic,True,-0.08294418873835267,-1.6271887396612612,0.7635249428257417,150,True,21.24,,199.0,1e-09,2,150,0.121427,50,50,0.3,3.418574,1.109631,9999,1,0.01,0.05,False,0.286439,0.552934,20
1823,reentrant_bowtie,auxetic,True,-0.34740553966438414,-0.25704601008732936,0.5358893683578903,58,True,8.38,,199.0,1e-09,2,150,0.128771,50,50,0.3,3.38812,1.244321,9999,1,0.01,0.05,False,0.373159,0.508881,20
1824,reentrant_bowtie,auxetic,True,-0.06939990667320997,-1.2960387972153542,0.8292187417725514,150,True,19.5,,199.0,1e-09,2,150,0.095773,50,50,0.3,3.148032,1.193936,9999,1,0.01,0.05,False,0.297252,0.559381,20
1825,reentrant_bowtie,auxetic,True,1.4466893820955727e-11,0.270519535357977,1.3083416865419495,18,True,2.79,,199.0,1e-09,2,150,0.103678,50,50,0.3,2.644767,1.235125,9999,1,0.01,0.05,False,0.353866,0.574096,20
1826,reentrant_bowtie,auxetic,True,-0.05254955637930069,-0.22576829024313205,0.904925541406325,35,True,4.33,,199.0,1e-09,2,150,0.11483,50,50,0.3,2.730558,1.082395,9999,1,0.01,0.05,False,0.316306,0.542534,20
1827,reentrant_bowtie,auxetic,True,-0.2710606541596783,-0.4083033777377743,0.4049175083504484,66,True,9.59,,199.0,1e-09,2,150,0.091178,50,50,0.3,2.96402,1.102405,9999,1,0.01,0.05,False,0.378674,0.507651,20
1828,reentrant_bowtie,auxetic,True,-0.23629464645708703,-0.47514753481091115,0.44530631407032856,40,True,5.86,,199.0,1e-09,2,150,0.11434,50,50,0.3,3.199401,1.103681,9999,1,0.01,0.05,False,0.353427,0.536784,20
1829,reentrant_bowtie,auxetic,True,1.940259342267406e-11,0.38709548293214635,1.1735921448718234,32,True,4.64,,199.0,1e-09,2,150,0.082927,50,50,0.3,2.912732,1.180859,9999,1,0.01,0.05,False,0.345937,0.569973,20
1830,reentrant_bowtie,auxetic,True,-6.897966562940983e-12,-0.14754674899222997,1.2457761810810204,21,True,2.53,,199.0,1e-09,2,150,0.077605,50,50,0.3,2.884272,1.215424,9999,1,0.01,0.05,False,0.304415,0.577276,20
1831,reentrant_bowtie,auxetic,True,-0.7505083371184742,-0.5672548801744042,0.23205516194331588,150,True,19.98,,199.0,1e-09,2,150,0.117888,50,50,0.3,3.394417,1.102899,9999,1,0.01,0.05,False,0.379428,0.528219,20
1832,reentrant_bowtie,auxetic,True,-0.769946161701537,-0.521029080282933,0.19903119492023913,150,True,19.92,,199.0,1e-09,2,150,0.126011,50,50,0.3,3.47305,1.062613,9999,1,0.01,0.05,False,0.352537,0.525713,20
1833,reentrant_bowtie,auxetic,True,-0.0742582533751923,-1.0578714166012166,0.8038957310184163,35,True,5.21,,199.0,1e-09,2,150,0.095015,50,50,0.3,3.258375,1.130404,9999,1,0.01,0.05,False,0.324625,0.567609,20
1834,reentrant_bowtie,auxetic,True,-0.073278224571895,-0.9060465427168632,0.817264696575663,150,True,20.19,,199.0,1e-09,2,150,0.079305,50,50,0.3,3.353907,1.137725,9999,1,0.01,0.05,False,0.342099,0.5835,20
1835,reentrant_bowtie,auxetic,True,-0.32186942329120427,-0.34991286617606693,0.47794840294232,75,True,11.02,,199.0,1e-09,2,150,0.095976,50,50,0.3,3.562316,1.225754,9999,1,0.01,0.05,False,0.32607,0.519477,20
1836,reentrant_bowtie,auxetic,True,-5.621841900845267e-12,-0.11495470585589856,1.1995766112070356,17,True,2.06,,199.0,1e-09,2,150,0.104727,50,50,0.3,2.923992,1.139913,9999,1,0.01,0.05,False,0.371396,0.568695,20
1837,reentrant_bowtie,auxetic,True,-0.10072045205578574,-1.0818924674066597,0.6940863575829657,150,True,19.25,,199.0,1e-09,2,150,0.102078,50,50,0.3,3.477371,1.090317,9999,1,0.01,0.05,False,0.35076,0.565418,20
1838,reentrant_bowtie,auxetic,True,1.2602867542714049e-11,0.26077997837255845,1.2611665673752293,16,True,2.55,,199.0,1e-09,2,150,0.11967,50,50,0.3,2.700007,1.239171,9999,1,0.01,0.05,False,0.350528,0.571851,20
1839,reentrant_bowtie,auxetic,True,-0.13848350113009297,-0.8734122070786892,0.6071327236048263,66,True,9.46,,199.0,1e-09,2,150,0.104576,50,50,0.3,3.582914,1.233173,9999,1,0.01,0.05,False,0.338498,0.546639,20
1840,reentrant_bowtie,auxetic,True,-0.054785590151613425,-1.0565315822740513,0.8948819503794969,150,True,19.51,,199.0,1e-09,2,150,0.077251,50,50,0.3,3.227248,1.225332,9999,1,0.01,0.05,False,0.361341,0.580505,20
1841,reentrant_bowtie,auxetic,True,-0.08658052479119968,-1.3687161178589244,0.7401652794226143,107,True,15.85,,199.0,1e-09,2,150,0.137064,50,50,0.3,3.344866,1.087705,9999,1,0.01,0.05,False,0.376627,0.564595,20
1842,reentrant_bowtie,auxetic,True,-0.0481684732283799,-1.6180766602771413,0.9393516994033964,34,True,5.0,,199.0,1e-09,2,150,0.128918,50,50,0.3,3.226134,1.11804,9999,1,0.01,0.05,False,0.338303,0.567728,20
1843,reentrant_bowtie,auxetic,True,1.5048609626880382e-11,0.28406714311088577,1.312437930370256,18,True,2.79,,199.0,1e-09,2,150,0.101934,50,50,0.3,2.615487,1.225833,9999,1,0.01,0.05,False,0.360699,0.577586,20
1844,reentrant_bowtie,auxetic,True,-0.09665879277625686,-1.5244194674222373,0.7064143737288748,48,True,7.1,,199.0,1e-09,2,150,0.081633,50,50,0.3,3.374697,1.134298,9999,1,0.01,0.05,False,0.363362,0.561045,20
1845,reentrant_bowtie,auxetic,True,6.124878251378573e-12,0.12311897600414688,1.177803501248628,150,True,19.26,,199.0,1e-09,2,150,0.123033,50,50,0.3,2.929529,1.180104,9999,1,0.01,0.05,False,0.30398,0.565532,20
1846,reentrant_bowtie,auxetic,True,-0.08224199935398423,-0.9837521861579315,0.7736538917201667,150,True,18.85,,199.0,1e-09,2,150,0.137476,50,50,0.3,3.651723,1.118631,9999,1,0.01,0.05,False,0.316674,0.581526,20
1847,reentrant_bowtie,auxetic,True,-0.04696445868779742,-1.8046255814548702,0.9109794398359867,150,True,20.86,,199.0,1e-09,2,150,0.105358,50,50,0.3,2.967861,1.11556,9999,1,0.01,0.05,False,0.356418,0.555439,20
1848,reentrant_bowtie,auxetic,True,-0.06054667738893282,-1.199396728534403,0.8363833821272786,40,True,5.38,,199.0,1e-09,2,150,0.123756,50,50,0.3,3.377411,1.208153,9999,1,0.01,0.05,False,0.309382,0.5809,20
1849,reentrant_bowtie,auxetic,True,-0.061315166353698866,-1.328701612380109,0.8529037444410356,64,True,9.6,,199.0,1e-09,2,150,0.076823,50,50,0.3,2.977374,1.196078,9999,1,0.01,0.05,False,0.329476,0.547883,20
1850,reentrant_bowtie,auxetic,True,-0.10946672903047255,-0.17441761451397406,0.6957610719270222,150,True,20.54,,199.0,1e-09,2,150,0.101729,50,50,0.3,3.46263,1.232123,9999,1,0.01,0.05,False,0.337168,0.50408,20
1851,reentrant_bowtie,auxetic,True,1.0769410425837435e-11,0.3013572402894686,1.1185059263625545,27,True,3.62,,199.0,1e-09,2,150,0.128604,50,50,0.3,3.474377,1.192638,9999,1,0.01,0.05,False,0.371813,0.549576,20
1852,reentrant_bowtie,auxetic,True,-0.06074315629077659,-1.2841761910155933,0.8238670456143388,56,True,8.06,,199.0,1e-09,2,150,0.141152,50,50,0.3,3.401568,1.146034,9999,1,0.01,0.05,False,0.323544,0.577704,20
1853,reentrant_bowtie,auxetic,True,-0.13570617683945793,-0.18715589360463214,0.6730886262776757,40,True,6.01,,199.0,1e-09,2,150,0.106008,50,50,0.3,2.882263,1.192382,9999,1,0.01,0.05,False,0.335191,0.520827,20
1854,reentrant_bowtie,auxetic,True,-0.04980270014798476,-1.587412626646482,0.8897653279066413,27,True,3.36,,199.0,1e-09,2,150,0.111863,50,50,0.3,2.980637,1.12203,9999,1,0.01,0.05,False,0.318864,0.54592,20
1855,reentrant_bowtie,auxetic,True,2.4634362649372082e-12,0.05768771472884744,1.2107132450829892,20,True,2.21,,199.0,1e-09,2,150,0.083422,50,50,0.3,3.043963,1.128102,9999,1,0.01,0.05,False,0.289198,0.582572,20
1856,reentrant_bowtie,auxetic,True,-0.08854084589450534,-1.2521388654798187,0.7066643222314258,35,True,5.23,,199.0,1e-09,2,150,0.118275,50,50,0.3,3.080182,1.073186,9999,1,0.01,0.05,False,0.294922,0.539482,20
1857,reentrant_bowtie,auxetic,True,-0.20862179867501196,-0.31473572082497153,0.5041618474983768,150,True,21.12,,199.0,1e-09,2,150,0.107794,50,50,0.3,2.623803,1.138693,9999,1,0.01,0.05,False,0.327254,0.54095,20
1858,reentrant_bowtie,auxetic,True,-0.06881438183512119,-0.19632791269245184,0.825094090485073,150,True,17.61,,199.0,1e-09,2,150,0.079486,50,50,0.3,2.596817,1.172238,9999,1,0.01,0.05,False,0.328297,0.553744,20
1859,reentrant_bowtie,auxetic,True,-0.04892663225702896,-1.534409899205364,0.8946799554791527,29,True,4.57,,199.0,1e-09,2,150,0.121257,50,50,0.3,2.998397,1.133895,9999,1,0.01,0.05,False,0.357318,0.542774,20
1860,reentrant_bowtie,auxetic,True,-0.23268628171572456,-0.2835002598035445,0.5075431016971922,150,True,21.44,,199.0,1e-09,2,150,0.110499,50,50,0.3,2.790546,1.221102,9999,1,0.01,0.05,False,0.301794,0.50629,20
1861,reentrant_bowtie,auxetic,True,-2.7704445125650607e-12,-0.057124071554938205,1.2647706205213964,17,True,2.6,,199.0,1e-09,2,150,0.108804,50,50,0.3,2.939301,1.088832,9999,1,0.01,0.05,False,0.32956,0.572131,20
1862,reentrant_bowtie,auxetic,True,2.4280631589285386e-11,0.5064537295462389,1.2622292584422352,19,True,2.98,,199.0,1e-09,2,150,0.091296,50,50,0.3,2.693621,1.112872,9999,1,0.01,0.05,False,0.304229,0.564948,20
1863,reentrant_bowtie,auxetic,True,-0.09587381654288993,-1.0706873389600267,0.728286419501889,150,True,20.44,,199.0,1e-09,2,150,0.08247,50,50,0.3,3.603536,1.105633,9999,1,0.01,0.05,False,0.307721,0.568224,20
1864,reentrant_bowtie,auxetic,True,-0.2873259696161358,-0.6730890298231795,0.46507051484486706,65,True,7.84,,199.0,1e-09,2,150,0.143844,50,50,0.3,3.511799,1.219686,9999,1,0.01,0.05,False,0.352503,0.536248,20
1865,reentrant_bowtie,auxetic,True,-0.25590296220069875,-0.4158970652884841,0.5089490985832367,77,True,11.22,,199.0,1e-09,2,150,0.11538,50,50,0.3,3.137929,1.22461,9999,1,0.01,0.05,False,0.296242,0.533502,20
1866,reentrant_bowtie,auxetic,True,9.304244816176847e-12,0.22499996794871077,1.2116289914633849,15,True,2.34,,199.0,1e-09,2,150,0.140476,50,50,0.3,3.044961,1.164843,9999,1,0.01,0.05,False,0.288961,0.580804,20
1867,reentrant_bowtie,auxetic,True,-0.06752263728077179,-0.27836795935872105,0.8046597555934087,150,True,19.49,,199.0,1e-09,2,150,0.118955,50,50,0.3,2.837038,1.207068,9999,1,0.01,0.05,False,0.318692,0.537167,20
1868,reentrant_bowtie,auxetic,True,-0.08570502113134049,-1.2176116851420682,0.7774099701816024,150,True,19.11,,199.0,1e-09,2,150,0.096899,50,50,0.3,3.590227,1.229731,9999,1,0.01,0.05,False,0.316064,0.578606,20
1869,reentrant_bowtie,auxetic,True,-0.35347351700017204,-0.33034514141494803,0.3743959319288539,148,True,20.88,,199.0,1e-09,2,150,0.092535,50,50,0.3,3.34754,1.127316,9999,1,0.01,0.05,False,0.284675,0.514977,20
1870,reentrant_bowtie,auxetic,True,-3.4787288581277363e-12,-0.07564090058566199,1.2274881841648198,19,True,2.71,,199.0,1e-09,2,150,0.092424,50,50,0.3,2.90376,1.213908,9999,1,0.01,0.05,False,0.323415,0.571638,20
1871,reentrant_bowtie,auxetic,True,8.541727127173527e-12,0.15416460912028024,1.335551211416969,16,True,2.5,,199.0,1e-09,2,150,0.124355,50,50,0.3,2.857337,1.216421,9999,1,0.01,0.05,False,0.328154,0.584399,20
1872,reentrant_bowtie,auxetic,True,-0.2272956956729151,-0.35490060602632406,0.4903677045604525,150,True,20.28,,199.0,1e-09,2,150,0.122527,50,50,0.3,2.65521,1.132189,9999,1,0.01,0.05,False,0.356041,0.503552,20
1873,reentrant_bowtie,auxetic,True,-0.5290208947391386,-0.31033927861576627,0.46787747819536385,150,True,19.96,,199.0,1e-09,2,150,0.079651,50,50,0.3,3.640641,1.205164,9999,1,0.01,0.05,False,0.377522,0.536829,20
1874,reentrant_bowtie,auxetic,True,-0.2523815977565929,-0.4054584682416533,0.4276702921757911,150,True,20.61,,199.0,1e-09,2,150,0.124843,50,50,0.3,2.788052,1.105059,9999,1,0.01,0.05,False,0.286939,0.50001,20
1875,reentrant_bowtie,auxetic,True,-0.2894080720711736,-0.3803332595703763,0.461451153517201,150,True,20.55,,199.0,1e-09,2,150,0.080822,50,50,0.3,2.951873,1.140327,9999,1,0.01,0.05,False,0.370499,0.512493,20
1876,reentrant_bowtie,auxetic,True,-0.10292051846280705,-1.104165301269521,0.6771414290254162,39,True,4.92,,199.0,1e-09,2,150,0.118921,50,50,0.3,3.037995,1.065103,9999,1,0.01,0.05,False,0.374564,0.537103,20
1877,reentrant_bowtie,auxetic,True,-0.50273030062615,-0.28631546987930634,0.45235985213042884,83,True,11.77,,199.0,1e-09,2,150,0.084409,50,50,0.3,3.320105,1.147601,9999,1,0.01,0.05,False,0.340569,0.538148,20
1878,reentrant_bowtie,auxetic,True,-0.290197272890957,-0.38626121486957443,0.47485596274932984,90,True,13.69,,199.0,1e-09,2,150,0.129186,50,50,0.3,2.676309,1.219159,9999,1,0.01,0.05,False,0.358293,0.519265,20
1879,reentrant_bowtie,auxetic,True,-0.07684167943367692,-0.17753666771590168,0.7062553849577728,150,True,20.41,,199.0,1e-09,2,150,0.143188,50,50,0.3,3.333716,1.092166,9999,1,0.01,0.05,False,0.375411,0.505555,20
1880,reentrant_bowtie,auxetic,True,-0.19125657790405837,-0.21144640684699004,0.5666323099717797,150,True,21.37,,199.0,1e-09,2,150,0.123401,50,50,0.3,2.619748,1.242271,9999,1,0.01,0.05,False,0.365193,0.514598,20
1881,reentrant_bowtie,auxetic,True,-0.051101033304332265,-1.2990023024125494,0.8958841033838348,30,True,3.72,,199.0,1e-09,2,150,0.112208,50,50,0.3,3.186523,1.176701,9999,1,0.01,0.05,False,0.361318,0.568603,20
1882,reentrant_bowtie,auxetic,True,-0.08695019771148375,-1.4251721404258233,0.764115146788277,150,True,20.42,,199.0,1e-09,2,150,0.097437,50,50,0.3,3.298388,1.226261,9999,1,0.01,0.05,False,0.305284,0.563102,20
1883,reentrant_bowtie,auxetic,True,-0.06087247894337256,-1.2178792525069742,0.8375144530016148,61,True,8.5,,199.0,1e-09,2,150,0.13518,50,50,0.3,3.325578,1.221645,9999,1,0.01,0.05,False,0.340776,0.577736,20
1884,reentrant_bowtie,auxetic,True,-0.2995318614146112,-0.4006131972738359,0.47023560142231724,88,True,11.73,,199.0,1e-09,2,150,0.109157,50,50,0.3,2.707303,1.2024,9999,1,0.01,0.05,False,0.362347,0.518818,20
1885,reentrant_bowtie,auxetic,True,-0.2975363665069419,-0.40346860822328207,0.4765797185413787,136,True,19.23,,199.0,1e-09,2,150,0.108433,50,50,0.3,2.600151,1.170783,9999,1,0.01,0.05,False,0.284774,0.531858,20
1886,reentrant_bowtie,auxetic,True,-0.26631284444582887,-0.6660839877266419,0.47997451917334666,116,True,16.72,,199.0,1e-09,2,150,0.082239,50,50,0.3,3.358469,1.181032,9999,1,0.01,0.05,False,0.342764,0.544651,20
1887,reentrant_bowtie,auxetic,True,-0.32200040004228164,-0.2622894752876875,0.5388907842350682,50,True,6.81,,199.0,1e-09,2,150,0.116974,50,50,0.3,3.235843,1.146951,9999,1,0.01,0.05,False,0.325464,0.516759,20
1888,reentrant_bowtie,auxetic,True,-0.08853286298093163,-1.3497851214716652,0.7522714614061266,150,True,20.55,,199.0,1e-09,2,150,0.085636,50,50,0.3,3.012805,1.129908,9999,1,0.01,0.05,False,0.354563,0.539537,20
1889,reentrant_bowtie,auxetic,True,-0.07411690670700653,-0.1567822182693688,0.7244666487201952,31,True,4.47,,199.0,1e-09,2,150,0.098032,50,50,0.3,2.595806,1.196245,9999,1,0.01,0.05,False,0.301953,0.551502,20
1890,reentrant_bowtie,auxetic,True,2.150247546640027e-11,0.38066849927813795,1.3246956285438327,16,True,2.37,,199.0,1e-09,2,150,0.129444,50,50,0.3,2.854491,1.088416,9999,1,0.01,0.05,False,0.315316,0.579046,20
1891,reentrant_bowtie,auxetic,True,-0.08336994299749025,-0.9764721295328046,0.7717871994770962,150,True,18.77,,199.0,1e-09,2,150,0.087809,50,50,0.3,3.449462,1.208542,9999,1,0.01,0.05,False,0.298825,0.583886,20
1892,reentrant_bowtie,auxetic,True,-0.49251713032962113,-0.2934165565577655,0.4742891068191252,53,True,6.69,,199.0,1e-09,2,150,0.100052,50,50,0.3,3.417651,1.144403,9999,1,0.01,0.05,False,0.369653,0.528801,20
1893,reentrant_bowtie,auxetic,True,-0.2854010439315769,-0.32495333592731224,0.4880763159289112,150,True,20.01,,199.0,1e-09,2,150,0.117676,50,50,0.3,3.271275,1.199706,9999,1,0.01,0.05,False,0.366853,0.515181,20
1894,reentrant_bowtie,auxetic,True,-0.18726260803522568,-0.5911845345305362,0.4436202264229475,107,True,13.24,,199.0,1e-09,2,150,0.138592,50,50,0.3,3.581429,1.108262,9999,1,0.01,0.05,False,0.331841,0.53531,20
1895,reentrant_bowtie,auxetic,True,-0.280511193879816,-0.40277862223249594,0.479763326383184,150,True,19.45,,199.0,1e-09,2,150,0.091428,50,50,0.3,2.639067,1.191558,9999,1,0.01,0.05,False,0.372291,0.509036,20
1896,reentrant_bowtie,auxetic,True,-0.28290191259555336,-0.2007459824640289,0.5527036404978601,82,True,10.58,,199.0,1e-09,2,150,0.112091,50,50,0.3,3.531537,1.12411,9999,1,0.01,0.05,False,0.346834,0.509767,20
1897,reentrant_bowtie,auxetic,True,-0.5037163616085214,-0.28137037417022764,0.42882529350872767,150,True,19.4,,199.0,1e-09,2,150,0.142682,50,50,0.3,3.636974,1.16213,9999,1,0.01,0.05,False,0.312905,0.530054,20
1898,reentrant_bowtie,auxetic,True,-0.263875725333185,-0.34431089543023735,0.45011782871028305,150,True,21.49,,199.0,1e-09,2,150,0.129691,50,50,0.3,2.778295,1.120955,9999,1,0.01,0.05,False,0.357137,0.518023,20
1899,reentrant_bowtie,auxetic,True,-0.13649109100567727,-0.2390379740548727,0.6353464267492692,150,True,21.56,,199.0,1e-09,2,150,0.08965,50,50,0.3,2.717754,1.094541,9999,1,0.01,0.05,False,0.375678,0.535537,20
1900,reentrant_bowtie,auxetic,True,-0.7757027112703445,-0.4943692134865129,0.2520233780665241,150,True,21.7,,199.0,1e-09,2,150,0.100589,50,50,0.3,3.545499,1.146543,9999,1,0.01,0.05,False,0.299272,0.530242,20
1901,reentrant_bowtie,auxetic,True,1.4150708045020207e-11,0.25426753468950786,1.283238023698119,150,True,21.12,,199.0,1e-09,2,150,0.136422,50,50,0.3,2.800397,1.094971,9999,1,0.01,0.05,False,0.337868,0.546092,20
1902,reentrant_bowtie,auxetic,True,5.491224008929165e-12,0.1239780915991831,1.1583210614063233,28,True,4.14,,199.0,1e-09,2,150,0.115192,50,50,0.3,3.577678,1.227502,9999,1,0.01,0.05,False,0.29167,0.579492,20
1903,reentrant_bowtie,auxetic,True,-0.2546792893710772,-0.33358885354764284,0.5095127178075247,150,True,21.62,,199.0,1e-09,2,150,0.093244,50,50,0.3,2.600824,1.172353,9999,1,0.01,0.05,False,0.302435,0.530085,20
1904,reentrant_bowtie,auxetic,True,-0.749219104715234,-0.5350625358366621,0.2664009272222375,150,True,16.15,,199.0,1e-09,2,150,0.09426,50,50,0.3,3.219425,1.111068,9999,1,0.01,0.05,False,0.376343,0.527233,20
1905,reentrant_bowtie,auxetic,True,-0.0883460639352059,-1.6315073870645762,0.6995745261439732,150,True,20.38,,199.0,1e-09,2,150,0.131299,50,50,0.3,3.465674,1.102489,9999,1,0.01,0.05,False,0.36401,0.55088,20
1906,reentrant_bowtie,auxetic,True,3.771336949279009e-12,0.08840121351039017,1.190317889991643,18,True,2.61,,199.0,1e-09,2,150,0.096421,50,50,0.3,2.953281,1.079694,9999,1,0.01,0.05,False,0.347707,0.574708,20
1907,reentrant_bowtie,auxetic,True,-0.3193387420967179,-0.49308298149943874,0.4352119762972716,83,True,9.82,,199.0,1e-09,2,150,0.110542,50,50,0.3,2.660935,1.068285,9999,1,0.01,0.05,False,0.344953,0.534885,20
1908,reentrant_bowtie,auxetic,True,-0.29534220655357163,-0.35839828924606754,0.4732833226145923,131,True,18.11,,199.0,1e-09,2,150,0.075369,50,50,0.3,2.612418,1.14306,9999,1,0.01,0.05,False,0.372601,0.518133,20
1909,reentrant_bowtie,auxetic,True,-0.08513041710987013,-1.322366873703816,0.7547113038960364,150,True,20.17,,199.0,1e-09,2,150,0.111238,50,50,0.3,3.608286,1.125981,9999,1,0.01,0.05,False,0.293622,0.573015,20
1910,reentrant_bowtie,auxetic,True,-0.07656588123564173,-1.6463134220081161,0.8155696374247042,150,True,19.3,,199.0,1e-09,2,150,0.133159,50,50,0.3,3.544125,1.237651,9999,1,0.01,0.05,False,0.377999,0.563468,20
1911,reentrant_bowtie,auxetic,True,-0.23245622095774046,-0.15939657701646492,0.6763784248990325,90,True,12.38,,199.0,1e-09,2,150,0.129155,50,50,0.3,3.078657,1.229469,9999,1,0.01,0.05,False,0.288242,0.516549,20
1912,reentrant_bowtie,auxetic,True,-0.08403464530241492,-1.6368952166016897,0.7612856522829605,34,True,5.09,,199.0,1e-09,2,150,0.142492,50,50,0.3,3.484331,1.160988,9999,1,0.01,0.05,False,0.361138,0.561387,20
1913,reentrant_bowtie,auxetic,True,5.3687009649298625e-12,0.12581783952714304,1.1499642240632506,31,True,4.59,,199.0,1e-09,2,150,0.093721,50,50,0.3,3.431493,1.080114,9999,1,0.01,0.05,False,0.291909,0.569891,20
1914,reentrant_bowtie,auxetic,True,-0.23652090483393956,-0.40029500088454284,0.4455347207482825,150,True,20.23,,199.0,1e-09,2,150,0.103341,50,50,0.3,2.604512,1.098191,9999,1,0.01,0.05,False,0.373756,0.511904,20
1915,reentrant_bowtie,auxetic,True,-0.22847251371460087,-0.33174030150605527,0.5092516777262326,150,True,18.51,,199.0,1e-09,2,150,0.12807,50,50,0.3,2.592273,1.162827,9999,1,0.01,0.05,False,0.297817,0.521222,20
1916,reentrant_bowtie,auxetic,True,-0.09237948242748671,-1.6355769462723753,0.7286658134769386,127,True,16.96,,199.0,1e-09,2,150,0.106581,50,50,0.3,3.460625,1.113093,9999,1,0.01,0.05,False,0.290253,0.562804,20
1917,reentrant_bowtie,auxetic,True,-6.872337493838969e-12,-0.14803402109449773,1.2269704072115541,18,True,2.3,,199.0,1e-09,2,150,0.100928,50,50,0.3,2.78179,1.099944,9999,1,0.01,0.05,False,0.324032,0.582753,20
1918,reentrant_bowtie,auxetic,True,-0.27135403357608173,-0.3525208547967701,0.4812284047334512,150,True,20.68,,199.0,1e-09,2,150,0.132491,50,50,0.3,2.725516,1.163983,9999,1,0.01,0.05,False,0.370343,0.516908,20
1919,reentrant_bowtie,auxetic,True,-0.03742629098773307,-1.544371296116835,1.014460471739897,150,True,20.68,,199.0,1e-09,2,150,0.105139,50,50,0.3,3.109566,1.231685,9999,1,0.01,0.05,False,0.381209,0.583608,20
1920,reentrant_bowtie,auxetic,True,-0.261340085673824,-0.3356328212767362,0.5077411434455352,150,True,18.14,,199.0,1e-09,2,150,0.114681,50,50,0.3,2.773512,1.179169,9999,1,0.01,0.05,False,0.313677,0.503639,20
1921,reentrant_bowtie,auxetic,True,2.4270465179446867e-11,0.4419287882616267,1.3161540614484886,17,True,2.64,,199.0,1e-09,2,150,0.112684,50,50,0.3,2.857685,1.088681,9999,1,0.01,0.05,False,0.313556,0.570987,20
1922,reentrant_bowtie,auxetic,True,-0.3959188410011432,-0.27976452468747565,0.5238492417805277,67,True,9.83,,199.0,1e-09,2,150,0.087094,50,50,0.3,3.605536,1.160466,9999,1,0.01,0.05,False,0.353051,0.510181,20
1923,reentrant_bowtie,auxetic,True,-5.116003731975781e-12,-0.10419322036908857,1.2534134806206318,15,True,2.3,,199.0,1e-09,2,150,0.140042,50,50,0.3,2.740333,1.240191,9999,1,0.01,0.05,False,0.299497,0.579228,20
1924,reentrant_bowtie,auxetic,True,-0.12905201340948697,-0.23818261148091605,0.6396070796702593,150,True,21.87,,199.0,1e-09,2,150,0.102661,50,50,0.3,3.557685,1.101565,9999,1,0.01,0.05,False,0.315645,0.505954,20
1925,reentrant_bowtie,auxetic,True,-0.09358361896212179,-0.7359321737822396,0.7355428134485441,37,True,5.53,,199.0,1e-09,2,150,0.079004,50,50,0.3,3.546321,1.121856,9999,1,0.01,0.05,False,0.380093,0.573529,20
1926,reentrant_bowtie,auxetic,True,-0.05950505070379571,-0.18602782797775474,0.9667318425162885,150,True,20.32,,199.0,1e-09,2,150,0.102211,50,50,0.3,2.83465,1.12882,9999,1,0.01,0.05,False,0.367442,0.539735,20
1927,reentrant_bowtie,auxetic,True,-0.08592777027078578,-1.6272615332644094,0.7408350668144591,44,True,6.16,,199.0,1e-09,2,150,0.132815,50,50,0.3,3.42479,1.121513,9999,1,0.01,0.05,False,0.347289,0.562448,20
1928,reentrant_bowtie,auxetic,True,-0.08666734743259025,-1.1732444053202347,0.7659280562603132,45,True,6.67,,199.0,1e-09,2,150,0.076447,50,50,0.3,3.058971,1.232884,9999,1,0.01,0.05,False,0.293702,0.544563,20
1929,reentrant_bowtie,auxetic,True,-0.46873763927206624,-0.2932250304513998,0.4655991341570622,60,True,8.68,,199.0,1e-09,2,150,0.143079,50,50,0.3,3.457455,1.211657,9999,1,0.01,0.05,False,0.34142,0.519688,20
1930,reentrant_bowtie,auxetic,True,-0.22651722786715556,-0.2938518587168018,0.5233481547409694,150,True,22.37,,199.0,1e-09,2,150,0.139139,50,50,0.3,2.7634,1.167395,9999,1,0.01,0.05,False,0.3133,0.509389,20
1931,reentrant_bowtie,auxetic,True,-0.16152770848390088,-0.31565071779905424,0.9230538282921765,65,True,8.42,,199.0,1e-09,2,150,0.077463,50,50,0.3,2.902682,1.174067,9999,1,0.01,0.05,False,0.368993,0.533004,20
1932,reentrant_bowtie,auxetic,True,-0.07171650607471006,-1.5962906843178106,0.8110705511870008,60,True,8.59,,199.0,1e-09,2,150,0.108916,50,50,0.3,3.162351,1.230382,9999,1,0.01,0.05,False,0.288918,0.556211,20
1933,reentrant_bowtie,auxetic,True,-3.859924059002955e-12,-0.08318794236004355,1.2351197143202128,17,True,2.04,,199.0,1e-09,2,150,0.106851,50,50,0.3,2.839346,1.216812,9999,1,0.01,0.05,False,0.351205,0.566348,20
1934,reentrant_bowtie,auxetic,True,-0.25751541610825757,-0.45313510908102483,0.4085477566284502,47,True,7.35,,199.0,1e-09,2,150,0.119269,50,50,0.3,3.086511,1.065869,9999,1,0.01,0.05,False,0.338798,0.500166,20
1935,reentrant_bowtie,auxetic,True,-0.0664107993788164,-1.5839815735285938,0.8176482579654918,36,True,5.33,,199.0,1e-09,2,150,0.126124,50,50,0.3,3.097268,1.129232,9999,1,0.01,0.05,False,0.362891,0.548533,20
1936,reentrant_bowtie,auxetic,True,-0.16406900244925127,-0.23316121402652565,0.6779706950672912,150,True,20.29,,199.0,1e-09,2,150,0.10675,50,50,0.3,2.874293,1.145697,9999,1,0.01,0.05,False,0.375202,0.523748,20
1937,reentrant_bowtie,auxetic,True,-0.13082071047306756,-0.24770816817610528,0.6540795935831794,150,True,19.39,,199.0,1e-09,2,150,0.131541,50,50,0.3,2.977787,1.161702,9999,1,0.01,0.05,False,0.327856,0.527424,20
1938,reentrant_bowtie,auxetic,True,9.98396278638511e-12,0.2306108990441037,1.2071471033429275,15,True,1.95,,199.0,1e-09,2,150,0.14016,50,50,0.3,3.427432,1.064279,9999,1,0.01,0.05,False,0.345232,0.580418,20
1939,reentrant_bowtie,auxetic,True,2.424022479999789e-11,0.5050787143191381,1.2694332929286598,21,True,3.32,,199.0,1e-09,2,150,0.077748,50,50,0.3,2.63841,1.136775,9999,1,0.01,0.05,False,0.36279,0.566591,20
1940,reentrant_bowtie,auxetic,True,-0.24207858684840994,-0.35359559561881493,0.45630275229899353,150,True,20.66,,199.0,1e-09,2,150,0.106138,50,50,0.3,2.68992,1.111718,9999,1,0.01,0.05,False,0.354396,0.529239,20
1941,reentrant_bowtie,auxetic,True,-0.4806385087148878,-0.29101883625119934,0.44742442338723065,65,True,9.41,,199.0,1e-09,2,150,0.132368,50,50,0.3,3.392193,1.211033,9999,1,0.01,0.05,False,0.335264,0.520862,20
1942,reentrant_bowtie,auxetic,True,-0.07336765246386069,-2.0328885376881183,0.8258223445172852,150,True,19.2,,199.0,1e-09,2,150,0.131945,50,50,0.3,3.532912,1.17778,9999,1,0.01,0.05,False,0.343269,0.547559,20
1943,reentrant_bowtie,auxetic,True,-0.2669282509791739,-0.7115527044984742,0.42793048960595376,131,True,16.99,,199.0,1e-09,2,150,0.126648,50,50,0.3,3.385243,1.127719,9999,1,0.01,0.05,False,0.317782,0.530842,20
1944,reentrant_bowtie,auxetic,True,-3.353431733704103e-12,-0.07843866005426756,1.1684257605696886,19,True,2.62,,199.0,1e-09,2,150,0.086997,50,50,0.3,2.878682,1.065299,9999,1,0.01,0.05,False,0.309178,0.554781,20
1945,reentrant_bowtie,auxetic,True,-0.12338232493054546,-0.8016040603768132,0.6990609122378053,150,True,22.13,,199.0,1e-09,2,150,0.076853,50,50,0.3,3.518167,1.191843,9999,1,0.01,0.05,False,0.350955,0.572436,20
1946,reentrant_bowtie,auxetic,True,-0.1134271366890585,-0.15471844688183453,0.6448563799201747,50,True,5.5,,199.0,1e-09,2,150,0.099737,50,50,0.3,3.021698,1.218546,9999,1,0.01,0.05,False,0.300672,0.513891,20
1947,reentrant_bowtie,auxetic,True,3.0794054913705364e-11,0.6385887013737904,1.2799086466142637,16,True,2.28,,199.0,1e-09,2,150,0.133119,50,50,0.3,2.606395,1.125313,9999,1,0.01,0.05,False,0.292524,0.578893,20
1948,reentrant_bowtie,auxetic,True,-0.08486400343142352,-1.3539916951534963,0.7584958993407875,150,True,21.25,,199.0,1e-09,2,150,0.078489,50,50,0.3,3.077449,1.084713,9999,1,0.01,0.05,False,0.320263,0.548986,20
1949,reentrant_bowtie,auxetic,True,-0.06666021876938029,-0.9208143674331772,0.8312892555748541,150,True,19.79,,199.0,1e-09,2,150,0.08722,50,50,0.3,3.231936,1.091264,9999,1,0.01,0.05,False,0.315491,0.574322,20
1950,reentrant_bowtie,auxetic,True,-0.17020848149894868,-0.5983761590538755,0.46936157632768005,50,True,6.82,,199.0,1e-09,2,150,0.142745,50,50,0.3,3.519537,1.115306,9999,1,0.01,0.05,False,0.329396,0.538547,20
1951,reentrant_bowtie,auxetic,True,-0.23235726272858895,-0.41732816773055403,0.5231179196637983,150,True,20.94,,199.0,1e-09,2,150,0.123854,50,50,0.3,2.955024,1.152731,9999,1,0.01,0.05,False,0.333547,0.506896,20
1952,reentrant_bowtie,auxetic,True,-0.2637921042374853,-0.36949611629920237,0.4724210507336781,50,True,7.12,,199.0,1e-09,2,150,0.122111,50,50,0.3,2.784834,1.10394,9999,1,0.01,0.05,False,0.363472,0.52448,20
1953,reentrant_bowtie,auxetic,True,-0.15274896783011507,-0.4590493995578477,0.5244316911610529,37,True,4.83,,199.0,1e-09,2,150,0.143096,50,50,0.3,3.540819,1.173178,9999,1,0.01,0.05,False,0.338216,0.539848,20
1954,reentrant_bowtie,auxetic,True,-0.11875861595399909,-0.19000207661279905,0.6259447877396562,127,True,17.0,,199.0,1e-09,2,150,0.122351,50,50,0.3,2.590324,1.172594,9999,1,0.01,0.05,False,0.307037,0.544473,20
1955,reentrant_bowtie,auxetic,True,-0.04626274551867951,-1.4301992697835868,0.9178083641972503,30,True,4.19,,199.0,1e-09,2,150,0.0952,50,50,0.3,3.00567,1.241534,9999,1,0.01,0.05,False,0.380351,0.565179,20
1956,reentrant_bowtie,auxetic,True,-0.24285263361901982,-0.3302834174675868,0.5318046949408544,150,True,21.58,,199.0,1e-09,2,150,0.109624,50,50,0.3,3.485416,1.122652,9999,1,0.01,0.05,False,0.356296,0.511142,20
1957,reentrant_bowtie,auxetic,True,-0.04837511015552411,-1.5538527498331083,0.9338460500982332,33,True,4.96,,199.0,1e-09,2,150,0.102357,50,50,0.3,3.141034,1.099386,9999,1,0.01,0.05,False,0.283906,0.571246,20
1958,reentrant_bowtie,auxetic,True,-0.45168055541982544,-0.32611369676421065,0.44887398663420064,129,True,18.27,,199.0,1e-09,2,150,0.104119,50,50,0.3,3.088238,1.126751,9999,1,0.01,0.05,False,0.344443,0.524075,20
1959,reentrant_bowtie,auxetic,True,-0.06186763076210687,-0.3664714403387668,0.859969624558852,150,True,19.47,,199.0,1e-09,2,150,0.127866,50,50,0.3,2.84124,1.09712,9999,1,0.01,0.05,False,0.340169,0.535253,20
1960,reentrant_bowtie,auxetic,True,-0.2851137911339836,-0.49569991241736827,0.44594373758665695,150,True,20.76,,199.0,1e-09,2,150,0.099513,50,50,0.3,3.192032,1.236827,9999,1,0.01,0.05,False,0.357593,0.500788,20
1961,reentrant_bowtie,auxetic,True,-0.04466159827551057,-0.1689177915656164,0.9119730648238762,49,True,7.1,,199.0,1e-09,2,150,0.082285,50,50,0.3,2.742345,1.152941,9999,1,0.01,0.05,False,0.375737,0.543004,20
1962,reentrant_bowtie,auxetic,True,-0.037382827678329573,-0.8963956519491102,1.0032274223008741,150,True,17.81,,199.0,1e-09,2,150,0.134983,50,50,0.3,3.19504,1.234604,9999,1,0.01,0.05,False,0.365751,0.569163,20
1963,reentrant_bowtie,auxetic,True,1.8947307927949153e-11,0.3723567523695975,1.2437383983184818,16,True,2.45,,199.0,1e-09,2,150,0.131017,50,50,0.3,2.754957,1.178952,9999,1,0.01,0.05,False,0.286301,0.564842,20
1964,reentrant_bowtie,auxetic,True,-0.18596441069237854,-0.7196632523862523,0.4863089457981862,58,True,8.29,,199.0,1e-09,2,150,0.090704,50,50,0.3,3.439113,1.089996,9999,1,0.01,0.05,False,0.34091,0.551057,20
1965,reentrant_bowtie,auxetic,True,-0.20481593573877876,-0.3441610968485196,0.5249467899368613,150,True,21.87,,199.0,1e-09,2,150,0.127208,50,50,0.3,2.695444,1.158969,9999,1,0.01,0.05,False,0.327051,0.502927,20
1966,reentrant_bowtie,auxetic,True,-0.09885477224822643,-1.5289758900926629,0.6668422508122327,61,True,8.83,,199.0,1e-09,2,150,0.095916,50,50,0.3,3.378168,1.111364,9999,1,0.01,0.05,False,0.362967,0.55222,20
1967,reentrant_bowtie,auxetic,True,-0.06683555447850763,-1.506959144564633,0.7944857293909339,45,True,6.69,,199.0,1e-09,2,150,0.141932,50,50,0.3,3.196746,1.21303,9999,1,0.01,0.05,False,0.312268,0.546538,20
1968,reentrant_bowtie,auxetic,True,-0.43737362358322734,-0.2834410037707189,0.4801616805188411,48,True,6.65,,199.0,1e-09,2,150,0.114241,50,50,0.3,3.534675,1.141339,9999,1,0.01,0.05,False,0.308077,0.516164,20
1969,reentrant_bowtie,auxetic,True,2.1224070159157236e-11,0.40434320363308185,1.321174145268041,18,True,2.27,,199.0,1e-09,2,150,0.098593,50,50,0.3,2.616031,1.085282,9999,1,0.01,0.05,False,0.302991,0.571937,20
1970,reentrant_bowtie,auxetic,True,-0.2724099455522335,-0.3591942288834711,0.4092292806325005,54,True,7.14,,199.0,1e-09,2,150,0.099892,50,50,0.3,2.569316,1.069994,9999,1,0.01,0.05,False,0.305843,0.528152,20
1971,reentrant_bowtie,auxetic,True,-0.08903815352807166,-1.085925168655851,0.7023309351689437,150,True,21.71,,199.0,1e-09,2,150,0.108137,50,50,0.3,3.53997,1.093152,9999,1,0.01,0.05,False,0.370059,0.572688,20
1972,reentrant_bowtie,auxetic,True,-4.934160269084528e-12,-0.11076700385286221,1.2328423318839685,17,True,2.56,,199.0,1e-09,2,150,0.10996,50,50,0.3,2.926668,1.061066,9999,1,0.01,0.05,False,0.330546,0.576056,20
1973,reentrant_bowtie,auxetic,True,-0.547779068795966,-0.3269617900859725,0.46232674737478996,150,True,18.04,,199.0,1e-09,2,150,0.097051,50,50,0.3,3.592766,1.238142,9999,1,0.01,0.05,False,0.302675,0.526383,20
1974,reentrant_bowtie,auxetic,True,-0.17909184962194,-0.7363142825184281,0.5308916513076618,59,True,8.35,,199.0,1e-09,2,150,0.090926,50,50,0.3,3.569344,1.118964,9999,1,0.01,0.05,False,0.321069,0.557186,20
1975,reentrant_bowtie,auxetic,True,-0.06196670644281761,-1.6027274484600265,0.8324286045541581,33,True,4.95,,199.0,1e-09,2,150,0.081112,50,50,0.3,3.058105,1.089082,9999,1,0.01,0.05,False,0.356872,0.56005,20
1976,reentrant_bowtie,auxetic,True,-0.08816566919662329,-1.1727108194514233,0.7295671067842198,150,True,22.07,,199.0,1e-09,2,150,0.079118,50,50,0.3,3.504948,1.129063,9999,1,0.01,0.05,False,0.288329,0.57526,20
1977,reentrant_bowtie,auxetic,True,-0.8281888320283084,-0.48812256364672246,0.26211987049583285,115,True,15.81,,199.0,1e-09,2,150,0.120343,50,50,0.3,3.556668,1.203347,9999,1,0.01,0.05,False,0.297412,0.526816,20
1978,reentrant_bowtie,auxetic,True,-0.41964361421882235,-0.2793061682035968,0.5197708386961333,32,True,4.66,,199.0,1e-09,2,150,0.137861,50,50,0.3,3.447396,1.107341,9999,1,0.01,0.05,False,0.371004,0.516619,20
1979,reentrant_bowtie,auxetic,True,1.1588931412612731e-11,0.2333799307123542,1.261929950882692,15,True,1.66,,199.0,1e-09,2,150,0.139753,50,50,0.3,2.814949,1.155921,9999,1,0.01,0.05,False,0.359493,0.576764,20
1980,reentrant_bowtie,auxetic,True,-0.09490195905308942,-1.3729295809881077,0.7043711041452664,59,True,8.93,,199.0,1e-09,2,150,0.143975,50,50,0.3,3.292845,1.136845,9999,1,0.01,0.05,False,0.30847,0.554568,20
1981,reentrant_bowtie,auxetic,True,-0.27626056596866894,-0.4740648102682717,0.5123248945742142,150,True,21.29,,199.0,1e-09,2,150,0.09452,50,50,0.3,2.603684,1.183752,9999,1,0.01,0.05,False,0.311316,0.503957,20
1982,reentrant_bowtie,auxetic,True,-0.13337791532787974,-0.20488726929269271,0.6674270720352795,150,True,20.67,,199.0,1e-09,2,150,0.104907,50,50,0.3,2.835879,1.083453,9999,1,0.01,0.05,False,0.37895,0.524349,20
1983,reentrant_bowtie,auxetic,True,-0.45391973068208674,-0.28933435938079893,0.44384566162353467,37,True,5.17,,199.0,1e-09,2,150,0.081683,50,50,0.3,3.500958,1.076885,9999,1,0.01,0.05,False,0.368351,0.53272,20
1984,reentrant_bowtie,auxetic,True,-0.1130780243862388,-1.4706989129967436,0.669327705780989,99,True,12.56,,199.0,1e-09,2,150,0.093803,50,50,0.3,3.332402,1.215989,9999,1,0.01,0.05,False,0.291601,0.544853,20
1985,reentrant_bowtie,auxetic,True,-0.12931661971750355,-0.16771423811585295,0.6445521772379528,72,True,9.27,,199.0,1e-09,2,150,0.102552,50,50,0.3,2.840326,1.161477,9999,1,0.01,0.05,False,0.30594,0.52167,20
1986,reentrant_bowtie,auxetic,True,-0.093337082419701,-1.402429365050898,0.7270366702963026,37,True,5.27,,199.0,1e-09,2,150,0.13578,50,50,0.3,3.319348,1.201861,9999,1,0.01,0.05,False,0.298608,0.553532,20
1987,reentrant_bowtie,auxetic,True,-0.04490359885580571,-1.1355914139503274,0.9220941673395807,35,True,4.14,,199.0,1e-09,2,150,0.141415,50,50,0.3,2.968993,1.221939,9999,1,0.01,0.05,False,0.324186,0.546926,20
1988,reentrant_bowtie,auxetic,True,-0.08856165373258007,-1.599031751634117,0.73825064537745,60,True,7.91,,199.0,1e-09,2,150,0.109694,50,50,0.3,3.203898,1.228092,9999,1,0.01,0.05,False,0.327624,0.548092,20
1989,reentrant_bowtie,auxetic,True,2.595578309170906e-11,0.5343420258926769,1.2696237279722706,19,True,2.92,,199.0,1e-09,2,150,0.089144,50,50,0.3,2.698612,1.150741,9999,1,0.01,0.05,False,0.284159,0.565932,20
1990,reentrant_bowtie,auxetic,True,-0.3191079959169997,-0.24518604908477865,0.5637842092757565,150,True,20.81,,199.0,1e-09,2,150,0.114894,50,50,0.3,3.049268,1.206481,9999,1,0.01,0.05,False,0.37421,0.520981,20
1991,reentrant_bowtie,auxetic,True,-0.05239029739874443,-1.7396109207443624,0.8687433724472001,32,True,4.94,,199.0,1e-09,2,150,0.125529,50,50,0.3,3.027727,1.060207,9999,1,0.01,0.05,False,0.301269,0.552307,20
1992,reentrant_bowtie,auxetic,True,-0.0912179801959426,-1.5760201685782513,0.7221685812775918,41,True,5.87,,199.0,1e-09,2,150,0.139945,50,50,0.3,3.316353,1.201544,9999,1,0.01,0.05,False,0.364082,0.545837,20
1993,reentrant_bowtie,auxetic,True,-0.050523833637167434,-1.5028327092256824,0.8725904856113806,39,True,5.23,,199.0,1e-09,2,150,0.128012,50,50,0.3,3.07328,1.135301,9999,1,0.01,0.05,False,0.321936,0.551836,20
1994,reentrant_bowtie,auxetic,True,-0.04404021991420661,-0.1638502575928131,0.9376797019720193,66,True,8.22,,199.0,1e-09,2,150,0.087423,50,50,0.3,2.568109,1.175475,9999,1,0.01,0.05,False,0.317307,0.564214,20
1995,reentrant_bowtie,auxetic,True,-0.27298784080380145,-0.4499712666977811,0.39520334790432354,52,True,7.03,,199.0,1e-09,2,150,0.121487,50,50,0.3,2.783218,1.06551,9999,1,0.01,0.05,False,0.331658,0.504661,20
1996,reentrant_bowtie,auxetic,True,-0.20133358874790794,-0.2385268463989595,0.5322213328180315,150,True,20.58,,199.0,1e-09,2,150,0.138431,50,50,0.3,2.629708,1.194175,9999,1,0.01,0.05,False,0.325657,0.507542,20
1997,reentrant_bowtie,auxetic,True,-0.2802161417695919,-0.38267406175340213,0.5104714959086077,72,True,8.9,,199.0,1e-09,2,150,0.141094,50,50,0.3,2.775022,1.220909,9999,1,0.01,0.05,False,0.357792,0.510282,20
1998,reentrant_bowtie,auxetic,True,6.459080128526192e-12,0.15998450674843093,1.162996005727134,16,True,2.45,,199.0,1e-09,2,150,0.132981,50,50,0.3,3.160036,1.083694,9999,1,0.01,0.05,False,0.355822,0.553172,20
1999,reentrant_bowtie,auxetic,True,-0.08480105946170347,-1.894697694822885,0.7644554656552377,47,True,7.15,,199.0,1e-09,2,150,0.125977,50,50,0.3,3.25271,1.164988,9999,1,0.01,0.05,False,0.329798,0.554148,20
2000,reentrant_bowtie,auxetic,True,-0.07129223446936742,-1.2605140435969127,0.808306516847363,150,True,21.6,,199.0,1e-09,2,150,0.09905,50,50,0.3,3.092956,1.226604,9999,1,0.01,0.05,False,0.322035,0.551317,20
2001,reentrant_bowtie,auxetic,True,-0.41092276740673944,-0.30242781309845745,0.4435027951632108,57,True,7.48,,199.0,1e-09,2,150,0.121114,50,50,0.3,3.263103,1.081972,9999,1,0.01,0.05,False,0.318651,0.51549,20
2002,reentrant_bowtie,auxetic,True,-0.4614372710665031,-0.3144540849947761,0.45589822627086896,106,True,13.75,,199.0,1e-09,2,150,0.083694,50,50,0.3,3.412037,1.1446,9999,1,0.01,0.05,False,0.344788,0.52644,20
2003,reentrant_bowtie,auxetic,True,-0.26720129010202653,-0.36043131877323104,0.5342072816176522,150,True,20.81,,199.0,1e-09,2,150,0.133674,50,50,0.3,2.86822,1.227296,9999,1,0.01,0.05,False,0.348869,0.514236,20
2004,reentrant_bowtie,auxetic,True,-0.2790222850003635,-0.3802136772915209,0.5092825839706999,86,True,10.16,,199.0,1e-09,2,150,0.094508,50,50,0.3,2.628349,1.24508,9999,1,0.01,0.05,False,0.367789,0.53112,20
2005,reentrant_bowtie,auxetic,True,-0.051713021390138655,-1.2037544355278897,0.8883803511914623,150,True,18.78,,199.0,1e-09,2,150,0.093556,50,50,0.3,3.218917,1.094664,9999,1,0.01,0.05,False,0.295399,0.576476,20
2006,reentrant_bowtie,auxetic,True,-0.03310515303859458,-0.9202089548128825,1.0126175889112654,150,True,21.52,,199.0,1e-09,2,150,0.1398,50,50,0.3,3.093467,1.199357,9999,1,0.01,0.05,False,0.329889,0.56696,20
2007,reentrant_bowtie,auxetic,True,-0.27594643837349203,-0.4310089555429791,0.5250794601684087,150,True,20.44,,199.0,1e-09,2,150,0.136191,50,50,0.3,2.732826,1.21567,9999,1,0.01,0.05,False,0.295231,0.502643,20
2008,reentrant_bowtie,auxetic,True,-0.0007748598681773195,-0.10936332096955857,1.2980566380227927,150,True,22.91,,199.0,1e-09,2,150,0.094352,50,50,0.3,2.667972,1.058089,9999,1,0.01,0.05,False,0.360432,0.558704,20
2009,reentrant_bowtie,auxetic,True,-0.10095721246403964,-0.86275569551203,0.681391240892786,53,True,7.56,,199.0,1e-09,2,150,0.090835,50,50,0.3,3.558824,1.100895,9999,1,0.01,0.05,False,0.313129,0.573832,20
2010,reentrant_bowtie,auxetic,True,-0.3329021821924372,-0.475281244364912,0.37924189857384527,82,True,11.65,,199.0,1e-09,2,150,0.07986,50,50,0.3,2.860266,1.171975,9999,1,0.01,0.05,False,0.335071,0.522565,20
2011,reentrant_bowtie,auxetic,True,-0.06089853513810722,-0.29854344961327606,0.8770253981940942,46,True,6.25,,199.0,1e-09,2,150,0.136626,50,50,0.3,2.917596,1.074229,9999,1,0.01,0.05,False,0.3588,0.536023,20
2012,reentrant_bowtie,auxetic,True,-3.5700681879403126e-12,-0.07918677064244802,1.2093660535184514,18,True,2.6,,199.0,1e-09,2,150,0.104384,50,50,0.3,2.809414,1.106915,9999,1,0.01,0.05,False,0.333981,0.561226,20
2013,reentrant_bowtie,auxetic,True,-0.24504161658685217,-0.3713394073853614,0.4819518039461158,150,True,20.81,,199.0,1e-09,2,150,0.09563,50,50,0.3,2.718034,1.12757,9999,1,0.01,0.05,False,0.292253,0.523398,20
2014,reentrant_bowtie,auxetic,True,-0.10402537210865569,-1.0494884584718989,0.6417534372911395,63,True,9.52,,199.0,1e-09,2,150,0.123371,50,50,0.3,3.403066,1.0908,9999,1,0.01,0.05,False,0.379299,0.549352,20
2015,reentrant_bowtie,auxetic,True,-0.06758434355266951,-0.19920574743779357,0.7966722984055326,150,True,19.29,,199.0,1e-09,2,150,0.113323,50,50,0.3,2.744249,1.119394,9999,1,0.01,0.05,False,0.31248,0.53842,20
2016,reentrant_bowtie,auxetic,True,-0.26247220788613274,-0.3951707060887998,0.4115183951686675,39,True,4.95,,199.0,1e-09,2,150,0.12529,50,50,0.3,2.681835,1.07713,9999,1,0.01,0.05,False,0.302793,0.525488,20
2017,reentrant_bowtie,auxetic,True,-0.17138725987878534,-0.2841819476632423,0.5828975207203694,150,True,22.07,,199.0,1e-09,2,150,0.083839,50,50,0.3,2.890139,1.224222,9999,1,0.01,0.05,False,0.308509,0.50112,20
2018,reentrant_bowtie,auxetic,True,-0.06284635986094202,-1.331561436693978,0.8573160938675185,150,True,20.08,,199.0,1e-09,2,150,0.091942,50,50,0.3,3.383845,1.064415,9999,1,0.01,0.05,False,0.369948,0.579985,20
2019,reentrant_bowtie,auxetic,True,-0.09089730118267683,-1.3953034139875202,0.736173830723939,33,True,4.33,,199.0,1e-09,2,150,0.084787,50,50,0.3,3.19286,1.206279,9999,1,0.01,0.05,False,0.322506,0.557689,20
2020,reentrant_bowtie,auxetic,True,-0.46399813096813314,-0.2736511929037898,0.4843898149977245,75,True,9.99,,199.0,1e-09,2,150,0.078326,50,50,0.3,3.55042,1.174213,9999,1,0.01,0.05,False,0.37683,0.533907,20
2021,reentrant_bowtie,auxetic,True,-0.0586816406553827,-0.16064879452677638,0.7366890418847574,150,True,20.23,,199.0,1e-09,2,150,0.124252,50,50,0.3,3.656287,1.095597,9999,1,0.01,0.05,False,0.336866,0.504388,20
2022,reentrant_bowtie,auxetic,True,-0.037747211515510824,-1.4165553339694839,1.0151366656266896,150,True,19.31,,199.0,1e-09,2,150,0.101108,50,50,0.3,3.143627,1.163592,9999,1,0.01,0.05,False,0.307838,0.582969,20
2023,reentrant_bowtie,auxetic,True,-0.46402849060875734,-0.5156759304920789,0.21243851741924769,150,True,18.46,,199.0,1e-09,2,150,0.08149,50,50,0.3,3.615458,1.089724,9999,1,0.01,0.05,False,0.334657,0.513394,20
2024,reentrant_bowtie,auxetic,True,-0.25092057510403554,-0.36194740429170225,0.4912721299086541,150,True,20.77,,199.0,1e-09,2,150,0.086947,50,50,0.3,3.154263,1.199107,9999,1,0.01,0.05,False,0.285576,0.501756,20
2025,reentrant_bowtie,auxetic,True,-0.08748357578072634,-1.1579937457592273,0.7718238541097784,54,True,7.78,,199.0,1e-09,2,150,0.090519,50,50,0.3,3.20783,1.245889,9999,1,0.01,0.05,False,0.374835,0.562487,20
2026,reentrant_bowtie,auxetic,True,-0.005308062626049759,-0.13885962168457688,1.2445546615843075,150,True,20.0,,199.0,1e-09,2,150,0.109028,50,50,0.3,2.742084,1.161873,9999,1,0.01,0.05,False,0.322268,0.548678,20
2027,reentrant_bowtie,auxetic,True,-0.458250708084197,-0.5374088007768435,0.20638973548016581,150,True,20.72,,199.0,1e-09,2,150,0.084995,50,50,0.3,3.437571,1.123415,9999,1,0.01,0.05,False,0.340313,0.514871,20
2028,reentrant_bowtie,auxetic,True,-0.379039014698294,-0.43591525761163746,0.37110897164255363,150,True,21.02,,199.0,1e-09,2,150,0.08894,50,50,0.3,3.475001,1.169902,9999,1,0.01,0.05,False,0.353697,0.517208,20
2029,reentrant_bowtie,auxetic,True,-0.266021535771685,-0.3830362724874386,0.5259408982285799,150,True,19.66,,199.0,1e-09,2,150,0.109315,50,50,0.3,2.575907,1.132607,9999,1,0.01,0.05,False,0.334871,0.548019,20
2030,reentrant_bowtie,auxetic,True,1.9728087623302266e-11,0.37476141374678534,1.3106030378331706,17,True,2.27,,199.0,1e-09,2,150,0.108799,50,50,0.3,2.696666,1.117609,9999,1,0.01,0.05,False,0.297218,0.567087,20
2031,reentrant_bowtie,auxetic,True,-0.050926200242051196,-0.27919691392423684,0.8815228841787841,30,True,4.48,,199.0,1e-09,2,150,0.133516,50,50,0.3,2.861226,1.147857,9999,1,0.01,0.05,False,0.33591,0.536111,20
2032,reentrant_bowtie,auxetic,True,-0.2931322680856197,-0.41145263849015923,0.4835768081215379,75,True,10.92,,199.0,1e-09,2,150,0.101815,50,50,0.3,2.652932,1.182227,9999,1,0.01,0.05,False,0.345085,0.528424,20
2033,reentrant_bowtie,auxetic,True,-0.36378674938661515,-0.5709821179212182,0.2434787150740797,150,True,20.16,,199.0,1e-09,2,150,0.095681,50,50,0.3,3.098835,1.178207,9999,1,0.01,0.05,False,0.370914,0.531174,20
2034,reentrant_bowtie,auxetic,True,-0.11092185745899426,-0.17773838457183652,0.6815257945596569,150,True,22.38,,199.0,1e-09,2,150,0.141775,50,50,0.3,3.135753,1.110534,9999,1,0.01,0.05,False,0.291401,0.511603,20
2035,reentrant_bowtie,auxetic,True,-0.2896370168756376,-0.42617405512281886,0.47540533123466955,150,True,20.03,,199.0,1e-09,2,150,0.084315,50,50,0.3,2.766368,1.243505,9999,1,0.01,0.05,False,0.375492,0.518481,20
2036,reentrant_bowtie,auxetic,True,-0.283963958808832,-0.366053818765058,0.49056236190358316,150,True,20.31,,199.0,1e-09,2,150,0.076058,50,50,0.3,2.685437,1.234234,9999,1,0.01,0.05,False,0.376036,0.510455,20
2037,reentrant_bowtie,auxetic,True,-0.06667638676807364,-1.2529354429096153,0.8174673926432126,61,True,8.86,,199.0,1e-09,2,150,0.127425,50,50,0.3,3.38055,1.184927,9999,1,0.01,0.05,False,0.34267,0.576195,20
2038,reentrant_bowtie,auxetic,True,-0.043492672757491205,-1.7530756374350758,0.9289212087392377,33,True,3.72,,199.0,1e-09,2,150,0.088727,50,50,0.3,2.957251,1.168798,9999,1,0.01,0.05,False,0.323794,0.551948,20
2039,reentrant_bowtie,auxetic,True,-0.4585133747977113,-0.508593258476807,0.2147725045129345,85,True,10.41,,199.0,1e-09,2,150,0.081308,50,50,0.3,3.170164,1.108848,9999,1,0.01,0.05,False,0.300232,0.525636,20
2040,reentrant_bowtie,auxetic,True,8.861210621266329e-12,0.1824017043677692,1.2265788886604854,16,True,2.44,,199.0,1e-09,2,150,0.120586,50,50,0.3,2.705873,1.216307,9999,1,0.01,0.05,False,0.339281,0.56166,20
2041,reentrant_bowtie,auxetic,True,-0.31498165691249796,-0.6683917518598665,0.3927534769027017,71,True,8.88,,199.0,1e-09,2,150,0.140718,50,50,0.3,3.236278,1.129575,9999,1,0.01,0.05,False,0.372911,0.533976,20
2042,reentrant_bowtie,auxetic,True,-0.1975695508781109,-0.7858028759511936,0.5203817487564049,150,True,21.58,,199.0,1e-09,2,150,0.113806,50,50,0.3,3.600777,1.110206,9999,1,0.01,0.05,False,0.35846,0.555748,20
2043,reentrant_bowtie,auxetic,True,-0.2724544373824503,-0.23870876863917814,0.6062553517592969,150,True,20.58,,199.0,1e-09,2,150,0.097661,50,50,0.3,3.062891,1.18021,9999,1,0.01,0.05,False,0.369193,0.520099,20
2044,reentrant_bowtie,auxetic,True,-0.7803791127552456,-0.5458025910448678,0.21415429853003998,150,True,21.18,,199.0,1e-09,2,150,0.138483,50,50,0.3,3.459354,1.078025,9999,1,0.01,0.05,False,0.326371,0.515937,20
2045,reentrant_bowtie,auxetic,True,-1.8549019112013705e-11,-0.40215886474705187,1.2496963324352728,15,True,1.82,,199.0,1e-09,2,150,0.135503,50,50,0.3,2.848387,1.063916,9999,1,0.01,0.05,False,0.350361,0.563584,20
2046,reentrant_bowtie,auxetic,True,-0.32502082864869464,-0.5597195016039092,0.4475232298349969,150,True,21.03,,199.0,1e-09,2,150,0.07523,50,50,0.3,3.464934,1.214017,9999,1,0.01,0.05,False,0.339863,0.541998,20
2047,reentrant_bowtie,auxetic,True,-0.4278689788665602,-0.263209549778096,0.5254355172482325,150,True,19.42,,199.0,1e-09,2,150,0.130492,50,50,0.3,3.409532,1.197773,9999,1,0.01,0.05,False,0.360883,0.52233,20
2048,reentrant_bowtie,auxetic,True,-0.7988333771085976,-0.4843135514973723,0.2256778124498996,123,True,15.97,,199.0,1e-09,2,150,0.075495,50,50,0.3,3.387056,1.195043,9999,1,0.01,0.05,False,0.354016,0.525431,20
2049,reentrant_bowtie,auxetic,True,-0.20888228766576222,-0.4326415776750149,0.579299078434808,150,True,19.99,,199.0,1e-09,2,150,0.117705,50,50,0.3,3.480196,1.061596,9999,1,0.01,0.05,False,0.368043,0.500306,20
2050,reentrant_bowtie,auxetic,True,-0.05260687856119049,-1.6396284900034317,0.8742558620448319,38,True,5.49,,199.0,1e-09,2,150,0.108282,50,50,0.3,3.069323,1.141909,9999,1,0.01,0.05,False,0.374471,0.556062,20
2051,reentrant_bowtie,auxetic,True,-0.39284980814545667,-0.27779264609687043,0.44488683873043267,57,True,7.37,,199.0,1e-09,2,150,0.120752,50,50,0.3,3.407634,1.071905,9999,1,0.01,0.05,False,0.328608,0.523139,20
2052,reentrant_bowtie,auxetic,True,-0.24377498994144062,-0.31945103304503414,0.430361877070615,150,True,21.6,,199.0,1e-09,2,150,0.08871,50,50,0.3,2.692214,1.097705,9999,1,0.01,0.05,False,0.292407,0.503338,20
2053,reentrant_bowtie,auxetic,True,-0.09763350414444776,-0.15234960776244202,0.6556091272077419,61,True,9.19,,199.0,1e-09,2,150,0.140913,50,50,0.3,3.152043,1.198176,9999,1,0.01,0.05,False,0.321508,0.503902,20
2054,reentrant_bowtie,auxetic,True,-0.09390687124807007,-1.4808532835255985,0.6891537232703935,87,True,11.95,,199.0,1e-09,2,150,0.085221,50,50,0.3,3.224094,1.086051,9999,1,0.01,0.05,False,0.335432,0.547571,20
2055,reentrant_bowtie,auxetic,True,-0.3105894921717032,-0.6520164412679628,0.5493965454632179,64,True,9.38,,199.0,1e-09,2,150,0.074765,50,50,0.3,3.57259,1.210019,9999,1,0.01,0.05,False,0.329145,0.556642,20
2056,reentrant_bowtie,auxetic,True,-0.3076595594932777,-0.48293424871004,0.3880337113484904,44,True,6.59,,199.0,1e-09,2,150,0.115025,50,50,0.3,2.914328,1.062405,9999,1,0.01,0.05,False,0.358708,0.513402,20
2057,reentrant_bowtie,auxetic,True,-0.2723075962673315,-0.6503277391230078,0.49315834879224674,81,True,10.53,,199.0,1e-09,2,150,0.123875,50,50,0.3,3.456199,1.229186,9999,1,0.01,0.05,False,0.319041,0.534216,20
2058,reentrant_bowtie,auxetic,True,-0.04959915587377734,-1.3039189730207368,0.9144561926770649,150,True,20.75,,199.0,1e-09,2,150,0.095475,50,50,0.3,3.230752,1.106554,9999,1,0.01,0.05,False,0.321588,0.583635,20
2059,reentrant_bowtie,auxetic,True,-0.05228930329006529,-0.22528302925228755,0.903674527179769,39,True,5.58,,199.0,1e-09,2,150,0.134509,50,50,0.3,2.74825,1.084182,9999,1,0.01,0.05,False,0.317014,0.539345,20
2060,reentrant_bowtie,auxetic,True,-0.09062576623752952,-1.428911994440384,0.7390988720869269,52,True,7.54,,199.0,1e-09,2,150,0.123484,50,50,0.3,3.630748,1.137925,9999,1,0.01,0.05,False,0.291993,0.559633,20
2061,reentrant_bowtie,auxetic,True,-0.799272617823447,-0.5258882126592226,0.275705421239012,150,True,19.01,,199.0,1e-09,2,150,0.077172,50,50,0.3,3.441923,1.110623,9999,1,0.01,0.05,False,0.309979,0.53349,20
2062,reentrant_bowtie,auxetic,True,-0.5066981282744942,-0.29087272612546977,0.4418381934098622,91,True,12.81,,199.0,1e-09,2,150,0.076722,50,50,0.3,3.348732,1.245494,9999,1,0.01,0.05,False,0.353298,0.523559,20
2063,reentrant_bowtie,auxetic,True,-0.047250073307320554,-1.5639495943603674,0.9526819749901962,150,True,20.77,,199.0,1e-09,2,150,0.144099,50,50,0.3,3.240192,1.134501,9999,1,0.01,0.05,False,0.355284,0.572865,20
2064,reentrant_bowtie,auxetic,True,-0.19529086556382405,-0.2269709302884482,0.5309762323482987,150,True,21.56,,199.0,1e-09,2,150,0.135144,50,50,0.3,2.665327,1.168173,9999,1,0.01,0.05,False,0.332468,0.505332,20
2065,reentrant_bowtie,auxetic,True,-0.1260270495539478,-0.19967842917798329,0.6330438671515073,150,True,20.54,,199.0,1e-09,2,150,0.091103,50,50,0.3,3.260187,1.125705,9999,1,0.01,0.05,False,0.300518,0.509198,20
2066,reentrant_bowtie,auxetic,True,-0.06871186312247787,-0.1929220800280901,0.8084622304286841,30,True,4.42,,199.0,1e-09,2,150,0.128211,50,50,0.3,2.637237,1.217078,9999,1,0.01,0.05,False,0.364858,0.54826,20
2067,reentrant_bowtie,auxetic,True,-0.8124047092525021,-0.52919429739236,0.25087217874277357,76,True,10.0,,199.0,1e-09,2,150,0.117579,50,50,0.3,3.564187,1.186172,9999,1,0.01,0.05,False,0.300941,0.529368,20
2068,reentrant_bowtie,auxetic,True,-0.5019744325603278,-0.3244266444966684,0.48514905865886737,88,True,12.05,,199.0,1e-09,2,150,0.099216,50,50,0.3,3.363911,1.187771,9999,1,0.01,0.05,False,0.367023,0.531499,20
2069,reentrant_bowtie,auxetic,True,-0.09476848085669301,-0.23079611927150592,0.7273734702394805,32,True,4.85,,199.0,1e-09,2,150,0.116395,50,50,0.3,2.746726,1.094044,9999,1,0.01,0.05,False,0.34557,0.535942,20
2070,reentrant_bowtie,auxetic,True,-0.3725365059990006,-0.3001119330759709,0.5296605990906972,150,True,20.29,,199.0,1e-09,2,150,0.102869,50,50,0.3,3.578579,1.218866,9999,1,0.01,0.05,False,0.365016,0.505161,20
2071,reentrant_bowtie,auxetic,True,-0.04570809688231903,-0.17769014246957293,0.9124316366811385,107,True,15.22,,199.0,1e-09,2,150,0.105577,50,50,0.3,2.752194,1.225064,9999,1,0.01,0.05,False,0.303296,0.542284,20
2072,reentrant_bowtie,auxetic,True,-0.04486623402680923,-0.5124938598357431,0.9165057658183515,150,True,20.31,,199.0,1e-09,2,150,0.106881,50,50,0.3,2.912236,1.090411,9999,1,0.01,0.05,False,0.343699,0.53694,20
2073,reentrant_bowtie,auxetic,True,-0.4519153452599207,-0.29188413146490455,0.44461048760402144,78,True,9.59,,199.0,1e-09,2,150,0.142208,50,50,0.3,3.495391,1.142379,9999,1,0.01,0.05,False,0.288609,0.520261,20
2074,reentrant_bowtie,auxetic,True,-0.09628745706349871,-1.2616825136022052,0.7192940924748106,150,True,21.21,,199.0,1e-09,2,150,0.1196,50,50,0.3,3.645403,1.08712,9999,1,0.01,0.05,False,0.377166,0.567921,20
2075,reentrant_bowtie,auxetic,True,-0.10451315593982644,-1.4638377529762598,0.6930166535756795,48,True,6.66,,199.0,1e-09,2,150,0.131771,50,50,0.3,3.351048,1.231011,9999,1,0.01,0.05,False,0.35793,0.550815,20
2076,reentrant_bowtie,auxetic,True,-0.19385074307979008,-0.6741021062889331,0.4630924622201186,92,True,13.61,,199.0,1e-09,2,150,0.130247,50,50,0.3,3.525023,1.086228,9999,1,0.01,0.05,False,0.351541,0.543293,20
2077,reentrant_bowtie,auxetic,True,-0.044009667425929974,-1.6558506386695009,0.926920530372739,33,True,4.81,,199.0,1e-09,2,150,0.079813,50,50,0.3,3.123285,1.120069,9999,1,0.01,0.05,False,0.34427,0.56946,20
2078,reentrant_bowtie,auxetic,True,-0.03726801515828503,-1.3916691272412478,1.0133646123434674,30,True,4.24,,199.0,1e-09,2,150,0.106198,50,50,0.3,3.130322,1.20068,9999,1,0.01,0.05,False,0.3631,0.584831,20
2079,reentrant_bowtie,auxetic,True,-0.034718980893652926,-0.9037370024694669,1.0362226480939438,150,True,21.68,,199.0,1e-09,2,150,0.134334,50,50,0.3,3.278457,1.204281,9999,1,0.01,0.05,False,0.294679,0.583167,20
2080,reentrant_bowtie,auxetic,True,-0.2686226605818031,-0.445263045993941,0.38992212431298323,73,True,10.16,,199.0,1e-09,2,150,0.123648,50,50,0.3,2.896125,1.06664,9999,1,0.01,0.05,False,0.348081,0.50376,20
2081,reentrant_bowtie,auxetic,True,-0.12122284730957994,-0.19850587315279294,0.6206117261560519,51,True,6.94,,199.0,1e-09,2,150,0.139664,50,50,0.3,2.649219,1.16019,9999,1,0.01,0.05,False,0.326588,0.537575,20
2082,reentrant_bowtie,auxetic,True,-0.4735976299167519,-0.2945507000866322,0.4667378645038053,40,True,5.76,,199.0,1e-09,2,150,0.101455,50,50,0.3,3.614016,1.218319,9999,1,0.01,0.05,False,0.377262,0.521769,20
2083,reentrant_bowtie,auxetic,True,-0.04030511488185289,-0.9151544429388039,0.9860643343805282,150,True,19.77,,199.0,1e-09,2,150,0.130809,50,50,0.3,3.312962,1.242552,9999,1,0.01,0.05,False,0.326939,0.581347,20
2084,reentrant_bowtie,auxetic,True,-0.08609780585140477,-1.0447714863252406,0.764111442537867,47,True,6.28,,199.0,1e-09,2,150,0.075475,50,50,0.3,3.515323,1.1569,9999,1,0.01,0.05,False,0.295609,0.566205,20
2085,reentrant_bowtie,auxetic,True,-0.05812972762008574,-1.0253370685705436,0.8734886088626816,150,True,21.65,,199.0,1e-09,2,150,0.143358,50,50,0.3,3.329398,1.201259,9999,1,0.01,0.05,False,0.35219,0.563349,20
2086,reentrant_bowtie,auxetic,True,-0.05312587062765767,-1.2432428253559318,0.8834399617779335,150,True,19.35,,199.0,1e-09,2,150,0.089492,50,50,0.3,3.033841,1.218139,9999,1,0.01,0.05,False,0.37876,0.557008,20
2087,reentrant_bowtie,auxetic,True,-0.17063052651496155,-0.21793130826841875,0.6010076840915851,59,True,8.39,,199.0,1e-09,2,150,0.135959,50,50,0.3,2.570869,1.126983,9999,1,0.01,0.05,False,0.3739,0.540796,20
2088,reentrant_bowtie,auxetic,True,8.89689871585065e-12,0.2153032336023435,1.134923613880336,28,True,4.17,,199.0,1e-09,2,150,0.134438,50,50,0.3,3.593889,1.149136,9999,1,0.01,0.05,False,0.287573,0.581067,20
2089,reentrant_bowtie,auxetic,True,-0.05944733719324875,-0.7556122436961566,0.8584171491171686,150,True,22.06,,199.0,1e-09,2,150,0.123263,50,50,0.3,3.024431,1.175911,9999,1,0.01,0.05,False,0.320319,0.538091,20
2090,reentrant_bowtie,auxetic,True,-0.06401914403134146,-0.18447177580699275,0.8103949999350242,150,True,17.69,,199.0,1e-09,2,150,0.140835,50,50,0.3,2.590106,1.093255,9999,1,0.01,0.05,False,0.328849,0.552606,20
2091,reentrant_bowtie,auxetic,True,-0.24862606535323484,-0.49454667330953483,0.5196624111360738,150,True,19.54,,199.0,1e-09,2,150,0.129058,50,50,0.3,2.704469,1.213269,9999,1,0.01,0.05,False,0.3221,0.499918,20
2092,reentrant_bowtie,auxetic,True,-0.050587852197204325,-1.4405732338089114,0.8937307210398919,43,True,7.31,,199.0,1e-09,2,150,0.134737,50,50,0.3,2.846299,1.13759,9999,1,0.01,0.05,False,0.381394,0.548962,20
2093,reentrant_bowtie,auxetic,True,-0.3072359996277468,-0.2397717502508416,0.5999660216773091,99,True,14.61,,199.0,1e-09,2,150,0.100267,50,50,0.3,3.632809,1.188401,9999,1,0.01,0.05,False,0.323621,0.504846,20
2094,reentrant_bowtie,auxetic,True,-0.088026959898794,-1.851549188752425,0.7280532042166595,150,True,20.43,,199.0,1e-09,2,150,0.118004,50,50,0.3,3.560201,1.116098,9999,1,0.01,0.05,False,0.311763,0.555588,20
2095,reentrant_bowtie,auxetic,True,-0.1285207871254449,-0.1971930405454793,0.6540996068931101,150,True,19.8,,199.0,1e-09,2,150,0.088505,50,50,0.3,3.15758,1.219789,9999,1,0.01,0.05,False,0.300416,0.514558,20
2096,reentrant_bowtie,auxetic,True,9.043297134228718e-12,0.17889260927526257,1.1696119254969881,33,True,4.87,,199.0,1e-09,2,150,0.077675,50,50,0.3,3.141967,1.131693,9999,1,0.01,0.05,False,0.359031,0.581773,20
2097,reentrant_bowtie,auxetic,True,-0.24068251622004064,-0.35934703117892386,0.45762213596376344,150,True,20.77,,199.0,1e-09,2,150,0.1199,50,50,0.3,2.798807,1.124502,9999,1,0.01,0.05,False,0.371558,0.507814,20
2098,reentrant_bowtie,auxetic,True,-0.09082775201283937,-0.1833988339553244,0.7127478190501544,150,True,20.94,,199.0,1e-09,2,150,0.107332,50,50,0.3,2.564807,1.154845,9999,1,0.01,0.05,False,0.334191,0.554421,20
2099,reentrant_bowtie,auxetic,True,-0.4270572986857408,-0.5794517356982103,0.22462106854463504,150,True,21.25,,199.0,1e-09,2,150,0.085855,50,50,0.3,3.624668,1.093515,9999,1,0.01,0.05,False,0.325226,0.529745,20
2100,reentrant_bowtie,auxetic,True,-0.09745868295372376,-1.284505109894076,0.716441195032608,98,True,13.45,,199.0,1e-09,2,150,0.103267,50,50,0.3,3.175965,1.245455,9999,1,0.01,0.05,False,0.33452,0.55685,20
2101,reentrant_bowtie,auxetic,True,-0.5005122619383545,-0.319732856850253,0.496010035702684,59,True,7.3,,199.0,1e-09,2,150,0.08733,50,50,0.3,3.596525,1.120322,9999,1,0.01,0.05,False,0.359781,0.540525,20
2102,reentrant_bowtie,auxetic,True,-0.06493529301366158,-1.6148154590532398,0.849701169882779,150,True,21.78,,199.0,1e-09,2,150,0.112354,50,50,0.3,3.204533,1.162647,9999,1,0.01,0.05,False,0.349867,0.5608,20
2103,reentrant_bowtie,auxetic,True,-0.04520257464737548,-1.6103467737872468,0.9083769005630343,41,True,5.22,,199.0,1e-09,2,150,0.136393,50,50,0.3,3.008586,1.122185,9999,1,0.01,0.05,False,0.360361,0.552753,20
2104,reentrant_bowtie,auxetic,True,-0.0733743497872216,-1.3015428320393712,0.8041437456371037,150,True,21.13,,199.0,1e-09,2,150,0.086371,50,50,0.3,3.099937,1.214438,9999,1,0.01,0.05,False,0.299123,0.554322,20
2105,reentrant_bowtie,auxetic,True,2.1310953357371037e-11,0.40299510051749265,1.320175651873972,15,True,2.18,,199.0,1e-09,2,150,0.137667,50,50,0.3,2.663143,1.072096,9999,1,0.01,0.05,False,0.289396,0.57021,20
2106,reentrant_bowtie,auxetic,True,-0.13191065363561857,-0.17689654132640548,0.6346820232529851,150,True,20.59,,199.0,1e-09,2,150,0.10067,50,50,0.3,3.156707,1.188686,9999,1,0.01,0.05,False,0.342498,0.511763,20
2107,reentrant_bowtie,auxetic,True,-0.05573447214315467,-0.1855693684052626,0.8526015836980763,34,True,4.32,,199.0,1e-09,2,150,0.08204,50,50,0.3,2.578354,1.221392,9999,1,0.01,0.05,False,0.306742,0.557311,20
2108,reentrant_bowtie,auxetic,True,-0.07665102241909934,-1.1141591765628145,0.7799206089054169,61,True,8.65,,199.0,1e-09,2,150,0.084098,50,50,0.3,3.311816,1.238626,9999,1,0.01,0.05,False,0.301122,0.571361,20
2109,reentrant_bowtie,auxetic,True,-0.08597911859328608,-0.22249475989812134,0.9462091113555073,71,True,10.69,,199.0,1e-09,2,150,0.081952,50,50,0.3,2.82061,1.178574,9999,1,0.01,0.05,False,0.380935,0.539077,20
2110,reentrant_bowtie,auxetic,True,-0.36269270368061823,-0.6682390321470018,0.29477834038724093,150,True,21.76,,199.0,1e-09,2,150,0.083524,50,50,0.3,3.117297,1.157124,9999,1,0.01,0.05,False,0.335752,0.530765,20
2111,reentrant_bowtie,auxetic,True,-0.1258299569939774,-0.2094456815584371,0.6483656030941684,150,True,18.91,,199.0,1e-09,2,150,0.134898,50,50,0.3,2.829299,1.104418,9999,1,0.01,0.05,False,0.367638,0.525842,20
2112,reentrant_bowtie,auxetic,True,1.0820909996433636e-11,0.3044171885852889,1.1163542705820055,28,True,3.08,,199.0,1e-09,2,150,0.128326,50,50,0.3,3.328017,1.167791,9999,1,0.01,0.05,False,0.306943,0.545621,20
2113,reentrant_bowtie,auxetic,True,-0.36026704326465586,-0.59545936021698,0.23027687675504283,150,True,21.2,,199.0,1e-09,2,150,0.096819,50,50,0.3,3.180977,1.149487,9999,1,0.01,0.05,False,0.373049,0.531793,20
2114,reentrant_bowtie,auxetic,True,-0.08645597052826708,-0.9753541547441421,0.7781080755630948,150,True,18.71,,199.0,1e-09,2,150,0.097534,50,50,0.3,3.644313,1.190784,9999,1,0.01,0.05,False,0.371228,0.568883,20
2115,reentrant_bowtie,auxetic,True,-0.11093193898241459,-0.9726590911428361,0.6669617404060659,123,True,17.61,,199.0,1e-09,2,150,0.105926,50,50,0.3,3.168851,1.194624,9999,1,0.01,0.05,False,0.304808,0.538236,20
2116,reentrant_bowtie,auxetic,True,-0.11788772448540859,-0.2042192049745655,0.6588355782827909,150,True,20.18,,199.0,1e-09,2,150,0.107423,50,50,0.3,2.862586,1.063572,9999,1,0.01,0.05,False,0.301991,0.52456,20
2117,reentrant_bowtie,auxetic,True,-0.42570603273209867,-0.2827821590552759,0.5080562306251715,150,True,18.56,,199.0,1e-09,2,150,0.075722,50,50,0.3,3.6105,1.135699,9999,1,0.01,0.05,False,0.324356,0.509501,20
2118,reentrant_bowtie,auxetic,True,-0.28308908047511,-0.41289278021260595,0.5025129483066572,150,True,19.97,,199.0,1e-09,2,150,0.117326,50,50,0.3,2.72336,1.207231,9999,1,0.01,0.05,False,0.332741,0.515588,20
2119,reentrant_bowtie,auxetic,True,-0.5535476791990942,-0.3406108108174047,0.46412039814300887,150,True,20.0,,199.0,1e-09,2,150,0.08028,50,50,0.3,3.433252,1.093958,9999,1,0.01,0.05,False,0.365357,0.539947,20
2120,reentrant_bowtie,auxetic,True,-0.0965155966055014,-1.465710975814961,0.7288755382507823,150,True,21.59,,199.0,1e-09,2,150,0.094212,50,50,0.3,3.653558,1.091596,9999,1,0.01,0.05,False,0.290937,0.567194,20
2121,reentrant_bowtie,auxetic,True,-0.3000917794369725,-0.6630682020502174,0.4459466817098181,53,True,7.86,,199.0,1e-09,2,150,0.126422,50,50,0.3,3.184005,1.214587,9999,1,0.01,0.05,False,0.351904,0.526558,20
2122,reentrant_bowtie,auxetic,True,-0.04756961063277486,-1.2722566231452739,0.9150340392715236,35,True,5.09,,199.0,1e-09,2,150,0.09671,50,50,0.3,3.090127,1.236229,9999,1,0.01,0.05,False,0.303728,0.560882,20
2123,reentrant_bowtie,auxetic,True,-0.06887775099787984,-1.2951751070123196,0.8085236126362338,58,True,8.0,,199.0,1e-09,2,150,0.125731,50,50,0.3,3.367807,1.164223,9999,1,0.01,0.05,False,0.289872,0.575059,20
2124,reentrant_bowtie,auxetic,True,-0.27023367620992145,-0.4380326677681655,0.38244817583304247,111,True,15.8,,199.0,1e-09,2,150,0.081237,50,50,0.3,3.345546,1.113967,9999,1,0.01,0.05,False,0.304984,0.504573,20
2125,reentrant_bowtie,auxetic,True,-0.07467570051621734,-0.9207392628428471,0.7949702166905849,150,True,21.03,,199.0,1e-09,2,150,0.082056,50,50,0.3,3.416505,1.096542,9999,1,0.01,0.05,False,0.316825,0.584493,20
2126,reentrant_bowtie,auxetic,True,-0.8034579121491228,-0.4943269213340224,0.2811337404367311,147,True,19.99,,199.0,1e-09,2,150,0.117135,50,50,0.3,3.591218,1.239663,9999,1,0.01,0.05,False,0.347556,0.532315,20
2127,reentrant_bowtie,auxetic,True,-0.3748658021536882,-0.2781262953052609,0.5313679279385335,85,True,11.92,,199.0,1e-09,2,150,0.116908,50,50,0.3,3.467294,1.232039,9999,1,0.01,0.05,False,0.338683,0.508583,20
2128,reentrant_bowtie,auxetic,True,-0.04299033913280924,-1.3988093348952528,0.9463006659870734,47,True,6.69,,199.0,1e-09,2,150,0.124658,50,50,0.3,2.989285,1.19139,9999,1,0.01,0.05,False,0.33563,0.559454,20
2129,reentrant_bowtie,auxetic,True,-0.044032835454330885,-1.178518414350012,0.9126000719377148,150,True,20.07,,199.0,1e-09,2,150,0.138811,50,50,0.3,2.996661,1.214807,9999,1,0.01,0.05,False,0.361799,0.542882,20
2130,reentrant_bowtie,auxetic,True,-0.04394017187012955,-1.6214662853107888,0.9369725820271645,150,True,21.57,,199.0,1e-09,2,150,0.114031,50,50,0.3,3.047059,1.134073,9999,1,0.01,0.05,False,0.333068,0.563665,20
2131,reentrant_bowtie,auxetic,True,-0.24923390723120298,-0.6791992028416415,0.39157188869320747,53,True,7.76,,199.0,1e-09,2,150,0.131416,50,50,0.3,3.389644,1.066379,9999,1,0.01,0.05,False,0.28686,0.531964,20
2132,reentrant_bowtie,auxetic,True,-0.01030082371477556,-0.19141400793638644,1.2065148473058294,150,True,20.79,,199.0,1e-09,2,150,0.115736,50,50,0.3,2.71369,1.1534,9999,1,0.01,0.05,False,0.303847,0.550605,20
2133,reentrant_bowtie,auxetic,True,-0.07497284351330345,-0.18035161236179634,0.7611830328583937,32,True,3.69,,199.0,1e-09,2,150,0.111143,50,50,0.3,2.885065,1.057776,9999,1,0.01,0.05,False,0.347823,0.5287,20
2134,reentrant_bowtie,auxetic,True,-0.08748947389878857,-1.0091579490192855,0.765746301010152,147,True,20.31,,199.0,1e-09,2,150,0.100406,50,50,0.3,3.052789,1.240831,9999,1,0.01,0.05,False,0.299144,0.540644,20
2135,reentrant_bowtie,auxetic,True,-0.09175133506821802,-1.352708268857096,0.70676510171141,42,True,6.66,,199.0,1e-09,2,150,0.140321,50,50,0.3,3.415203,1.1364,9999,1,0.01,0.05,False,0.327998,0.562837,20
2136,reentrant_bowtie,auxetic,True,-0.04988418657676828,-1.081288573778025,0.9213108279076295,150,True,21.15,,199.0,1e-09,2,150,0.111431,50,50,0.3,3.244311,1.226511,9999,1,0.01,0.05,False,0.361511,0.584583,20
2137,reentrant_bowtie,auxetic,True,6.770943820122823e-12,0.15541700853964885,1.1523034361831495,150,True,17.1,,199.0,1e-09,2,150,0.136078,50,50,0.3,3.585311,1.06288,9999,1,0.01,0.05,False,0.341125,0.573748,20
2138,reentrant_bowtie,auxetic,True,-8.696087277637692e-12,-0.19890792448008954,1.2168707490326633,17,True,2.56,,199.0,1e-09,2,150,0.109266,50,50,0.3,2.990042,1.060732,9999,1,0.01,0.05,False,0.3454,0.56804,20
2139,reentrant_bowtie,auxetic,True,-0.31163972342222424,-0.663005575772042,0.4532381778502691,79,True,11.14,,199.0,1e-09,2,150,0.139001,50,50,0.3,3.081137,1.230057,9999,1,0.01,0.05,False,0.346018,0.526995,20
2140,reentrant_bowtie,auxetic,True,-0.18633148603360886,-0.5276270845446994,0.7476292103292536,150,True,20.6,,199.0,1e-09,2,150,0.077848,50,50,0.3,3.632373,1.183246,9999,1,0.01,0.05,False,0.370713,0.582865,20
2141,reentrant_bowtie,auxetic,True,5.316172607256218e-12,0.12879175511779462,1.140168037848607,24,True,3.48,,199.0,1e-09,2,150,0.113129,50,50,0.3,3.331304,1.177192,9999,1,0.01,0.05,False,0.289624,0.568274,20
2142,reentrant_bowtie,auxetic,True,-0.08906690086074381,-0.15005653627361623,0.6610192077867827,150,True,20.34,,199.0,1e-09,2,150,0.125615,50,50,0.3,2.887712,1.17357,9999,1,0.01,0.05,False,0.302582,0.501389,20
2143,reentrant_bowtie,auxetic,True,-0.08815220884657654,-1.5995672060113675,0.7146160008243692,61,True,6.95,,199.0,1e-09,2,150,0.075644,50,50,0.3,3.217267,1.087349,9999,1,0.01,0.05,False,0.310224,0.555869,20
2144,reentrant_bowtie,auxetic,True,-0.7627182008306902,-0.48922681434545223,0.23290886020409185,150,True,21.83,,199.0,1e-09,2,150,0.076106,50,50,0.3,3.35275,1.240486,9999,1,0.01,0.05,False,0.308866,0.525185,20
2145,reentrant_bowtie,auxetic,True,-6.8341620239173e-12,-0.14610171819774176,1.244295902443274,20,True,3.02,,199.0,1e-09,2,150,0.0826,50,50,0.3,2.868611,1.189161,9999,1,0.01,0.05,False,0.291215,0.578147,20
2146,reentrant_bowtie,auxetic,True,-0.08790893007293661,-0.9549480143566592,0.7596976660516139,150,True,17.93,,199.0,1e-09,2,150,0.078738,50,50,0.3,3.206559,1.064871,9999,1,0.01,0.05,False,0.294595,0.569683,20
2147,reentrant_bowtie,auxetic,True,1.2489324684394519e-11,0.28990261379955445,1.2405629146118704,15,True,2.18,,199.0,1e-09,2,150,0.138698,50,50,0.3,3.032213,1.108526,9999,1,0.01,0.05,False,0.29982,0.581429,20
2148,reentrant_bowtie,auxetic,True,-0.2894327136265092,-0.33401898817844383,0.4461835640333166,84,True,11.84,,199.0,1e-09,2,150,0.097845,50,50,0.3,3.513778,1.242625,9999,1,0.01,0.05,False,0.309495,0.512848,20
2149,reentrant_bowtie,auxetic,True,-0.0954876145642434,-1.5769724410585486,0.6893787829683985,150,True,16.01,,199.0,1e-09,2,150,0.10654,50,50,0.3,3.36964,1.091836,9999,1,0.01,0.05,False,0.289508,0.550029,20
2150,reentrant_bowtie,auxetic,True,-0.28954248214428374,-0.3920527492620674,0.47446644083420275,66,True,8.53,,199.0,1e-09,2,150,0.096502,50,50,0.3,2.772082,1.185293,9999,1,0.01,0.05,False,0.343169,0.518992,20
2151,reentrant_bowtie,auxetic,True,1.145388326303459e-11,0.20949117098224368,1.3247177380622963,17,True,1.97,,199.0,1e-09,2,150,0.110308,50,50,0.3,2.871371,1.123891,9999,1,0.01,0.05,False,0.344203,0.579332,20
2152,reentrant_bowtie,auxetic,True,-0.05423939684152775,-1.3457938355618342,0.8735169546973488,51,True,6.79,,199.0,1e-09,2,150,0.143908,50,50,0.3,3.165869,1.117095,9999,1,0.01,0.05,False,0.362691,0.554676,20
2153,reentrant_bowtie,auxetic,True,-0.2534821427131225,-0.43544120116581153,0.5015613908460037,150,True,16.69,,199.0,1e-09,2,150,0.100363,50,50,0.3,3.023078,1.151416,9999,1,0.01,0.05,False,0.299684,0.502429,20
2154,reentrant_bowtie,auxetic,True,-0.3208251107317671,-0.444012136393364,0.4965222382909651,78,True,10.68,,199.0,1e-09,2,150,0.129757,50,50,0.3,3.44419,1.071649,9999,1,0.01,0.05,False,0.379994,0.50855,20
2155,reentrant_bowtie,auxetic,True,-0.0831633891280376,-1.4882738827993762,0.7395080335944244,77,True,9.77,,199.0,1e-09,2,150,0.122709,50,50,0.3,3.065389,1.067855,9999,1,0.01,0.05,False,0.301345,0.5403,20
2156,reentrant_bowtie,auxetic,True,-0.1970907052506413,-0.17068394633174544,0.6130370607930555,42,True,5.91,,199.0,1e-09,2,150,0.119067,50,50,0.3,2.991611,1.123627,9999,1,0.01,0.05,False,0.287768,0.52194,20
2157,reentrant_bowtie,auxetic,True,-6.001254150631149e-13,-0.013801076121372035,1.244418886139168,18,True,1.7,,199.0,1e-09,2,150,0.098953,50,50,0.3,3.06596,1.120788,9999,1,0.01,0.05,False,0.320591,0.584261,20
2158,reentrant_bowtie,auxetic,True,-0.09134919726535498,-1.2754404975364795,0.7672367114126586,48,True,6.47,,199.0,1e-09,2,150,0.097311,50,50,0.3,3.196107,1.209278,9999,1,0.01,0.05,False,0.344598,0.562946,20
2159,reentrant_bowtie,auxetic,True,-0.0510619989844637,-1.3787873552375887,0.8778982340742782,150,True,12.43,,199.0,1e-09,2,150,0.10721,50,50,0.3,3.017259,1.205955,9999,1,0.01,0.05,False,0.348268,0.551812,20
