Iteration,Poisson_v12,Poisson_v21,Objective,Volume_Fraction
0,nan,nan,nan,0.961200
1,0.309556,0.309556,158.859699,0.865818
2,0.349399,0.349399,186.713649,0.770437
3,0.349399,0.349399,197.913616,0.675055
4,0.349399,0.349399,207.084633,0.579673
5,0.349399,0.349399,214.313659,0.536632
6,0.213784,0.213784,212.278345,0.536633
7,0.288656,0.288656,187.046197,0.536632
8,0.314532,0.314532,154.233986,0.536631
9,0.323579,0.323579,121.284319,0.536633
10,0.302277,0.302277,109.824065,0.536632
11,0.277835,0.277836,100.236438,0.536632
12,0.270743,0.270743,97.651307,0.536632
13,0.267674,0.267674,96.393045,0.536633
14,0.266547,0.266547,95.736641,0.536633
15,0.265864,0.265864,95.293715,0.536631
16,0.265932,0.265932,95.066719,0.536633
17,0.265995,0.265995,94.934206,0.536632
18,0.265923,0.265923,94.863217,0.536633
19,0.265870,0.265870,94.803438,0.536632
20,0.265849,0.265849,94.750988,0.536632
21,0.265836,0.265836,94.718007,0.536632
22,0.265736,0.265736,94.700547,0.536632
23,0.265630,0.265630,94.684193,0.536632
24,0.265517,0.265517,94.668116,0.536633
25,0.265407,0.265406,94.653383,0.536633
26,0.265324,0.265324,94.644607,0.536632
27,0.265240,0.265240,94.637086,0.536632
28,0.265149,0.265149,94.629850,0.536633
29,0.265067,0.265069,94.622476,0.536632
30,0.265012,0.265012,94.614710,0.536633
31,0.264958,0.264958,94.606367,0.536633
32,0.264898,0.264898,94.597553,0.536632
33,0.264832,0.264832,94.587952,0.536633
34,0.264758,0.264758,94.577080,0.536633
35,0.264691,0.264689,94.567162,0.536632
36,0.264656,0.264656,94.563118,0.536632
37,0.264619,0.264619,94.559004,0.536633
38,0.264578,0.264578,94.554634,0.536632
39,0.264534,0.264533,94.550197,0.536632
40,0.264484,0.264484,94.545334,0.536632
41,0.264431,0.264431,94.540153,0.536632
42,0.264372,0.264372,94.534191,0.536632
43,0.264308,0.264308,94.527765,0.536633
44,0.264239,0.264239,94.520064,0.536632
45,0.264165,0.264165,94.511658,0.536632
46,0.264086,0.264086,94.501311,0.536632
47,0.264012,0.264012,94.492970,0.536632
48,0.263963,0.263962,94.493519,0.536631
49,0.263911,0.263910,94.494237,0.536632
50,0.263856,0.263855,94.494559,0.536633
51,0.263797,0.263797,94.494913,0.536631
52,0.263737,0.263736,94.495476,0.536633
53,0.263670,0.263678,94.495403,0.536633
54,0.263628,0.263634,94.495154,0.536632
