Iteration,Poisson_v12,Poisson_v21,Objective,Volume_Fraction
0,nan,nan,nan,0.867200
1,-1.000000,-1.000000,1.000000,0.621630
2,-1.000000,-1.000000,1.000000,0.376311
3,-1.000000,-1.000000,1.000000,0.184486
4,-1.000000,-1.000000,1.000000,0.156298
5,-0.997348,-0.997761,0.997348,0.100914
6,-0.995141,-0.996320,0.995141,0.066744
7,-0.984876,-0.988316,0.984876,0.062553
8,-0.979282,-0.981220,0.979282,0.077442
9,-0.979170,-0.982872,0.979170,0.081605
10,-0.979160,-0.982126,0.979160,0.085749
11,-0.978408,-0.982773,0.978408,0.086923
12,-0.978817,-0.982813,0.978817,0.086341
13,-0.978404,-0.983128,0.978404,0.085225
14,-0.978297,-0.982916,0.978297,0.085629
15,-0.978358,-0.983313,0.978358,0.086887
16,-0.978443,-0.983418,0.978443,0.086764
17,-0.978399,-0.982800,0.978399,0.088150
18,-0.978561,-0.982742,0.978561,0.088455
19,-0.978030,-0.983801,0.978030,0.089151
20,-0.977556,-0.983541,0.977556,0.088540
