{
  "git_hash": "ddbe82c",
  "timestamp": "2026-07-11T08:22:40",
  "version": "1.3.0",
  "params": {
    "volfrac": 0.2658183034149291,
    "penal": 4.112796171137949,
    "rmin": 4.8277640649403555,
    "move": 0.28769061384874306,
    "void_size_frac": 0.24503236932579842,
    "rotation_deg": 27.898119404813947,
    "beta": 0.32034450953488397,
    "nelx": 50,
    "nely": 50,
    "ft": 2,
    "E0": 199.0,
    "Emin": 1e-09,
    "nu": 0.3,
    "max_iter": 150,
    "tol_change": 0.01,
    "tol_obj": 0.05,
    "window_size": 20,
    "save_every": 9999,
    "scale_factor": 1,
    "seed": "square",
    "objective": "first"
  }
}