Iteration,Poisson_v12,Poisson_v21,Objective,Volume_Fraction
0,nan,nan,nan,0.818800
1,0.403622,0.403622,10.571994,0.580099
2,0.445041,0.445041,2.802757,0.341397
3,0.445041,0.445041,0.376127,0.102696
4,0.445041,0.445041,0.002793,0.000000
5,0.000000,0.000000,0.000000,0.000000
6,0.000000,0.000000,0.000000,0.000000
7,0.000000,0.000000,0.000000,0.000000
8,0.000000,0.000000,0.000000,0.000000
9,0.000000,0.000000,0.000000,0.000000
