Iteration,Poisson_v12,Poisson_v21,Objective,Volume_Fraction
0,nan,nan,nan,0.546800
1,0.504093,0.504093,8.480410,0.515370
2,0.517109,0.517109,6.010914,0.484759
3,0.517109,0.517109,5.049903,0.454149
4,0.517109,0.517109,4.173953,0.423538
5,0.517109,0.517109,3.387073,0.392928
6,0.517109,0.517109,2.691480,0.362317
7,0.517109,0.517109,2.087578,0.331706
8,0.517109,0.517109,1.573961,0.301096
9,0.517109,0.517109,1.147448,0.270485
10,0.517109,0.517109,0.803145,0.239875
11,0.517109,0.517109,0.534560,0.209264
12,0.517109,0.517109,0.333760,0.178653
13,0.517109,0.517109,0.191591,0.148043
14,0.517109,0.517109,0.097977,0.117432
15,0.517109,0.517109,0.042303,0.086821
16,0.517109,0.517109,0.013912,0.056211
17,0.517109,0.517109,0.002738,0.025600
18,0.517109,0.517109,0.000138,0.000000
19,0.000000,0.000000,0.000000,0.000000
20,0.000000,0.000000,0.000000,0.000000
21,0.000000,0.000000,0.000000,0.000000
22,0.000000,0.000000,0.000000,0.000000
23,0.000000,0.000000,0.000000,0.000000
