Iteration,Poisson_v12,Poisson_v21,Objective,Volume_Fraction
0,nan,nan,nan,0.959600
1,-1.000000,-1.000000,88.386738,0.736464
2,-1.000000,-1.000000,162.617322,0.577108
3,-1.000000,-1.000000,209.148153,0.577108
4,-1.000000,-1.000000,210.430198,0.577108
5,-1.000000,-1.000000,214.343438,0.577108
6,-1.000000,-1.000000,221.186071,0.577108
7,-1.000000,-1.000000,229.591546,0.577108
8,-1.000000,-1.000000,235.731435,0.577108
9,-1.000000,-1.000000,238.913834,0.577108
10,-1.000000,-1.000000,240.793634,0.577108
11,-1.000000,-1.000000,241.148455,0.577108
12,-1.000000,-1.000000,239.609721,0.577108
13,-1.000000,-1.000000,236.503267,0.577108
14,-1.000000,-1.000000,232.381869,0.577108
15,-1.000000,-1.000000,227.814576,0.577108
16,-1.000000,-1.000000,223.858146,0.577108
17,-1.000000,-1.000000,220.906141,0.577108
18,-1.000000,-1.000000,219.190210,0.577108
19,-1.000000,-1.000000,218.071694,0.577108
20,-1.000000,-1.000000,217.400305,0.577108
21,-1.000000,-1.000000,217.169092,0.577108
22,-1.000000,-1.000000,217.272899,0.577108
