Iteration,Poisson_v12,Poisson_v21,Objective,Volume_Fraction
0,nan,nan,nan,0.640000
1,0.155391,0.155391,10.588363,0.600987
2,0.189289,0.189288,8.160600,0.565291
3,0.189289,0.189288,6.788355,0.529595
4,0.189289,0.189288,5.559102,0.493900
5,0.189289,0.189288,4.472098,0.458204
6,0.189289,0.189288,3.524862,0.422508
7,0.189289,0.189288,2.713156,0.386812
8,0.189289,0.189288,2.030993,0.351116
9,0.189289,0.189288,1.470672,0.315420
10,0.189289,0.189288,1.022866,0.279724
11,0.189289,0.189288,0.676744,0.244028
12,0.189289,0.189288,0.420160,0.208333
13,0.189289,0.189288,0.239911,0.172637
14,0.189289,0.189288,0.122074,0.136941
15,0.189289,0.189288,0.052459,0.101245
16,0.189289,0.189288,0.017175,0.065549
17,0.189289,0.189288,0.003366,0.029853
18,0.189291,0.189290,0.000169,0.000000
19,0.000000,0.000000,0.000000,0.000000
20,0.000000,0.000000,0.000000,0.000000
21,0.000000,0.000000,0.000000,0.000000
22,0.000000,0.000000,0.000000,0.000000
23,0.000000,0.000000,0.000000,0.000000
