{
  "git_hash": "ddbe82c",
  "timestamp": "2026-07-11T08:41:27",
  "version": "1.3.0",
  "params": {
    "volfrac": 0.3012445306899484,
    "penal": 4.588306140464584,
    "rmin": 2.917533580954366,
    "move": 0.18844832663037964,
    "void_size_frac": 0.18513676840217314,
    "rotation_deg": 12.74225314952259,
    "beta_second": 1.373378731090589,
    "nelx": 50,
    "nely": 50,
    "ft": 2,
    "E0": 199.0,
    "Emin": 1e-09,
    "nu": 0.3,
    "max_iter": 150,
    "tol_change": 0.01,
    "tol_obj": 0.05,
    "window_size": 20,
    "save_every": 9999,
    "scale_factor": 1,
    "seed": "grid_circular_voids",
    "objective": "second"
  }
}