Iteration,Poisson_v12,Poisson_v21,Objective,Volume_Fraction
0,nan,nan,nan,0.906800
1,0.439361,0.439361,11.623817,0.738914
2,0.428044,0.428044,27.670796,0.571029
3,0.428044,0.428044,40.001450,0.403143
4,0.428044,0.428044,45.965765,0.246429
5,0.288820,0.288820,47.716110,0.246428
6,0.261345,0.261345,43.894146,0.246429
7,0.277211,0.277211,36.434397,0.246429
8,0.295206,0.295206,24.562784,0.246429
9,0.300044,0.300044,12.869869,0.246428
10,0.300713,0.300714,11.122015,0.246429
11,0.300046,0.300046,10.183630,0.246429
12,0.300000,0.300000,9.796712,0.246428
13,0.300000,0.300000,9.695811,0.246429
14,0.300000,0.300000,9.656511,0.246428
15,0.300000,0.300000,9.631274,0.246428
16,0.300000,0.300000,9.618396,0.246429
17,0.300000,0.300000,9.610299,0.246428
18,0.300000,0.300000,9.603588,0.246429
19,0.300000,0.300000,9.596901,0.246428
20,0.300000,0.300000,9.590462,0.246429
21,0.300000,0.300000,9.583536,0.246428
22,0.300000,0.300000,9.576625,0.246428
23,0.300000,0.300000,9.569428,0.246428
24,0.300000,0.300000,9.561871,0.246428
25,0.300000,0.300000,9.554073,0.246430
26,0.300000,0.300000,9.547470,0.246429
27,0.300000,0.300000,9.541628,0.246429
28,0.300000,0.300000,9.534858,0.246429
29,0.300000,0.300000,9.526366,0.246428
30,0.300000,0.300000,9.520703,0.246428
31,0.300000,0.300000,9.518982,0.246428
