Iteration,Poisson_v12,Poisson_v21,Objective,Volume_Fraction
0,nan,nan,nan,0.753200
1,0.511190,0.510994,6.304457,0.642996
2,0.524254,0.524074,3.121998,0.532132
3,0.524254,0.524074,1.434792,0.421268
4,0.524254,0.524074,0.556740,0.310404
5,0.524254,0.524074,0.164401,0.199540
6,0.524254,0.524074,0.028911,0.088676
7,0.524254,0.524074,0.001254,0.000000
8,0.000000,0.000000,0.000000,0.000000
9,0.000000,0.000000,0.000000,0.000000
10,0.000000,0.000000,0.000000,0.000000
11,0.000000,0.000000,0.000000,0.000000
12,0.000000,0.000000,0.000000,0.000000
