{
  "git_hash": "ddbe82c",
  "timestamp": "2026-07-11T08:33:29",
  "version": "1.3.0",
  "params": {
    "volfrac": 0.612445900514857,
    "penal": 3.673510671262328,
    "rmin": 5.180022434833994,
    "move": 0.06097937736908869,
    "void_size_frac": 0.28370755722230523,
    "rotation_deg": 54.46982879295203,
    "beta": 0.7288546139626244,
    "nelx": 50,
    "nely": 50,
    "ft": 2,
    "E0": 199.0,
    "Emin": 1e-09,
    "nu": 0.3,
    "max_iter": 150,
    "tol_change": 0.01,
    "tol_obj": 0.05,
    "window_size": 20,
    "save_every": 9999,
    "scale_factor": 1,
    "seed": "grid_circular_voids",
    "objective": "first"
  }
}