Iteration,Poisson_v12,Poisson_v21,Objective,Volume_Fraction
0,nan,nan,nan,0.977200
1,0.298908,0.298908,36.247419,0.703695
2,0.307093,0.307093,45.859944,0.430191
3,0.307093,0.307093,50.010477,0.253352
4,0.302022,0.302022,39.004347,0.253352
5,0.303460,0.303460,14.597322,0.253352
6,0.300948,0.300948,6.673429,0.253352
7,0.300025,0.300025,4.392785,0.253352
8,0.300000,0.300000,3.905226,0.253351
9,0.300000,0.300000,3.780583,0.253352
10,0.300000,0.300000,3.746282,0.253351
11,0.300000,0.300000,3.694441,0.253351
12,0.300000,0.300000,3.667945,0.253351
13,0.300000,0.300000,3.657211,0.253352
14,0.300000,0.300000,3.642817,0.253351
15,0.300000,0.300000,3.624664,0.253351
16,0.300000,0.300000,3.605195,0.253351
17,0.300000,0.300000,3.604406,0.253351
18,0.300000,0.300000,3.603577,0.253352
19,0.300000,0.300000,3.602715,0.253352
20,0.300000,0.300000,3.601872,0.253351
21,0.300000,0.300000,3.601191,0.253352
22,0.300000,0.300000,3.600520,0.253353
23,0.300000,0.300000,3.600038,0.253351
24,0.300000,0.300000,3.599813,0.253352
25,0.300000,0.300000,3.599512,0.253351
26,0.300000,0.300000,3.599403,0.253352
27,0.300000,0.300000,3.599231,0.253351
