Iteration,Poisson_v12,Poisson_v21,Objective,Volume_Fraction
0,nan,nan,nan,0.767600
1,0.413841,0.413841,-3.740677,0.559372
2,0.449879,0.449879,-50.199768,0.351145
3,0.449879,0.449879,-78.338108,0.142919
4,0.449879,0.449879,-91.860844,0.000000
5,0.000000,0.000000,-93.658561,0.000000
6,0.000000,0.000000,-93.658561,0.000000
7,0.000000,0.000000,-93.658561,0.000000
8,0.000000,0.000000,-93.658561,0.000000
9,0.000000,0.000000,-93.658561,0.000000
