Iteration,Poisson_v12,Poisson_v21,Objective,Volume_Fraction
0,nan,nan,nan,0.898800
1,0.337670,0.337670,-44.865347,0.654983
2,0.389980,0.389980,-86.212029,0.411165
3,0.389980,0.389980,-108.463197,0.167348
4,0.389980,0.389980,-118.577340,0.000000
5,0.000000,0.000000,-119.900021,0.000000
6,0.000000,0.000000,-119.900021,0.000000
7,0.000000,0.000000,-119.900021,0.000000
8,0.000000,0.000000,-119.900021,0.000000
9,0.000000,0.000000,-119.900021,0.000000
