{
  "git_hash": "ddbe82c",
  "timestamp": "2026-07-11T08:35:25",
  "version": "1.3.0",
  "params": {
    "volfrac": 0.6496407150448614,
    "penal": 3.445192235199757,
    "rmin": 3.800762443594416,
    "move": 0.13554161366872544,
    "void_size_frac": 0.2955083518832583,
    "rotation_deg": 14.596573516418657,
    "beta": 1.0225572806472512,
    "nelx": 50,
    "nely": 50,
    "ft": 2,
    "E0": 199.0,
    "Emin": 1e-09,
    "nu": 0.3,
    "max_iter": 150,
    "tol_change": 0.01,
    "tol_obj": 0.05,
    "window_size": 20,
    "save_every": 9999,
    "scale_factor": 1,
    "seed": "small_square_cross",
    "objective": "first"
  }
}