Iteration,Poisson_v12,Poisson_v21,Objective,Volume_Fraction
0,nan,nan,nan,0.256124
1,0.344259,0.406682,-72.070850,0.175854
2,0.363493,0.412825,-71.610256,0.098924
3,0.361542,0.411380,-71.702091,0.030887
4,0.361542,0.411380,-75.776971,0.000000
5,0.000000,0.000000,-76.478449,0.000000
6,0.000000,0.000000,-76.478449,0.000000
7,0.000000,0.000000,-76.478449,0.000000
8,0.000000,0.000000,-76.478449,0.000000
9,0.000000,0.000000,-76.478449,0.000000
