Iteration,Poisson_v12,Poisson_v21,Objective,Volume_Fraction
0,nan,nan,nan,0.926000
1,0.323224,0.323224,-140.323220,0.779312
2,0.364782,0.364782,-169.398410,0.632625
3,0.364782,0.364782,-198.300068,0.485937
4,0.364782,0.364782,-218.154561,0.339249
5,0.364782,0.364782,-229.838846,0.192561
6,0.364782,0.364782,-235.135768,0.045874
7,0.364782,0.364782,-236.424129,0.000000
8,0.000000,0.000000,-236.445618,0.000000
9,0.000000,0.000000,-236.445618,0.000000
10,0.000000,0.000000,-236.445618,0.000000
11,0.000000,0.000000,-236.445618,0.000000
12,0.000000,0.000000,-236.445618,0.000000
