Iteration,Poisson_v12,Poisson_v21,Objective,Volume_Fraction
0,nan,nan,nan,0.969600
1,0.246626,0.246626,-136.803840,0.737491
2,0.293894,0.293894,-157.342131,0.505382
3,0.293894,0.293894,-165.187396,0.273273
4,0.293894,0.293894,-170.861927,0.041165
5,0.293894,0.293894,-173.781267,0.000000
6,0.000000,0.000000,-173.897499,0.000000
7,0.000000,0.000000,-173.897499,0.000000
8,0.000000,0.000000,-173.897499,0.000000
9,0.000000,0.000000,-173.897499,0.000000
10,0.000000,0.000000,-173.897499,0.000000
