Iteration,Poisson_v12,Poisson_v21,Objective,Volume_Fraction
0,nan,nan,nan,0.912400
1,0.340612,0.340612,-234.372305,0.722148
2,0.342332,0.342332,-296.447755,0.531899
3,0.342332,0.342332,-348.072106,0.341650
4,0.342332,0.342332,-385.094448,0.151401
5,0.342332,0.342332,-405.704104,0.000000
6,0.000000,0.000000,-410.374687,0.000000
7,0.000000,0.000000,-410.374687,0.000000
8,0.000000,0.000000,-410.374687,0.000000
9,0.000000,0.000000,-410.374687,0.000000
10,0.000000,0.000000,-410.374687,0.000000
