Iteration,Poisson_v12,Poisson_v21,Objective,Volume_Fraction
0,nan,nan,nan,0.786000
1,0.284389,0.284384,-90.047084,0.622106
2,0.285812,0.285808,-168.360590,0.458213
3,0.285812,0.285808,-240.520775,0.294320
4,0.285812,0.285808,-295.878469,0.130427
5,0.285812,0.285808,-327.822660,0.000000
6,0.000000,0.000000,-335.165485,0.000000
7,0.000000,0.000000,-335.165485,0.000000
8,0.000000,0.000000,-335.165485,0.000000
9,0.000000,0.000000,-335.165485,0.000000
10,0.000000,0.000000,-335.165485,0.000000
