Iteration,Poisson_v12,Poisson_v21,Objective,Volume_Fraction
0,nan,nan,nan,0.945200
1,0.315759,0.315759,2.107902,0.746405
2,0.365820,0.365820,0.865631,0.547611
3,0.365820,0.365820,0.441518,0.348816
4,0.365820,0.365820,0.182053,0.150021
5,0.365820,0.365820,0.042842,0.000000
6,0.000000,0.000000,0.000000,0.000000
7,0.000000,0.000000,0.000000,0.000000
8,0.000000,0.000000,0.000000,0.000000
9,0.000000,0.000000,0.000000,0.000000
10,0.000000,0.000000,0.000000,0.000000
