Iteration,Poisson_v12,Poisson_v21,Objective,Volume_Fraction
0,nan,nan,nan,0.908400
1,0.367893,0.367893,7.438847,0.687542
2,0.380430,0.380430,2.701564,0.466683
3,0.380430,0.380430,0.587538,0.245825
4,0.380430,0.380430,0.038402,0.024966
5,0.380490,0.380490,0.000001,0.000000
6,0.000000,0.000000,0.000000,0.000000
7,0.000000,0.000000,0.000000,0.000000
8,0.000000,0.000000,0.000000,0.000000
9,0.000000,0.000000,0.000000,0.000000
10,0.000000,0.000000,0.000000,0.000000
