Iteration,Poisson_v12,Poisson_v21,Objective,Volume_Fraction
0,nan,nan,nan,0.807600
1,0.399110,0.399110,55.088075,0.713792
2,0.414260,0.414260,71.488974,0.619984
3,0.414260,0.414260,86.997830,0.526175
4,0.414260,0.414260,102.001192,0.437751
5,0.413979,0.413979,116.384156,0.437750
6,0.181997,0.181997,107.330289,0.437750
7,0.099769,0.099769,85.731461,0.437749
8,0.090218,0.090218,60.740191,0.437750
9,0.090432,0.090432,39.968370,0.437750
10,0.089177,0.089177,37.569298,0.437750
11,0.087326,0.087326,36.162934,0.437749
12,0.086771,0.086771,35.598066,0.437751
13,0.086454,0.086454,35.406626,0.437750
14,0.086058,0.086058,35.284409,0.437751
15,0.085618,0.085618,35.205982,0.437751
16,0.085315,0.085315,35.163082,0.437751
17,0.085058,0.085058,35.129932,0.437750
18,0.084765,0.084765,35.114305,0.437750
19,0.084395,0.084395,35.101511,0.437750
20,0.083918,0.083918,35.100000,0.437750
21,0.083316,0.083316,35.109805,0.437751
22,0.082620,0.082620,35.121747,0.437751
23,0.081823,0.081823,35.135679,0.437749
24,0.080982,0.080982,35.149149,0.437750
25,0.080527,0.080527,35.150036,0.437750
26,0.080015,0.080015,35.150183,0.437751
27,0.079453,0.079453,35.147967,0.437750
28,0.078850,0.078850,35.147553,0.437750
29,0.078194,0.078194,35.158736,0.437750
30,0.077492,0.077492,35.168297,0.437749
31,0.076769,0.076769,35.175701,0.437750
32,0.076248,0.076248,35.178346,0.437750
33,0.075784,0.075784,35.177727,0.437750
34,0.075296,0.075296,35.175719,0.437749
35,0.074909,0.074909,35.171362,0.437750
36,0.074772,0.074772,35.165039,0.437750
37,0.074612,0.074612,35.159743,0.437750
38,0.074454,0.074454,35.153542,0.437750
39,0.074302,0.074302,35.146461,0.437751
40,0.074146,0.074146,35.139094,0.437750
41,0.073984,0.073984,35.131563,0.437750
42,0.073814,0.073814,35.123625,0.437749
43,0.073636,0.073636,35.115225,0.437750
44,0.073453,0.073453,35.105842,0.437750
45,0.073261,0.073261,35.095420,0.437750
46,0.073063,0.073063,35.083582,0.437750
47,0.073019,0.073019,35.078976,0.437750
