Iteration,Poisson_v12,Poisson_v21,Objective,Volume_Fraction
0,nan,nan,nan,0.721200
1,-1.000000,-1.000000,1.000000,0.629660
2,-1.000000,-1.000000,1.000000,0.538119
3,-1.000000,-1.000000,1.000000,0.446579
4,-1.000000,-1.000000,1.000000,0.378818
5,-1.000000,-1.000000,1.000000,0.313807
6,-1.000000,-1.000000,1.000000,0.252695
7,-1.000000,-1.000000,1.000000,0.195237
8,-1.000000,-1.000000,1.000000,0.153566
9,-1.000000,-1.000000,1.000000,0.150355
10,-1.000000,-1.000000,1.000000,0.149586
11,-1.000000,-1.000000,1.000000,0.148070
12,-1.000000,-1.000000,1.000000,0.142572
13,-1.000000,-1.000000,1.000000,0.143741
14,-1.000000,-1.000000,1.000000,0.147161
15,-1.000000,-1.000000,1.000000,0.149971
16,-0.996866,-0.998582,0.996866,0.158502
17,-0.992505,-0.996994,0.992505,0.165225
18,-0.992069,-0.997438,0.992069,0.169731
19,-0.992152,-0.997550,0.992152,0.174258
20,-0.992243,-0.997203,0.992243,0.177242
