Iteration,Poisson_v12,Poisson_v21,Objective,Volume_Fraction
0,nan,nan,nan,0.778800
1,-1.000000,-1.000000,-6.470355,0.729878
2,-1.000000,-1.000000,-4.487207,0.680955
3,-1.000000,-1.000000,-3.385277,0.632033
4,-1.000000,-1.000000,-2.588838,0.583110
5,-1.000000,-1.000000,-2.000917,0.573031
6,-1.000000,-1.000000,-1.951139,0.573031
7,-1.000000,-1.000000,-1.998231,0.573031
8,-1.000000,-1.000000,-2.057876,0.573031
9,-1.000000,-1.000000,-2.125321,0.573031
10,-1.000000,-1.000000,-2.133181,0.573031
11,-1.000000,-1.000000,-2.136576,0.573031
12,-1.000000,-1.000000,-2.143673,0.573031
13,-1.000000,-1.000000,-2.153509,0.573031
14,-1.000000,-1.000000,-2.164608,0.573031
15,-1.000000,-1.000000,-2.173484,0.573031
16,-1.000000,-1.000000,-2.182778,0.573031
17,-1.000000,-1.000000,-2.191348,0.573031
18,-1.000000,-1.000000,-2.197352,0.573031
19,-1.000000,-1.000000,-2.202285,0.573031
20,-1.000000,-1.000000,-2.206524,0.573031
21,-1.000000,-1.000000,-2.210067,0.573031
22,-1.000000,-1.000000,-2.212362,0.573031
23,-1.000000,-1.000000,-2.214090,0.573031
24,-1.000000,-1.000000,-2.215396,0.573031
