Iteration,Poisson_v12,Poisson_v21,Objective,Volume_Fraction
0,nan,nan,nan,0.970800
1,0.325744,0.278361,1.666659,0.726447
2,0.351622,0.335249,0.805061,0.482094
3,0.351622,0.335249,0.320571,0.237741
4,0.351622,0.335249,0.065907,0.000000
5,0.000000,0.000000,0.000000,0.000000
6,0.000000,0.000000,0.000000,0.000000
7,0.000000,0.000000,0.000000,0.000000
8,0.000000,0.000000,0.000000,0.000000
9,0.000000,0.000000,0.000000,0.000000
