{
  "git_hash": "ddbe82c",
  "timestamp": "2026-07-11T08:20:28",
  "version": "1.3.0",
  "params": {
    "volfrac": 0.39845268640938136,
    "penal": 4.821820902257217,
    "rmin": 1.5445415212984166,
    "move": 0.11968091371947913,
    "void_size_frac": 0.2170342129680445,
    "rotation_deg": 36.66300408158028,
    "beta": 1.433805894237951,
    "nelx": 50,
    "nely": 50,
    "ft": 2,
    "E0": 199.0,
    "Emin": 1e-09,
    "nu": 0.3,
    "max_iter": 150,
    "tol_change": 0.01,
    "tol_obj": 0.05,
    "window_size": 20,
    "save_every": 9999,
    "scale_factor": 1,
    "seed": "circle",
    "objective": "first"
  }
}