Iteration,Poisson_v12,Poisson_v21,Objective,Volume_Fraction
0,nan,nan,nan,0.817200
1,0.408416,0.394401,-15.216939,0.637502
2,0.414483,0.416030,-43.363540,0.457805
3,0.414483,0.416030,-68.752752,0.278107
4,0.414483,0.416030,-91.855561,0.098410
5,0.414483,0.416030,-108.490678,0.000000
6,0.000000,0.000000,-112.419895,0.000000
7,0.000000,0.000000,-112.419895,0.000000
8,0.000000,0.000000,-112.419895,0.000000
9,0.000000,0.000000,-112.419895,0.000000
10,0.000000,0.000000,-112.419895,0.000000
