Iteration,Poisson_v12,Poisson_v21,Objective,Volume_Fraction
0,nan,nan,nan,0.977200
1,0.239238,0.239238,-46.378010,0.780767
2,0.344082,0.344082,-53.274025,0.584334
3,0.344082,0.344082,-57.919007,0.387902
4,0.344082,0.344082,-60.628626,0.191469
5,0.344082,0.344082,-61.798165,0.000000
6,0.000000,0.000000,-62.007815,0.000000
7,0.000000,0.000000,-62.007815,0.000000
8,0.000000,0.000000,-62.007815,0.000000
9,0.000000,0.000000,-62.007815,0.000000
10,0.000000,0.000000,-62.007815,0.000000
