Iteration,Poisson_v12,Poisson_v21,Objective,Volume_Fraction
0,nan,nan,nan,0.676800
1,0.126829,0.126825,26.500322,0.566375
2,0.120857,0.120854,82.323625,0.558781
3,0.105612,0.105632,82.752833,0.558782
4,0.088795,0.088835,76.841211,0.558782
5,0.069965,0.070042,71.929492,0.558781
6,0.055389,0.055467,67.971268,0.558782
7,0.049311,0.049383,65.417908,0.558782
8,0.046739,0.046775,64.383154,0.558782
9,0.045408,0.045458,63.973848,0.558782
10,0.044676,0.044728,63.751709,0.558782
11,0.044243,0.044289,63.604495,0.558782
12,0.044075,0.044103,63.514159,0.558781
13,0.043929,0.043946,63.451826,0.558781
14,0.044006,0.044037,63.413924,0.558782
15,0.044151,0.044186,63.386339,0.558782
16,0.044308,0.044345,63.364223,0.558782
17,0.044466,0.044504,63.350816,0.558781
18,0.044594,0.044635,63.343328,0.558782
19,0.044730,0.044773,63.337912,0.558781
20,0.044849,0.044899,63.334618,0.558781
21,0.044971,0.045030,63.331117,0.558782
22,0.045109,0.045174,63.328254,0.558781
23,0.045249,0.045321,63.325742,0.558782
24,0.045376,0.045457,63.322185,0.558782
25,0.045477,0.045557,63.318542,0.558782
26,0.045575,0.045653,63.314759,0.558781
27,0.045641,0.045719,63.311819,0.558782
28,0.045682,0.045758,63.307939,0.558782
29,0.045720,0.045796,63.304229,0.558782
30,0.045758,0.045834,63.300552,0.558781
31,0.045793,0.045868,63.296926,0.558781
32,0.045814,0.045893,63.292476,0.558781
33,0.045832,0.045915,63.288864,0.558781
34,0.045850,0.045936,63.285363,0.558781
35,0.045869,0.045957,63.281840,0.558781
36,0.045878,0.045969,63.279592,0.558781
37,0.045885,0.045977,63.277775,0.558781
38,0.045891,0.045984,63.275991,0.558782
39,0.045897,0.045992,63.273986,0.558782
40,0.045902,0.045998,63.272185,0.558782
