Iteration,Poisson_v12,Poisson_v21,Objective,Volume_Fraction
0,nan,nan,nan,0.781200
1,-1.000000,-1.000000,1.000000,0.653843
2,-1.000000,-1.000000,1.000000,0.526486
3,-1.000000,-1.000000,1.000000,0.399129
4,-1.000000,-1.000000,1.000000,0.271772
5,-1.000000,-1.000000,1.000000,0.207467
6,-1.000000,-1.000000,1.000000,0.186245
7,-1.000000,-1.000000,1.000000,0.253422
8,-1.000000,-1.000000,1.000000,0.214545
9,-1.000000,-1.000000,1.000000,0.202119
10,-1.000000,-1.000000,1.000000,0.181598
11,-0.999979,-0.999986,0.999979,0.186627
12,-0.993714,-0.996120,0.993714,0.189755
13,-0.990605,-0.995112,0.990605,0.188885
14,-0.985176,-0.992291,0.985176,0.185290
15,-0.984115,-0.990596,0.984115,0.184071
16,-0.983432,-0.990449,0.983432,0.178739
17,-0.982235,-0.988610,0.982235,0.177084
18,-0.981115,-0.988348,0.981115,0.180430
19,-0.981373,-0.989122,0.981373,0.178446
20,-0.981710,-0.988459,0.981710,0.178905
