Iteration,Poisson_v12,Poisson_v21,Objective,Volume_Fraction
0,nan,nan,nan,0.970800
1,0.274242,0.315713,162.368752,0.880694
2,0.310231,0.331134,169.418348,0.790588
3,0.310231,0.331134,177.358963,0.700481
4,0.310231,0.331134,183.831678,0.610375
5,0.310231,0.331134,188.933169,0.520269
6,0.310231,0.331134,192.790468,0.501527
7,0.224977,0.245498,183.891903,0.501526
8,0.298009,0.317911,160.790186,0.501526
9,0.322837,0.338563,133.283613,0.501526
10,0.329980,0.342995,106.057442,0.501526
11,0.330800,0.342199,79.769152,0.501526
12,0.321101,0.326680,76.911165,0.501527
13,0.317340,0.319289,75.223053,0.501526
14,0.316542,0.318344,74.699591,0.501527
15,0.316280,0.318513,74.388870,0.501526
16,0.316399,0.318865,74.160658,0.501526
17,0.316848,0.319178,73.954723,0.501527
18,0.317129,0.319749,73.790635,0.501527
19,0.317655,0.320113,73.678861,0.501527
20,0.318150,0.320565,73.583448,0.501527
21,0.318423,0.320849,73.527352,0.501526
22,0.318633,0.321045,73.482991,0.501525
23,0.318793,0.321224,73.442694,0.501526
24,0.318923,0.321340,73.408634,0.501527
25,0.319067,0.321472,73.372364,0.501526
26,0.319210,0.321606,73.335572,0.501526
27,0.319293,0.321678,73.305444,0.501526
28,0.319264,0.321631,73.291052,0.501526
29,0.319228,0.321591,73.278644,0.501526
30,0.319191,0.321541,73.265959,0.501526
31,0.319154,0.321496,73.254534,0.501527
32,0.319107,0.321446,73.241855,0.501526
33,0.319070,0.321381,73.229170,0.501526
34,0.319069,0.321337,73.223949,0.501527
35,0.319065,0.321331,73.223224,0.501527
