Iteration,Poisson_v12,Poisson_v21,Objective,Volume_Fraction
0,nan,nan,nan,0.713200
1,-1.000000,-1.000000,-4.790210,0.587230
2,-1.000000,-1.000000,-1.421396,0.461259
3,-1.000000,-1.000000,-0.413353,0.337330
4,-1.000000,-1.000000,-0.088035,0.337330
5,-1.000000,-1.000000,-0.204547,0.337330
6,-1.000000,-1.000000,-0.479116,0.337330
7,-1.000000,-1.000000,-0.829986,0.337330
8,-1.000000,-1.000000,-0.986544,0.337330
9,-1.000000,-1.000000,-1.025234,0.337330
10,-1.000000,-1.000000,-1.022613,0.337330
11,-1.000000,-1.000000,-0.997575,0.337330
12,-1.000000,-1.000000,-0.972798,0.337330
13,-1.000000,-1.000000,-0.951851,0.337330
14,-1.000000,-1.000000,-0.933982,0.337330
15,-1.000000,-1.000000,-0.918120,0.337330
16,-1.000000,-1.000000,-0.904262,0.337330
17,-1.000000,-1.000000,-0.891491,0.337330
18,-1.000000,-1.000000,-0.880058,0.337330
19,-1.000000,-1.000000,-0.870319,0.337330
20,-1.000000,-1.000000,-0.862187,0.337330
21,-1.000000,-1.000000,-0.855401,0.337330
22,-1.000000,-1.000000,-0.849774,0.337330
23,-1.000000,-1.000000,-0.845129,0.337330
24,-1.000000,-1.000000,-0.841248,0.337330
25,-1.000000,-1.000000,-0.837992,0.337330
26,-1.000000,-1.000000,-0.835265,0.337330
27,-1.000000,-1.000000,-0.833029,0.337330
