Iteration,Poisson_v12,Poisson_v21,Objective,Volume_Fraction
0,nan,nan,nan,0.708400
1,0.412536,0.412536,2.443751,0.525146
2,0.418006,0.418006,38.447990,0.341891
3,0.418006,0.418006,60.312859,0.285011
4,0.118120,0.118120,56.651572,0.285011
5,0.100673,0.100673,32.030821,0.285011
6,0.080926,0.080926,14.273214,0.285011
7,0.077570,0.077570,12.951009,0.285011
8,0.076471,0.076471,12.741341,0.285010
9,0.076436,0.076436,12.478815,0.285010
10,0.076242,0.076242,12.400488,0.285011
11,0.075488,0.075488,12.390153,0.285011
12,0.075075,0.075075,12.335638,0.285012
13,0.074232,0.074232,12.354856,0.285010
14,0.073148,0.073148,12.370927,0.285010
15,0.072252,0.072252,12.356725,0.285011
16,0.072118,0.072118,12.345454,0.285011
17,0.072115,0.072115,12.345391,0.285011
18,0.072113,0.072113,12.345360,0.285011
19,0.072110,0.072110,12.345297,0.285011
20,0.072108,0.072108,12.345194,0.285012
