Iteration,Poisson_v12,Poisson_v21,Objective,Volume_Fraction
0,nan,nan,nan,0.762800
1,-1.000000,-1.000000,176.797142,0.562941
2,-1.000000,-1.000000,217.077821,0.456467
3,-1.000000,-1.000000,221.187947,0.456467
4,-1.000000,-1.000000,204.818917,0.456467
5,-1.000000,-1.000000,201.709148,0.456467
6,-1.000000,-1.000000,201.090950,0.456467
7,-1.000000,-1.000000,200.820863,0.456467
8,-1.000000,-1.000000,200.645960,0.456467
9,-1.000000,-1.000000,200.567171,0.456467
10,-1.000000,-1.000000,200.504316,0.456467
11,-1.000000,-1.000000,200.450063,0.456467
12,-1.000000,-1.000000,200.402074,0.456467
13,-1.000000,-1.000000,200.360195,0.456467
14,-1.000000,-1.000000,200.334077,0.456467
15,-1.000000,-1.000000,200.316842,0.456467
16,-1.000000,-1.000000,200.301038,0.456467
17,-1.000000,-1.000000,200.286090,0.456467
18,-1.000000,-1.000000,200.271780,0.456467
19,-1.000000,-1.000000,200.257917,0.456467
20,-1.000000,-1.000000,200.244467,0.456467
21,-1.000000,-1.000000,200.231326,0.456467
22,-1.000000,-1.000000,200.218432,0.456467
23,-1.000000,-1.000000,200.205748,0.456467
