{
  "git_hash": "unknown",
  "timestamp": "2026-07-15T10:08:32",
  "version": "1.4.0",
  "params": {
    "volfrac": 0.5420795101554363,
    "penal": 3.3410092039067107,
    "rmin": 1.5374666703658033,
    "move": 0.14433677039131756,
    "void_size_frac": 0.3457503149568287,
    "nelx": 80,
    "nely": 80,
    "ft": 2,
    "E0": 199.0,
    "Emin": 1e-09,
    "nu": 0.3,
    "max_iter": 200,
    "tol_change": 0.01,
    "tol_obj": 0.05,
    "window_size": 20,
    "save_every": 9999,
    "scale_factor": 1,
    "mu": 0.0,
    "beta": 3.0,
    "rotation_deg": 0.0,
    "seed": "small_square_cross",
    "objective": "auxetic"
  }
}