{
  "git_hash": "e6455de",
  "timestamp": "2026-07-12T23:26:56",
  "version": "1.3.0",
  "params": {
    "volfrac": 0.5518424985259549,
    "penal": 2.1883133440911866,
    "rmin": 2.980332349646581,
    "move": 0.1753175194620874,
    "void_size_frac": 0.26091419309292396,
    "rotation_deg": 6.900878598567751,
    "nelx": 50,
    "nely": 50,
    "ft": 2,
    "E0": 199.0,
    "Emin": 1e-09,
    "nu": 0.3,
    "max_iter": 150,
    "tol_change": 0.01,
    "tol_obj": 0.05,
    "window_size": 20,
    "save_every": 9999,
    "scale_factor": 1,
    "mu": 0.2,
    "seed": "nine_circle",
    "objective": "auxetic"
  }
}