Iteration,Poisson_v12,Poisson_v21,Objective,Volume_Fraction
0,nan,nan,nan,0.360478
1,0.398863,0.598627,119.203954,0.390211
2,0.213333,0.225295,113.226512,0.390212
3,0.195538,0.199889,95.435104,0.390211
4,0.190589,0.197397,62.812291,0.390213
5,0.233246,0.239143,27.692899,0.390212
6,0.189352,0.194397,27.565729,0.390211
7,0.160440,0.163827,27.700481,0.390213
8,0.151672,0.153671,27.873173,0.390212
9,0.148499,0.149823,27.950821,0.390212
10,0.147278,0.148353,27.967405,0.390212
11,0.146178,0.146927,28.010564,0.390212
12,0.144519,0.145106,28.092904,0.390213
13,0.142805,0.143144,28.170472,0.390212
14,0.141524,0.141579,28.226255,0.390213
15,0.140922,0.140824,28.252460,0.390212
16,0.140834,0.140652,28.268585,0.390212
17,0.140849,0.140602,28.285024,0.390213
18,0.140863,0.140544,28.303528,0.390212
19,0.140872,0.140478,28.323254,0.390212
20,0.140875,0.140410,28.342503,0.390213
21,0.140861,0.140353,28.359477,0.390212
22,0.140732,0.140377,28.375584,0.390212
23,0.140613,0.140408,28.387997,0.390212
24,0.140508,0.140450,28.396300,0.390212
25,0.140448,0.140479,28.399403,0.390212
