Iteration,Poisson_v12,Poisson_v21,Objective,Volume_Fraction
0,nan,nan,nan,0.601200
1,-1.000000,-1.000000,1.000000,0.533659
2,-1.000000,-1.000000,1.000000,0.466129
3,-1.000000,-1.000000,1.000000,0.398599
4,-1.000000,-1.000000,1.000000,0.331068
5,-1.000000,-1.000000,1.000000,0.273687
6,-1.000000,-1.000000,1.000000,0.243926
7,-1.000000,-1.000000,1.000000,0.205740
8,-1.000000,-1.000000,1.000000,0.163274
9,-1.000000,-1.000000,1.000000,0.123503
10,-0.995311,-0.997336,0.995311,0.127163
11,-0.994869,-0.997028,0.994869,0.134797
12,-0.994769,-0.997168,0.994769,0.143255
13,-0.994566,-0.997386,0.994566,0.148102
14,-0.994052,-0.996967,0.994052,0.154903
15,-0.993971,-0.997109,0.993971,0.159746
16,-0.993954,-0.997112,0.993954,0.166850
17,-0.993903,-0.997141,0.993903,0.172140
18,-0.993523,-0.997365,0.993523,0.174208
19,-0.993517,-0.996966,0.993517,0.176683
20,-0.993516,-0.997155,0.993516,0.178363
