Iteration,Poisson_v12,Poisson_v21,Objective,Volume_Fraction
0,nan,nan,nan,0.964400
1,0.278722,0.278722,-25.899513,0.770540
2,0.352100,0.352100,-32.993065,0.576681
3,0.352100,0.352100,-38.899617,0.382821
4,0.352100,0.352100,-42.424069,0.188961
5,0.352100,0.352100,-43.961977,0.000000
6,0.000000,0.000000,-44.238634,0.000000
7,0.000000,0.000000,-44.238634,0.000000
8,0.000000,0.000000,-44.238634,0.000000
9,0.000000,0.000000,-44.238634,0.000000
10,0.000000,0.000000,-44.238634,0.000000
