Iteration,Poisson_v12,Poisson_v21,Objective,Volume_Fraction
0,nan,nan,nan,0.894000
1,0.348157,0.349015,4.912297,0.688969
2,0.358369,0.361416,3.821624,0.483938
3,0.358369,0.361416,2.847051,0.278908
4,0.358369,0.361416,1.683503,0.073877
5,0.358369,0.361416,0.403740,0.000000
6,0.000000,0.000000,0.000000,0.000000
7,0.000000,0.000000,0.000000,0.000000
8,0.000000,0.000000,0.000000,0.000000
9,0.000000,0.000000,0.000000,0.000000
10,0.000000,0.000000,0.000000,0.000000
