Iteration,Poisson_v12,Poisson_v21,Objective,Volume_Fraction
0,nan,nan,nan,0.734000
1,0.433171,0.433171,13.682553,0.527297
2,0.460731,0.460731,53.810931,0.320594
3,0.460731,0.460731,75.957951,0.319889
4,0.180259,0.180259,60.436973,0.319888
5,0.256155,0.256155,27.713156,0.319889
6,0.266284,0.266284,19.956840,0.319889
7,0.276078,0.276078,17.570432,0.319889
8,0.283536,0.283536,16.105840,0.319888
9,0.287614,0.287614,15.355522,0.319888
10,0.291980,0.291980,14.563896,0.319889
11,0.295452,0.295452,13.865306,0.319888
12,0.298294,0.298294,13.150483,0.319889
13,0.299743,0.299743,12.488509,0.319888
14,0.299996,0.299996,11.990862,0.319889
15,0.300000,0.300000,11.755099,0.319889
16,0.300000,0.300000,11.650040,0.319889
17,0.300000,0.300000,11.562336,0.319889
18,0.300000,0.300000,11.484891,0.319888
19,0.300000,0.300000,11.424795,0.319888
20,0.300000,0.300000,11.361784,0.319889
21,0.300000,0.300000,11.320372,0.319888
22,0.300000,0.300000,11.295364,0.319888
23,0.300000,0.300000,11.267677,0.319889
24,0.300000,0.300000,11.236121,0.319888
25,0.300000,0.300000,11.200155,0.319889
26,0.300000,0.300000,11.183123,0.319889
27,0.300000,0.300000,11.161999,0.319889
28,0.300000,0.300000,11.134199,0.319889
29,0.300000,0.300000,11.094599,0.319888
30,0.300000,0.300000,11.072970,0.319888
31,0.300000,0.300000,11.069883,0.319889
32,0.300000,0.300000,11.068615,0.319889
