Iteration,Poisson_v12,Poisson_v21,Objective,Volume_Fraction
0,nan,nan,nan,0.655600
1,-1.000000,-1.000000,-3.753912,0.539803
2,-1.000000,-1.000000,-1.059619,0.424007
3,-1.000000,-1.000000,-0.308145,0.337330
4,-1.000000,-1.000000,-0.144160,0.337330
5,-1.000000,-1.000000,-0.351975,0.337330
6,-1.000000,-1.000000,-0.637277,0.337330
7,-1.000000,-1.000000,-0.742256,0.337330
8,-1.000000,-1.000000,-0.734504,0.337330
9,-1.000000,-1.000000,-0.714385,0.337330
10,-1.000000,-1.000000,-0.696926,0.337330
11,-1.000000,-1.000000,-0.685531,0.337330
12,-1.000000,-1.000000,-0.676428,0.337330
13,-1.000000,-1.000000,-0.662621,0.337330
14,-1.000000,-1.000000,-0.647608,0.337330
15,-1.000000,-1.000000,-0.634510,0.337330
16,-1.000000,-1.000000,-0.623734,0.337330
17,-1.000000,-1.000000,-0.614558,0.337330
18,-1.000000,-1.000000,-0.606742,0.337330
19,-1.000000,-1.000000,-0.600314,0.337330
20,-1.000000,-1.000000,-0.595035,0.337330
21,-1.000000,-1.000000,-0.590611,0.337330
22,-1.000000,-1.000000,-0.586888,0.337330
23,-1.000000,-1.000000,-0.583747,0.337330
24,-1.000000,-1.000000,-0.581159,0.337330
25,-1.000000,-1.000000,-0.579024,0.337330
26,-1.000000,-1.000000,-0.577251,0.337330
