Iteration,Poisson_v12,Poisson_v21,Objective,Volume_Fraction
0,nan,nan,nan,0.632000
1,0.166541,0.166541,70.270471,0.565105
2,0.254878,0.254882,120.528813,0.565106
3,0.300071,0.300172,106.419996,0.565106
4,0.317734,0.317987,101.499749,0.565105
5,0.328872,0.329635,97.771134,0.565105
6,0.332406,0.333181,97.160362,0.565105
7,0.333304,0.333972,97.021670,0.565106
8,0.333519,0.334174,97.031525,0.565106
9,0.333747,0.334276,97.069109,0.565106
10,0.333958,0.334336,97.115531,0.565106
11,0.334134,0.334409,97.164542,0.565105
12,0.334250,0.334479,97.218953,0.565105
13,0.334269,0.334630,97.261670,0.565105
14,0.334248,0.334854,97.295125,0.565105
15,0.334208,0.335026,97.328006,0.565105
16,0.334148,0.335143,97.359642,0.565106
17,0.334069,0.335202,97.389920,0.565105
18,0.333971,0.335202,97.417941,0.565106
19,0.333932,0.335236,97.436291,0.565106
20,0.333904,0.335307,97.454737,0.565106
21,0.333869,0.335273,97.467574,0.565105
22,0.333910,0.335296,97.470143,0.565105
