Iteration,Poisson_v12,Poisson_v21,Objective,Volume_Fraction
0,nan,nan,nan,0.257337
1,0.377664,0.583457,-59.129277,0.039847
2,0.410208,0.631230,-59.923533,0.000000
3,0.000000,0.000000,-59.925699,0.000000
4,0.000000,0.000000,-59.925699,0.000000
5,0.000000,0.000000,-59.925699,0.000000
6,0.000000,0.000000,-59.925699,0.000000
7,0.000000,0.000000,-59.925699,0.000000
8,0.000000,0.000000,-59.925699,0.000000
9,0.000000,0.000000,-59.925699,0.000000
