Iteration,Poisson_v12,Poisson_v21,Objective,Volume_Fraction
0,nan,nan,nan,0.974000
1,0.293193,0.293193,-538.480839,0.735168
2,0.345830,0.345830,-594.415930,0.496336
3,0.345830,0.345830,-627.404335,0.257505
4,0.345830,0.345830,-635.582411,0.018673
5,0.345776,0.345776,-636.226403,0.000000
6,0.000000,0.000000,-636.226421,0.000000
7,0.000000,0.000000,-636.226421,0.000000
8,0.000000,0.000000,-636.226421,0.000000
9,0.000000,0.000000,-636.226421,0.000000
10,0.000000,0.000000,-636.226421,0.000000
