{
  "git_hash": "e6455de",
  "timestamp": "2026-07-12T23:32:35",
  "version": "1.3.0",
  "params": {
    "volfrac": 0.48625021621547987,
    "penal": 1.3120769820410798,
    "rmin": 1.2121675642855196,
    "move": 0.12692793756735288,
    "void_size_frac": 0.3889225905404411,
    "rotation_deg": 87.25196446458718,
    "nelx": 50,
    "nely": 50,
    "ft": 2,
    "E0": 199.0,
    "Emin": 1e-09,
    "nu": 0.3,
    "max_iter": 150,
    "tol_change": 0.01,
    "tol_obj": 0.05,
    "window_size": 20,
    "save_every": 9999,
    "scale_factor": 1,
    "mu": 0.2,
    "seed": "grid_circular_voids",
    "objective": "auxetic"
  }
}