Iteration,Poisson_v12,Poisson_v21,Objective,Volume_Fraction
0,nan,nan,nan,0.812400
1,-1.000000,-1.000000,1.000000,0.737878
2,-1.000000,-1.000000,1.000000,0.663357
3,-1.000000,-1.000000,1.000000,0.588835
4,-1.000000,-1.000000,1.000000,0.514315
5,-1.000000,-1.000000,1.000000,0.441156
6,-1.000000,-1.000000,1.000000,0.366843
7,-1.000000,-1.000000,1.000000,0.297648
8,-1.000000,-1.000000,1.000000,0.226834
9,-1.000000,-1.000000,1.000000,0.161975
10,-1.000000,-1.000000,1.000000,0.101780
11,-1.000000,-1.000000,1.000000,0.062440
12,-1.000000,-1.000000,1.000000,0.057584
13,-1.000000,-1.000000,1.000000,0.064184
14,-0.991050,-0.993761,0.991050,0.084861
15,-0.988783,-0.992598,0.988783,0.099621
16,-0.988447,-0.993163,0.988447,0.118476
17,-0.988179,-0.993645,0.988179,0.134427
18,-0.988110,-0.994249,0.988110,0.151495
19,-0.987560,-0.995188,0.987560,0.167944
20,-0.987657,-0.996384,0.987657,0.181206
