{
  "git_hash": "ddbe82c",
  "timestamp": "2026-07-11T08:11:16",
  "version": "1.3.0",
  "params": {
    "volfrac": 0.6406831374593439,
    "penal": 1.5564071504486137,
    "rmin": 5.456490293999696,
    "move": 0.19003812217972083,
    "void_size_frac": 0.2586499364024705,
    "rotation_deg": 47.25250556497749,
    "nelx": 50,
    "nely": 50,
    "ft": 2,
    "E0": 199.0,
    "Emin": 1e-09,
    "nu": 0.3,
    "max_iter": 150,
    "tol_change": 0.01,
    "tol_obj": 0.05,
    "window_size": 20,
    "save_every": 9999,
    "scale_factor": 1,
    "seed": "cross_rectangular",
    "objective": "auxetic"
  }
}