Iteration,Poisson_v12,Poisson_v21,Objective,Volume_Fraction
0,nan,nan,nan,0.192072
1,0.341636,0.524971,-37.327474,0.028065
2,0.421375,0.596796,-38.597652,0.000000
3,0.000000,0.000000,-38.721933,0.000000
4,0.000000,0.000000,-38.721933,0.000000
5,0.000000,0.000000,-38.721933,0.000000
6,0.000000,0.000000,-38.721933,0.000000
7,0.000000,0.000000,-38.721933,0.000000
8,0.000000,0.000000,-38.721933,0.000000
9,0.000000,0.000000,-38.721933,0.000000
