Iteration,Poisson_v12,Poisson_v21,Objective,Volume_Fraction
0,nan,nan,nan,0.236940
1,0.411585,0.350529,-56.895000,0.070028
2,0.413618,0.375286,-58.659851,0.000000
3,0.000000,0.000000,-59.745417,0.000000
4,0.000000,0.000000,-59.745417,0.000000
5,0.000000,0.000000,-59.745417,0.000000
6,0.000000,0.000000,-59.745417,0.000000
7,0.000000,0.000000,-59.745417,0.000000
8,0.000000,0.000000,-59.745417,0.000000
9,0.000000,0.000000,-59.745417,0.000000
