Iteration,Poisson_v12,Poisson_v21,Objective,Volume_Fraction
0,nan,nan,nan,0.308402
1,0.373516,0.577053,85.047362,0.331543
2,0.187740,0.246566,84.210542,0.331544
3,0.208012,0.271854,82.529954,0.331545
4,0.203229,0.238986,79.521845,0.331543
5,0.179808,0.192040,75.741452,0.331544
6,0.148793,0.151322,71.297954,0.331544
7,0.123853,0.123747,65.689207,0.331544
8,0.103278,0.102705,59.523253,0.331543
9,0.094902,0.094193,53.154716,0.331544
10,0.091665,0.091065,46.854482,0.331545
11,0.092737,0.092470,40.300262,0.331544
12,0.095407,0.095348,33.625569,0.331544
13,0.100771,0.100801,27.401331,0.331544
14,0.104196,0.104258,22.384067,0.331544
15,0.101114,0.101157,20.815448,0.331544
16,0.098000,0.098023,20.027381,0.331544
17,0.095014,0.095006,19.417637,0.331544
18,0.092225,0.092204,18.901254,0.331544
19,0.090357,0.090302,18.506137,0.331544
20,0.089510,0.089443,18.268387,0.331543
21,0.088740,0.088681,18.149354,0.331543
22,0.088064,0.088029,18.058396,0.331543
23,0.087754,0.087716,17.961612,0.331543
24,0.087441,0.087402,17.878928,0.331543
25,0.087373,0.087348,17.833518,0.331544
26,0.087439,0.087420,17.819691,0.331543
27,0.087472,0.087454,17.813890,0.331545
28,0.087511,0.087494,17.807108,0.331544
29,0.087557,0.087540,17.799558,0.331544
30,0.087611,0.087595,17.790954,0.331544
31,0.087673,0.087658,17.780922,0.331544
32,0.087746,0.087732,17.769695,0.331544
33,0.087829,0.087816,17.756964,0.331545
34,0.087926,0.087915,17.742363,0.331544
35,0.087979,0.087968,17.732045,0.331543
36,0.087982,0.087972,17.725720,0.331544
37,0.087988,0.087978,17.717860,0.331544
38,0.088001,0.087992,17.708569,0.331543
39,0.088030,0.088022,17.697819,0.331543
40,0.088079,0.088073,17.685425,0.331543
41,0.088159,0.088154,17.671980,0.331544
42,0.088211,0.088207,17.660675,0.331545
43,0.088154,0.088150,17.656645,0.331544
44,0.088117,0.088113,17.652232,0.331543
45,0.088098,0.088095,17.647523,0.331544
46,0.088093,0.088091,17.642440,0.331545
47,0.088103,0.088101,17.637010,0.331543
48,0.088127,0.088126,17.631393,0.331543
49,0.088162,0.088160,17.624974,0.331544
50,0.088205,0.088204,17.617643,0.331544
