Iteration,Poisson_v12,Poisson_v21,Objective,Volume_Fraction
0,nan,nan,nan,0.349744
1,0.366669,0.566377,0.168109,0.249744
2,0.415233,0.530562,0.056887,0.151420
3,0.429916,0.578710,0.013171,0.065380
4,0.429916,0.578710,0.000651,0.000000
5,0.000000,0.000000,0.000000,0.000000
6,0.000000,0.000000,0.000000,0.000000
7,0.000000,0.000000,0.000000,0.000000
8,0.000000,0.000000,0.000000,0.000000
9,0.000000,0.000000,0.000000,0.000000
