{
  "git_hash": "unknown",
  "timestamp": "2026-07-15T07:12:21",
  "version": "1.4.0",
  "params": {
    "volfrac": 0.6416916936841611,
    "penal": 3.2975805362675774,
    "rmin": 1.1471659999581545,
    "move": 0.1870128415546039,
    "void_size_frac": 0.5484252369044629,
    "nelx": 80,
    "nely": 80,
    "ft": 2,
    "E0": 199.0,
    "Emin": 1e-09,
    "nu": 0.3,
    "max_iter": 200,
    "tol_change": 0.01,
    "tol_obj": 0.05,
    "window_size": 20,
    "save_every": 9999,
    "scale_factor": 1,
    "mu": 0.0,
    "beta": 3.0,
    "rotation_deg": 0.0,
    "seed": "circle",
    "objective": "auxetic"
  }
}