{
  "git_hash": "ddbe82c",
  "timestamp": "2026-07-11T08:08:57",
  "version": "1.3.0",
  "params": {
    "volfrac": 0.5521060410311649,
    "penal": 3.140048993933423,
    "rmin": 1.9428767348257228,
    "move": 0.292918687871484,
    "void_size_frac": 0.43770447528043444,
    "rotation_deg": 60.527494550772765,
    "nelx": 50,
    "nely": 50,
    "ft": 2,
    "E0": 199.0,
    "Emin": 1e-09,
    "nu": 0.3,
    "max_iter": 150,
    "tol_change": 0.01,
    "tol_obj": 0.05,
    "window_size": 20,
    "save_every": 9999,
    "scale_factor": 1,
    "seed": "nine_circle",
    "objective": "auxetic"
  }
}