{
  "git_hash": "ddbe82c",
  "timestamp": "2026-07-11T08:19:44",
  "version": "1.3.0",
  "params": {
    "volfrac": 0.435251400387218,
    "penal": 2.6077877484857908,
    "rmin": 3.8020429319413402,
    "move": 0.24098987059863203,
    "void_size_frac": 0.36132313475537203,
    "rotation_deg": 49.24353010320801,
    "nelx": 50,
    "nely": 50,
    "ft": 2,
    "E0": 199.0,
    "Emin": 1e-09,
    "nu": 0.3,
    "max_iter": 150,
    "tol_change": 0.01,
    "tol_obj": 0.05,
    "window_size": 20,
    "save_every": 9999,
    "scale_factor": 1,
    "seed": "circle_half_quarter",
    "objective": "auxetic"
  }
}