{
  "git_hash": "ddbe82c",
  "timestamp": "2026-07-11T08:41:57",
  "version": "1.3.0",
  "params": {
    "volfrac": 0.2772505439642692,
    "penal": 1.6573900716296364,
    "rmin": 1.6204885161016915,
    "move": 0.08026986468591335,
    "void_size_frac": 0.19647969987696487,
    "rotation_deg": 33.13786338835504,
    "beta_second": 1.256198032097424,
    "nelx": 50,
    "nely": 50,
    "ft": 2,
    "E0": 199.0,
    "Emin": 1e-09,
    "nu": 0.3,
    "max_iter": 150,
    "tol_change": 0.01,
    "tol_obj": 0.05,
    "window_size": 20,
    "save_every": 9999,
    "scale_factor": 1,
    "seed": "small_square_cross",
    "objective": "second"
  }
}