Iteration,Poisson_v12,Poisson_v21,Objective,Volume_Fraction
0,nan,nan,nan,0.866800
1,0.341712,0.341712,8.317997,0.626574
2,0.397255,0.397255,3.937185,0.386348
3,0.397255,0.397255,1.361920,0.146122
4,0.397255,0.397255,0.118934,0.000000
5,0.000000,0.000000,0.000000,0.000000
6,0.000000,0.000000,0.000000,0.000000
7,0.000000,0.000000,0.000000,0.000000
8,0.000000,0.000000,0.000000,0.000000
9,0.000000,0.000000,0.000000,0.000000
