Iteration,Poisson_v12,Poisson_v21,Objective,Volume_Fraction
0,nan,nan,nan,0.382923
1,0.435473,0.339012,-298.829338,0.273495
2,0.427117,0.366069,-297.775477,0.165840
3,0.463503,0.399860,-284.527099,0.073002
4,0.463503,0.399860,-309.213706,0.000000
5,0.000000,0.000000,-320.521870,0.000000
6,0.000000,0.000000,-320.521870,0.000000
7,0.000000,0.000000,-320.521870,0.000000
8,0.000000,0.000000,-320.521870,0.000000
9,0.000000,0.000000,-320.521870,0.000000
