{
  "git_hash": "ddbe82c",
  "timestamp": "2026-07-11T08:41:22",
  "version": "1.3.0",
  "params": {
    "volfrac": 0.5357084301849435,
    "penal": 2.286015325655038,
    "rmin": 5.9975140508613745,
    "move": 0.10222400978836588,
    "void_size_frac": 0.2361961493299135,
    "rotation_deg": 8.809384673248644,
    "beta_second": 1.1343864161174435,
    "nelx": 50,
    "nely": 50,
    "ft": 2,
    "E0": 199.0,
    "Emin": 1e-09,
    "nu": 0.3,
    "max_iter": 150,
    "tol_change": 0.01,
    "tol_obj": 0.05,
    "window_size": 20,
    "save_every": 9999,
    "scale_factor": 1,
    "seed": "grid_circular_voids",
    "objective": "second"
  }
}