Iteration,Poisson_v12,Poisson_v21,Objective,Volume_Fraction
0,nan,nan,nan,0.906800
1,0.341746,0.341746,61.818687,0.724288
2,0.355483,0.355483,84.422520,0.541777
3,0.355483,0.355483,103.623128,0.396370
4,0.139409,0.139409,112.306211,0.396368
5,0.274647,0.274647,76.133109,0.396369
6,0.234014,0.234014,54.342510,0.396368
7,0.208291,0.208291,38.392939,0.396369
8,0.196004,0.196004,33.480521,0.396368
9,0.194392,0.194392,32.494047,0.396370
10,0.195405,0.195405,31.984828,0.396369
11,0.195822,0.195822,31.627368,0.396369
12,0.194992,0.194992,31.550350,0.396369
13,0.194093,0.194093,31.617143,0.396369
14,0.193271,0.193271,31.651452,0.396368
15,0.191354,0.191354,31.746036,0.396368
16,0.189553,0.189553,31.800853,0.396368
17,0.188761,0.188761,31.861164,0.396369
18,0.188005,0.188005,31.922507,0.396369
19,0.187292,0.187292,31.974839,0.396369
20,0.186664,0.186664,32.015440,0.396369
21,0.186169,0.186169,32.041000,0.396369
22,0.185797,0.185797,32.053564,0.396370
23,0.185479,0.185479,32.063082,0.396370
24,0.185211,0.185211,32.070191,0.396369
25,0.184988,0.184988,32.075436,0.396369
26,0.184802,0.184802,32.079337,0.396368
27,0.184650,0.184650,32.082350,0.396369
28,0.184548,0.184548,32.084119,0.396369
29,0.184500,0.184500,32.085105,0.396369
30,0.184461,0.184461,32.085903,0.396368
