Iteration,Poisson_v12,Poisson_v21,Objective,Volume_Fraction
0,nan,nan,nan,0.934000
1,0.308388,0.308388,17.985881,0.866242
2,0.346515,0.346515,26.799799,0.798483
3,0.346515,0.346515,35.310016,0.730725
4,0.346515,0.346515,42.537118,0.662966
5,0.346515,0.346515,48.283270,0.595208
6,0.346515,0.346515,52.594270,0.527450
7,0.346515,0.346515,55.648957,0.459691
8,0.346515,0.346515,57.684050,0.391933
9,0.346515,0.346515,58.945573,0.324174
10,0.346515,0.346515,59.659648,0.275739
11,0.150882,0.150882,59.875348,0.275739
12,0.299627,0.299627,58.652551,0.275738
13,0.291221,0.291222,56.936424,0.275739
14,0.276824,0.276826,54.456707,0.275738
15,0.267040,0.267039,51.009029,0.275739
16,0.281063,0.281053,47.430411,0.275738
17,0.296661,0.296643,43.044417,0.275738
18,0.308313,0.308279,37.685440,0.275738
19,0.310776,0.310766,31.204214,0.275738
20,0.308101,0.308162,26.981575,0.275739
21,0.304922,0.304588,24.117346,0.275739
22,0.302436,0.302602,22.947240,0.275738
23,0.300952,0.301046,21.972751,0.275739
24,0.300301,0.300336,21.199358,0.275737
25,0.300074,0.300089,20.587689,0.275738
26,0.300013,0.300018,20.106391,0.275738
27,0.300002,0.300003,19.766775,0.275738
28,0.300000,0.300000,19.506196,0.275739
29,0.300000,0.300000,19.298714,0.275738
30,0.300000,0.300000,19.133535,0.275738
31,0.300000,0.300000,19.038718,0.275739
32,0.300000,0.300000,18.968838,0.275738
33,0.300000,0.300000,18.898694,0.275738
34,0.300000,0.300000,18.832563,0.275737
35,0.300000,0.300000,18.771178,0.275738
36,0.300000,0.300000,18.716780,0.275739
37,0.300000,0.300000,18.668517,0.275738
38,0.300000,0.300000,18.620258,0.275737
39,0.300000,0.300000,18.580750,0.275738
40,0.300000,0.300000,18.548177,0.275738
41,0.300000,0.300000,18.515831,0.275739
42,0.300000,0.300000,18.483570,0.275738
43,0.300000,0.300000,18.458109,0.275739
44,0.300000,0.300000,18.442795,0.275738
45,0.300000,0.300000,18.430522,0.275738
46,0.300000,0.300000,18.418243,0.275738
47,0.300000,0.300000,18.405863,0.275739
48,0.300000,0.300000,18.392840,0.275738
49,0.300000,0.300000,18.386352,0.275738
50,0.300000,0.300000,18.382008,0.275738
51,0.300000,0.300000,18.377697,0.275738
52,0.300000,0.300000,18.373275,0.275739
53,0.300000,0.300000,18.368588,0.275737
54,0.300000,0.300000,18.364169,0.275739
55,0.300000,0.300000,18.359148,0.275739
56,0.300000,0.300000,18.354318,0.275738
57,0.300000,0.300000,18.349446,0.275739
58,0.300000,0.300000,18.346213,0.275737
