Iteration,Poisson_v12,Poisson_v21,Objective,Volume_Fraction
0,nan,nan,nan,0.831600
1,-1.000000,-1.000000,-9.996483,0.626368
2,-1.000000,-1.000000,-4.861312,0.467787
3,-1.000000,-1.000000,-2.600213,0.467787
4,-1.000000,-1.000000,-2.474021,0.467787
5,-1.000000,-1.000000,-2.079065,0.467787
6,-1.000000,-1.000000,-1.834652,0.467787
7,-1.000000,-1.000000,-1.812712,0.467787
8,-1.000000,-1.000000,-1.913429,0.467787
9,-1.000000,-1.000000,-2.051042,0.467787
10,-1.000000,-1.000000,-2.182435,0.467787
11,-1.000000,-1.000000,-2.277713,0.467787
12,-1.000000,-1.000000,-2.315257,0.467787
13,-1.000000,-1.000000,-2.296581,0.467787
14,-1.000000,-1.000000,-2.213222,0.467787
15,-1.000000,-1.000000,-2.060196,0.467787
16,-1.000000,-1.000000,-1.910077,0.467787
17,-1.000000,-1.000000,-1.802354,0.467787
18,-1.000000,-1.000000,-1.725957,0.467787
19,-1.000000,-1.000000,-1.734581,0.467787
20,-1.000000,-1.000000,-1.778729,0.467787
21,-1.000000,-1.000000,-1.817701,0.467787
22,-1.000000,-1.000000,-1.834241,0.467787
23,-1.000000,-1.000000,-1.822447,0.467787
24,-1.000000,-1.000000,-1.836156,0.467787
25,-1.000000,-1.000000,-1.853014,0.467787
26,-1.000000,-1.000000,-1.872581,0.467787
27,-1.000000,-1.000000,-1.877113,0.467787
28,-1.000000,-1.000000,-1.875749,0.467787
29,-1.000000,-1.000000,-1.871661,0.467787
30,-1.000000,-1.000000,-1.863994,0.467787
31,-1.000000,-1.000000,-1.856319,0.467787
32,-1.000000,-1.000000,-1.851031,0.467787
33,-1.000000,-1.000000,-1.846831,0.467787
34,-1.000000,-1.000000,-1.843363,0.467787
35,-1.000000,-1.000000,-1.839606,0.467787
36,-1.000000,-1.000000,-1.833715,0.467787
