Iteration,Poisson_v12,Poisson_v21,Objective,Volume_Fraction
0,nan,nan,nan,0.823600
1,0.494197,0.494197,5.734584,0.606873
2,0.478815,0.478815,2.422242,0.390146
3,0.478815,0.478815,0.771729,0.173419
4,0.478815,0.478815,0.094554,0.000000
5,0.000000,0.000000,0.000000,0.000000
6,0.000000,0.000000,0.000000,0.000000
7,0.000000,0.000000,0.000000,0.000000
8,0.000000,0.000000,0.000000,0.000000
9,0.000000,0.000000,0.000000,0.000000
