Iteration,Poisson_v12,Poisson_v21,Objective,Volume_Fraction
0,nan,nan,nan,0.308472
1,0.366669,0.566377,0.115342,0.208472
2,0.420130,0.537709,0.035668,0.113245
3,0.429916,0.578710,0.005510,0.027205
4,0.429916,0.578710,0.000047,0.000000
5,0.000000,0.000000,0.000000,0.000000
6,0.000000,0.000000,0.000000,0.000000
7,0.000000,0.000000,0.000000,0.000000
8,0.000000,0.000000,0.000000,0.000000
9,0.000000,0.000000,0.000000,0.000000
