Iteration,Poisson_v12,Poisson_v21,Objective,Volume_Fraction
0,nan,nan,nan,0.366930
1,0.366669,0.566377,0.194129,0.266930
2,0.413486,0.528143,0.067648,0.167317
3,0.429916,0.578710,0.017770,0.081277
4,0.429916,0.578710,0.001251,0.000000
5,0.000000,0.000000,0.000000,0.000000
6,0.000000,0.000000,0.000000,0.000000
7,0.000000,0.000000,0.000000,0.000000
8,0.000000,0.000000,0.000000,0.000000
9,0.000000,0.000000,0.000000,0.000000
