Iteration,Poisson_v12,Poisson_v21,Objective,Volume_Fraction
0,nan,nan,nan,0.379026
1,0.367359,0.567462,125.734761,0.407468
2,0.336051,0.469300,105.635312,0.407467
3,0.227817,0.228858,64.120626,0.407467
4,0.197908,0.199207,36.182679,0.407467
5,0.165706,0.169003,32.874550,0.407467
6,0.157471,0.160005,31.309419,0.407467
7,0.153538,0.155421,30.832110,0.407468
8,0.150654,0.151593,30.730199,0.407467
9,0.149102,0.149510,30.718192,0.407468
10,0.147371,0.147329,30.752655,0.407467
11,0.145275,0.145240,30.849352,0.407468
12,0.143648,0.143619,30.889648,0.407468
13,0.143106,0.143081,30.885692,0.407467
14,0.142949,0.142926,30.870440,0.407467
15,0.142843,0.142824,30.839028,0.407467
16,0.142759,0.142745,30.779949,0.407467
17,0.142785,0.142774,30.745811,0.407467
18,0.142834,0.142825,30.740074,0.407468
19,0.142870,0.142863,30.735285,0.407468
20,0.142895,0.142889,30.731810,0.407468
21,0.142911,0.142906,30.729282,0.407467
22,0.142921,0.142918,30.727574,0.407468
23,0.142928,0.142926,30.725965,0.407468
24,0.142934,0.142932,30.724311,0.407468
25,0.142941,0.142939,30.722269,0.407468
26,0.142951,0.142950,30.718744,0.407469
27,0.142968,0.142967,30.712671,0.407468
28,0.142997,0.142996,30.702065,0.407467
29,0.143046,0.143046,30.684190,0.407467
30,0.143120,0.143120,30.657044,0.407467
31,0.143198,0.143198,30.628482,0.407467
