{
  "git_hash": "ddbe82c",
  "timestamp": "2026-07-11T08:36:08",
  "version": "1.3.0",
  "params": {
    "volfrac": 0.33723923401416056,
    "penal": 1.3419427497382859,
    "rmin": 5.591550678117649,
    "move": 0.2103203008864969,
    "void_size_frac": 0.2631755524197732,
    "rotation_deg": 0.07401555736365531,
    "beta": 0.8327787797739576,
    "nelx": 50,
    "nely": 50,
    "ft": 2,
    "E0": 199.0,
    "Emin": 1e-09,
    "nu": 0.3,
    "max_iter": 150,
    "tol_change": 0.01,
    "tol_obj": 0.05,
    "window_size": 20,
    "save_every": 9999,
    "scale_factor": 1,
    "seed": "small_square_cross",
    "objective": "first"
  }
}