Iteration,Poisson_v12,Poisson_v21,Objective,Volume_Fraction
0,nan,nan,nan,0.733200
1,0.171971,0.173575,12.917567,0.665768
2,0.242029,0.243924,-3.475625,0.595087
3,0.242029,0.243924,-10.287644,0.524405
4,0.242029,0.243924,-18.288542,0.453723
5,0.242029,0.243924,-27.345871,0.383042
6,0.242029,0.243924,-37.307637,0.312360
7,0.242029,0.243924,-47.994042,0.241678
8,0.242029,0.243924,-59.182696,0.170997
9,0.242029,0.243924,-70.578461,0.100315
10,0.242029,0.243924,-81.736995,0.029633
11,0.242029,0.243924,-91.757907,0.000000
12,0.000000,0.000000,-94.802917,0.000000
13,0.000000,0.000000,-94.802917,0.000000
14,0.000000,0.000000,-94.802917,0.000000
15,0.000000,0.000000,-94.802917,0.000000
16,0.000000,0.000000,-94.802917,0.000000
