{
  "git_hash": "ddbe82c",
  "timestamp": "2026-07-11T08:21:26",
  "version": "1.3.0",
  "params": {
    "volfrac": 0.5484294369993782,
    "penal": 4.6443074979540775,
    "rmin": 3.461897877390352,
    "move": 0.16349243955426063,
    "void_size_frac": 0.2902183044412867,
    "rotation_deg": 42.5487373010039,
    "beta": 1.2578964019364136,
    "nelx": 50,
    "nely": 50,
    "ft": 2,
    "E0": 199.0,
    "Emin": 1e-09,
    "nu": 0.3,
    "max_iter": 150,
    "tol_change": 0.01,
    "tol_obj": 0.05,
    "window_size": 20,
    "save_every": 9999,
    "scale_factor": 1,
    "seed": "circle",
    "objective": "first"
  }
}