Iteration,Poisson_v12,Poisson_v21,Objective,Volume_Fraction
0,nan,nan,nan,0.700400
1,-1.000000,-1.000000,1.000000,0.512573
2,-1.000000,-1.000000,1.000000,0.356594
3,-1.000000,-1.000000,1.000000,0.230880
4,-1.000000,-1.000000,1.000000,0.184651
5,-1.000000,-1.000000,1.000000,0.169444
6,-1.000000,-1.000000,1.000000,0.187756
7,-0.993915,-0.997391,0.993915,0.203492
8,-0.988351,-0.995567,0.988351,0.204667
9,-0.986269,-0.995652,0.986269,0.196915
10,-0.985351,-0.994318,0.985351,0.195750
11,-0.985992,-0.994050,0.985992,0.188926
12,-0.985973,-0.993457,0.985973,0.184915
13,-0.984998,-0.993006,0.984998,0.184891
14,-0.985317,-0.993011,0.985317,0.182475
15,-0.985672,-0.992600,0.985672,0.185017
16,-0.985361,-0.993026,0.985361,0.182601
17,-0.985089,-0.992975,0.985089,0.177970
18,-0.985074,-0.993197,0.985074,0.178551
19,-0.985098,-0.992663,0.985098,0.174639
20,-0.985137,-0.992465,0.985137,0.174497
