Iteration,Poisson_v12,Poisson_v21,Objective,Volume_Fraction
0,nan,nan,nan,0.887600
1,0.297545,0.297545,7.283551,0.637414
2,0.347720,0.347720,3.812208,0.387462
3,0.347720,0.347720,1.163274,0.137510
4,0.347720,0.347720,0.065842,0.000000
5,0.000000,0.000000,0.000000,0.000000
6,0.000000,0.000000,0.000000,0.000000
7,0.000000,0.000000,0.000000,0.000000
8,0.000000,0.000000,0.000000,0.000000
9,0.000000,0.000000,0.000000,0.000000
