Iteration,Poisson_v12,Poisson_v21,Objective,Volume_Fraction
0,nan,nan,nan,0.463074
1,0.458560,0.367857,0.536810,0.304664
2,0.447300,0.412390,0.183521,0.156340
3,0.460677,0.410197,0.035045,0.022072
4,0.460678,0.410197,0.000106,0.000000
5,0.000000,0.000000,0.000000,0.000000
6,0.000000,0.000000,0.000000,0.000000
7,0.000000,0.000000,0.000000,0.000000
8,0.000000,0.000000,0.000000,0.000000
9,0.000000,0.000000,0.000000,0.000000
