Iteration,Poisson_v12,Poisson_v21,Objective,Volume_Fraction
0,nan,nan,nan,0.292252
1,0.367021,0.496829,76.711565,0.316359
2,0.249580,0.314530,73.353265,0.316359
3,0.168243,0.174069,63.704389,0.316358
4,0.123185,0.126041,51.697853,0.316359
5,0.120249,0.121828,39.061564,0.316360
6,0.136283,0.137161,27.731820,0.316359
7,0.146726,0.147130,20.595103,0.316359
8,0.137206,0.137407,19.870024,0.316359
9,0.129971,0.130153,19.663914,0.316359
10,0.125132,0.125255,19.649044,0.316360
11,0.122305,0.122337,19.642878,0.316359
12,0.120668,0.120739,19.620950,0.316360
13,0.119617,0.119710,19.602124,0.316359
14,0.119140,0.119242,19.579696,0.316359
15,0.119094,0.119201,19.556332,0.316358
16,0.119073,0.119186,19.540544,0.316359
17,0.119055,0.119168,19.530922,0.316359
18,0.119016,0.119136,19.524938,0.316358
19,0.118914,0.119042,19.526764,0.316359
20,0.118829,0.118963,19.527447,0.316359
21,0.118717,0.118856,19.532000,0.316359
22,0.118600,0.118742,19.537644,0.316359
23,0.118503,0.118630,19.542348,0.316359
24,0.118434,0.118508,19.546197,0.316358
25,0.118367,0.118413,19.548831,0.316358
26,0.118296,0.118345,19.549979,0.316359
27,0.118228,0.118281,19.550206,0.316358
28,0.118156,0.118211,19.550104,0.316359
29,0.118079,0.118137,19.548493,0.316358
30,0.118031,0.118080,19.544556,0.316359
31,0.117973,0.118021,19.542538,0.316359
32,0.117919,0.117964,19.545314,0.316359
33,0.117868,0.117917,19.547775,0.316359
34,0.117812,0.117863,19.550625,0.316360
35,0.117749,0.117803,19.553825,0.316359
36,0.117679,0.117735,19.557537,0.316358
37,0.117600,0.117658,19.561917,0.316358
38,0.117511,0.117571,19.566459,0.316359
39,0.117411,0.117472,19.571631,0.316359
40,0.117299,0.117362,19.577252,0.316358
41,0.117174,0.117237,19.583680,0.316359
42,0.117035,0.117099,19.590395,0.316359
43,0.116906,0.116960,19.596865,0.316359
44,0.116780,0.116817,19.603217,0.316359
45,0.116649,0.116671,19.609539,0.316360
46,0.116544,0.116563,19.613954,0.316358
47,0.116473,0.116474,19.617452,0.316359
48,0.116414,0.116400,19.619740,0.316359
49,0.116396,0.116381,19.619881,0.316359
50,0.116380,0.116366,19.619797,0.316358
51,0.116367,0.116353,19.619664,0.316359
52,0.116358,0.116344,19.619149,0.316358
53,0.116352,0.116337,19.618752,0.316359
54,0.116349,0.116335,19.617952,0.316359
55,0.116348,0.116333,19.617209,0.316359
56,0.116342,0.116326,19.616802,0.316359
