Iteration,Poisson_v12,Poisson_v21,Objective,Volume_Fraction
0,nan,nan,nan,0.800000
1,-1.000000,-1.000000,1.000000,0.664135
2,-1.000000,-1.000000,1.000000,0.527856
3,-1.000000,-1.000000,1.000000,0.391577
4,-1.000000,-1.000000,1.000000,0.343282
5,-1.000000,-1.000000,1.000000,0.295132
6,-1.000000,-1.000000,1.000000,0.255209
7,-0.999987,-0.999992,0.999987,0.273099
8,-0.999503,-0.999749,0.999503,0.295486
9,-0.997789,-0.999258,0.997789,0.307185
10,-0.998104,-0.999377,0.998104,0.314819
11,-0.994017,-0.998172,0.994017,0.308073
12,-0.993983,-0.997531,0.993983,0.309597
13,-0.993157,-0.998080,0.993157,0.309499
14,-0.992654,-0.997742,0.992654,0.302893
15,-0.993139,-0.997436,0.993139,0.301670
16,-0.992262,-0.997159,0.992262,0.305055
17,-0.991003,-0.997247,0.991003,0.297199
18,-0.991119,-0.996467,0.991119,0.289183
19,-0.990587,-0.996475,0.990587,0.294106
20,-0.990514,-0.997015,0.990514,0.296619
