Iteration,Poisson_v12,Poisson_v21,Objective,Volume_Fraction
0,nan,nan,nan,0.895600
1,0.407558,0.407558,-162.343825,0.749176
2,0.449677,0.449677,-295.565816,0.602752
3,0.449677,0.449677,-367.778721,0.456329
4,0.449677,0.449677,-399.988517,0.309905
5,0.449677,0.449677,-410.424404,0.163481
6,0.449677,0.449677,-412.405362,0.017057
7,0.449352,0.449352,-412.512523,0.000000
8,0.000000,0.000000,-412.512526,0.000000
9,0.000000,0.000000,-412.512526,0.000000
10,0.000000,0.000000,-412.512526,0.000000
11,0.000000,0.000000,-412.512526,0.000000
12,0.000000,0.000000,-412.512526,0.000000
