{
  "git_hash": "ddbe82c",
  "timestamp": "2026-07-11T08:25:36",
  "version": "1.3.0",
  "params": {
    "volfrac": 0.5798083516115523,
    "penal": 1.5248897248198356,
    "rmin": 2.8141402080088618,
    "move": 0.16651315985470316,
    "void_size_frac": 0.2094349359126741,
    "rotation_deg": 43.24387976705384,
    "beta": 0.7617326471522314,
    "nelx": 50,
    "nely": 50,
    "ft": 2,
    "E0": 199.0,
    "Emin": 1e-09,
    "nu": 0.3,
    "max_iter": 150,
    "tol_change": 0.01,
    "tol_obj": 0.05,
    "window_size": 20,
    "save_every": 9999,
    "scale_factor": 1,
    "seed": "four_circle",
    "objective": "first"
  }
}