Iteration,Poisson_v12,Poisson_v21,Objective,Volume_Fraction
0,nan,nan,nan,0.734000
1,-1.000000,-1.000000,1.000000,0.614338
2,-1.000000,-1.000000,1.000000,0.494676
3,-1.000000,-1.000000,1.000000,0.375014
4,-1.000000,-1.000000,1.000000,0.259211
5,-1.000000,-1.000000,1.000000,0.207057
6,-1.000000,-1.000000,1.000000,0.153014
7,-1.000000,-1.000000,1.000000,0.155808
8,-0.996410,-0.996885,0.996410,0.178567
9,-0.989699,-0.992490,0.989699,0.191494
10,-0.984689,-0.989876,0.984689,0.199573
11,-0.983921,-0.990379,0.983921,0.202368
12,-0.983742,-0.990505,0.983742,0.204404
13,-0.982164,-0.990401,0.982164,0.208785
14,-0.982721,-0.991415,0.982721,0.203762
15,-0.983685,-0.991200,0.983685,0.202179
16,-0.982614,-0.990937,0.982614,0.203937
17,-0.981822,-0.990992,0.981822,0.203534
18,-0.982997,-0.990609,0.982997,0.202377
19,-0.982541,-0.991037,0.982541,0.202932
20,-0.982858,-0.990767,0.982858,0.199129
