Iteration,Poisson_v12,Poisson_v21,Objective,Volume_Fraction
0,nan,nan,nan,0.788400
1,0.405633,0.405633,5.066312,0.615035
2,0.410119,0.410119,2.290723,0.441671
3,0.410119,0.410119,0.949618,0.268306
4,0.410119,0.410119,0.283989,0.175288
5,0.402154,0.402154,0.261113,0.069603
6,0.300000,0.300000,0.123497,0.024629
7,0.300000,0.300000,0.012542,0.000000
8,0.000000,0.000000,0.000000,0.000000
9,0.000000,0.000000,0.000000,0.000000
10,0.000000,0.000000,0.000000,0.000000
11,0.000000,0.000000,0.000000,0.000000
12,0.000000,0.000000,0.000000,0.000000
