Iteration,Poisson_v12,Poisson_v21,Objective,Volume_Fraction
0,nan,nan,nan,0.535600
1,0.512088,0.512088,75.552901,0.533509
2,0.519511,0.519509,105.734702,0.533509
3,0.519511,0.519509,105.734702,0.533509
4,0.519511,0.519509,105.734702,0.533509
5,0.519511,0.519509,105.734702,0.533509
6,0.519511,0.519509,105.734702,0.533509
7,0.519511,0.519509,105.734702,0.533509
8,0.519511,0.519509,105.734702,0.533509
9,0.519511,0.519509,105.734702,0.533509
