Iteration,Poisson_v12,Poisson_v21,Objective,Volume_Fraction
0,nan,nan,nan,0.910400
1,-1.000000,-1.000000,-9.559774,0.759598
2,-1.000000,-1.000000,-3.292464,0.608796
3,-1.000000,-1.000000,-1.077804,0.503167
4,-1.000000,-1.000000,-0.452726,0.503167
5,-1.000000,-1.000000,-0.446373,0.503167
6,-1.000000,-1.000000,-0.441189,0.503167
7,-1.000000,-1.000000,-0.507915,0.503167
8,-1.000000,-1.000000,-0.632595,0.503167
9,-1.000000,-1.000000,-0.754332,0.503167
10,-1.000000,-1.000000,-0.849694,0.503167
11,-1.000000,-1.000000,-0.957417,0.503167
12,-1.000000,-1.000000,-1.076205,0.503167
13,-1.000000,-1.000000,-1.185494,0.503167
14,-1.000000,-1.000000,-1.287136,0.503167
15,-1.000000,-1.000000,-1.382041,0.503167
16,-1.000000,-1.000000,-1.436751,0.503167
17,-1.000000,-1.000000,-1.460864,0.503167
18,-1.000000,-1.000000,-1.476464,0.503167
19,-1.000000,-1.000000,-1.487627,0.503167
20,-1.000000,-1.000000,-1.494041,0.503167
21,-1.000000,-1.000000,-1.496644,0.503167
22,-1.000000,-1.000000,-1.499103,0.503167
23,-1.000000,-1.000000,-1.501626,0.503167
24,-1.000000,-1.000000,-1.504012,0.503167
25,-1.000000,-1.000000,-1.505073,0.503167
26,-1.000000,-1.000000,-1.505382,0.503167
27,-1.000000,-1.000000,-1.505637,0.503167
28,-1.000000,-1.000000,-1.505852,0.503167
29,-1.000000,-1.000000,-1.505953,0.503167
30,-1.000000,-1.000000,-1.506019,0.503167
31,-1.000000,-1.000000,-1.506035,0.503167
32,-1.000000,-1.000000,-1.506044,0.503167
33,-1.000000,-1.000000,-1.506123,0.503167
34,-1.000000,-1.000000,-1.506287,0.503167
