Iteration,Poisson_v12,Poisson_v21,Objective,Volume_Fraction
0,nan,nan,nan,0.835600
1,-1.000000,-1.000000,29.991355,0.677023
2,-1.000000,-1.000000,55.999746,0.518447
3,-1.000000,-1.000000,70.695225,0.450807
4,-1.000000,-1.000000,71.499430,0.450807
5,-1.000000,-1.000000,70.445440,0.450807
6,-1.000000,-1.000000,69.307860,0.450807
7,-1.000000,-1.000000,68.760573,0.450807
8,-1.000000,-1.000000,69.787586,0.450807
9,-1.000000,-1.000000,70.623615,0.450807
10,-1.000000,-1.000000,69.948082,0.450807
11,-1.000000,-1.000000,68.029507,0.450807
12,-1.000000,-1.000000,65.862781,0.450807
13,-1.000000,-1.000000,64.033743,0.450807
14,-1.000000,-1.000000,62.417206,0.450807
15,-1.000000,-1.000000,61.099729,0.450807
16,-1.000000,-1.000000,60.024789,0.450807
17,-1.000000,-1.000000,59.312301,0.450807
18,-1.000000,-1.000000,58.866136,0.450807
19,-1.000000,-1.000000,58.539424,0.450807
20,-1.000000,-1.000000,58.285393,0.450807
21,-1.000000,-1.000000,58.071277,0.450807
22,-1.000000,-1.000000,57.929593,0.450807
