Iteration,Poisson_v12,Poisson_v21,Objective,Volume_Fraction
0,nan,nan,nan,0.846000
1,0.371548,0.371548,58.081592,0.777122
2,0.372981,0.372981,69.331379,0.708245
3,0.372981,0.372981,80.533924,0.639367
4,0.372981,0.372981,91.408743,0.570490
5,0.372981,0.372981,101.732313,0.501612
6,0.372981,0.372981,111.307245,0.432735
7,0.372981,0.372981,119.962216,0.429873
8,0.165883,0.165883,114.885512,0.429872
9,0.087378,0.087378,100.453327,0.429874
10,0.078814,0.078814,81.718498,0.429873
11,0.085028,0.085028,62.690806,0.429873
12,0.090454,0.090454,45.687469,0.429873
13,0.092724,0.092724,31.632939,0.429873
14,0.091817,0.091817,30.732775,0.429873
15,0.091609,0.091609,30.476294,0.429873
16,0.091776,0.091776,30.438929,0.429872
17,0.092223,0.092223,30.363079,0.429873
18,0.092604,0.092604,30.299641,0.429872
19,0.092942,0.092942,30.239669,0.429873
20,0.093405,0.093405,30.141725,0.429873
21,0.093974,0.093974,30.006295,0.429874
22,0.094617,0.094617,29.839539,0.429873
23,0.095020,0.095020,29.737998,0.429873
24,0.095399,0.095399,29.639006,0.429874
25,0.095652,0.095652,29.569995,0.429874
26,0.095646,0.095646,29.570503,0.429873
27,0.095638,0.095638,29.571252,0.429873
28,0.095627,0.095627,29.572328,0.429873
29,0.095613,0.095613,29.573572,0.429874
