Iteration,Poisson_v12,Poisson_v21,Objective,Volume_Fraction
0,nan,nan,nan,0.854000
1,0.380261,0.380261,76.064791,0.702724
2,0.394591,0.394591,98.121919,0.551447
3,0.394591,0.394591,117.855242,0.462623
4,0.213313,0.213313,129.120692,0.462624
5,0.092615,0.092615,100.464329,0.462624
6,0.108139,0.108139,69.817515,0.462625
7,0.105508,0.105508,51.170847,0.462625
8,0.108436,0.108436,46.235904,0.462624
9,0.108285,0.108285,44.576467,0.462624
10,0.108672,0.108672,43.632598,0.462625
11,0.108967,0.108967,43.391125,0.462624
12,0.109490,0.109490,43.292470,0.462624
13,0.109714,0.109714,43.238711,0.462624
14,0.109863,0.109863,43.194862,0.462624
15,0.109931,0.109931,43.162526,0.462625
16,0.109835,0.109835,43.145698,0.462624
17,0.109754,0.109754,43.125701,0.462625
18,0.109683,0.109683,43.101852,0.462624
19,0.109739,0.109739,43.070127,0.462623
20,0.109873,0.109873,43.032463,0.462625
21,0.109942,0.109942,43.006453,0.462624
22,0.110024,0.110024,42.982113,0.462624
23,0.110149,0.110149,42.954293,0.462624
24,0.110292,0.110292,42.922321,0.462624
25,0.110458,0.110458,42.886167,0.462625
26,0.110657,0.110657,42.845351,0.462624
27,0.110664,0.110664,42.823159,0.462624
28,0.110574,0.110574,42.811057,0.462625
29,0.110297,0.110297,42.816643,0.462625
30,0.109972,0.109972,42.827244,0.462625
31,0.109649,0.109649,42.837967,0.462624
32,0.109328,0.109328,42.848873,0.462625
33,0.109010,0.109010,42.859464,0.462624
34,0.108695,0.108695,42.869802,0.462625
35,0.108457,0.108457,42.875159,0.462624
36,0.108434,0.108434,42.868747,0.462624
37,0.108421,0.108421,42.860773,0.462625
38,0.108419,0.108419,42.851105,0.462625
39,0.108427,0.108427,42.839308,0.462624
40,0.108464,0.108464,42.825600,0.462624
41,0.108567,0.108567,42.810636,0.462625
42,0.108690,0.108690,42.793040,0.462624
43,0.108835,0.108835,42.772297,0.462625
44,0.108971,0.108971,42.752487,0.462625
45,0.109029,0.109029,42.744112,0.462625
46,0.108980,0.108980,42.752311,0.462625
47,0.108946,0.108946,42.760022,0.462624
48,0.108924,0.108924,42.767224,0.462624
49,0.108912,0.108912,42.773890,0.462624
50,0.108911,0.108911,42.780070,0.462624
51,0.108918,0.108918,42.785718,0.462624
52,0.108938,0.108938,42.790539,0.462624
