Iteration,Poisson_v12,Poisson_v21,Objective,Volume_Fraction
0,nan,nan,nan,0.720000
1,0.141351,0.141351,9.339379,0.554122
2,0.142111,0.142111,-19.932668,0.388292
3,0.142111,0.142111,-46.999412,0.222462
4,0.142111,0.142111,-58.073738,0.056632
5,0.142111,0.142111,-59.911481,0.000000
6,0.000000,0.000000,-59.925699,0.000000
7,0.000000,0.000000,-59.925699,0.000000
8,0.000000,0.000000,-59.925699,0.000000
9,0.000000,0.000000,-59.925699,0.000000
10,0.000000,0.000000,-59.925699,0.000000
