Iteration,Poisson_v12,Poisson_v21,Objective,Volume_Fraction
0,nan,nan,nan,0.679600
1,0.413979,0.413979,2.644396,0.592587
2,0.440447,0.440447,13.342968,0.505593
3,0.440447,0.440447,25.577294,0.418598
4,0.440447,0.440447,38.527285,0.331603
5,0.440447,0.440447,50.208969,0.294952
6,0.305085,0.305085,54.362004,0.294952
7,0.125917,0.125917,46.773541,0.294952
8,0.086918,0.086918,35.756044,0.294952
9,0.092891,0.092890,27.129503,0.294952
10,0.101081,0.101080,24.048622,0.294951
11,0.099319,0.099318,23.469979,0.294952
12,0.098696,0.098694,23.207473,0.294952
13,0.099264,0.099263,23.016500,0.294952
14,0.099923,0.099922,22.876585,0.294951
15,0.100122,0.100118,22.790554,0.294952
16,0.099867,0.099870,22.748692,0.294952
17,0.099488,0.099488,22.725517,0.294951
18,0.099207,0.099205,22.705618,0.294952
19,0.099056,0.099059,22.685497,0.294952
20,0.099035,0.099035,22.663888,0.294952
21,0.099120,0.099119,22.639967,0.294952
22,0.099349,0.099347,22.611838,0.294952
23,0.099740,0.099743,22.578178,0.294952
24,0.099982,0.099984,22.553823,0.294952
25,0.100176,0.100176,22.533534,0.294952
26,0.100370,0.100371,22.514170,0.294951
27,0.100460,0.100460,22.500262,0.294951
28,0.100599,0.100599,22.485548,0.294951
29,0.100822,0.100823,22.467911,0.294953
30,0.101154,0.101154,22.446110,0.294952
31,0.101581,0.101584,22.420923,0.294952
32,0.102095,0.102103,22.392289,0.294951
33,0.102697,0.102697,22.360145,0.294952
34,0.103323,0.103324,22.326174,0.294951
35,0.103751,0.103746,22.303528,0.294952
36,0.104044,0.104039,22.287957,0.294952
37,0.104368,0.104363,22.270706,0.294952
38,0.104726,0.104722,22.251758,0.294951
39,0.105112,0.105113,22.231163,0.294951
40,0.105547,0.105547,22.207517,0.294951
41,0.106001,0.106001,22.182392,0.294952
42,0.106448,0.106448,22.157101,0.294951
43,0.106751,0.106750,22.140816,0.294952
44,0.106917,0.106917,22.132395,0.294951
45,0.107061,0.107062,22.125770,0.294951
46,0.107213,0.107213,22.118554,0.294951
47,0.107374,0.107374,22.111096,0.294952
48,0.107544,0.107545,22.102922,0.294952
49,0.107726,0.107727,22.094293,0.294951
50,0.107922,0.107923,22.085154,0.294951
51,0.108133,0.108133,22.075095,0.294952
52,0.108360,0.108361,22.063913,0.294952
53,0.108612,0.108613,22.051638,0.294952
54,0.108894,0.108895,22.037712,0.294952
55,0.109109,0.109109,22.026870,0.294951
56,0.109301,0.109302,22.017169,0.294952
57,0.109378,0.109379,22.012974,0.294953
