Iteration,Poisson_v12,Poisson_v21,Objective,Volume_Fraction
0,nan,nan,nan,0.860400
1,0.427534,0.427534,-178.762327,0.609571
2,0.439929,0.439929,-371.857390,0.358742
3,0.439929,0.439929,-431.613302,0.107913
4,0.439929,0.439929,-438.647439,0.000000
5,0.000000,0.000000,-438.687917,0.000000
6,0.000000,0.000000,-438.687917,0.000000
7,0.000000,0.000000,-438.687917,0.000000
8,0.000000,0.000000,-438.687917,0.000000
9,0.000000,0.000000,-438.687917,0.000000
