Iteration,Poisson_v12,Poisson_v21,Objective,Volume_Fraction
0,nan,nan,nan,0.706800
1,0.439217,0.439217,-136.209893,0.534956
2,0.449154,0.449154,-385.678801,0.363113
3,0.449154,0.449154,-479.979450,0.191269
4,0.449154,0.449154,-498.270929,0.019425
5,0.449177,0.449177,-499.217493,0.000000
6,0.000000,0.000000,-499.217513,0.000000
7,0.000000,0.000000,-499.217513,0.000000
8,0.000000,0.000000,-499.217513,0.000000
9,0.000000,0.000000,-499.217513,0.000000
10,0.000000,0.000000,-499.217513,0.000000
