Iteration,Poisson_v12,Poisson_v21,Objective,Volume_Fraction
0,nan,nan,nan,0.900800
1,-1.000000,-1.000000,108.709728,0.818699
2,-1.000000,-1.000000,197.152560,0.736605
3,-1.000000,-1.000000,248.365225,0.654511
4,-1.000000,-1.000000,284.824594,0.572418
5,-1.000000,-1.000000,308.585531,0.540754
6,-1.000000,-1.000000,314.782230,0.540754
7,-1.000000,-1.000000,314.907112,0.540754
8,-1.000000,-1.000000,315.332884,0.540754
9,-1.000000,-1.000000,314.136152,0.540754
10,-1.000000,-1.000000,309.861160,0.540754
11,-1.000000,-1.000000,305.015700,0.540754
12,-1.000000,-1.000000,299.942094,0.540754
13,-1.000000,-1.000000,295.859136,0.540754
14,-1.000000,-1.000000,291.927021,0.540754
15,-1.000000,-1.000000,288.440530,0.540754
16,-1.000000,-1.000000,285.039869,0.540754
17,-1.000000,-1.000000,281.946308,0.540754
18,-1.000000,-1.000000,279.433190,0.540754
19,-1.000000,-1.000000,277.254442,0.540754
20,-1.000000,-1.000000,275.551366,0.540754
21,-1.000000,-1.000000,273.775044,0.540754
22,-1.000000,-1.000000,271.919160,0.540754
23,-1.000000,-1.000000,270.251383,0.540754
24,-1.000000,-1.000000,269.058846,0.540754
