Iteration,Poisson_v12,Poisson_v21,Objective,Volume_Fraction
0,nan,nan,nan,0.328663
1,0.547377,0.385065,98.515011,0.355772
2,0.240266,0.202356,96.089243,0.355774
3,0.182918,0.174624,89.152853,0.355772
4,0.145465,0.140830,77.320327,0.355773
5,0.133084,0.129509,62.487343,0.355772
6,0.148186,0.145650,45.960027,0.355773
7,0.164050,0.162128,30.479806,0.355774
8,0.146354,0.144881,29.119047,0.355774
9,0.133941,0.133042,28.399778,0.355773
10,0.127451,0.126834,28.088348,0.355773
11,0.124223,0.123800,27.966088,0.355773
12,0.121791,0.121630,27.953019,0.355772
13,0.119602,0.119497,27.982716,0.355772
14,0.117601,0.117486,28.032860,0.355772
15,0.115920,0.115808,28.074694,0.355774
16,0.114662,0.114573,28.101535,0.355772
17,0.113623,0.113565,28.121720,0.355773
18,0.112858,0.112804,28.129657,0.355773
19,0.112237,0.112188,28.129156,0.355773
20,0.111980,0.111945,28.119925,0.355773
21,0.111827,0.111795,28.120292,0.355773
22,0.111763,0.111730,28.119375,0.355773
23,0.111738,0.111704,28.117985,0.355774
24,0.111756,0.111721,28.116398,0.355773
25,0.111774,0.111739,28.114938,0.355773
26,0.111790,0.111754,28.114185,0.355772
27,0.111805,0.111770,28.113228,0.355772
28,0.111819,0.111784,28.111972,0.355772
29,0.111829,0.111807,28.111249,0.355773
30,0.111847,0.111825,28.110844,0.355773
31,0.111866,0.111843,28.110694,0.355773
32,0.111876,0.111861,28.111370,0.355772
33,0.111884,0.111867,28.113392,0.355774
34,0.111889,0.111872,28.115425,0.355773
35,0.111895,0.111876,28.118168,0.355772
36,0.111900,0.111881,28.121332,0.355772
37,0.111905,0.111885,28.124753,0.355773
38,0.111910,0.111889,28.128372,0.355772
39,0.111918,0.111896,28.132394,0.355773
40,0.111927,0.111906,28.136288,0.355772
41,0.111941,0.111920,28.140270,0.355774
42,0.111960,0.111940,28.143413,0.355774
43,0.111968,0.111960,28.146353,0.355773
44,0.111985,0.111977,28.149165,0.355773
45,0.112006,0.111998,28.151118,0.355773
46,0.112023,0.112028,28.152471,0.355772
