Iteration,Poisson_v12,Poisson_v21,Objective,Volume_Fraction
0,nan,nan,nan,0.342812
1,0.374998,0.579345,104.547757,0.368536
2,0.341064,0.471661,97.375126,0.368536
3,0.201380,0.217046,79.725755,0.368536
4,0.232711,0.232401,53.925419,0.368535
5,0.248031,0.247175,37.932185,0.368537
6,0.236166,0.235583,36.869400,0.368535
7,0.223343,0.223113,37.155838,0.368537
8,0.218414,0.218300,37.109360,0.368536
9,0.222294,0.222227,36.438553,0.368536
10,0.228143,0.228106,35.668312,0.368537
11,0.229986,0.230042,35.304727,0.368535
12,0.228456,0.228514,35.293101,0.368537
13,0.222923,0.222940,35.694617,0.368536
14,0.215661,0.215621,36.287973,0.368537
15,0.208206,0.208164,36.925411,0.368535
16,0.203159,0.203153,37.358680,0.368537
17,0.199052,0.199060,37.710717,0.368536
18,0.195150,0.195136,38.041793,0.368537
19,0.191544,0.191496,38.350208,0.368535
20,0.188288,0.188244,38.628965,0.368536
21,0.185659,0.185600,38.852278,0.368535
22,0.184067,0.184014,38.984245,0.368535
23,0.183001,0.182944,39.069358,0.368537
24,0.182184,0.182143,39.133666,0.368535
25,0.181589,0.181562,39.180116,0.368536
26,0.181129,0.181100,39.215817,0.368536
27,0.180824,0.180793,39.240288,0.368535
28,0.180535,0.180508,39.263357,0.368537
29,0.180309,0.180280,39.279956,0.368535
30,0.180096,0.180062,39.296523,0.368535
31,0.179871,0.179837,39.314189,0.368535
32,0.179644,0.179612,39.332320,0.368535
33,0.179427,0.179403,39.349753,0.368535
34,0.179209,0.179189,39.367927,0.368536
35,0.179000,0.178978,39.385638,0.368536
36,0.178796,0.178773,39.403007,0.368536
37,0.178600,0.178575,39.419980,0.368536
38,0.178411,0.178383,39.436491,0.368535
39,0.178223,0.178190,39.453288,0.368536
40,0.178043,0.178003,39.469142,0.368536
41,0.177871,0.177830,39.484317,0.368536
42,0.177705,0.177667,39.498689,0.368536
43,0.177556,0.177518,39.511936,0.368535
44,0.177426,0.177396,39.522840,0.368535
45,0.177296,0.177283,39.533067,0.368537
46,0.177170,0.177176,39.542475,0.368536
47,0.177056,0.177082,39.551322,0.368535
48,0.176959,0.176994,39.558852,0.368536
49,0.176839,0.176871,39.569171,0.368535
50,0.176726,0.176757,39.579051,0.368535
51,0.176624,0.176653,39.587986,0.368535
52,0.176534,0.176562,39.595939,0.368536
53,0.176455,0.176482,39.602886,0.368536
54,0.176391,0.176418,39.608780,0.368536
55,0.176338,0.176365,39.613641,0.368535
56,0.176307,0.176328,39.616869,0.368535
