Iteration,Poisson_v12,Poisson_v21,Objective,Volume_Fraction
0,nan,nan,nan,0.473808
1,0.381462,0.589297,0.401498,0.326746
2,0.416021,0.583681,0.127168,0.185190
3,0.415759,0.610513,0.018825,0.058658
4,0.415759,0.610513,0.000228,0.000000
5,0.000000,0.000000,0.000000,0.000000
6,0.000000,0.000000,0.000000,0.000000
7,0.000000,0.000000,0.000000,0.000000
8,0.000000,0.000000,0.000000,0.000000
9,0.000000,0.000000,0.000000,0.000000
