Iteration,Poisson_v12,Poisson_v21,Objective,Volume_Fraction
0,nan,nan,nan,0.855600
1,0.465558,0.465558,8.509078,0.614596
2,0.453850,0.453850,4.208956,0.373592
3,0.453850,0.453850,1.296335,0.132588
4,0.453850,0.453850,0.073837,0.000000
5,0.000000,0.000000,0.000000,0.000000
6,0.000000,0.000000,0.000000,0.000000
7,0.000000,0.000000,0.000000,0.000000
8,0.000000,0.000000,0.000000,0.000000
9,0.000000,0.000000,0.000000,0.000000
