Iteration,Poisson_v12,Poisson_v21,Objective,Volume_Fraction
0,nan,nan,nan,0.856400
1,-1.000000,-1.000000,1.000000,0.768664
2,-1.000000,-1.000000,1.000000,0.679983
3,-1.000000,-1.000000,1.000000,0.591303
4,-1.000000,-1.000000,1.000000,0.502622
5,-1.000000,-1.000000,1.000000,0.433768
6,-1.000000,-1.000000,1.000000,0.388347
7,-1.000000,-1.000000,1.000000,0.347904
8,-1.000000,-1.000000,1.000000,0.307230
9,-1.000000,-1.000000,1.000000,0.263536
10,-1.000000,-1.000000,1.000000,0.232091
11,-1.000000,-1.000000,1.000000,0.225557
12,-1.000000,-1.000000,1.000000,0.226034
13,-1.000000,-1.000000,1.000000,0.230732
14,-0.999997,-0.999998,0.999997,0.228017
15,-0.998977,-0.999319,0.998977,0.221699
16,-0.994614,-0.996399,0.994614,0.210455
17,-0.992969,-0.995257,0.992969,0.196215
18,-0.992506,-0.994818,0.992506,0.180421
19,-0.991335,-0.993808,0.991335,0.180540
20,-0.991743,-0.994019,0.991743,0.176906
