Iteration,Poisson_v12,Poisson_v21,Objective,Volume_Fraction
0,nan,nan,nan,0.956400
1,0.335123,0.335123,132.476098,0.858805
2,0.353813,0.353813,147.961418,0.761210
3,0.353813,0.353813,163.582160,0.663615
4,0.353813,0.353813,174.303592,0.566019
5,0.353813,0.353813,181.117147,0.487556
6,0.210575,0.210575,184.511439,0.487557
7,0.335642,0.335642,170.319408,0.487557
8,0.342623,0.342619,151.268766,0.487557
9,0.336755,0.336751,125.703442,0.487557
10,0.313160,0.313158,102.982745,0.487557
11,0.280740,0.280733,79.517104,0.487557
12,0.252433,0.252434,77.944229,0.487557
13,0.233143,0.233144,76.560877,0.487556
14,0.231190,0.231192,76.307749,0.487557
15,0.230478,0.230473,76.166273,0.487557
16,0.230988,0.230986,76.061515,0.487557
17,0.231313,0.231309,75.973692,0.487557
18,0.231500,0.231498,75.914774,0.487556
19,0.231484,0.231486,75.858650,0.487557
20,0.231484,0.231485,75.810621,0.487557
21,0.231432,0.231433,75.771417,0.487556
22,0.231377,0.231388,75.742005,0.487556
23,0.231464,0.231463,75.735746,0.487557
24,0.231584,0.231584,75.735464,0.487558
25,0.231692,0.231692,75.736669,0.487556
26,0.231784,0.231785,75.738180,0.487557
27,0.231863,0.231864,75.739485,0.487557
28,0.231928,0.231929,75.740780,0.487556
29,0.231979,0.231980,75.742107,0.487556
30,0.232018,0.232019,75.743069,0.487557
31,0.231983,0.231984,75.741909,0.487557
32,0.231860,0.231861,75.738231,0.487556
33,0.231734,0.231735,75.734407,0.487557
34,0.231615,0.231604,75.730400,0.487557
35,0.231514,0.231485,75.727519,0.487556
36,0.231410,0.231378,75.725030,0.487557
37,0.231305,0.231271,75.722016,0.487558
38,0.231201,0.231165,75.718773,0.487557
39,0.231098,0.231088,75.716103,0.487558
40,0.231033,0.231028,75.714891,0.487557
41,0.230973,0.230968,75.713987,0.487557
42,0.230912,0.230907,75.712992,0.487556
43,0.230851,0.230846,75.711901,0.487556
44,0.230791,0.230786,75.710714,0.487557
45,0.230731,0.230726,75.709197,0.487557
46,0.230673,0.230667,75.707992,0.487556
47,0.230614,0.230609,75.707133,0.487557
48,0.230557,0.230551,75.706347,0.487557
49,0.230499,0.230493,75.705973,0.487557
50,0.230442,0.230435,75.706040,0.487556
51,0.230384,0.230378,75.706567,0.487556
52,0.230324,0.230335,75.706998,0.487557
53,0.230262,0.230295,75.707365,0.487558
54,0.230212,0.230254,75.707492,0.487556
55,0.230168,0.230212,75.708149,0.487558
56,0.230124,0.230170,75.708434,0.487557
57,0.230081,0.230129,75.709336,0.487557
58,0.230043,0.230087,75.709857,0.487557
59,0.230030,0.230044,75.709926,0.487557
60,0.230021,0.230021,75.709273,0.487557
