Iteration,Poisson_v12,Poisson_v21,Objective,Volume_Fraction
0,nan,nan,nan,0.834800
1,0.388399,0.388399,-243.890246,0.631836
2,0.397585,0.397585,-487.013138,0.428872
3,0.397585,0.397585,-578.141192,0.225908
4,0.397585,0.397585,-595.596979,0.022943
5,0.397582,0.397582,-596.498598,0.000000
6,0.000000,0.000000,-596.498617,0.000000
7,0.000000,0.000000,-596.498617,0.000000
8,0.000000,0.000000,-596.498617,0.000000
9,0.000000,0.000000,-596.498617,0.000000
10,0.000000,0.000000,-596.498617,0.000000
