Iteration,Poisson_v12,Poisson_v21,Objective,Volume_Fraction
0,nan,nan,nan,0.609200
1,0.474066,0.474066,-107.623360,0.461086
2,0.480120,0.480120,-371.453035,0.312972
3,0.480120,0.480120,-477.413154,0.164857
4,0.480120,0.480120,-498.143337,0.016743
5,0.480086,0.480086,-499.217490,0.000000
6,0.000000,0.000000,-499.217513,0.000000
7,0.000000,0.000000,-499.217513,0.000000
8,0.000000,0.000000,-499.217513,0.000000
9,0.000000,0.000000,-499.217513,0.000000
10,0.000000,0.000000,-499.217513,0.000000
