Iteration,Poisson_v12,Poisson_v21,Objective,Volume_Fraction
0,nan,nan,nan,0.416000
1,-1.000000,-1.000000,1.000000,0.331635
2,-1.000000,-1.000000,1.000000,0.262837
3,-1.000000,-1.000000,1.000000,0.197682
4,-1.000000,-1.000000,1.000000,0.141564
5,-1.000000,-1.000000,1.000000,0.138743
6,-1.000000,-1.000000,1.000000,0.145368
7,-1.000000,-1.000000,1.000000,0.140018
8,-0.998223,-0.998610,0.998223,0.132481
9,-0.998018,-0.998389,0.998018,0.125743
10,-0.996219,-0.997120,0.996219,0.126630
11,-0.994493,-0.995557,0.994493,0.121736
12,-0.991625,-0.993103,0.991625,0.117026
13,-0.991009,-0.992387,0.991009,0.111732
14,-0.990145,-0.991594,0.990145,0.106463
15,-0.986784,-0.988485,0.986784,0.101362
16,-0.986238,-0.987680,0.986238,0.094656
17,-0.983693,-0.985114,0.983693,0.086486
18,-0.983265,-0.984428,0.983265,0.076436
19,-0.982743,-0.983749,0.982743,0.067104
20,-0.980661,-0.981628,0.980661,0.057349
