Iteration,Poisson_v12,Poisson_v21,Objective,Volume_Fraction
0,nan,nan,nan,0.453525
1,0.388337,0.599857,181.241656,0.487557
2,0.163429,0.185800,177.149302,0.487557
3,0.197600,0.210852,163.073868,0.487557
4,0.173240,0.179976,138.975515,0.487557
5,0.154833,0.157520,107.940420,0.487557
6,0.150257,0.150266,71.642314,0.487557
7,0.129010,0.129042,67.558397,0.487557
8,0.115516,0.115969,65.698745,0.487558
9,0.105421,0.105814,64.776185,0.487557
10,0.101231,0.101554,64.344256,0.487556
11,0.098311,0.098572,64.133597,0.487558
12,0.096472,0.096645,64.072203,0.487556
13,0.095792,0.095908,64.059985,0.487557
14,0.095478,0.095531,64.053439,0.487556
15,0.095376,0.095419,64.041927,0.487557
16,0.095293,0.095327,64.031295,0.487558
17,0.095227,0.095254,64.021275,0.487557
18,0.095172,0.095190,64.012511,0.487557
19,0.095100,0.095092,64.009765,0.487558
20,0.094982,0.094966,64.013903,0.487556
21,0.094845,0.094826,64.021665,0.487558
22,0.094708,0.094697,64.028764,0.487557
23,0.094620,0.094613,64.034225,0.487557
24,0.094538,0.094531,64.039558,0.487556
25,0.094503,0.094507,64.042474,0.487557
26,0.094493,0.094497,64.044427,0.487558
27,0.094482,0.094486,64.046303,0.487557
28,0.094471,0.094475,64.048528,0.487556
29,0.094459,0.094464,64.050685,0.487558
30,0.094447,0.094452,64.052316,0.487557
31,0.094435,0.094440,64.054155,0.487557
32,0.094423,0.094428,64.055701,0.487557
33,0.094411,0.094418,64.056821,0.487556
34,0.094401,0.094408,64.057760,0.487556
35,0.094392,0.094399,64.057926,0.487557
36,0.094385,0.094393,64.057491,0.487557
37,0.094381,0.094387,64.056621,0.487558
38,0.094368,0.094366,64.057532,0.487556
39,0.094333,0.094330,64.062129,0.487557
40,0.094294,0.094291,64.066532,0.487558
41,0.094254,0.094251,64.070974,0.487557
42,0.094213,0.094211,64.075640,0.487557
43,0.094170,0.094169,64.080244,0.487557
44,0.094127,0.094126,64.084723,0.487556
45,0.094083,0.094082,64.089233,0.487557
46,0.094040,0.094038,64.093222,0.487557
47,0.094016,0.094012,64.096275,0.487556
48,0.093992,0.093989,64.099315,0.487557
49,0.093967,0.093964,64.101988,0.487557
50,0.093942,0.093939,64.104799,0.487557
51,0.093917,0.093914,64.107552,0.487556
52,0.093891,0.093889,64.110395,0.487556
53,0.093866,0.093863,64.112960,0.487556
54,0.093840,0.093838,64.115557,0.487557
55,0.093813,0.093811,64.117816,0.487556
56,0.093787,0.093786,64.120375,0.487557
57,0.093761,0.093760,64.122530,0.487557
58,0.093742,0.093738,64.124496,0.487557
