Iteration,Poisson_v12,Poisson_v21,Objective,Volume_Fraction
0,nan,nan,nan,0.882800
1,0.356407,0.356407,-460.009846,0.634134
2,0.379378,0.379378,-631.950219,0.385469
3,0.379378,0.379378,-723.519478,0.136803
4,0.379378,0.379378,-748.155178,0.000000
5,0.000000,0.000000,-749.180942,0.000000
6,0.000000,0.000000,-749.180942,0.000000
7,0.000000,0.000000,-749.180942,0.000000
8,0.000000,0.000000,-749.180942,0.000000
9,0.000000,0.000000,-749.180942,0.000000
