Iteration,Poisson_v12,Poisson_v21,Objective,Volume_Fraction
0,nan,nan,nan,0.806800
1,-1.000000,-1.000000,1.000000,0.756041
2,-1.000000,-1.000000,1.000000,0.705283
3,-1.000000,-1.000000,1.000000,0.654524
4,-1.000000,-1.000000,1.000000,0.603766
5,-1.000000,-1.000000,1.000000,0.553007
6,-1.000000,-1.000000,1.000000,0.502249
7,-1.000000,-1.000000,1.000000,0.451490
8,-1.000000,-1.000000,1.000000,0.400731
9,-1.000000,-1.000000,1.000000,0.349973
10,-1.000000,-1.000000,1.000000,0.299214
11,-1.000000,-1.000000,1.000000,0.248456
12,-1.000000,-1.000000,1.000000,0.203185
13,-1.000000,-1.000000,1.000000,0.183420
14,-1.000000,-1.000000,1.000000,0.163863
15,-1.000000,-1.000000,1.000000,0.148228
16,-1.000000,-1.000000,1.000000,0.132640
17,-1.000000,-1.000000,1.000000,0.127251
18,-1.000000,-1.000000,1.000000,0.122168
19,-1.000000,-1.000000,1.000000,0.120351
20,-1.000000,-1.000000,1.000000,0.118236
