{
  "git_hash": "e6455de",
  "timestamp": "2026-07-12T23:25:32",
  "version": "1.3.0",
  "params": {
    "volfrac": 0.25318480397346194,
    "penal": 2.495191425963073,
    "rmin": 1.1453143945540756,
    "move": 0.06291345051753694,
    "void_size_frac": 0.3562920197576742,
    "rotation_deg": 18.219705033454193,
    "nelx": 50,
    "nely": 50,
    "ft": 2,
    "E0": 199.0,
    "Emin": 1e-09,
    "nu": 0.3,
    "max_iter": 150,
    "tol_change": 0.01,
    "tol_obj": 0.05,
    "window_size": 20,
    "save_every": 9999,
    "scale_factor": 1,
    "mu": 0.2,
    "seed": "hexagonal",
    "objective": "auxetic"
  }
}