Iteration,Poisson_v12,Poisson_v21,Objective,Volume_Fraction
0,nan,nan,nan,0.740400
1,0.521826,0.521826,2.327252,0.686687
2,0.512235,0.512235,7.000415,0.632973
3,0.512235,0.512235,13.614582,0.579260
4,0.512235,0.512235,20.469072,0.525546
5,0.512235,0.512235,26.517091,0.471833
6,0.512235,0.512235,31.337778,0.418120
7,0.512235,0.512235,34.881587,0.364406
8,0.512235,0.512235,37.296293,0.310693
9,0.512235,0.512235,38.813483,0.256979
10,0.512235,0.512235,39.678936,0.225738
11,0.338885,0.338885,39.639827,0.225737
12,0.279545,0.279545,38.533436,0.225739
13,0.291304,0.291304,36.707747,0.225739
14,0.298718,0.298718,33.971322,0.225738
15,0.299925,0.299925,30.331415,0.225738
16,0.299999,0.299999,26.726424,0.225739
17,0.300000,0.300000,22.789476,0.225738
18,0.300000,0.300000,18.470672,0.225738
19,0.300000,0.300000,13.889430,0.225737
20,0.300000,0.300000,11.727602,0.225739
21,0.300000,0.300000,11.160889,0.225738
22,0.300000,0.300000,10.791341,0.225739
23,0.300000,0.300000,10.502402,0.225738
24,0.300000,0.300000,10.315585,0.225738
25,0.300000,0.300000,10.193964,0.225739
26,0.300000,0.300000,10.109969,0.225737
27,0.300000,0.300000,10.053918,0.225737
28,0.300000,0.300000,10.016377,0.225739
29,0.300000,0.300000,10.006418,0.225739
30,0.300000,0.300000,10.001617,0.225739
31,0.300000,0.300000,9.997364,0.225738
32,0.300000,0.300000,9.993633,0.225738
33,0.300000,0.300000,9.990103,0.225739
34,0.300000,0.300000,9.986799,0.225739
35,0.300000,0.300000,9.984522,0.225738
36,0.300000,0.300000,9.982707,0.225738
37,0.300000,0.300000,9.980894,0.225737
38,0.300000,0.300000,9.979309,0.225738
39,0.300000,0.300000,9.977712,0.225738
40,0.300000,0.300000,9.976423,0.225738
41,0.300000,0.300000,9.975355,0.225738
42,0.300000,0.300000,9.974357,0.225738
43,0.300000,0.300000,9.973435,0.225739
44,0.300000,0.300000,9.972396,0.225739
45,0.300000,0.300000,9.971430,0.225739
46,0.300000,0.300000,9.970540,0.225738
47,0.300000,0.300000,9.969727,0.225738
48,0.300000,0.300000,9.968901,0.225738
