Iteration,Poisson_v12,Poisson_v21,Objective,Volume_Fraction
0,nan,nan,nan,0.829200
1,0.396806,0.387609,3.365412,0.769044
2,0.434475,0.431013,8.306180,0.708889
3,0.434475,0.431013,15.050022,0.648733
4,0.434475,0.431013,21.710525,0.588578
5,0.434475,0.431013,27.457330,0.528422
6,0.434475,0.431013,31.982438,0.468267
7,0.434475,0.431013,35.285359,0.408111
8,0.434475,0.431013,37.526373,0.347956
9,0.434475,0.431013,38.930894,0.287800
10,0.434475,0.431013,39.730934,0.227645
11,0.434475,0.431013,40.132433,0.225738
12,0.122562,0.122844,39.806345,0.225739
13,0.132775,0.133657,38.996168,0.225737
14,0.143416,0.144003,37.724651,0.225738
15,0.162574,0.162961,35.894173,0.225738
16,0.234774,0.234973,33.708639,0.225738
17,0.276947,0.277011,30.798144,0.225738
18,0.293209,0.293228,27.278034,0.225737
19,0.298386,0.298392,23.164939,0.225738
20,0.299718,0.299720,18.541517,0.225739
21,0.299972,0.299972,13.586693,0.225739
22,0.299999,0.299999,12.812294,0.225738
23,0.300000,0.300000,12.210859,0.225738
24,0.300000,0.300000,11.887046,0.225738
25,0.300000,0.300000,11.660749,0.225738
26,0.300000,0.300000,11.490277,0.225738
27,0.300000,0.300000,11.356005,0.225739
28,0.300000,0.300000,11.243411,0.225738
29,0.300000,0.300000,11.140948,0.225738
30,0.300000,0.300000,11.053208,0.225738
31,0.300000,0.300000,10.974675,0.225738
32,0.300000,0.300000,10.913194,0.225738
33,0.300000,0.300000,10.873444,0.225738
34,0.300000,0.300000,10.861105,0.225738
35,0.300000,0.300000,10.857126,0.225738
36,0.300000,0.300000,10.852871,0.225739
37,0.300000,0.300000,10.847975,0.225739
38,0.300000,0.300000,10.842385,0.225739
39,0.300000,0.300000,10.836132,0.225739
40,0.300000,0.300000,10.829039,0.225738
41,0.300000,0.300000,10.820913,0.225739
42,0.300000,0.300000,10.811632,0.225738
43,0.300000,0.300000,10.801374,0.225739
44,0.300000,0.300000,10.789561,0.225738
45,0.300000,0.300000,10.777908,0.225738
46,0.300000,0.300000,10.765589,0.225738
47,0.300000,0.300000,10.753955,0.225739
48,0.300000,0.300000,10.741717,0.225738
49,0.300000,0.300000,10.728686,0.225737
50,0.300000,0.300000,10.715131,0.225739
51,0.300000,0.300000,10.703719,0.225738
52,0.300000,0.300000,10.693408,0.225739
53,0.300000,0.300000,10.684252,0.225737
54,0.300000,0.300000,10.675362,0.225738
55,0.300000,0.300000,10.667957,0.225738
56,0.300000,0.300000,10.663465,0.225738
57,0.300000,0.300000,10.658899,0.225738
58,0.300000,0.300000,10.654387,0.225737
59,0.300000,0.300000,10.650774,0.225739
