{
  "git_hash": "e6455de",
  "timestamp": "2026-07-12T23:25:59",
  "version": "1.3.0",
  "params": {
    "volfrac": 0.5995635303033295,
    "penal": 3.388969333343675,
    "rmin": 4.252223611526973,
    "move": 0.254244108380379,
    "void_size_frac": 0.3206217354502502,
    "rotation_deg": 4.284815842871774,
    "nelx": 50,
    "nely": 50,
    "ft": 2,
    "E0": 199.0,
    "Emin": 1e-09,
    "nu": 0.3,
    "max_iter": 150,
    "tol_change": 0.01,
    "tol_obj": 0.05,
    "window_size": 20,
    "save_every": 9999,
    "scale_factor": 1,
    "mu": 0.2,
    "seed": "hexagonal",
    "objective": "auxetic"
  }
}