Iteration,Poisson_v12,Poisson_v21,Objective,Volume_Fraction
0,nan,nan,nan,0.875200
1,0.242456,0.242456,6.533771,0.674447
2,0.274460,0.274460,4.636164,0.473738
3,0.274460,0.274460,3.439053,0.273029
4,0.274460,0.274460,2.025864,0.072320
5,0.274460,0.274460,0.484217,0.000000
6,0.000000,0.000000,0.000000,0.000000
7,0.000000,0.000000,0.000000,0.000000
8,0.000000,0.000000,0.000000,0.000000
9,0.000000,0.000000,0.000000,0.000000
10,0.000000,0.000000,0.000000,0.000000
