Iteration,Poisson_v12,Poisson_v21,Objective,Volume_Fraction
0,nan,nan,nan,0.939200
1,0.279208,0.279208,3.614063,0.723803
2,0.315335,0.315335,2.261080,0.508406
3,0.315335,0.315335,1.680628,0.293009
4,0.315335,0.315335,0.991785,0.077612
5,0.315335,0.315335,0.237429,0.000000
6,0.000000,0.000000,0.000000,0.000000
7,0.000000,0.000000,0.000000,0.000000
8,0.000000,0.000000,0.000000,0.000000
9,0.000000,0.000000,0.000000,0.000000
10,0.000000,0.000000,0.000000,0.000000
