Iteration,Poisson_v12,Poisson_v21,Objective,Volume_Fraction
0,nan,nan,nan,0.825200
1,-1.000000,-1.000000,-7.293123,0.650964
2,-1.000000,-1.000000,-2.827189,0.477030
3,-1.000000,-1.000000,-0.982157,0.389681
4,-1.000000,-1.000000,-0.540099,0.389681
5,-1.000000,-1.000000,-0.489371,0.389681
6,-1.000000,-1.000000,-0.329944,0.389681
7,-1.000000,-1.000000,-0.338511,0.389681
8,-1.000000,-1.000000,-0.480227,0.389681
9,-1.000000,-1.000000,-0.576179,0.389681
10,-1.000000,-1.000000,-0.637756,0.389681
11,-1.000000,-1.000000,-0.667012,0.389681
12,-1.000000,-1.000000,-0.681187,0.389681
13,-1.000000,-1.000000,-0.691546,0.389681
14,-1.000000,-1.000000,-0.700073,0.389681
15,-1.000000,-1.000000,-0.706887,0.389681
16,-1.000000,-1.000000,-0.711401,0.389681
17,-1.000000,-1.000000,-0.714370,0.389681
18,-1.000000,-1.000000,-0.716446,0.389681
19,-1.000000,-1.000000,-0.717952,0.389681
20,-1.000000,-1.000000,-0.719314,0.389681
21,-1.000000,-1.000000,-0.720365,0.389681
22,-1.000000,-1.000000,-0.721052,0.389681
23,-1.000000,-1.000000,-0.721427,0.389681
24,-1.000000,-1.000000,-0.721642,0.389681
25,-1.000000,-1.000000,-0.721873,0.389681
26,-1.000000,-1.000000,-0.722123,0.389681
27,-1.000000,-1.000000,-0.722405,0.389681
28,-1.000000,-1.000000,-0.722710,0.389681
29,-1.000000,-1.000000,-0.722883,0.389681
