Iteration,Poisson_v12,Poisson_v21,Objective,Volume_Fraction
0,nan,nan,nan,0.778800
1,0.408616,0.408616,-14.212978,0.607546
2,0.426892,0.426892,-40.236756,0.436293
3,0.426892,0.426892,-66.519312,0.265039
4,0.426892,0.426892,-90.722078,0.093785
5,0.426892,0.426892,-108.264847,0.000000
6,0.000000,0.000000,-112.419895,0.000000
7,0.000000,0.000000,-112.419895,0.000000
8,0.000000,0.000000,-112.419895,0.000000
9,0.000000,0.000000,-112.419895,0.000000
10,0.000000,0.000000,-112.419895,0.000000
