Iteration,Poisson_v12,Poisson_v21,Objective,Volume_Fraction
0,nan,nan,nan,0.877200
1,0.364683,0.375056,6.399943,0.733784
2,0.394336,0.399710,3.788470,0.590369
3,0.394336,0.399710,1.786756,0.446953
4,0.394336,0.399710,0.631170,0.303538
5,0.394336,0.399710,0.133942,0.160122
6,0.394336,0.399710,0.008760,0.016707
7,0.394349,0.399716,0.000000,0.000000
8,0.000000,0.000000,0.000000,0.000000
9,0.000000,0.000000,0.000000,0.000000
10,0.000000,0.000000,0.000000,0.000000
11,0.000000,0.000000,0.000000,0.000000
12,0.000000,0.000000,0.000000,0.000000
