Iteration,Poisson_v12,Poisson_v21,Objective,Volume_Fraction
0,nan,nan,nan,0.561600
1,0.065232,0.065232,9.829892,0.438118
2,0.069476,0.069476,-15.166511,0.314622
3,0.069476,0.069476,-47.235238,0.191127
4,0.069476,0.069476,-80.546755,0.067631
5,0.069476,0.069476,-106.196651,0.000000
6,0.000000,0.000000,-112.419895,0.000000
7,0.000000,0.000000,-112.419895,0.000000
8,0.000000,0.000000,-112.419895,0.000000
9,0.000000,0.000000,-112.419895,0.000000
10,0.000000,0.000000,-112.419895,0.000000
