Iteration,Poisson_v12,Poisson_v21,Objective,Volume_Fraction
0,nan,nan,nan,0.898800
1,0.357930,0.357930,39.911104,0.711603
2,0.360379,0.360399,63.344655,0.524044
3,0.360379,0.360399,81.292201,0.353173
4,0.257973,0.257965,92.085497,0.353172
5,0.215830,0.215692,68.202008,0.353173
6,0.265641,0.265800,45.923689,0.353173
7,0.251072,0.251034,27.628994,0.353173
8,0.224770,0.224692,24.032126,0.353173
9,0.214055,0.214065,22.764180,0.353173
10,0.212937,0.212944,22.273422,0.353173
11,0.211569,0.211575,22.038209,0.353172
12,0.210938,0.210946,21.893425,0.353173
13,0.210817,0.210823,21.822655,0.353173
14,0.210681,0.210688,21.753334,0.353173
15,0.210610,0.210616,21.677669,0.353172
16,0.210553,0.210550,21.624411,0.353173
17,0.210593,0.210590,21.565879,0.353172
18,0.210629,0.210626,21.515858,0.353174
19,0.210568,0.210566,21.501811,0.353173
20,0.210446,0.210444,21.510551,0.353173
21,0.210320,0.210318,21.523943,0.353172
22,0.210193,0.210190,21.540473,0.353173
23,0.210070,0.210067,21.557855,0.353172
24,0.209958,0.209956,21.574154,0.353173
25,0.209863,0.209860,21.588055,0.353174
26,0.209784,0.209781,21.599409,0.353173
27,0.209717,0.209714,21.609109,0.353172
28,0.209676,0.209673,21.618155,0.353173
29,0.209649,0.209646,21.626649,0.353172
30,0.209661,0.209659,21.634754,0.353172
31,0.209674,0.209672,21.642725,0.353173
32,0.209686,0.209685,21.650641,0.353173
33,0.209698,0.209698,21.658611,0.353172
34,0.209710,0.209710,21.666557,0.353173
35,0.209721,0.209722,21.674245,0.353173
36,0.209732,0.209734,21.681880,0.353174
37,0.209743,0.209746,21.689084,0.353173
38,0.209754,0.209758,21.696035,0.353173
39,0.209767,0.209771,21.702361,0.353172
40,0.209787,0.209793,21.708249,0.353174
41,0.209808,0.209827,21.713210,0.353173
42,0.209814,0.209839,21.718214,0.353173
43,0.209820,0.209843,21.722911,0.353172
44,0.209824,0.209846,21.727296,0.353172
45,0.209838,0.209858,21.731324,0.353173
46,0.209859,0.209877,21.734901,0.353172
47,0.209876,0.209892,21.738266,0.353173
48,0.209892,0.209906,21.741091,0.353172
49,0.209906,0.209918,21.743511,0.353173
50,0.209921,0.209927,21.745456,0.353173
