Iteration,Poisson_v12,Poisson_v21,Objective,Volume_Fraction
0,nan,nan,nan,0.609600
1,-1.000000,-1.000000,1.000000,0.470226
2,-1.000000,-1.000000,1.000000,0.335288
3,-1.000000,-1.000000,1.000000,0.248090
4,-1.000000,-1.000000,1.000000,0.186386
5,-1.000000,-1.000000,1.000000,0.165496
6,-1.000000,-1.000000,1.000000,0.155549
7,-1.000000,-1.000000,1.000000,0.168693
8,-1.000000,-1.000000,1.000000,0.182336
9,-1.000000,-1.000000,1.000000,0.203142
10,-0.999999,-1.000000,0.999999,0.212976
11,-1.000000,-1.000000,1.000000,0.208611
12,-0.999999,-1.000000,0.999999,0.209622
13,-1.000000,-1.000000,1.000000,0.202597
14,-0.999999,-1.000000,0.999999,0.202044
15,-1.000000,-1.000000,1.000000,0.204547
16,-0.999999,-1.000000,0.999999,0.203784
17,-1.000000,-1.000000,1.000000,0.204231
18,-0.999999,-1.000000,0.999999,0.205266
19,-1.000000,-1.000000,1.000000,0.199854
20,-0.999999,-1.000000,0.999999,0.204664
