Iteration,Poisson_v12,Poisson_v21,Objective,Volume_Fraction
0,nan,nan,nan,0.964400
1,0.346308,0.346308,18.331728,0.901750
2,0.372251,0.372251,25.874317,0.839099
3,0.372251,0.372251,29.515301,0.776449
4,0.372251,0.372251,32.698845,0.713798
5,0.372251,0.372251,35.400367,0.651148
6,0.372251,0.372251,37.625874,0.588497
7,0.372251,0.372251,39.403352,0.525847
8,0.372251,0.372251,40.775656,0.463196
9,0.372251,0.372251,41.794722,0.400546
10,0.372251,0.372251,42.516929,0.337895
11,0.372251,0.372251,42.999470,0.275245
12,0.372251,0.372251,43.297525,0.234539
13,0.264026,0.264026,43.265529,0.234540
14,0.364458,0.364458,42.330038,0.234540
15,0.367130,0.367130,41.065581,0.234540
16,0.357686,0.357686,39.460648,0.234540
17,0.346961,0.346961,37.621277,0.234539
18,0.343405,0.343405,35.660242,0.234541
19,0.340835,0.340835,33.093419,0.234540
20,0.332363,0.332363,29.760898,0.234541
21,0.318580,0.318579,25.761322,0.234540
22,0.308120,0.308120,21.753066,0.234540
23,0.302852,0.302851,18.028764,0.234540
24,0.300941,0.300941,16.489764,0.234540
25,0.300237,0.300237,15.535190,0.234541
26,0.300045,0.300045,14.907319,0.234541
27,0.300005,0.300005,14.492124,0.234541
28,0.300000,0.300000,14.218197,0.234539
29,0.300000,0.300000,14.034598,0.234541
30,0.300000,0.300000,13.918093,0.234540
31,0.300000,0.300000,13.839527,0.234540
32,0.300000,0.300000,13.773934,0.234539
33,0.300000,0.300000,13.710215,0.234540
34,0.300000,0.300000,13.650045,0.234540
35,0.300000,0.300000,13.605067,0.234540
36,0.300000,0.300000,13.569930,0.234539
37,0.300000,0.300000,13.545295,0.234539
38,0.300000,0.300000,13.528866,0.234540
39,0.300000,0.300000,13.510598,0.234540
40,0.300000,0.300000,13.489862,0.234540
41,0.300000,0.300000,13.466647,0.234540
42,0.300000,0.300000,13.443292,0.234541
43,0.300000,0.300000,13.423034,0.234541
44,0.300000,0.300000,13.401670,0.234540
45,0.300000,0.300000,13.378529,0.234539
46,0.300000,0.300000,13.354261,0.234540
47,0.300000,0.300000,13.329801,0.234540
48,0.300000,0.300000,13.306311,0.234540
49,0.300000,0.300000,13.283658,0.234539
50,0.300000,0.300000,13.263250,0.234539
51,0.300000,0.300000,13.248870,0.234540
52,0.300000,0.300000,13.236423,0.234541
53,0.300000,0.300000,13.224424,0.234540
54,0.300000,0.300000,13.213136,0.234540
55,0.300000,0.300000,13.208398,0.234540
56,0.300000,0.300000,13.207158,0.234540
