Iteration,Poisson_v12,Poisson_v21,Objective,Volume_Fraction
0,nan,nan,nan,0.974000
1,-1.000000,-1.000000,1.000000,0.787376
2,-1.000000,-1.000000,1.000000,0.600753
3,-1.000000,-1.000000,1.000000,0.435709
4,-1.000000,-1.000000,1.000000,0.287898
5,-1.000000,-1.000000,1.000000,0.140577
6,-1.000000,-1.000000,1.000000,0.113498
7,-0.983114,-0.987379,0.983114,0.126799
8,-0.978819,-0.985046,0.978819,0.131143
9,-0.977674,-0.984864,0.977674,0.134123
10,-0.978143,-0.985322,0.978143,0.138408
11,-0.977917,-0.986456,0.977917,0.134244
12,-0.978433,-0.986026,0.978433,0.131334
13,-0.977721,-0.985870,0.977721,0.137658
14,-0.977092,-0.986692,0.977092,0.141045
15,-0.977949,-0.987738,0.977949,0.144839
16,-0.977511,-0.988033,0.977511,0.139897
17,-0.977769,-0.987534,0.977769,0.141406
18,-0.978678,-0.986187,0.978678,0.145983
19,-0.977674,-0.988505,0.977674,0.145739
20,-0.978122,-0.988213,0.978122,0.140722
