Iteration,Poisson_v12,Poisson_v21,Objective,Volume_Fraction
0,nan,nan,nan,0.954800
1,-1.000000,-1.000000,6.336506,0.753475
2,-1.000000,-1.000000,48.843054,0.552151
3,-1.000000,-1.000000,85.892495,0.389681
4,-1.000000,-1.000000,104.812196,0.389681
5,-1.000000,-1.000000,104.683088,0.389681
6,-1.000000,-1.000000,104.595101,0.389681
7,-1.000000,-1.000000,104.510369,0.389681
8,-1.000000,-1.000000,104.419805,0.389681
9,-1.000000,-1.000000,104.322617,0.389681
10,-1.000000,-1.000000,104.216030,0.389681
11,-1.000000,-1.000000,104.093793,0.389681
12,-1.000000,-1.000000,103.946786,0.389681
13,-1.000000,-1.000000,103.757204,0.389681
14,-1.000000,-1.000000,103.495371,0.389681
15,-1.000000,-1.000000,103.106339,0.389681
16,-1.000000,-1.000000,102.465665,0.389681
17,-1.000000,-1.000000,101.341960,0.389681
18,-1.000000,-1.000000,99.509567,0.389681
19,-1.000000,-1.000000,97.111100,0.389681
20,-1.000000,-1.000000,94.693401,0.389681
21,-1.000000,-1.000000,92.751385,0.389681
22,-1.000000,-1.000000,91.352115,0.389681
23,-1.000000,-1.000000,90.532260,0.389681
