Iteration,Poisson_v12,Poisson_v21,Objective,Volume_Fraction
0,nan,nan,nan,0.220610
1,0.382936,0.591561,-32.677308,0.039626
2,0.459999,0.534272,-32.887439,0.000000
3,0.000000,0.000000,-32.887822,0.000000
4,0.000000,0.000000,-32.887822,0.000000
5,0.000000,0.000000,-32.887822,0.000000
6,0.000000,0.000000,-32.887822,0.000000
7,0.000000,0.000000,-32.887822,0.000000
8,0.000000,0.000000,-32.887822,0.000000
9,0.000000,0.000000,-32.887822,0.000000
