{
  "git_hash": "ddbe82c",
  "timestamp": "2026-07-11T08:41:28",
  "version": "1.3.0",
  "params": {
    "volfrac": 0.38386829345999324,
    "penal": 1.0688185271236834,
    "rmin": 1.8522122725976256,
    "move": 0.17791555315702556,
    "void_size_frac": 0.4306045803568268,
    "rotation_deg": 10.138478741792769,
    "beta_second": 1.88534430200695,
    "nelx": 50,
    "nely": 50,
    "ft": 2,
    "E0": 199.0,
    "Emin": 1e-09,
    "nu": 0.3,
    "max_iter": 150,
    "tol_change": 0.01,
    "tol_obj": 0.05,
    "window_size": 20,
    "save_every": 9999,
    "scale_factor": 1,
    "seed": "grid_circular_voids",
    "objective": "second"
  }
}