{
  "git_hash": "ddbe82c",
  "timestamp": "2026-07-11T08:08:06",
  "version": "1.3.0",
  "params": {
    "volfrac": 0.560158288072841,
    "penal": 1.3170069955059056,
    "rmin": 4.444514753060852,
    "move": 0.17314538858068781,
    "void_size_frac": 0.41502126154120556,
    "rotation_deg": 61.54514735028426,
    "nelx": 50,
    "nely": 50,
    "ft": 2,
    "E0": 199.0,
    "Emin": 1e-09,
    "nu": 0.3,
    "max_iter": 150,
    "tol_change": 0.01,
    "tol_obj": 0.05,
    "window_size": 20,
    "save_every": 9999,
    "scale_factor": 1,
    "seed": "nine_circle",
    "objective": "auxetic"
  }
}