Iteration,Poisson_v12,Poisson_v21,Objective,Volume_Fraction
0,nan,nan,nan,0.334400
1,-1.000000,-1.000000,1.000000,0.296957
2,-1.000000,-1.000000,1.000000,0.270042
3,-1.000000,-1.000000,1.000000,0.240266
4,-1.000000,-1.000000,1.000000,0.208589
5,-1.000000,-1.000000,1.000000,0.181587
6,-1.000000,-1.000000,1.000000,0.155206
7,-1.000000,-1.000000,1.000000,0.131867
8,-1.000000,-1.000000,1.000000,0.115442
9,-1.000000,-1.000000,1.000000,0.112621
10,-1.000000,-1.000000,1.000000,0.111847
11,-1.000000,-1.000000,1.000000,0.119263
12,-1.000000,-1.000000,1.000000,0.120976
13,-1.000000,-1.000000,1.000000,0.120121
14,-1.000000,-1.000000,1.000000,0.124159
15,-1.000000,-1.000000,1.000000,0.123146
16,-1.000000,-1.000000,1.000000,0.116182
17,-1.000000,-1.000000,1.000000,0.114644
18,-1.000000,-1.000000,1.000000,0.109192
19,-1.000000,-1.000000,1.000000,0.098429
20,-1.000000,-1.000000,1.000000,0.095531
