Iteration,Poisson_v12,Poisson_v21,Objective,Volume_Fraction
0,nan,nan,nan,0.954800
1,0.281541,0.281541,3.132650,0.706975
2,0.242918,0.242920,1.546180,0.459123
3,0.242918,0.242920,0.443056,0.211271
4,0.242918,0.242920,0.039882,0.000000
5,0.000000,0.000000,0.000000,0.000000
6,0.000000,0.000000,0.000000,0.000000
7,0.000000,0.000000,0.000000,0.000000
8,0.000000,0.000000,0.000000,0.000000
9,0.000000,0.000000,0.000000,0.000000
