Iteration,Poisson_v12,Poisson_v21,Objective,Volume_Fraction
0,nan,nan,nan,0.839600
1,-1.000000,-1.000000,241.132764,0.610347
2,-1.000000,-1.000000,322.637488,0.557139
3,-1.000000,-1.000000,310.216283,0.557139
4,-1.000000,-1.000000,304.938130,0.557139
5,-1.000000,-1.000000,304.442077,0.557139
6,-1.000000,-1.000000,304.228794,0.557139
7,-1.000000,-1.000000,304.109599,0.557139
8,-1.000000,-1.000000,304.041471,0.557139
9,-1.000000,-1.000000,303.999347,0.557139
10,-1.000000,-1.000000,303.970800,0.557139
11,-1.000000,-1.000000,303.949701,0.557139
12,-1.000000,-1.000000,303.933461,0.557139
13,-1.000000,-1.000000,303.919588,0.557139
14,-1.000000,-1.000000,303.907379,0.557139
15,-1.000000,-1.000000,303.896511,0.557139
16,-1.000000,-1.000000,303.886938,0.557139
17,-1.000000,-1.000000,303.879114,0.557139
18,-1.000000,-1.000000,303.872781,0.557139
19,-1.000000,-1.000000,303.867880,0.557139
20,-1.000000,-1.000000,303.863501,0.557139
21,-1.000000,-1.000000,303.859533,0.557139
