Iteration,Poisson_v12,Poisson_v21,Objective,Volume_Fraction
0,nan,nan,nan,0.363042
1,0.390083,0.602545,-100.547339,0.274211
2,0.450640,0.501436,-101.882488,0.185381
3,0.454605,0.541249,-102.215876,0.106511
4,0.452077,0.549178,-102.323575,0.030081
5,0.452054,0.549172,-102.334724,0.000000
6,0.000000,0.000000,-102.334767,0.000000
7,0.000000,0.000000,-102.334767,0.000000
8,0.000000,0.000000,-102.334767,0.000000
9,0.000000,0.000000,-102.334767,0.000000
10,0.000000,0.000000,-102.334767,0.000000
