Iteration,Poisson_v12,Poisson_v21,Objective,Volume_Fraction
0,nan,nan,nan,0.798000
1,0.401583,0.401583,-130.900073,0.680645
2,0.416624,0.416624,-208.058804,0.563289
3,0.416624,0.416624,-266.326070,0.445934
4,0.416624,0.416624,-301.889116,0.328579
5,0.416624,0.416624,-319.761473,0.211224
6,0.416624,0.416624,-326.542152,0.093868
7,0.416624,0.416624,-328.042574,0.000000
8,0.000000,0.000000,-328.115461,0.000000
9,0.000000,0.000000,-328.115461,0.000000
10,0.000000,0.000000,-328.115461,0.000000
11,0.000000,0.000000,-328.115461,0.000000
12,0.000000,0.000000,-328.115461,0.000000
