Iteration,Poisson_v12,Poisson_v21,Objective,Volume_Fraction
0,nan,nan,nan,0.982000
1,0.323037,0.323037,-77.141701,0.734828
2,0.336708,0.336708,-86.869289,0.487656
3,0.336708,0.336708,-93.362050,0.240483
4,0.336708,0.336708,-96.894749,0.000000
5,0.000000,0.000000,-97.826950,0.000000
6,0.000000,0.000000,-97.826950,0.000000
7,0.000000,0.000000,-97.826950,0.000000
8,0.000000,0.000000,-97.826950,0.000000
9,0.000000,0.000000,-97.826950,0.000000
