Iteration,Poisson_v12,Poisson_v21,Objective,Volume_Fraction
0,nan,nan,nan,0.740400
1,0.430539,0.430555,51.903159,0.547171
2,0.464939,0.458529,124.722688,0.458447
3,0.228600,0.234622,117.236032,0.458447
4,0.159196,0.158140,66.296902,0.458447
5,0.108198,0.106891,54.715359,0.458446
6,0.098531,0.097046,51.744773,0.458446
7,0.097317,0.095800,51.311222,0.458447
8,0.096321,0.094864,51.164475,0.458446
9,0.095500,0.094070,51.109422,0.458445
10,0.094649,0.093237,51.102465,0.458446
11,0.093920,0.092555,51.107445,0.458446
12,0.093417,0.092099,51.115296,0.458446
13,0.093023,0.091723,51.123804,0.458446
14,0.092695,0.091418,51.131158,0.458446
15,0.092398,0.091137,51.138451,0.458445
16,0.092113,0.090848,51.146062,0.458446
17,0.091813,0.090562,51.162160,0.458446
18,0.091507,0.090255,51.182307,0.458446
19,0.091210,0.089950,51.200614,0.458447
20,0.090918,0.089656,51.217504,0.458446
21,0.090655,0.089377,51.234602,0.458445
22,0.090411,0.089139,51.250380,0.458445
23,0.090159,0.088891,51.266561,0.458445
24,0.089902,0.088631,51.283068,0.458446
25,0.089647,0.088380,51.298174,0.458445
26,0.089434,0.088173,51.310080,0.458446
27,0.089269,0.088011,51.318428,0.458446
28,0.089118,0.087861,51.325980,0.458446
29,0.088960,0.087704,51.333667,0.458446
30,0.088792,0.087532,51.342700,0.458446
31,0.088683,0.087423,51.348510,0.458447
32,0.088578,0.087318,51.353935,0.458446
