{
  "metadata": {
    "objective": "auxetic",
    "seed": "cross_rectangular",
    "timestamp": "2026-06-01T19:01:26.514320",
    "n_samples": 30,
    "n_success": 30
  },
  "analysis": {
    "param_names": [
      "volfrac",
      "penal",
      "rmin",
      "move",
      "void_size_frac",
      "rotation_deg"
    ],
    "correlations": [
      0.0424916573971079,
      -0.6080088987764182,
      -0.05628476084538376,
      -0.30856507230255836,
      0.3721913236929922,
      -0.29744160177975526
    ],
    "p_values": [
      0.8235763471138855,
      0.00036512285107145767,
      0.7676737857629369,
      0.09710944858909278,
      0.042828693351263124,
      0.11042211106888639
    ],
    "top_3": [
      [
        "penal",
        -0.6080088987764182,
        0.00036512285107145767
      ],
      [
        "void_size_frac",
        0.3721913236929922,
        0.042828693351263124
      ],
      [
        "move",
        -0.30856507230255836,
        0.09710944858909278
      ]
    ],
    "n_valid": 30
  },
  "results": [
    {
      "sample_id": 0,
      "seed": "cross_rectangular",
      "objective": "auxetic",
      "params": {
        "volfrac": 0.44301391935258716,
        "penal": 4.008149541366393,
        "rmin": 3.8569003466814364,
        "move": 0.14418859975783865,
        "void_size_frac": 0.2817637108685392,
        "rotation_deg": 48.07313294508973
      },
      "v12": -0.9806504693317424,
      "v21": -0.9900893091950672,
      "obj_value": 0.9806504693317424,
      "n_iters": 21,
      "converged": true,
      "elapsed_time": 4.136314630508423,
      "success": true,
      "error": null
    },
    {
      "sample_id": 1,
      "seed": "cross_rectangular",
      "objective": "auxetic",
      "params": {
        "volfrac": 0.20318480397346197,
        "penal": 2.495191425963073,
        "rmin": 1.1453143945540756,
        "move": 0.06291345051753694,
        "void_size_frac": 0.5438200329294569,
        "rotation_deg": 18.219705033454193
      },
      "v12": -0.9999999887961125,
      "v21": -0.9999999902969863,
      "obj_value": 0.9999999887961125,
      "n_iters": 21,
      "converged": true,
      "elapsed_time": 3.772763729095459,
      "success": true,
      "error": null
    },
    {
      "sample_id": 2,
      "seed": "cross_rectangular",
      "objective": "auxetic",
      "params": {
        "volfrac": 0.5380817983989244,
        "penal": 2.756965118230556,
        "rmin": 2.2594309668621113,
        "move": 0.23977301065179352,
        "void_size_frac": 0.4574235868830694,
        "rotation_deg": 44.80854823168748
      },
      "v12": -0.9860012294666316,
      "v21": -0.9908492672322362,
      "obj_value": 0.9860012294666316,
      "n_iters": 21,
      "converged": true,
      "elapsed_time": 4.047994613647461,
      "success": true,
      "error": null
    },
    {
      "sample_id": 3,
      "seed": "cross_rectangular",
      "objective": "auxetic",
      "params": {
        "volfrac": 0.45563158437343226,
        "penal": 1.7157780801170581,
        "rmin": 5.206985376652438,
        "move": 0.2720456169322511,
        "void_size_frac": 0.43382169959341826,
        "rotation_deg": 39.320636636033406
      },
      "v12": -0.9885878937291653,
      "v21": -0.9914076621889698,
      "obj_value": 0.9885878937291653,
      "n_iters": 21,
      "converged": true,
      "elapsed_time": 4.533644914627075,
      "success": true,
      "error": null
    },
    {
      "sample_id": 4,
      "seed": "cross_rectangular",
      "objective": "auxetic",
      "params": {
        "volfrac": 0.30962155337234987,
        "penal": 3.7740481722864043,
        "rmin": 4.755546499378827,
        "move": 0.2829683019517731,
        "void_size_frac": 0.4140951751322075,
        "rotation_deg": 12.950853140272637
      },
      "v12": -0.9848966156256851,
      "v21": -0.9921095023717456,
      "obj_value": 0.9848966156256851,
      "n_iters": 21,
      "converged": true,
      "elapsed_time": 4.388397455215454,
      "success": true,
      "error": null
    },
    {
      "sample_id": 5,
      "seed": "cross_rectangular",
      "objective": "auxetic",
      "params": {
        "volfrac": 0.40340317125456243,
        "penal": 4.070998702342106,
        "rmin": 2.612362440310308,
        "move": 0.08857950244970943,
        "void_size_frac": 0.6088407364787365,
        "rotation_deg": 68.43158592274713
      },
      "v12": -0.9861733623203486,
      "v21": -0.9947391791505004,
      "obj_value": 0.9861733623203486,
      "n_iters": 21,
      "converged": true,
      "elapsed_time": 3.993563175201416,
      "success": true,
      "error": null
    },
    {
      "sample_id": 6,
      "seed": "cross_rectangular",
      "objective": "auxetic",
      "params": {
        "volfrac": 0.4249343799288604,
        "penal": 4.936572676503209,
        "rmin": 5.128848441824852,
        "move": 0.26108488337764574,
        "void_size_frac": 0.47604746801879444,
        "rotation_deg": 84.50196541182649
      },
      "v12": -0.9683698296836767,
      "v21": -0.9683698296841292,
      "obj_value": 0.9683698296836767,
      "n_iters": 19,
      "converged": true,
      "elapsed_time": 4.122896432876587,
      "success": true,
      "error": null
    },
    {
      "sample_id": 7,
      "seed": "cross_rectangular",
      "objective": "auxetic",
      "params": {
        "volfrac": 0.5639964653066367,
        "penal": 3.625017781149061,
        "rmin": 4.527956699767467,
        "move": 0.13496029702086,
        "void_size_frac": 0.6935420270161637,
        "rotation_deg": 65.13501568820926
      },
      "v12": -0.9846119142536166,
      "v21": -0.9933459698940103,
      "obj_value": 0.9846119142536166,
      "n_iters": 21,
      "converged": true,
      "elapsed_time": 4.409381628036499,
      "success": true,
      "error": null
    },
    {
      "sample_id": 8,
      "seed": "cross_rectangular",
      "objective": "auxetic",
      "params": {
        "volfrac": 0.577566726613667,
        "penal": 3.5146996688520917,
        "rmin": 3.300015299587482,
        "move": 0.19160531441874162,
        "void_size_frac": 0.22021792704163104,
        "rotation_deg": 52.005447430223896
      },
      "v12": -0.9766340566886196,
      "v21": -0.9830129417121208,
      "obj_value": 0.9766340566886196,
      "n_iters": 21,
      "converged": true,
      "elapsed_time": 4.200780153274536,
      "success": true,
      "error": null
    },
    {
      "sample_id": 9,
      "seed": "cross_rectangular",
      "objective": "auxetic",
      "params": {
        "volfrac": 0.3505977949516489,
        "penal": 4.629236129197071,
        "rmin": 4.923514037410277,
        "move": 0.1702604900337259,
        "void_size_frac": 0.38100338336453904,
        "rotation_deg": 11.656409779392078
      },
      "v12": -0.9805437506380503,
      "v21": -0.986545678345777,
      "obj_value": 0.9805437506380503,
      "n_iters": 21,
      "converged": true,
      "elapsed_time": 4.222338914871216,
      "success": true,
      "error": null
    },
    {
      "sample_id": 10,
      "seed": "cross_rectangular",
      "objective": "auxetic",
      "params": {
        "volfrac": 0.5910879605094603,
        "penal": 3.2038538391809155,
        "rmin": 5.405793982253136,
        "move": 0.06862500952153312,
        "void_size_frac": 0.30608802799999013,
        "rotation_deg": 37.33926179802601
      },
      "v12": -0.9931694528121141,
      "v21": -0.9957981885506373,
      "obj_value": 0.9931694528121141,
      "n_iters": 21,
      "converged": true,
      "elapsed_time": 4.346832990646362,
      "success": true,
      "error": null
    },
    {
      "sample_id": 11,
      "seed": "cross_rectangular",
      "objective": "auxetic",
      "params": {
        "volfrac": 0.2592105711900612,
        "penal": 4.559473320258318,
        "rmin": 2.494863694238677,
        "move": 0.16302735508973032,
        "void_size_frac": 0.5797569221196744,