{
  "metadata": {
    "objective": "auxetic",
    "seed": "cross_rectangular",
    "timestamp": "2026-07-12T23:31:21.595922",
    "n_samples": 30,
    "n_success": 30
  },
  "analysis": {
    "param_names": [
      "volfrac",
      "penal",
      "rmin",
      "move",
      "void_size_frac",
      "rotation_deg"
    ],
    "correlations": [
      -0.22224694104560622,
      0.0932146829810901,
      0.511012235817575,
      -0.10478309232480533,
      -0.2827586206896551,
      -0.027808676307007785
    ],
    "p_values": [
      0.23783893153129354,
      0.624181677982413,
      0.0039044434644538925,
      0.5815962537668229,
      0.1300221402899322,
      0.8840238060189678
    ],
    "top_3": [
      [
        "rmin",
        0.511012235817575,
        0.0039044434644538925
      ],
      [
        "void_size_frac",
        -0.2827586206896551,
        0.1300221402899322
      ],
      [
        "volfrac",
        -0.22224694104560622,
        0.23783893153129354
      ]
    ],
    "n_valid": 30
  },
  "results": [
    {
      "sample_id": 0,
      "seed": "cross_rectangular",
      "objective": "auxetic",
      "params": {
        "volfrac": 0.4930139193525872,
        "penal": 4.008149541366393,
        "rmin": 3.8569003466814364,
        "move": 0.14418859975783865,
        "void_size_frac": 0.1990582265211235,
        "rotation_deg": 48.07313294508973
      },
      "v12": 0.2991417154130734,
      "v21": 0.2991121430722056,
      "obj_value": -0.4118277555331905,
      "n_iters": 61,
      "converged": true,
      "elapsed_time": 22.598910093307495,
      "success": true,
      "error": null
    },
    {
      "sample_id": 1,
      "seed": "cross_rectangular",
      "objective": "auxetic",
      "params": {
        "volfrac": 0.25318480397346194,
        "penal": 2.495191425963073,
        "rmin": 1.1453143945540756,
        "move": 0.06291345051753694,
        "void_size_frac": 0.3562920197576742,
        "rotation_deg": 18.219705033454193
      },
      "v12": 0.29999999999877347,
      "v21": 0.2999999999987789,
      "obj_value": -0.3529483849562,
      "n_iters": 54,
      "converged": true,
      "elapsed_time": 18.630293369293213,
      "success": true,
      "error": null
    },
    {
      "sample_id": 2,
      "seed": "cross_rectangular",
      "objective": "auxetic",
      "params": {
        "volfrac": 0.5880817983989245,
        "penal": 2.756965118230556,
        "rmin": 2.2594309668621113,
        "move": 0.23977301065179352,
        "void_size_frac": 0.30445415212984167,
        "rotation_deg": 44.80854823168748
      },
      "v12": 0.30074159459788785,
      "v21": 0.3006349414767028,
      "obj_value": -0.8090960569930681,
      "n_iters": 128,
      "converged": true,
      "elapsed_time": 43.006723403930664,
      "success": true,
      "error": null
    },
    {
      "sample_id": 3,
      "seed": "cross_rectangular",
      "objective": "auxetic",
      "params": {
        "volfrac": 0.5056315843734323,
        "penal": 1.7157780801170581,
        "rmin": 5.206985376652438,
        "move": 0.2720456169322511,
        "void_size_frac": 0.290293019756051,
        "rotation_deg": 39.320636636033406
      },
      "v12": 0.299084116204664,
      "v21": 0.31755505629527886,
      "obj_value": -0.4756242607051385,
      "n_iters": 150,
      "converged": true,
      "elapsed_time": 48.166019439697266,
      "success": true,
      "error": null
    },
    {
      "sample_id": 4,
      "seed": "cross_rectangular",
      "objective": "auxetic",
      "params": {
        "volfrac": 0.35962155337234986,
        "penal": 3.7740481722864043,
        "rmin": 4.755546499378827,
        "move": 0.2829683019517731,
        "void_size_frac": 0.27845710507932453,
        "rotation_deg": 12.950853140272637
      },
      "v12": 0.29999909255867213,
      "v21": 0.29999909255880114,
      "obj_value": -0.08027104218092165,
      "n_iters": 74,
      "converged": true,
      "elapsed_time": 26.534894227981567,
      "success": true,
      "error": null
    },
    {
      "sample_id": 5,
      "seed": "cross_rectangular",
      "objective": "auxetic",
      "params": {
        "volfrac": 0.4534031712545624,
        "penal": 4.070998702342106,
        "rmin": 2.612362440310308,
        "move": 0.08857950244970943,
        "void_size_frac": 0.39530444188724195,
        "rotation_deg": 68.43158592274713
      },
      "v12": 0.2999999999944328,
      "v21": 0.29999999999441324,
      "obj_value": -0.5172746231690512,
      "n_iters": 39,
      "converged": true,
      "elapsed_time": 13.49568510055542,
      "success": true,
      "error": null
    },
    {
      "sample_id": 6,
      "seed": "cross_rectangular",
      "objective": "auxetic",
      "params": {
        "volfrac": 0.4749343799288604,
        "penal": 4.936572676503209,
        "rmin": 5.128848441824852,
        "move": 0.26108488337764574,
        "void_size_frac": 0.3156284808112767,
        "rotation_deg": 84.50196541182649
      },
      "v12": 0.299807809709458,
      "v21": 0.29980782236030856,
      "obj_value": -0.2053449086057204,
      "n_iters": 70,
      "converged": true,
      "elapsed_time": 25.96968960762024,
      "success": true,
      "error": null
    },
    {
      "sample_id": 7,
      "seed": "cross_rectangular",
      "objective": "auxetic",
      "params": {
        "volfrac": 0.6139964653066368,
        "penal": 3.625017781149061,
        "rmin": 4.527956699767467,
        "move": 0.13496029702086,
        "void_size_frac": 0.44612521620969836,
        "rotation_deg": 65.13501568820926
      },
      "v12": 0.42546974548959665,
      "v21": 0.40212685890140587,
      "obj_value": 0.9155626689801747,
      "n_iters": 150,
      "converged": true,
      "elapsed_time": 51.71488666534424,
      "success": true,
      "error": null
    },
    {
      "sample_id": 8,
      "seed": "cross_rectangular",
      "objective": "auxetic",
      "params": {
        "volfrac": 0.6275667266136671,
        "penal": 3.5146996688520917,
        "rmin": 3.300015299587482,
        "move": 0.19160531441874162,
        "void_size_frac": 0.1621307562249786,
        "rotation_deg": 52.005447430223896
      },
      "v12": 0.2828541867757086,
      "v21": 0.28091039526299266,
      "obj_value": -0.12544259983907408,
      "n_iters": 150,
      "converged": true,
      "elapsed_time": 52.79021406173706,
      "success": true,
      "error": null
    },
    {
      "sample_id": 9,
      "seed": "cross_rectangular",
      "objective": "auxetic",
      "params": {
        "volfrac": 0.4005977949516489,
        "penal": 4.629236129197071,
        "rmin": 4.923514037410277,
        "move": 0.1702604900337259,
        "void_size_frac": 0.25860203001872345,
        "rotation_deg": 11.656409779392078
      },
      "v12": 0.29975112173742147,
      "v21": 0.29975112173747104,
      "obj_value": -0.0475354370044391,
      "n_iters": 48,
      "converged": true,
      "elapsed_time": 16.986507654190063,
      "success": true,
      "error": null
    },
    {
      "sample_id": 10,
      "seed": "cross_rectangular",
      "objective": "auxetic",
      "params": {
        "volfrac": 0.6410879605094604,
        "penal": 3.2038538391809155,
        "rmin": 5.405793982253136,
        "move": 0.06862500952153312,
        "void_size_frac": 0.2136528167999941,
        "rotation_deg": 37.33926179802601
      },
      "v12": 0.2603600137332232,
      "v21": 0.26214049753083224,
      "obj_value": -0.11773325278647279,
      "n_iters": 150,
      "converged": true,
      "elapsed_time": 54.76653075218201,
      "success": true,
      "error": null
    },
    {
      "sample_id": 11,
      "seed": "cross_rectangular",
      "objective": "auxetic",
      "params": {
        "volfrac": 0.3092105711900612,
        "penal": 4.559473320258318,
        "rmin": 2.494863694238677,
        "move": 0.16302735508973032,
        "void_size_frac": 0.3778541532718047,