Iteration,Poisson_v12,Poisson_v21,Objective,Volume_Fraction
0,nan,nan,nan,0.600398
1,0.382725,0.519239,1.256326,0.464856
2,0.423442,0.479443,0.549895,0.329315
3,0.434700,0.506660,0.261756,0.206175
4,0.431982,0.517669,0.061708,0.091181
5,0.431982,0.517669,0.003819,0.000000
6,0.000000,0.000000,0.000000,0.000000
7,0.000000,0.000000,0.000000,0.000000
8,0.000000,0.000000,0.000000,0.000000
9,0.000000,0.000000,0.000000,0.000000
10,0.000000,0.000000,0.000000,0.000000
