Iteration,Poisson_v12,Poisson_v21,Objective,Volume_Fraction
0,nan,nan,nan,0.801600
1,-1.000000,-1.000000,1.000000,0.661225
2,-1.000000,-1.000000,1.000000,0.520657
3,-1.000000,-1.000000,1.000000,0.423416
4,-1.000000,-1.000000,1.000000,0.332370
5,-1.000000,-1.000000,1.000000,0.235834
6,-1.000000,-1.000000,1.000000,0.212131
7,-1.000000,-1.000000,1.000000,0.223240
8,-1.000000,-1.000000,1.000000,0.237336
9,-1.000000,-1.000000,1.000000,0.268068
10,-1.000000,-1.000000,1.000000,0.295044
11,-0.996729,-0.999260,0.996729,0.276357
12,-0.996780,-0.999242,0.996780,0.250074
13,-0.993858,-0.998651,0.993858,0.275023
14,-0.992927,-0.999096,0.992927,0.294987
15,-0.991256,-0.998747,0.991256,0.301405
16,-0.990179,-0.998824,0.990179,0.301559
17,-0.990854,-0.998756,0.990854,0.298628
18,-0.990876,-0.998098,0.990876,0.294274
19,-0.990592,-0.997817,0.990592,0.300300
20,-0.990986,-0.998573,0.990986,0.301362
