Iteration,Poisson_v12,Poisson_v21,Objective,Volume_Fraction
0,nan,nan,nan,0.870000
1,0.368752,0.368752,1.849440,0.706184
2,0.445651,0.445651,-0.076423,0.764778
3,0.511844,0.511844,-1.235568,0.817389
4,0.545962,0.545962,-1.360363,0.870000
5,0.439363,0.439363,-1.300269,0.870000
6,0.439363,0.439363,-1.361221,0.870000
7,0.439363,0.439363,-1.388220,0.870000
8,0.439363,0.439363,-1.400179,0.870000
9,0.439363,0.439363,-1.405477,0.870000
