{
  "git_hash": "ddbe82c",
  "timestamp": "2026-07-11T08:38:51",
  "version": "1.3.0",
  "params": {
    "volfrac": 0.36165219950389765,
    "penal": 2.7454801272322777,
    "rmin": 4.37632551288956,
    "move": 0.12375306212083893,
    "void_size_frac": 0.24857260408954338,
    "rotation_deg": 83.85072763373425,
    "beta_second": 1.9780298352028962,
    "nelx": 50,
    "nely": 50,
    "ft": 2,
    "E0": 199.0,
    "Emin": 1e-09,
    "nu": 0.3,
    "max_iter": 150,
    "tol_change": 0.01,
    "tol_obj": 0.05,
    "window_size": 20,
    "save_every": 9999,
    "scale_factor": 1,
    "seed": "circle",
    "objective": "second"
  }
}