Iteration,Poisson_v12,Poisson_v21,Objective,Volume_Fraction
0,nan,nan,nan,0.746000
1,-1.000000,-1.000000,28.650831,0.532530
2,-1.000000,-1.000000,78.003038,0.319060
3,-1.000000,-1.000000,100.229724,0.233082
4,-1.000000,-1.000000,100.820211,0.233082
5,-1.000000,-1.000000,100.370266,0.233082
6,-1.000000,-1.000000,102.902880,0.233082
7,-1.000000,-1.000000,104.620462,0.233082
8,-1.000000,-1.000000,104.591162,0.233082
9,-1.000000,-1.000000,102.706637,0.233082
10,-1.000000,-1.000000,95.857125,0.233082
11,-1.000000,-1.000000,85.728387,0.233082
12,-1.000000,-1.000000,78.830333,0.233082
13,-1.000000,-1.000000,75.261235,0.233082
14,-1.000000,-1.000000,74.389589,0.233082
15,-1.000000,-1.000000,74.128142,0.233082
16,-1.000000,-1.000000,74.036770,0.233082
17,-1.000000,-1.000000,73.979287,0.233082
18,-1.000000,-1.000000,73.955119,0.233082
19,-1.000000,-1.000000,73.932890,0.233082
20,-1.000000,-1.000000,73.907912,0.233082
21,-1.000000,-1.000000,73.881551,0.233082
22,-1.000000,-1.000000,73.869846,0.233082
23,-1.000000,-1.000000,73.867199,0.233082
24,-1.000000,-1.000000,73.865650,0.233082
25,-1.000000,-1.000000,73.864964,0.233082
26,-1.000000,-1.000000,73.864976,0.233082
27,-1.000000,-1.000000,73.865569,0.233082
28,-1.000000,-1.000000,73.864621,0.233082
29,-1.000000,-1.000000,73.863036,0.233082
30,-1.000000,-1.000000,73.861639,0.233082
31,-1.000000,-1.000000,73.860414,0.233082
