Iteration,Poisson_v12,Poisson_v21,Objective,Volume_Fraction
0,nan,nan,nan,0.223873
1,0.387233,0.598159,0.012564,0.093307
2,0.416993,0.607886,0.000445,0.000000
3,0.000000,0.000000,0.000000,0.000000
4,0.000000,0.000000,0.000000,0.000000
5,0.000000,0.000000,0.000000,0.000000
6,0.000000,0.000000,0.000000,0.000000
7,0.000000,0.000000,0.000000,0.000000
8,0.000000,0.000000,0.000000,0.000000
9,0.000000,0.000000,0.000000,0.000000
