Iteration,Poisson_v12,Poisson_v21,Objective,Volume_Fraction
0,nan,nan,nan,0.908400
1,-1.000000,-1.000000,118.388059,0.825613
2,-1.000000,-1.000000,196.151591,0.742826
3,-1.000000,-1.000000,247.694535,0.660039
4,-1.000000,-1.000000,284.419979,0.577252
5,-1.000000,-1.000000,308.365541,0.540754
6,-1.000000,-1.000000,311.429928,0.540754
7,-1.000000,-1.000000,309.958437,0.540754
8,-1.000000,-1.000000,309.803171,0.540754
9,-1.000000,-1.000000,310.819991,0.540754
10,-1.000000,-1.000000,314.960953,0.540754
11,-1.000000,-1.000000,319.651643,0.540754
12,-1.000000,-1.000000,324.309572,0.540754
13,-1.000000,-1.000000,326.710992,0.540754
14,-1.000000,-1.000000,326.885600,0.540754
15,-1.000000,-1.000000,326.273690,0.540754
16,-1.000000,-1.000000,322.958299,0.540754
17,-1.000000,-1.000000,315.513482,0.540754
18,-1.000000,-1.000000,305.712760,0.540754
19,-1.000000,-1.000000,294.053310,0.540754
20,-1.000000,-1.000000,281.686634,0.540754
21,-1.000000,-1.000000,270.799016,0.540754
22,-1.000000,-1.000000,262.515520,0.540754
23,-1.000000,-1.000000,257.082668,0.540754
24,-1.000000,-1.000000,253.017769,0.540754
