Iteration,Poisson_v12,Poisson_v21,Objective,Volume_Fraction
0,nan,nan,nan,0.940400
1,0.374062,0.374062,16.268812,0.773733
2,0.422555,0.422555,33.874033,0.607066
3,0.422555,0.422555,45.143443,0.440399
4,0.422555,0.422555,50.467017,0.273732
5,0.422555,0.422555,52.187048,0.257390
6,0.253395,0.253395,49.689071,0.257391
7,0.243118,0.243118,42.982944,0.257390
8,0.270592,0.270592,32.258494,0.257390
9,0.297518,0.297518,17.278441,0.257390
10,0.300065,0.300065,15.310986,0.257389
11,0.300660,0.300660,13.929506,0.257390
12,0.300448,0.300448,13.175075,0.257391
13,0.300081,0.300080,12.767745,0.257389
14,0.300001,0.300001,12.539154,0.257389
15,0.300000,0.300000,12.429312,0.257391
16,0.300000,0.300000,12.368419,0.257389
17,0.300000,0.300000,12.328428,0.257390
18,0.300000,0.300000,12.291203,0.257390
19,0.300000,0.300000,12.270886,0.257390
20,0.300000,0.300000,12.258214,0.257389
21,0.300000,0.300000,12.245725,0.257389
22,0.300000,0.300000,12.232618,0.257389
23,0.300000,0.300000,12.218412,0.257390
24,0.300000,0.300000,12.202722,0.257390
25,0.300000,0.300000,12.185697,0.257390
26,0.300000,0.300000,12.170905,0.257389
27,0.300000,0.300000,12.156938,0.257390
28,0.300000,0.300000,12.140741,0.257389
29,0.300000,0.300000,12.123147,0.257389
30,0.300000,0.300000,12.113804,0.257390
31,0.300000,0.300000,12.113440,0.257390
