Iteration,Poisson_v12,Poisson_v21,Objective,Volume_Fraction
0,nan,nan,nan,0.304388
1,0.389607,0.601812,84.023589,0.327229
2,0.309504,0.351304,78.712765,0.327229
3,0.231172,0.241257,61.951755,0.327230
4,0.266255,0.263723,34.428812,0.327228
5,0.251495,0.250771,30.021441,0.327228
6,0.236296,0.235581,29.831502,0.327229
7,0.229167,0.228604,29.658975,0.327229
8,0.225410,0.224896,29.474077,0.327229
9,0.222255,0.221660,29.394736,0.327230
10,0.219155,0.218544,29.344071,0.327229
11,0.216723,0.216365,29.289590,0.327229
12,0.215521,0.215151,29.229580,0.327228
13,0.214372,0.214043,29.203436,0.327229
14,0.213587,0.213331,29.180242,0.327229
15,0.212641,0.212482,29.203912,0.327229
16,0.211905,0.211739,29.247332,0.327230
17,0.211329,0.211155,29.282404,0.327229
18,0.210816,0.210638,29.314153,0.327230
19,0.210354,0.210174,29.343014,0.327229
20,0.209935,0.209753,29.368954,0.327229
21,0.209537,0.209352,29.392853,0.327230
22,0.209170,0.209018,29.413149,0.327229
23,0.208864,0.208715,29.431197,0.327229
24,0.208548,0.208397,29.449827,0.327229
25,0.208233,0.208102,29.467015,0.327229
26,0.207905,0.207830,29.482889,0.327229
27,0.207702,0.207631,29.494990,0.327229
28,0.207495,0.207422,29.508765,0.327229
29,0.207271,0.207203,29.523219,0.327229
30,0.207069,0.207032,29.534898,0.327228
31,0.206910,0.206888,29.543838,0.327228
32,0.206781,0.206760,29.550748,0.327229
33,0.206646,0.206628,29.557878,0.327230
34,0.206506,0.206489,29.565267,0.327230
35,0.206361,0.206346,29.572960,0.327229
36,0.206209,0.206196,29.580975,0.327229
37,0.206050,0.206038,29.589316,0.327229
38,0.205930,0.205918,29.595134,0.327229
39,0.205891,0.205878,29.596075,0.327229
40,0.205867,0.205855,29.596190,0.327230
41,0.205837,0.205826,29.596469,0.327229
42,0.205806,0.205795,29.596987,0.327229
43,0.205769,0.205758,29.597676,0.327230
44,0.205725,0.205715,29.598538,0.327228
45,0.205680,0.205671,29.599701,0.327228
46,0.205628,0.205619,29.601032,0.327228
47,0.205571,0.205562,29.602586,0.327228
48,0.205507,0.205499,29.604354,0.327229
49,0.205438,0.205430,29.606320,0.327228
50,0.205365,0.205358,29.608524,0.327229
51,0.205285,0.205278,29.610887,0.327229
52,0.205200,0.205194,29.613436,0.327229
53,0.205111,0.205105,29.616138,0.327230
54,0.205016,0.205010,29.618955,0.327229
55,0.204920,0.204915,29.621894,0.327229
56,0.204862,0.204857,29.621816,0.327230
