{
  "git_hash": "e6455de",
  "timestamp": "2026-07-12T23:26:56",
  "version": "1.3.0",
  "params": {
    "volfrac": 0.4749343799288604,
    "penal": 4.936572676503209,
    "rmin": 5.128848441824852,
    "move": 0.26108488337764574,
    "void_size_frac": 0.3156284808112767,
    "rotation_deg": 84.50196541182649,
    "nelx": 50,
    "nely": 50,
    "ft": 2,
    "E0": 199.0,
    "Emin": 1e-09,
    "nu": 0.3,
    "max_iter": 150,
    "tol_change": 0.01,
    "tol_obj": 0.05,
    "window_size": 20,
    "save_every": 9999,
    "scale_factor": 1,
    "mu": 0.2,
    "seed": "nine_circle",
    "objective": "auxetic"
  }
}