Iteration,Poisson_v12,Poisson_v21,Objective,Volume_Fraction
0,nan,nan,nan,0.857200
1,0.379562,0.379562,52.649440,0.642149
2,0.387564,0.387564,93.724647,0.427097
3,0.387564,0.387564,119.854630,0.407468
4,0.107959,0.107959,88.258535,0.407468
5,0.120739,0.120739,37.090210,0.407467
6,0.116343,0.116343,30.359829,0.407467
7,0.115836,0.115836,29.513402,0.407468
8,0.117590,0.117590,29.145261,0.407468
9,0.117717,0.117717,29.017111,0.407468
10,0.117743,0.117743,28.904627,0.407467
11,0.117250,0.117250,28.929001,0.407468
12,0.116734,0.116734,28.950759,0.407467
13,0.116268,0.116268,28.966973,0.407468
14,0.115901,0.115901,28.977065,0.407467
15,0.115650,0.115650,28.982510,0.407467
16,0.115491,0.115491,28.985183,0.407468
17,0.115395,0.115395,28.986426,0.407468
18,0.115338,0.115338,28.986980,0.407467
19,0.115309,0.115309,28.987267,0.407468
20,0.115291,0.115291,28.987383,0.407467
21,0.115283,0.115283,28.987462,0.407468
