Iteration,Poisson_v12,Poisson_v21,Objective,Volume_Fraction
0,nan,nan,nan,0.947200
1,0.306717,0.306717,-27.986768,0.768702
2,0.334356,0.334356,-47.048871,0.590203
3,0.334356,0.334356,-61.870133,0.411705
4,0.334356,0.334356,-67.338749,0.233207
5,0.334356,0.334356,-68.564708,0.054709
6,0.334357,0.334357,-68.662388,0.000000
7,0.000000,0.000000,-68.662514,0.000000
8,0.000000,0.000000,-68.662514,0.000000
9,0.000000,0.000000,-68.662514,0.000000
10,0.000000,0.000000,-68.662514,0.000000
11,0.000000,0.000000,-68.662514,0.000000
