{
  "git_hash": "ddbe82c",
  "timestamp": "2026-07-11T07:53:40",
  "version": "1.3.0",
  "params": {
    "volfrac": 0.468397879183982,
    "penal": 4.975010668689437,
    "rmin": 3.01677401986048,
    "move": 0.08597617821251599,
    "void_size_frac": 0.279675129725819,
    "rotation_deg": 82.28100941292556,
    "nelx": 50,
    "nely": 50,
    "ft": 2,
    "E0": 199.0,
    "Emin": 1e-09,
    "nu": 0.3,
    "max_iter": 150,
    "tol_change": 0.01,
    "tol_obj": 0.05,
    "window_size": 20,
    "save_every": 9999,
    "scale_factor": 1,
    "seed": "circle",
    "objective": "auxetic"
  }
}