Iteration,Poisson_v12,Poisson_v21,Objective,Volume_Fraction
0,nan,nan,nan,0.782800
1,0.419090,0.414400,13.075884,0.562354
2,0.440992,0.444365,54.150854,0.341909
3,0.440992,0.444365,76.028459,0.319889
4,0.164435,0.168423,62.535234,0.319889
5,0.223412,0.223852,32.386154,0.319889
6,0.226754,0.227080,23.486598,0.319889
7,0.216574,0.216867,22.803510,0.319888
8,0.211071,0.211262,22.654713,0.319888
9,0.206421,0.206518,22.701648,0.319889
10,0.203388,0.203532,22.736623,0.319888
11,0.201592,0.201674,22.748200,0.319889
12,0.199979,0.199990,22.772921,0.319889
13,0.198343,0.198368,22.826328,0.319889
14,0.197166,0.197211,22.860606,0.319888
15,0.196709,0.196768,22.863653,0.319889
16,0.196692,0.196761,22.842502,0.319889
17,0.196745,0.196824,22.814733,0.319888
18,0.196606,0.196698,22.805265,0.319888
19,0.196417,0.196524,22.799765,0.319888
20,0.196249,0.196371,22.791365,0.319888
21,0.196135,0.196272,22.776990,0.319889
22,0.195826,0.195979,22.779434,0.319888
23,0.195373,0.195541,22.795236,0.319890
24,0.194972,0.195147,22.808027,0.319889
25,0.194697,0.194863,22.814776,0.319889
26,0.194512,0.194692,22.816066,0.319889
27,0.194331,0.194550,22.818539,0.319889
28,0.194254,0.194501,22.817555,0.319888
29,0.194307,0.194562,22.810910,0.319889
30,0.194363,0.194624,22.803727,0.319889
31,0.194384,0.194653,22.799615,0.319889
32,0.194371,0.194648,22.798240,0.319889
33,0.194358,0.194642,22.797069,0.319889
34,0.194343,0.194633,22.795818,0.319889
35,0.194328,0.194623,22.794921,0.319889
36,0.194314,0.194604,22.794553,0.319888
37,0.194300,0.194586,22.794282,0.319888
38,0.194285,0.194566,22.793881,0.319888
39,0.194271,0.194543,22.793714,0.319889
40,0.194258,0.194514,22.793784,0.319888
41,0.194247,0.194489,22.793999,0.319888
42,0.194236,0.194463,22.794023,0.319889
43,0.194226,0.194440,22.793992,0.319889
44,0.194216,0.194423,22.794053,0.319888
45,0.194207,0.194409,22.794128,0.319889
46,0.194198,0.194393,22.793942,0.319889
47,0.194191,0.194380,22.793785,0.319889
48,0.194185,0.194373,22.793754,0.319888
