{
  "metadata": {
    "objective": "auxetic",
    "seed": "four_circle",
    "timestamp": "2026-06-01T18:55:05.930067",
    "n_samples": 30,
    "n_success": 30
  },
  "analysis": {
    "param_names": [
      "volfrac",
      "penal",
      "rmin",
      "move",
      "void_size_frac",
      "rotation_deg"
    ],
    "correlations": [
      -0.17419354838709677,
      -0.4580645161290322,
      -0.21201334816462733,
      -0.44471635150166855,
      0.09054505005561733,
      -0.17508342602892102
    ],
    "p_values": [
      0.3572478396366079,
      0.010912052559725697,
      0.2606962752901075,
      0.013804223643532646,
      0.6341869117475187,
      0.35475839660598674
    ],
    "top_3": [
      [
        "penal",
        -0.4580645161290322,
        0.010912052559725697
      ],
      [
        "move",
        -0.44471635150166855,
        0.013804223643532646
      ],
      [
        "rmin",
        -0.21201334816462733,
        0.2606962752901075
      ]
    ],
    "n_valid": 30
  },
  "results": [
    {
      "sample_id": 0,
      "seed": "four_circle",
      "objective": "auxetic",
      "params": {
        "volfrac": 0.44301391935258716,
        "penal": 4.008149541366393,
        "rmin": 3.8569003466814364,
        "move": 0.14418859975783865,
        "void_size_frac": 0.2817637108685392,
        "rotation_deg": 48.07313294508973
      },
      "v12": -0.9851141402343004,
      "v21": -0.9927616400577433,
      "obj_value": 0.9851141402343004,
      "n_iters": 21,
      "converged": true,
      "elapsed_time": 4.414829969406128,
      "success": true,
      "error": null
    },
    {
      "sample_id": 1,
      "seed": "four_circle",
      "objective": "auxetic",
      "params": {
        "volfrac": 0.20318480397346197,
        "penal": 2.495191425963073,
        "rmin": 1.1453143945540756,
        "move": 0.06291345051753694,
        "void_size_frac": 0.5438200329294569,
        "rotation_deg": 18.219705033454193
      },
      "v12": -0.9932374924722043,
      "v21": -0.9943828941147083,
      "obj_value": 0.9932374924722043,
      "n_iters": 21,
      "converged": true,
      "elapsed_time": 3.938951253890991,
      "success": true,
      "error": null
    },
    {
      "sample_id": 2,
      "seed": "four_circle",
      "objective": "auxetic",
      "params": {
        "volfrac": 0.5380817983989244,
        "penal": 2.756965118230556,
        "rmin": 2.2594309668621113,
        "move": 0.23977301065179352,
        "void_size_frac": 0.4574235868830694,
        "rotation_deg": 44.80854823168748
      },
      "v12": -0.9814362632719659,
      "v21": -0.989535368785697,
      "obj_value": 0.9814362632719659,
      "n_iters": 21,
      "converged": true,
      "elapsed_time": 4.192003488540649,
      "success": true,
      "error": null
    },
    {
      "sample_id": 3,
      "seed": "four_circle",
      "objective": "auxetic",
      "params": {
        "volfrac": 0.45563158437343226,
        "penal": 1.7157780801170581,
        "rmin": 5.206985376652438,
        "move": 0.2720456169322511,
        "void_size_frac": 0.43382169959341826,
        "rotation_deg": 39.320636636033406
      },
      "v12": -0.9831422858741864,
      "v21": -0.9901252245010344,
      "obj_value": 0.9831422858741864,
      "n_iters": 21,
      "converged": true,
      "elapsed_time": 4.639657735824585,
      "success": true,
      "error": null
    },
    {
      "sample_id": 4,
      "seed": "four_circle",
      "objective": "auxetic",
      "params": {
        "volfrac": 0.30962155337234987,
        "penal": 3.7740481722864043,
        "rmin": 4.755546499378827,
        "move": 0.2829683019517731,
        "void_size_frac": 0.4140951751322075,
        "rotation_deg": 12.950853140272637
      },
      "v12": -0.978410019378051,
      "v21": -0.9825845790094694,
      "obj_value": 0.978410019378051,
      "n_iters": 21,
      "converged": true,
      "elapsed_time": 4.46477484703064,
      "success": true,
      "error": null
    },
    {
      "sample_id": 5,
      "seed": "four_circle",
      "objective": "auxetic",
      "params": {
        "volfrac": 0.40340317125456243,
        "penal": 4.070998702342106,
        "rmin": 2.612362440310308,
        "move": 0.08857950244970943,
        "void_size_frac": 0.6088407364787365,
        "rotation_deg": 68.43158592274713
      },
      "v12": -0.9806575621432791,
      "v21": -0.9884552091825793,
      "obj_value": 0.9806575621432791,
      "n_iters": 21,
      "converged": true,
      "elapsed_time": 4.0570268630981445,
      "success": true,
      "error": null
    },
    {
      "sample_id": 6,
      "seed": "four_circle",
      "objective": "auxetic",
      "params": {
        "volfrac": 0.4249343799288604,
        "penal": 4.936572676503209,
        "rmin": 5.128848441824852,
        "move": 0.26108488337764574,
        "void_size_frac": 0.47604746801879444,
        "rotation_deg": 84.50196541182649
      },
      "v12": -0.9788802152398037,
      "v21": -0.9832484177774204,
      "obj_value": 0.9788802152398037,
      "n_iters": 21,
      "converged": true,
      "elapsed_time": 4.56657075881958,
      "success": true,
      "error": null
    },
    {
      "sample_id": 7,
      "seed": "four_circle",
      "objective": "auxetic",
      "params": {
        "volfrac": 0.5639964653066367,
        "penal": 3.625017781149061,
        "rmin": 4.527956699767467,
        "move": 0.13496029702086,
        "void_size_frac": 0.6935420270161637,
        "rotation_deg": 65.13501568820926
      },
      "v12": -0.9800369320584873,
      "v21": -0.9862027458055447,
      "obj_value": 0.9800369320584873,
      "n_iters": 21,
      "converged": true,
      "elapsed_time": 4.408814191818237,
      "success": true,
      "error": null
    },
    {
      "sample_id": 8,
      "seed": "four_circle",
      "objective": "auxetic",
      "params": {
        "volfrac": 0.577566726613667,
        "penal": 3.5146996688520917,
        "rmin": 3.300015299587482,
        "move": 0.19160531441874162,
        "void_size_frac": 0.22021792704163104,
        "rotation_deg": 52.005447430223896
      },
      "v12": -0.9764222596915314,
      "v21": -0.9842551304805777,
      "obj_value": 0.9764222596915314,
      "n_iters": 21,
      "converged": true,
      "elapsed_time": 4.28692889213562,
      "success": true,
      "error": null
    },
    {
      "sample_id": 9,
      "seed": "four_circle",
      "objective": "auxetic",
      "params": {
        "volfrac": 0.3505977949516489,
        "penal": 4.629236129197071,
        "rmin": 4.923514037410277,
        "move": 0.1702604900337259,
        "void_size_frac": 0.38100338336453904,
        "rotation_deg": 11.656409779392078
      },
      "v12": -0.9806389006239413,
      "v21": -0.988081687915606,
      "obj_value": 0.9806389006239413,
      "n_iters": 21,
      "converged": true,
      "elapsed_time": 4.508215665817261,
      "success": true,
      "error": null
    },
    {
      "sample_id": 10,
      "seed": "four_circle",
      "objective": "auxetic",
      "params": {
        "volfrac": 0.5910879605094603,
        "penal": 3.2038538391809155,
        "rmin": 5.405793982253136,
        "move": 0.06862500952153312,
        "void_size_frac": 0.30608802799999013,
        "rotation_deg": 37.33926179802601
      },
      "v12": -0.9855818957177306,
      "v21": -0.990854570370655,
      "obj_value": 0.9855818957177306,
      "n_iters": 21,
      "converged": true,
      "elapsed_time": 4.691151857376099,
      "success": true,
      "error": null
    },
    {
      "sample_id": 11,
      "seed": "four_circle",
      "objective": "auxetic",
      "params": {
        "volfrac": 0.2592105711900612,
        "penal": 4.559473320258318,
        "rmin": 2.494863694238677,
        "move": 0.16302735508973032,
        "void_size_frac": 0.5797569221196744,
        "rotation_deg": 79.77441406882609
      },
      "v12": -0.9859830618521478,
      "v21": -0.9934628957631847,