{
  "metadata": {
    "objective": "auxetic",
    "seed": "four_circle",
    "timestamp": "2026-07-12T23:24:38.224615",
    "n_samples": 30,
    "n_success": 30
  },
  "analysis": {
    "param_names": [
      "volfrac",
      "penal",
      "rmin",
      "move",
      "void_size_frac",
      "rotation_deg"
    ],
    "correlations": [
      0.030923248053392655,
      0.010011123470522802,
      0.6934371523915461,
      -0.046941045606229144,
      -0.296551724137931,
      0.028698553948832032
    ],
    "p_values": [
      0.871136406214998,
      0.9581267661503257,
      2.152891579362448e-05,
      0.8054365152598835,
      0.11154315929129334,
      0.8803385851353669
    ],
    "top_3": [
      [
        "rmin",
        0.6934371523915461,
        2.152891579362448e-05
      ],
      [
        "void_size_frac",
        -0.296551724137931,
        0.11154315929129334
      ],
      [
        "move",
        -0.046941045606229144,
        0.8054365152598835
      ]
    ],
    "n_valid": 30
  },
  "results": [
    {
      "sample_id": 0,
      "seed": "four_circle",
      "objective": "auxetic",
      "params": {
        "volfrac": 0.4930139193525872,
        "penal": 4.008149541366393,
        "rmin": 3.8569003466814364,
        "move": 0.14418859975783865,
        "void_size_frac": 0.1990582265211235,
        "rotation_deg": 48.07313294508973
      },
      "v12": 0.4368431484122565,
      "v21": 0.32677831041703326,
      "obj_value": 0.5353116959340921,
      "n_iters": 150,
      "converged": true,
      "elapsed_time": 56.45878529548645,
      "success": true,
      "error": null
    },
    {
      "sample_id": 1,
      "seed": "four_circle",
      "objective": "auxetic",
      "params": {
        "volfrac": 0.25318480397346194,
        "penal": 2.495191425963073,
        "rmin": 1.1453143945540756,
        "move": 0.06291345051753694,
        "void_size_frac": 0.3562920197576742,
        "rotation_deg": 18.219705033454193
      },
      "v12": 0.2999999999962141,
      "v21": 0.299999999996206,
      "obj_value": -0.26874144065300554,
      "n_iters": 44,
      "converged": true,
      "elapsed_time": 15.109462022781372,
      "success": true,
      "error": null
    },
    {
      "sample_id": 2,
      "seed": "four_circle",
      "objective": "auxetic",
      "params": {
        "volfrac": 0.5880817983989245,
        "penal": 2.756965118230556,
        "rmin": 2.2594309668621113,
        "move": 0.23977301065179352,
        "void_size_frac": 0.30445415212984167,
        "rotation_deg": 44.80854823168748
      },
      "v12": 0.36486417079406,
      "v21": 0.3832824017810022,
      "obj_value": 0.366729106781163,
      "n_iters": 150,
      "converged": true,
      "elapsed_time": 55.332393646240234,
      "success": true,
      "error": null
    },
    {
      "sample_id": 3,
      "seed": "four_circle",
      "objective": "auxetic",
      "params": {
        "volfrac": 0.5056315843734323,
        "penal": 1.7157780801170581,
        "rmin": 5.206985376652438,
        "move": 0.2720456169322511,
        "void_size_frac": 0.290293019756051,
        "rotation_deg": 39.320636636033406
      },
      "v12": 0.3495497273687069,
      "v21": 0.3297156123716645,
      "obj_value": 0.535761750356861,
      "n_iters": 150,
      "converged": true,
      "elapsed_time": 51.19023275375366,
      "success": true,
      "error": null
    },
    {
      "sample_id": 4,
      "seed": "four_circle",
      "objective": "auxetic",
      "params": {
        "volfrac": 0.35962155337234986,
        "penal": 3.7740481722864043,
        "rmin": 4.755546499378827,
        "move": 0.2829683019517731,
        "void_size_frac": 0.27845710507932453,
        "rotation_deg": 12.950853140272637
      },
      "v12": 0.2998179552590003,
      "v21": 0.30033520671636676,
      "obj_value": 0.1661085887246908,
      "n_iters": 150,
      "converged": true,
      "elapsed_time": 56.01406502723694,
      "success": true,
      "error": null
    },
    {
      "sample_id": 5,
      "seed": "four_circle",
      "objective": "auxetic",
      "params": {
        "volfrac": 0.4534031712545624,
        "penal": 4.070998702342106,
        "rmin": 2.612362440310308,
        "move": 0.08857950244970943,
        "void_size_frac": 0.39530444188724195,
        "rotation_deg": 68.43158592274713
      },
      "v12": 0.30009567091052414,
      "v21": 0.3024009416518504,
      "obj_value": -0.039022198253815504,
      "n_iters": 150,
      "converged": true,
      "elapsed_time": 51.02220296859741,
      "success": true,
      "error": null
    },
    {
      "sample_id": 6,
      "seed": "four_circle",
      "objective": "auxetic",
      "params": {
        "volfrac": 0.4749343799288604,
        "penal": 4.936572676503209,
        "rmin": 5.128848441824852,
        "move": 0.26108488337764574,
        "void_size_frac": 0.3156284808112767,
        "rotation_deg": 84.50196541182649
      },
      "v12": 0.29994321409669583,
      "v21": 0.2999437023137615,
      "obj_value": 0.4889262822616563,
      "n_iters": 119,
      "converged": true,
      "elapsed_time": 46.851627826690674,
      "success": true,
      "error": null
    },
    {
      "sample_id": 7,
      "seed": "four_circle",
      "objective": "auxetic",
      "params": {
        "volfrac": 0.6139964653066368,
        "penal": 3.625017781149061,
        "rmin": 4.527956699767467,
        "move": 0.13496029702086,
        "void_size_frac": 0.44612521620969836,
        "rotation_deg": 65.13501568820926
      },
      "v12": 0.3156577822431159,
      "v21": 0.32446522300181385,
      "obj_value": -0.02388609604585079,
      "n_iters": 150,
      "converged": true,
      "elapsed_time": 53.20199513435364,
      "success": true,
      "error": null
    },
    {
      "sample_id": 8,
      "seed": "four_circle",
      "objective": "auxetic",
      "params": {
        "volfrac": 0.6275667266136671,
        "penal": 3.5146996688520917,
        "rmin": 3.300015299587482,
        "move": 0.19160531441874162,
        "void_size_frac": 0.1621307562249786,
        "rotation_deg": 52.005447430223896
      },
      "v12": 0.2869061268456035,
      "v21": 0.2966029978655741,
      "obj_value": -0.0020409989764789693,
      "n_iters": 150,
      "converged": true,
      "elapsed_time": 56.6567907333374,
      "success": true,
      "error": null
    },
    {
      "sample_id": 9,
      "seed": "four_circle",
      "objective": "auxetic",
      "params": {
        "volfrac": 0.4005977949516489,
        "penal": 4.629236129197071,
        "rmin": 4.923514037410277,
        "move": 0.1702604900337259,
        "void_size_frac": 0.25860203001872345,
        "rotation_deg": 11.656409779392078
      },
      "v12": 0.30000000002359256,
      "v21": 0.30000000002355093,
      "obj_value": 0.02409816286460645,
      "n_iters": 150,
      "converged": true,
      "elapsed_time": 49.58445334434509,
      "success": true,
      "error": null
    },
    {
      "sample_id": 10,
      "seed": "four_circle",
      "objective": "auxetic",
      "params": {
        "volfrac": 0.6410879605094604,
        "penal": 3.2038538391809155,
        "rmin": 5.405793982253136,
        "move": 0.06862500952153312,
        "void_size_frac": 0.2136528167999941,
        "rotation_deg": 37.33926179802601
      },
      "v12": 0.2931459124470693,
      "v21": 0.419124438780039,
      "obj_value": 0.578251021365783,
      "n_iters": 150,
      "converged": true,
      "elapsed_time": 57.26656746864319,
      "success": true,
      "error": null
    },
    {
      "sample_id": 11,
      "seed": "four_circle",
      "objective": "auxetic",
      "params": {
        "volfrac": 0.3092105711900612,
        "penal": 4.559473320258318,
        "rmin": 2.494863694238677,
        "move": 0.16302735508973032,
        "void_size_frac": 0.3778541532718047,
        "rotation_deg": 79.77441406882609
      },
      "v12": 0.29999999998860866,
      "v21": 0.29999999998857896,