{
  "git_hash": "ddbe82c",
  "timestamp": "2026-07-11T08:16:09",
  "version": "1.3.0",
  "params": {
    "volfrac": 0.5708736600729718,
    "penal": 4.0485242688241705,
    "rmin": 4.648114163961356,
    "move": 0.18342035474084606,
    "void_size_frac": 0.3913679254073341,
    "rotation_deg": 56.40900972629803,
    "nelx": 50,
    "nely": 50,
    "ft": 2,
    "E0": 199.0,
    "Emin": 1e-09,
    "nu": 0.3,
    "max_iter": 150,
    "tol_change": 0.01,
    "tol_obj": 0.05,
    "window_size": 20,
    "save_every": 9999,
    "scale_factor": 1,
    "seed": "small_square_cross",
    "objective": "auxetic"
  }
}