Iteration,Poisson_v12,Poisson_v21,Objective,Volume_Fraction
0,nan,nan,nan,0.561200
1,-1.000000,-1.000000,97.626093,0.461954
2,-1.000000,-1.000000,116.703129,0.362858
3,-1.000000,-1.000000,122.350695,0.337330
4,-1.000000,-1.000000,122.617375,0.337330
5,-1.000000,-1.000000,122.044320,0.337330
6,-1.000000,-1.000000,122.099337,0.337330
7,-1.000000,-1.000000,122.271633,0.337330
8,-1.000000,-1.000000,122.620715,0.337330
9,-1.000000,-1.000000,122.781450,0.337330
10,-1.000000,-1.000000,122.799271,0.337330
11,-1.000000,-1.000000,122.449873,0.337330
12,-1.000000,-1.000000,122.204535,0.337330
13,-1.000000,-1.000000,122.207204,0.337330
14,-1.000000,-1.000000,122.237277,0.337330
15,-1.000000,-1.000000,122.164554,0.337330
16,-1.000000,-1.000000,122.089329,0.337330
17,-1.000000,-1.000000,122.046659,0.337330
18,-1.000000,-1.000000,122.114996,0.337330
19,-1.000000,-1.000000,122.292904,0.337330
20,-1.000000,-1.000000,122.454441,0.337330
21,-1.000000,-1.000000,122.476478,0.337330
