Iteration,Poisson_v12,Poisson_v21,Objective,Volume_Fraction
0,nan,nan,nan,0.954800
1,-1.000000,-1.000000,1.000000,0.750878
2,-1.000000,-1.000000,1.000000,0.546956
3,-1.000000,-1.000000,1.000000,0.343034
4,-1.000000,-1.000000,1.000000,0.196731
5,-1.000000,-1.000000,1.000000,0.100618
6,-0.999998,-0.999998,0.999998,0.137714
7,-0.990546,-0.992622,0.990546,0.157042
8,-0.989048,-0.992906,0.989048,0.175781
9,-0.986500,-0.993145,0.986500,0.190263
10,-0.983982,-0.992652,0.983982,0.182672
11,-0.982027,-0.990798,0.982027,0.178357
12,-0.981743,-0.990512,0.981743,0.189122
13,-0.980770,-0.991557,0.980770,0.182697
14,-0.981282,-0.989803,0.981282,0.191247
15,-0.980399,-0.991989,0.980399,0.186452
16,-0.981166,-0.991097,0.981166,0.184188
17,-0.981820,-0.990707,0.981820,0.179218
18,-0.981146,-0.990282,0.981146,0.178953
19,-0.980590,-0.990326,0.980590,0.183244
20,-0.981505,-0.991671,0.981505,0.174418
