Iteration,Poisson_v12,Poisson_v21,Objective,Volume_Fraction
0,nan,nan,nan,0.862000
1,0.362207,0.362207,5.207444,0.634625
2,0.450906,0.450907,1.699097,0.407987
3,0.450906,0.450907,0.541331,0.181349
4,0.450906,0.450907,0.066325,0.000000
5,0.000000,0.000000,0.000000,0.000000
6,0.000000,0.000000,0.000000,0.000000
7,0.000000,0.000000,0.000000,0.000000
8,0.000000,0.000000,0.000000,0.000000
9,0.000000,0.000000,0.000000,0.000000
