Iteration,Poisson_v12,Poisson_v21,Objective,Volume_Fraction
0,nan,nan,nan,0.834800
1,-1.000000,-1.000000,1.000000,0.782280
2,-1.000000,-1.000000,1.000000,0.729760
3,-1.000000,-1.000000,1.000000,0.677240
4,-1.000000,-1.000000,1.000000,0.624719
5,-1.000000,-1.000000,1.000000,0.572199
6,-1.000000,-1.000000,1.000000,0.519679
7,-1.000000,-1.000000,1.000000,0.467159
8,-1.000000,-1.000000,1.000000,0.414639
9,-1.000000,-1.000000,1.000000,0.362119
10,-1.000000,-1.000000,1.000000,0.309599
11,-1.000000,-1.000000,1.000000,0.257078
12,-1.000000,-1.000000,1.000000,0.204558
13,-1.000000,-1.000000,1.000000,0.187329
14,-1.000000,-1.000000,1.000000,0.165028
15,-1.000000,-1.000000,1.000000,0.143900
16,-1.000000,-1.000000,1.000000,0.124173
17,-1.000000,-1.000000,1.000000,0.119596
18,-1.000000,-1.000000,1.000000,0.115247
19,-1.000000,-1.000000,1.000000,0.114663
20,-1.000000,-1.000000,1.000000,0.113096
