{
  "git_hash": "e6455de",
  "timestamp": "2026-07-12T23:33:48",
  "version": "1.3.0",
  "params": {
    "volfrac": 0.4930139193525872,
    "penal": 4.008149541366393,
    "rmin": 3.8569003466814364,
    "move": 0.14418859975783865,
    "void_size_frac": 0.1990582265211235,
    "rotation_deg": 48.07313294508973,
    "nelx": 50,
    "nely": 50,
    "ft": 2,
    "E0": 199.0,
    "Emin": 1e-09,
    "nu": 0.3,
    "max_iter": 150,
    "tol_change": 0.01,
    "tol_obj": 0.05,
    "window_size": 20,
    "save_every": 9999,
    "scale_factor": 1,
    "mu": 0.2,
    "seed": "small_square_cross",
    "objective": "auxetic"
  }
}