Iteration,Poisson_v12,Poisson_v21,Objective,Volume_Fraction
0,nan,nan,nan,0.646000
1,-1.000000,-1.000000,-2.461608,0.601786
2,-1.000000,-1.000000,-1.256177,0.557573
3,-1.000000,-1.000000,-0.873694,0.513359
4,-1.000000,-1.000000,-0.651412,0.469145
5,-1.000000,-1.000000,-0.497970,0.424931
6,-1.000000,-1.000000,-0.379782,0.384803
7,-1.000000,-1.000000,-0.302390,0.384803
8,-1.000000,-1.000000,-0.363439,0.384803
9,-1.000000,-1.000000,-0.431833,0.384803
10,-1.000000,-1.000000,-0.507214,0.384803
11,-1.000000,-1.000000,-0.588386,0.384803
12,-1.000000,-1.000000,-0.671475,0.384803
13,-1.000000,-1.000000,-0.723950,0.384803
14,-1.000000,-1.000000,-0.735503,0.384803
15,-1.000000,-1.000000,-0.744024,0.384803
16,-1.000000,-1.000000,-0.751129,0.384803
17,-1.000000,-1.000000,-0.757038,0.384803
18,-1.000000,-1.000000,-0.761992,0.384803
19,-1.000000,-1.000000,-0.765927,0.384803
20,-1.000000,-1.000000,-0.769044,0.384803
21,-1.000000,-1.000000,-0.771409,0.384803
22,-1.000000,-1.000000,-0.773333,0.384803
23,-1.000000,-1.000000,-0.774873,0.384803
24,-1.000000,-1.000000,-0.776134,0.384803
25,-1.000000,-1.000000,-0.777213,0.384803
26,-1.000000,-1.000000,-0.778105,0.384803
27,-1.000000,-1.000000,-0.778798,0.384803
28,-1.000000,-1.000000,-0.779359,0.384803
29,-1.000000,-1.000000,-0.779829,0.384803
30,-1.000000,-1.000000,-0.780229,0.384803
31,-1.000000,-1.000000,-0.780585,0.384803
32,-1.000000,-1.000000,-0.780905,0.384803
