Iteration,Poisson_v12,Poisson_v21,Objective,Volume_Fraction
0,nan,nan,nan,0.894000
1,0.433366,0.433366,7.312449,0.829908
2,0.427856,0.427856,8.181494,0.765815
3,0.427856,0.427856,8.278847,0.701723
4,0.427856,0.427856,7.996794,0.637631
5,0.427856,0.427856,7.353452,0.573538
6,0.427856,0.427856,6.396675,0.509446
7,0.427856,0.427856,5.209660,0.445353
8,0.427856,0.427856,3.910301,0.381261
9,0.427856,0.427856,2.640742,0.317169
10,0.427856,0.427856,1.544727,0.253076
11,0.427856,0.427856,0.733822,0.188984
12,0.427856,0.427856,0.250557,0.124892
13,0.427856,0.427856,0.046568,0.060799
14,0.427856,0.427856,0.001891,0.000000
15,0.000000,0.000000,0.000000,0.000000
16,0.000000,0.000000,0.000000,0.000000
17,0.000000,0.000000,0.000000,0.000000
18,0.000000,0.000000,0.000000,0.000000
19,0.000000,0.000000,0.000000,0.000000
