v12,seed_name,volfrac_param,split,n_edges,n_junctions,n_endpoints,n_isolated_specks,mean_thickness_px,std_thickness_px,skeleton_length_px,n_components,solid_frac
-0.5500784,hourglass,0.5314386,train,181.0,94.0,8.0,0.0,7.334105642279214,2.897514624261462,379.0,1.0,0.513671875
-0.41199315,hourglass,0.56954616,train,174.0,92.0,4.0,0.0,8.36431882970968,2.680299208726037,384.0,1.0,0.556640625
-0.6971154,hourglass,0.66992867,train,148.0,88.0,4.0,0.0,8.467702459191981,2.449879826948698,385.0,1.0,0.625
-0.32731527,circle,0.630119,train,254.0,143.0,14.0,0.0,8.922290047097158,3.375732983614199,353.0,1.0,0.63623046875
-0.30791008,grid_circular_voids,0.481814,train,380.0,215.0,11.0,0.0,4.659213326037821,2.229334401679818,578.0,1.0,0.478515625
-0.40235308,hourglass,0.31306362,train,58.0,29.0,8.0,0.0,6.32648258035506,0.8626967088405801,255.0,1.0,0.3056640625
-0.5428389,hourglass,0.59220004,train,166.0,99.0,2.0,0.0,8.181028402188236,2.425083646566813,390.0,1.0,0.570068359375
-0.11267457,hexagonal,0.566701,train,172.0,100.0,9.0,0.0,7.649058200927162,2.4754000606659154,409.0,1.0,0.56298828125
-0.89390963,reentrant_bowtie,0.543723,train,301.0,170.0,4.0,0.0,6.440252617102603,3.867617419427246,487.0,1.0,0.545166015625
-0.30591294,four_circle,0.550854,train,356.0,212.0,16.0,0.0,5.042713446501042,1.6056488514886347,566.0,1.0,0.55908203125
-0.57314473,hexagonal,0.54609984,train,175.0,94.0,12.0,0.0,8.929272737648382,3.375487548674845,302.0,1.0,0.54150390625
-0.39950523,hourglass,0.567013,train,211.0,120.0,5.0,0.0,7.692250442010199,2.9847424686051456,403.0,1.0,0.564697265625
-0.5289262,hourglass,0.49936017,train,128.0,69.0,8.0,0.0,9.662959044952595,2.095586087637993,263.0,1.0,0.497314453125
-0.50405854,hourglass,0.40373397,train,97.0,48.0,8.0,0.0,7.507901761321032,1.9056261811678985,262.0,1.0,0.39306640625
-0.058104392,reentrant_bowtie,0.5398666,train,193.0,113.0,5.0,0.0,7.69394988188435,4.819056264693189,357.0,1.0,0.533203125
-0.3568451,four_circle,0.607375,train,301.0,171.0,16.0,0.0,6.663254358220613,2.8741518891805073,479.0,1.0,0.56982421875
-0.55976546,hourglass,0.61252505,train,216.0,124.0,5.0,0.0,8.207516999427058,2.785812681311633,411.0,1.0,0.606689453125
-0.5737724,hourglass,0.519442,train,163.0,91.0,5.0,0.0,7.748957922703726,2.633378233840571,369.0,1.0,0.519287109375
-0.22554816,four_circle,0.496683,train,328.0,175.0,19.0,0.0,4.6837041371100465,1.8727421989235071,565.0,1.0,0.505126953125
-0.24770817,reentrant_bowtie,0.527424,train,247.0,139.0,8.0,0.0,7.934430660004425,3.9089773879147485,340.0,1.0,0.534423828125
-0.6667102,hourglass,0.6848234,train,136.0,78.0,11.0,0.0,10.012346246960686,2.642377435449173,301.0,1.0,0.618408203125
-0.62290394,hourglass,0.6646358,train,155.0,90.0,3.0,0.0,8.749766513708295,2.5120256416437834,396.0,1.0,0.61572265625
-0.2769484,cross_rectangular,0.556704,train,370.0,205.0,10.0,0.0,5.213716957815748,2.5225849788693995,551.0,1.0,0.549072265625
-0.06348493,cross_rectangular,0.512614,train,132.0,77.0,9.0,0.0,8.520478228137609,2.204199500356653,291.0,1.0,0.517822265625
-0.42260087,hourglass,0.38349834,train,92.0,46.0,8.0,0.0,7.016405458908947,1.5389964375034528,259.0,1.0,0.37255859375
-0.5771747,hourglass,0.518,train,154.0,85.0,7.0,0.0,7.8883370146497755,2.81159946013984,336.0,1.0,0.51318359375
-0.5113777,hourglass,0.5402387,train,179.0,97.0,8.0,0.0,7.288526206623961,3.2674650012352906,378.0,1.0,0.522705078125
-0.33254418,cross_rectangular,0.611884,train,335.0,192.0,11.0,0.0,5.763236769232307,2.3059219099553725,575.0,1.0,0.6103515625
-0.05275815,reentrant_bowtie,0.51606387,train,127.0,67.0,6.0,0.0,9.941673508452084,6.901455513423595,227.0,1.0,0.516357421875
-0.2622202,hexagonal,0.5696957,train,118.0,72.0,5.0,0.0,8.111367791004506,2.411528282358645,369.0,1.0,0.562744140625
-0.49491587,hourglass,0.47533312,train,105.0,57.0,8.0,0.0,9.21139696646553,2.1653238706140816,260.0,1.0,0.473876953125
-0.17661564,circle,0.565547,train,159.0,88.0,12.0,0.0,8.937155837234757,2.794599295698827,315.0,1.0,0.573486328125
-0.43654183,small_square_cross,0.635158,train,246.0,139.0,11.0,1.0,8.96873420215167,3.9366155446385656,370.0,1.0,0.6376953125
-0.60413617,hourglass,0.64910907,train,195.0,114.0,7.0,0.0,8.294572388292256,2.5155577871891075,422.0,1.0,0.60986328125
-0.5963082,hourglass,0.56900454,train,152.0,81.0,4.0,0.0,8.221758188701626,2.753477738231931,380.0,1.0,0.556640625
-0.19410515,square,0.610118,train,372.0,223.0,0.0,0.0,6.369704986759112,3.2828512285455,591.0,1.0,0.61669921875
-0.051510934,reentrant_bowtie,0.51693714,train,125.0,67.0,6.0,0.0,9.93662494867025,6.809236877336999,225.0,1.0,0.516357421875
-0.41210842,grid_circular_voids,0.486756,train,142.0,82.0,3.0,0.0,6.476480803378007,1.95521102748995,439.0,1.0,0.501220703125
-0.2629825,hexagonal,0.5798347,train,276.0,157.0,14.0,0.0,6.993437770076478,2.9330767578055057,450.0,1.0,0.578125
-0.5888364,hourglass,0.63824177,train,164.0,97.0,4.0,0.0,8.323547488468964,2.5005075064327,412.0,1.0,0.6123046875
-0.4675395,hourglass,0.39183927,train,93.0,48.0,8.0,0.0,7.465351917701922,1.9039019365357834,261.0,1.0,0.38525390625
-0.69343597,hourglass,0.6813743,train,147.0,83.0,6.0,0.0,9.349739072223908,3.014697891616197,332.0,1.0,0.635009765625
-0.50252366,hourglass,0.37834927,train,92.0,46.0,8.0,0.0,7.016405458908948,1.5389964375034528,259.0,1.0,0.37255859375
-0.63658,hourglass,0.57211,train,229.0,126.0,7.0,0.0,7.5136294000013635,3.293954332439516,420.0,1.0,0.57080078125
-0.34573507,hexagonal,0.530425,train,259.0,142.0,14.0,0.0,7.182695958282963,3.145379921939451,388.0,1.0,0.5361328125
-0.42567423,hourglass,0.3383903,train,77.0,40.0,8.0,0.0,6.58793803766117,1.2240495162119247,258.0,1.0,0.3271484375
-0.42221758,hourglass,0.36064425,train,84.0,42.0,8.0,0.0,6.855259642546965,1.7114553325764184,262.0,1.0,0.354736328125
-0.5039864,hourglass,0.55399805,train,138.0,73.0,5.0,0.0,8.12652702747413,2.372342232814108,374.0,1.0,0.546875
-0.5737724,hourglass,0.519442,train,169.0,92.0,5.0,0.0,7.74851978943376,2.628593299647511,373.0,1.0,0.519287109375
-0.7045552,hourglass,0.67745227,train,157.0,94.0,4.0,0.0,8.431963529500528,2.514487213928869,397.0,1.0,0.61767578125
-0.63951385,hourglass,0.66164315,train,166.0,98.0,6.0,0.0,8.27724690519389,2.528554450935332,406.0,1.0,0.60986328125
-0.4190766,hourglass,0.42299038,train,108.0,56.0,8.0,0.0,8.043891748829212,1.9176769598736583,262.0,1.0,0.41162109375
-0.54370904,hourglass,0.45207825,train,134.0,69.0,8.0,0.0,8.597274987080414,1.8683244850472656,265.0,1.0,0.445068359375
-0.48688573,hourglass,0.33034533,train,77.0,40.0,8.0,0.0,6.545602952124273,1.412365621795768,262.0,1.0,0.321044921875
-0.23185575,square,0.663244,train,347.0,208.0,8.0,0.0,5.876492680154632,2.930923410967709,575.0,1.0,0.635009765625
-0.43192363,hexagonal,0.57656854,train,92.0,52.0,8.0,0.0,8.93065984219139,2.542742024919609,270.0,1.0,0.553466796875
-0.61404926,hourglass,0.6393671,train,184.0,108.0,7.0,0.0,8.210756359149224,2.6458923254246267,417.0,1.0,0.606689453125
-0.16688563,square,0.63021,val,272.0,157.0,4.0,0.0,7.018472913372126,2.194719922910288,528.0,1.0,0.6298828125
-0.49760205,hourglass,0.39087817,train,102.0,52.0,8.0,0.0,7.517533270481272,1.895562556481358,263.0,1.0,0.38525390625
-0.40388533,grid_circular_voids,0.632875,train,214.0,129.0,8.0,0.0,7.322549671735387,3.084966521977201,468.0,1.0,0.638671875
-0.5296732,hourglass,0.6020572,train,180.0,102.0,5.0,0.0,8.505732341739952,2.513798718542451,399.0,1.0,0.592041015625
-0.27672464,cross_rectangular,0.652958,train,440.0,249.0,11.0,0.0,6.2636308179389335,3.3501201195616597,596.0,1.0,0.654296875
-0.6313856,hourglass,0.6634622,train,136.0,81.0,6.0,0.0,8.404720801052335,2.51505315589178,398.0,1.0,0.6171875
-0.33286452,grid_circular_voids,0.596229,val,99.0,59.0,0.0,0.0,8.275745175083745,2.3072413293357683,424.0,1.0,0.600830078125
-0.48846844,small_square_cross,0.505023,train,533.0,311.0,10.0,0.0,3.7135920923382026,1.6793450595885364,766.0,1.0,0.50146484375
-0.36619535,hexagonal,0.56099355,train,283.0,162.0,10.0,0.0,5.153954617962701,1.8266305276134176,579.0,1.0,0.559326171875
-0.2431607,nine_circle,0.671523,train,93.0,58.0,0.0,0.0,9.374251335870955,3.048853049128053,430.0,1.0,0.681640625
-0.2258777,square,0.514935,test,184.0,110.0,6.0,0.0,6.092597449393986,2.151330704311332,492.0,1.0,0.522705078125
-0.5438457,hexagonal,0.5236972,train,156.0,86.0,12.0,0.0,8.064012527793961,2.772847468516349,318.0,1.0,0.5234375
-0.59976834,hourglass,0.5701294,val,161.0,88.0,4.0,0.0,8.180726926789584,2.718426580754812,382.0,1.0,0.55712890625
-0.24235083,grid_circular_voids,0.673801,train,80.0,51.0,0.0,0.0,7.587895852748333,2.4319903923711124,432.0,1.0,0.549560546875
-0.40390143,hourglass,0.31053895,train,64.0,32.0,8.0,0.0,6.258397363475649,0.7431734648234487,257.0,1.0,0.30322265625
-0.32331955,hexagonal,0.5247807,train,188.0,108.0,7.0,0.0,6.911310376818534,3.109945909308515,395.0,1.0,0.525390625
-0.55821997,hourglass,0.58531266,val,187.0,106.0,6.0,0.0,8.160022163322123,2.3783318810704226,396.0,1.0,0.57177734375
-0.40972096,reentrant_bowtie,0.510819,train,328.0,176.0,7.0,0.0,6.185233211774882,3.651202626159802,379.0,1.0,0.508544921875
-0.6741021,reentrant_bowtie,0.543293,train,345.0,194.0,4.0,0.0,6.574620681050388,3.5260316909622897,492.0,1.0,0.5478515625
-0.5179621,hourglass,0.5760843,train,154.0,87.0,3.0,0.0,8.025687046669432,2.580654180697416,392.0,1.0,0.5654296875
-0.5588565,hourglass,0.4856541,train,156.0,82.0,12.0,0.0,8.728707401237985,2.694056971491539,290.0,1.0,0.480224609375
-0.4250307,cross_rectangular,0.568679,train,613.0,338.0,22.0,0.0,4.187749930542679,1.7416748110689437,764.0,1.0,0.56689453125
-1.1141592,reentrant_bowtie,0.571361,train,174.0,98.0,8.0,0.0,8.252315465970018,4.149858232327595,354.0,1.0,0.57958984375
-1.1728556,reentrant_bowtie,0.5327597,train,159.0,92.0,5.0,0.0,7.6176011770801075,4.765635607317284,368.0,1.0,0.52734375
-0.40590715,hourglass,0.65917414,train,157.0,93.0,5.0,0.0,8.489855864007458,2.3674811626987324,397.0,1.0,0.61181640625
-0.53101426,hourglass,0.49897465,train,121.0,65.0,8.0,0.0,9.647237463153164,2.0563363667450423,262.0,1.0,0.497314453125
-0.27930245,circle_half_quarter,0.577508,train,265.0,148.0,16.0,0.0,6.054700173931041,2.3601088959030547,488.0,1.0,0.5810546875
-0.50495213,hourglass,0.5548806,train,122.0,63.0,4.0,0.0,8.280327391176886,2.3664557298109927,366.0,1.0,0.54541015625
-0.42212623,hexagonal,0.5321545,train,268.0,149.0,9.0,0.0,6.893110131093374,3.3018319660443507,422.0,1.0,0.528564453125
-0.12857641,hexagonal,0.53959,train,280.0,164.0,8.0,0.0,5.251402273662953,3.015997935662864,588.0,1.0,0.538330078125
-0.5062465,hourglass,0.3989852,train,97.0,48.0,8.0,0.0,7.55015869163603,1.8908348428322976,262.0,1.0,0.3896484375
-0.030091528,reentrant_bowtie,0.54718024,train,120.0,67.0,8.0,0.0,9.979300900232344,8.3211853104707,280.0,1.0,0.54150390625
-0.0769999,reentrant_bowtie,0.5335756,train,218.0,129.0,9.0,0.0,7.115503098739594,4.712411798023685,387.0,1.0,0.5205078125
-0.46965525,hourglass,0.39164665,train,97.0,48.0,8.0,0.0,7.467524306206303,1.9200162539956216,262.0,1.0,0.38525390625
-0.40659842,nine_circle,0.527883,train,162.0,96.0,2.0,0.0,7.426692155221638,2.5693324162309925,346.0,1.0,0.525634765625
-0.25613737,small_square_cross,0.561496,train,186.0,96.0,16.0,0.0,7.360568227057159,2.7265318031052015,335.0,1.0,0.54150390625
-0.8191088,hexagonal,0.5740361,train,129.0,77.0,5.0,0.0,8.241752327892,2.464450966379081,334.0,1.0,0.569091796875
-0.6052575,hourglass,0.64908713,train,188.0,109.0,7.0,0.0,8.289630298067193,2.537010804205186,421.0,1.0,0.6103515625
-0.5577153,hourglass,0.6194623,train,188.0,104.0,3.0,0.0,8.417947279099156,2.4241118414325395,401.0,1.0,0.598388671875
-0.6142557,hourglass,0.503901,test,166.0,90.0,7.0,0.0,7.276032548068366,3.0883023215052936,368.0,1.0,0.48974609375
-0.32233584,hexagonal,0.526343,train,337.0,194.0,9.0,1.0,5.064749191419075,2.834535259583791,612.0,1.0,0.532958984375
-0.69879186,hourglass,0.6676153,train,152.0,89.0,4.0,0.0,8.632724504970467,2.6509818748681386,397.0,1.0,0.616455078125
-0.35563368,nine_circle,0.51279,train,240.0,140.0,4.0,0.0,5.5899562220691195,2.1201716969534243,482.0,1.0,0.509521484375
-0.5459573,hourglass,0.6007193,train,196.0,113.0,5.0,0.0,8.348589835703974,2.5433315631095663,406.0,1.0,0.5888671875
-0.3866102,hourglass,0.61733794,train,184.0,104.0,5.0,0.0,8.42650159843913,2.855516651345075,419.0,1.0,0.61181640625
-0.34950975,hexagonal,0.567454,train,191.0,109.0,10.0,0.0,8.177224252718776,2.770255234099992,351.0,1.0,0.56298828125
-0.46159562,hourglass,0.69021094,train,134.0,75.0,12.0,0.0,9.832606450959952,2.821043576874599,307.0,1.0,0.614013671875
-0.40497628,hourglass,0.5861414,train,160.0,94.0,4.0,0.0,8.424212718942849,2.50009756510229,381.0,1.0,0.573974609375
-0.3211846,nine_circle,0.552853,train,385.0,218.0,13.0,0.0,5.339958161708582,3.0143179417551007,632.0,1.0,0.559326171875
-0.591491,hourglass,0.5578867,train,210.0,115.0,8.0,0.0,7.34427775998161,3.157922619911454,404.0,1.0,0.54052734375
-0.5800267,hourglass,0.5986661,train,160.0,95.0,3.0,0.0,8.332771429310954,2.550110710686104,388.0,1.0,0.578125
-0.17011051,hexagonal,0.511062,train,202.0,120.0,10.0,0.0,5.9302420573880745,2.155832497243299,455.0,1.0,0.5146484375
-0.35721934,hexagonal,0.565228,train,199.0,114.0,4.0,0.0,7.737194193506596,3.1002506620122867,412.0,1.0,0.564208984375
-0.41092956,hourglass,0.31120214,train,68.0,36.0,8.0,0.0,6.289090813725343,0.7958537857819216,258.0,1.0,0.303955078125
-0.13953851,reentrant_bowtie,0.517575,train,114.0,67.0,8.0,0.0,8.2701677702496,2.792683585054327,267.0,1.0,0.50341796875
-0.401028,hourglass,0.65473264,train,177.0,103.0,7.0,0.0,8.398234220458097,2.5004115793897084,409.0,1.0,0.614501953125
-0.36636567,hexagonal,0.5492249,train,297.0,159.0,20.0,0.0,6.696155323566187,3.038787777289406,440.0,1.0,0.547119140625
-0.12896936,small_square_cross,0.519655,train,316.0,190.0,9.0,0.0,5.6011082914022685,2.1547280764767676,524.0,1.0,0.529296875
-0.583292,hourglass,0.4609674,train,121.0,65.0,8.0,0.0,8.832663929554977,2.2114282599118864,267.0,1.0,0.456298828125
-0.53597945,hourglass,0.4267652,train,132.0,71.0,12.0,0.0,7.587182737238645,2.127874074259471,279.0,1.0,0.41455078125
-0.42795125,hourglass,0.35109043,train,84.0,44.0,8.0,0.0,6.770417804361369,1.6137505525915796,262.0,1.0,0.34326171875
-0.11030973,cross_rectangular,0.494215,train,152.0,83.0,15.0,0.0,8.267057375874206,2.3346593196600818,312.0,1.0,0.499755859375
-0.66048956,hourglass,0.6840233,train,117.0,68.0,7.0,0.0,10.101459174237558,2.5572733780995045,297.0,1.0,0.6240234375
-0.28814405,hexagonal,0.57264096,train,129.0,75.0,5.0,0.0,9.299999369208564,1.956293664931735,328.0,1.0,0.56884765625
-0.5880268,hourglass,0.581322,train,249.0,136.0,8.0,0.0,7.694748112057152,3.3848955905108165,405.0,1.0,0.568603515625
-0.42627224,circle_half_quarter,0.498117,val,389.0,214.0,13.0,0.0,4.386063599213755,2.1840646536548296,520.0,1.0,0.509765625
-0.5621587,hourglass,0.5166566,train,164.0,89.0,10.0,0.0,9.113046518312474,2.4152643822554416,286.0,1.0,0.505615234375
-0.4033714,hourglass,0.31426978,train,64.0,35.0,8.0,0.0,6.357878172803518,0.8655981398943757,256.0,1.0,0.306640625
-0.09060685,reentrant_bowtie,0.50283754,train,90.0,51.0,8.0,0.0,8.779672273458992,2.958704217413731,257.0,1.0,0.503173828125
-0.47942233,hourglass,0.687229,train,113.0,63.0,10.0,0.0,10.148734904439019,2.6153230265683574,294.0,1.0,0.616455078125
-0.24574494,grid_circular_voids,0.639774,train,310.0,186.0,8.0,0.0,7.032203951175483,2.8529258062533667,538.0,1.0,0.6435546875
-0.5626354,hourglass,0.54151815,train,164.0,92.0,4.0,0.0,7.903423037811914,2.5647630589475146,380.0,1.0,0.5400390625
-0.16223283,hexagonal,0.56659913,train,140.0,78.0,8.0,0.0,9.608686848509812,3.093662549273319,293.0,1.0,0.55810546875
-0.42767978,hourglass,0.4186087,train,105.0,54.0,8.0,0.0,7.919966006212796,1.9184026502882485,261.0,1.0,0.407958984375
-0.3689846,circle_half_quarter,0.569357,train,178.0,106.0,8.0,0.0,6.733791746988579,1.7765271481709786,464.0,1.0,0.5830078125
-0.4953279,hourglass,0.3969877,train,97.0,48.0,8.0,0.0,7.55015869163603,1.8908348428322979,262.0,1.0,0.388916015625
-0.63841295,hourglass,0.582298,train,259.0,140.0,6.0,0.0,7.548033238762872,3.3235751191303673,422.0,1.0,0.56982421875
-0.26167047,grid_circular_voids,0.495375,train,232.0,132.0,4.0,0.0,5.696432360291324,1.7894341246970165,459.0,1.0,0.50390625
-0.23353717,cross_rectangular,0.68739,train,256.0,145.0,15.0,0.0,9.469657035767373,3.480985821805104,384.0,1.0,0.68310546875
-0.4056677,hourglass,0.32519057,train,79.0,39.0,8.0,0.0,6.642713724228397,1.2604126674361147,259.0,1.0,0.31640625
-0.46613815,cross_rectangular,0.535611,train,179.0,102.0,15.0,0.0,6.812539818144717,2.814865150361809,401.0,1.0,0.54150390625
-0.51158965,hourglass,0.34530762,train,88.0,44.0,8.0,0.0,6.8923501391276805,1.5724808016168976,263.0,1.0,0.336181640625
-0.49484545,hourglass,0.47504124,train,103.0,57.0,8.0,0.0,9.267965726239169,2.0916695646125323,259.0,1.0,0.4736328125
-0.2444045,cross_rectangular,0.565831,train,515.0,282.0,19.0,0.0,5.09135624738429,2.6322811342829464,677.0,1.0,0.566162109375
-0.09463357,small_square_cross,0.515329,train,231.0,134.0,7.0,0.0,5.936502835257623,2.4560263355895593,518.0,1.0,0.511474609375
-0.35072884,grid_circular_voids,0.674894,train,342.0,200.0,2.0,0.0,7.091983391295418,3.4515825587623787,601.0,1.0,0.681640625
-0.3894916,hexagonal,0.53260785,train,118.0,67.0,9.0,0.0,9.157855363413853,2.8468194732873537,273.0,1.0,0.531494140625
-0.48570737,hourglass,0.4967634,train,126.0,68.0,8.0,0.0,9.46496607426904,2.1064735700096175,263.0,1.0,0.490966796875
-0.40663603,hourglass,0.3205915,test,83.0,41.0,8.0,0.0,6.581436184442789,1.1929624003164037,260.0,1.0,0.313232421875
-0.62507874,hourglass,0.51209426,train,170.0,89.0,10.0,0.0,8.546383196408808,2.5741019651147927,312.0,1.0,0.50537109375
-0.40395886,hexagonal,0.5323224,train,242.0,138.0,4.0,0.0,6.42494272689233,2.8303677224834356,471.0,1.0,0.53173828125
-0.46018618,hourglass,0.3845652,train,92.0,47.0,8.0,0.0,7.023826214842185,1.5352475353555861,259.0,1.0,0.373779296875
-0.0023135361,circle_half_quarter,0.523614,train,222.0,124.0,19.0,0.0,6.091672886954973,3.3301806255248896,423.0,1.0,0.4970703125
-0.4190229,hexagonal,0.51742244,train,217.0,123.0,9.0,0.0,7.03527329891412,3.3356695381313037,386.0,1.0,0.506591796875
-0.26740015,circle,0.616996,train,184.0,100.0,16.0,0.0,8.548915463742537,2.7691312700039994,367.0,1.0,0.62353515625
-0.43389907,hourglass,0.41567498,train,112.0,58.0,8.0,0.0,7.705926153797966,2.0851919385234416,266.0,1.0,0.405517578125
-0.60961086,hexagonal,0.56245863,train,142.0,76.0,7.0,0.0,10.274129256732433,2.4384252399840296,274.0,1.0,0.55712890625
-0.3823911,nine_circle,0.490704,train,289.0,161.0,9.0,0.0,5.685638162083493,2.260009725607004,463.0,1.0,0.49560546875
-0.55976546,hourglass,0.61252505,train,223.0,128.0,6.0,0.0,8.14535841228429,2.802085571663706,413.0,1.0,0.606689453125
-0.16077894,hexagonal,0.507589,train,170.0,99.0,6.0,0.0,7.4990803102435954,2.801043695226495,390.0,1.0,0.51318359375
-0.13005131,cross_rectangular,0.540053,test,383.0,213.0,18.0,0.0,5.658762252692584,2.4130674248342747,553.0,1.0,0.549560546875
-0.46575558,hourglass,0.44189143,train,116.0,58.0,8.0,0.0,8.381491317514925,2.0218016584490517,267.0,1.0,0.4326171875
-0.6684283,hourglass,0.69343895,train,121.0,69.0,10.0,0.0,10.151802843763722,2.806925374111957,290.0,1.0,0.623291015625
-0.37756807,hexagonal,0.51356995,train,265.0,146.0,9.0,0.0,6.54508500057257,3.194954443323565,436.0,1.0,0.51025390625
-0.7790326,hexagonal,0.51007,train,224.0,129.0,11.0,0.0,5.758932036116532,2.4499079048336108,490.0,1.0,0.50927734375
-0.62083614,hexagonal,0.560493,train,97.0,54.0,8.0,0.0,8.774545972006365,3.0199369267395175,284.0,1.0,0.5556640625
-0.52825284,hourglass,0.519003,train,177.0,96.0,5.0,0.0,7.80287450641529,2.667423745327006,370.0,1.0,0.517578125
-0.46247777,hexagonal,0.533505,train,96.0,52.0,8.0,0.0,10.029679870336764,2.7582342773795867,257.0,1.0,0.53271484375
-0.6907547,hourglass,0.6812291,train,221.0,125.0,7.0,0.0,8.479883169455457,3.0254647746237544,388.0,1.0,0.619384765625
-0.29787242,four_circle,0.565914,train,424.0,244.0,11.0,0.0,4.8799607096317965,2.083112504301859,652.0,1.0,0.563720703125
-0.16645142,circle_half_quarter,0.523735,train,310.0,177.0,12.0,0.0,5.0941624882309675,2.5236120948884126,539.0,1.0,0.524169921875
-0.26436818,hexagonal,0.578305,train,183.0,105.0,9.0,0.0,7.614013959193568,3.1946145900446514,358.0,1.0,0.579345703125
-0.42630732,small_square_cross,0.494781,val,309.0,176.0,19.0,0.0,4.910619708827028,1.8386962922787096,499.0,1.0,0.48486328125
-0.3789741,nine_circle,0.530993,train,177.0,103.0,5.0,0.0,7.055573698503396,2.31823631039037,412.0,1.0,0.54150390625
-0.728657,hourglass,0.675685,train,160.0,95.0,3.0,0.0,8.427088710171665,2.562837445224851,399.0,1.0,0.617431640625
-0.49352416,hourglass,0.39833897,test,93.0,48.0,8.0,0.0,7.549246248099712,1.8747341710197711,261.0,1.0,0.388916015625
-0.097144894,reentrant_bowtie,0.51005125,train,129.0,68.0,7.0,0.0,10.297280227112182,6.893368649640726,219.0,1.0,0.518310546875
-0.55300504,hourglass,0.42987037,val,110.0,57.0,10.0,0.0,7.868659681927729,1.9125177703147556,272.0,1.0,0.4169921875
-0.44461,square,0.534633,train,169.0,97.0,11.0,0.0,6.024243479277443,2.0556175892210407,410.0,1.0,0.536376953125
-0.50736564,hourglass,0.5527732,train,127.0,67.0,4.0,0.0,8.494760326706043,2.2428338820389992,366.0,1.0,0.549072265625
-0.54629093,hourglass,0.60821956,train,156.0,89.0,2.0,0.0,8.376402328396084,2.6994009789083444,397.0,1.0,0.603759765625
-0.5448857,hourglass,0.46540675,train,115.0,61.0,8.0,0.0,8.978640693663603,2.073958660911701,266.0,1.0,0.459228515625
-0.528683,hourglass,0.60481536,train,182.0,106.0,4.0,0.0,8.53865401427752,2.603246302209238,407.0,1.0,0.60107421875
-0.31611717,circle,0.574264,train,193.0,114.0,8.0,0.0,6.311114797127721,1.9891493818658161,488.0,1.0,0.57666015625
-0.42390686,hourglass,0.33954653,train,77.0,40.0,8.0,0.0,6.58793803766117,1.2240495162119247,258.0,1.0,0.3271484375
-0.40533412,hourglass,0.31742427,train,81.0,41.0,8.0,0.0,6.444721860269602,1.0371107721944355,259.0,1.0,0.308837890625
-0.514671,hexagonal,0.5156997,train,114.0,64.0,11.0,0.0,7.869797798388125,2.8603385900577516,295.0,1.0,0.509521484375
-0.08316339,reentrant_bowtie,0.5403,train,285.0,163.0,8.0,0.0,6.638077377468625,4.046991448720352,398.0,1.0,0.529541015625
-0.36473602,square,0.600908,train,642.0,364.0,12.0,0.0,4.32286564524466,2.3725552279187996,797.0,1.0,0.601806640625
-0.26118234,small_square_cross,0.538649,train,242.0,130.0,18.0,0.0,7.386108092487405,2.974122937286228,380.0,1.0,0.533447265625
-0.5577642,hourglass,0.5848717,train,181.0,103.0,5.0,0.0,8.152581576189181,2.389142623634685,394.0,1.0,0.5703125
-0.48925662,hourglass,0.35129198,train,80.0,42.0,8.0,0.0,6.74159713792957,1.5923386446864087,261.0,1.0,0.34326171875
-0.46037582,hourglass,0.38440266,train,96.0,48.0,8.0,0.0,7.057219536287696,1.5176774111554765,260.0,1.0,0.373291015625
-0.30610594,reentrant_bowtie,0.505773,train,102.0,54.0,8.0,0.0,8.947116016157116,3.0149091598953373,249.0,1.0,0.505615234375
-0.22345108,circle,0.500587,train,150.0,83.0,12.0,0.0,7.676966099744902,2.459884877109231,304.0,1.0,0.5
-0.3179273,hexagonal,0.52156496,train,147.0,80.0,11.0,0.0,8.262662641652247,2.9296373499604242,309.0,1.0,0.517333984375
-0.39044002,hourglass,0.6159062,train,181.0,102.0,2.0,0.0,8.632064626509395,2.8183161334952587,404.0,1.0,0.6103515625
-0.0920808,cross_rectangular,0.561813,train,167.0,98.0,6.0,0.0,7.015631623090361,2.739143046709923,482.0,1.0,0.5693359375
-0.47368824,hexagonal,0.5397169,train,177.0,99.0,8.0,0.0,8.537044433186743,3.570504442711823,324.0,1.0,0.52978515625
-0.5978112,hourglass,0.5724471,train,160.0,86.0,3.0,0.0,8.242990153805065,2.619803377074154,390.0,1.0,0.5595703125
-0.559106,hourglass,0.48552394,train,149.0,79.0,12.0,0.0,8.665137924889944,2.6944781180853674,290.0,1.0,0.480224609375
-0.47576872,hourglass,0.35233694,train,84.0,42.0,8.0,0.0,6.612173623273065,1.3885297755266195,262.0,1.0,0.345703125
-0.3478733,four_circle,0.575784,train,265.0,154.0,12.0,0.0,5.65549582224302,2.174234028364091,545.0,1.0,0.5830078125
-0.02700768,small_square_cross,0.568336,train,212.0,118.0,15.0,0.0,8.979813182318752,3.5661165412218367,319.0,1.0,0.56787109375
-0.5422069,hourglass,0.4658751,train,115.0,61.0,8.0,0.0,9.056449766386004,2.012252144629412,263.0,1.0,0.4599609375
-0.53665406,hourglass,0.5234852,train,113.0,62.0,8.0,0.0,9.364112788414097,2.137754770651784,265.0,1.0,0.513671875
-0.65514433,hourglass,0.576771,train,176.0,94.0,4.0,0.0,8.233726215143351,2.8420692377795365,405.0,1.0,0.573974609375
-0.30653697,hexagonal,0.5298248,train,176.0,101.0,13.0,0.0,6.337460651861476,2.582177901388289,438.0,1.0,0.52734375
-0.4017294,hourglass,0.31878576,train,70.0,37.0,8.0,0.0,6.469565628178829,1.071733004656815,257.0,1.0,0.310302734375
-0.29612997,hourglass,0.30422685,train,49.0,26.0,8.0,0.0,6.010328185915408,1.1115929525042918,253.0,1.0,0.2998046875
-1.2709647,reentrant_bowtie,0.54847604,train,124.0,72.0,5.0,0.0,10.623690838344976,8.531215471180499,270.0,1.0,0.545166015625
-0.19865102,hexagonal,0.54989773,train,220.0,122.0,8.0,0.0,6.5599783822630675,3.071516904035154,462.0,1.0,0.55419921875
-0.10798487,grid_circular_voids,0.475494,train,127.0,73.0,5.0,0.0,6.281620357176293,2.3581462065456495,459.0,1.0,0.478759765625
-0.53286946,hourglass,0.40836865,train,106.0,55.0,8.0,0.0,7.565718014564109,1.8365559463363694,261.0,1.0,0.39453125
-0.40270582,hourglass,0.58522177,train,161.0,91.0,5.0,0.0,8.254415748804927,2.30148771663457,391.0,1.0,0.5712890625
-0.36326784,square,0.501163,train,183.0,102.0,18.0,0.0,6.407918708894352,2.2075812358628104,399.0,1.0,0.5107421875
-0.55016255,hourglass,0.47833985,train,117.0,63.0,8.0,0.0,9.308150817883101,2.3148063313249647,266.0,1.0,0.47705078125
-0.2458264,small_square_cross,0.633141,val,255.0,143.0,12.0,0.0,8.771429441365958,2.8197365912487897,378.0,1.0,0.640625
-0.24388742,small_square_cross,0.505877,train,140.0,80.0,8.0,0.0,8.264937470034711,2.285837962708358,292.0,1.0,0.505859375
-0.03412208,reentrant_bowtie,0.5246906,train,149.0,84.0,6.0,0.0,9.8765140517131,7.227446491767041,238.0,1.0,0.5234375
-0.5951935,hourglass,0.5891657,train,174.0,103.0,4.0,0.0,8.438471116932854,2.460207689475963,384.0,1.0,0.5732421875
-0.6657881,hourglass,0.6889846,train,142.0,81.0,14.0,0.0,9.794815847828666,2.8080111032018436,317.0,1.0,0.6142578125
-0.49455902,grid_circular_voids,0.499555,train,315.0,181.0,9.0,0.0,4.953968947309814,2.085607329808352,498.0,1.0,0.495361328125
-0.47415662,hourglass,0.39117408,test,93.0,48.0,8.0,0.0,7.465351917701922,1.9039019365357834,261.0,1.0,0.38525390625
-0.42900857,cross_rectangular,0.524546,train,308.0,170.0,15.0,0.0,5.942608577219634,2.5965522255288778,494.0,1.0,0.5322265625
-0.63612705,hourglass,0.6605037,train,173.0,103.0,4.0,0.0,8.423329486638215,2.444568555238239,405.0,1.0,0.60888671875
-0.3118596,hexagonal,0.51449,train,205.0,116.0,14.0,0.0,7.1623166698403065,2.8002894612985054,349.0,1.0,0.5185546875
-0.41644415,hourglass,0.512131,train,116.0,66.0,6.0,0.0,7.188241028016035,2.2622471906753248,350.0,1.0,0.500732421875
-0.38976207,hourglass,0.6065389,train,163.0,91.0,3.0,0.0,8.463682878132456,2.663845366834852,400.0,1.0,0.60107421875
-0.185865,cross_rectangular,0.537661,train,220.0,122.0,6.0,0.0,6.445435351509914,2.938481986080281,415.0,1.0,0.53759765625
-0.35553527,hexagonal,0.5109202,train,119.0,69.0,6.0,0.0,7.05204051178036,2.35694953418504,370.0,1.0,0.51220703125
-0.39010632,hexagonal,0.539323,train,217.0,121.0,6.0,0.0,7.461704944222323,3.0910332283824125,406.0,1.0,0.533447265625
-0.5434079,hourglass,0.5081934,train,139.0,75.0,9.0,0.0,9.391045351366525,2.3338045317337626,271.0,1.0,0.5029296875
-0.31587216,hexagonal,0.5208832,train,131.0,73.0,11.0,0.0,8.133127626868033,2.9960670906393125,306.0,1.0,0.517822265625
-0.597283,hourglass,0.509609,val,207.0,113.0,7.0,0.0,7.2740105635614,3.068812684336983,371.0,1.0,0.5078125
-0.17506728,hexagonal,0.5101252,train,217.0,124.0,13.0,0.0,5.754435868543703,2.260855553726883,480.0,1.0,0.510498046875
-0.40848693,hourglass,0.31113642,train,68.0,35.0,8.0,0.0,6.260917064770552,0.7435425290869505,258.0,1.0,0.302978515625
-0.468945,hourglass,0.362442,train,88.0,44.0,8.0,0.0,6.878112084780079,1.6930679526138412,263.0,1.0,0.354736328125
-0.41867208,hourglass,0.42655015,train,127.0,65.0,12.0,0.0,7.646749298252196,2.1167499114445967,279.0,1.0,0.41455078125
-0.17044564,circle_half_quarter,0.525528,train,286.0,159.0,12.0,0.0,4.887259558484597,2.4410272741596946,551.0,1.0,0.5078125
-0.6215163,hourglass,0.6230046,train,160.0,93.0,3.0,0.0,8.240133408382718,2.4143000286077543,398.0,1.0,0.5966796875
-0.2613004,reentrant_bowtie,0.510429,train,118.0,67.0,8.0,0.0,7.714862877530809,2.5789733513269373,282.0,1.0,0.4990234375
-0.4037368,circle_half_quarter,0.55647,train,198.0,116.0,12.0,0.0,6.494930962257995,2.1744887551628884,423.0,1.0,0.56201171875
-0.3950633,grid_circular_voids,0.632006,train,189.0,105.0,2.0,0.0,7.992322388467135,2.2097234783301447,421.0,1.0,0.632080078125
-0.35970175,hexagonal,0.56019276,train,299.0,174.0,11.0,0.0,5.097081890584155,1.7583859499929653,582.0,1.0,0.56396484375
-0.4354899,hourglass,0.38667288,train,93.0,48.0,8.0,0.0,7.2516846105576365,1.8008848211691322,259.0,1.0,0.380615234375
-0.505047,hexagonal,0.5295176,train,190.0,114.0,10.0,0.0,5.9560181012601054,2.323581126331261,481.0,1.0,0.515380859375
-0.47879004,hourglass,0.39073485,train,93.0,48.0,8.0,0.0,7.465351917701922,1.9039019365357834,261.0,1.0,0.38525390625
-0.27417585,small_square_cross,0.620517,val,236.0,133.0,19.0,0.0,8.676486706089674,2.565165547079657,361.0,1.0,0.625244140625
-0.37732118,grid_circular_voids,0.5405,train,216.0,121.0,2.0,0.0,6.7428638943584644,3.1381198453839754,414.0,1.0,0.545654296875
-0.38454095,hexagonal,0.5400701,train,359.0,207.0,17.0,0.0,4.421225901279788,1.8435816434008225,630.0,1.0,0.521240234375
-0.6204241,hourglass,0.56345,test,221.0,124.0,6.0,0.0,7.521270454354017,3.1161970395301224,414.0,1.0,0.563720703125
-0.5066646,hourglass,0.4842691,train,112.0,60.0,8.0,0.0,9.096699529076856,2.0851383739683076,266.0,1.0,0.481201171875
-0.28440353,reentrant_bowtie,0.532533,train,375.0,214.0,4.0,0.0,6.515127121938867,3.437034807952231,446.0,1.0,0.5302734375
-0.22223866,cross_rectangular,0.502571,train,156.0,91.0,13.0,1.0,5.836176768382449,1.891981427917485,434.0,1.0,0.5009765625
-0.24294521,four_circle,0.537567,train,355.0,206.0,19.0,0.0,4.696448176271314,1.4666856293664456,616.0,1.0,0.552001953125
-0.49887368,hourglass,0.39053532,train,102.0,52.0,8.0,0.0,7.517533270481272,1.895562556481358,263.0,1.0,0.38525390625
-0.5709556,hexagonal,0.513531,train,167.0,96.0,4.0,0.0,7.2733275426615736,2.0326381501796207,395.0,1.0,0.516357421875
-0.3742315,nine_circle,0.514918,train,336.0,192.0,16.0,0.0,4.774441486661663,2.385898859652845,574.0,1.0,0.50146484375
-0.543295,hourglass,0.4775678,train,117.0,63.0,8.0,0.0,9.245745507799585,2.3180450517940057,266.0,1.0,0.474365234375
-0.30872893,four_circle,0.558224,train,436.0,246.0,21.0,0.0,5.192871262462005,2.0947146698524137,588.0,1.0,0.565185546875
-0.47977763,hourglass,0.6995172,train,142.0,80.0,9.0,0.0,10.20333595570008,2.717515983687457,284.0,1.0,0.60986328125
-0.5097936,hourglass,0.69353837,train,120.0,68.0,9.0,0.0,10.163703516967018,2.808582250107408,291.0,1.0,0.622314453125
-0.48950928,hourglass,0.3587752,train,88.0,44.0,8.0,0.0,6.878112084780079,1.6930679526138412,263.0,1.0,0.35009765625
-0.5319402,hourglass,0.6015751,train,180.0,102.0,5.0,0.0,8.500290242587571,2.510270258202123,399.0,1.0,0.59130859375
-0.1978994,circle,0.455773,train,90.0,53.0,10.0,0.0,7.773045532442761,1.9992571964662285,278.0,1.0,0.46533203125
-0.14146784,square,0.649523,train,112.0,63.0,7.0,0.0,9.457704808700445,2.185697668237539,275.0,1.0,0.548095703125
-0.28963703,reentrant_bowtie,0.518481,train,131.0,73.0,8.0,0.0,7.489692707828808,2.4468881795018014,290.0,1.0,0.509033203125
-0.41767344,hourglass,0.5778688,train,150.0,88.0,4.0,0.0,8.333285074791466,2.47222883605328,378.0,1.0,0.563720703125
-0.5046265,hourglass,0.40358594,train,93.0,48.0,8.0,0.0,7.507770751964486,1.889993559236188,261.0,1.0,0.39306640625
-0.07133551,hexagonal,0.5631978,train,280.0,162.0,10.0,0.0,6.8771918896158954,3.925027976540696,496.0,1.0,0.570068359375
-0.7199574,hexagonal,0.57777464,val,138.0,79.0,17.0,0.0,8.115657670285232,2.862197642563419,321.0,1.0,0.557861328125
-0.3780923,hexagonal,0.52875,train,355.0,187.0,6.0,0.0,5.967650420950962,3.1240514517100473,510.0,1.0,0.5341796875
-0.41762987,cross_rectangular,0.514097,train,339.0,190.0,11.0,0.0,4.678189453918409,1.6748424341337056,614.0,1.0,0.526611328125
-0.36664525,reentrant_bowtie,0.536605,val,298.0,164.0,8.0,0.0,7.025129967793593,2.83202903265154,405.0,1.0,0.537353515625
-0.4271456,hourglass,0.41660553,train,112.0,58.0,8.0,0.0,7.771557713035516,2.116214169471368,265.0,1.0,0.402099609375
-0.56073326,hourglass,0.60861856,train,187.0,107.0,5.0,0.0,8.384729657515027,2.6785386762100587,414.0,1.0,0.603759765625
-0.39247617,hourglass,0.581972,train,160.0,91.0,4.0,0.0,8.510591610531193,2.794532836108641,384.0,1.0,0.57666015625
-0.4249895,hourglass,0.35369536,train,84.0,44.0,8.0,0.0,6.7721759112552675,1.5968240878293083,262.0,1.0,0.345947265625
-0.5498417,hourglass,0.47964936,train,121.0,65.0,8.0,0.0,9.228538796438794,2.3601125316768097,269.0,1.0,0.47705078125
-0.59174323,hourglass,0.41008797,train,107.0,54.0,8.0,0.0,7.522971431388487,1.8976636313127264,265.0,1.0,0.396484375
-0.59328187,hourglass,0.5635771,train,152.0,79.0,4.0,0.0,8.17989959499276,2.608920517421502,389.0,1.0,0.552490234375
-0.4029922,grid_circular_voids,0.543047,train,254.0,139.0,22.0,0.0,5.642637537732327,2.006150945909621,500.0,1.0,0.5400390625
-0.5592903,hourglass,0.61676264,train,191.0,109.0,3.0,0.0,8.464556615450977,2.8541027190204526,409.0,1.0,0.61279296875
-0.4855434,hexagonal,0.53342134,train,132.0,70.0,8.0,0.0,9.639250762638488,2.569648402049545,274.0,1.0,0.52099609375
-0.43504846,hourglass,0.33769125,val,77.0,40.0,8.0,0.0,6.58793803766117,1.2240495162119247,258.0,1.0,0.3271484375
-0.3516248,nine_circle,0.537651,train,338.0,196.0,13.0,0.0,4.926739315038663,1.3290806626863838,561.0,1.0,0.5400390625
-0.3320679,circle,0.614085,train,385.0,217.0,18.0,0.0,5.768571445133732,2.170280043892887,594.0,1.0,0.6240234375
-0.42560658,hourglass,0.35494745,train,84.0,44.0,8.0,0.0,6.759919794648672,1.5961701598129692,262.0,1.0,0.346923828125
-0.5010537,hourglass,0.549969,train,139.0,74.0,4.0,0.0,8.395923843645845,2.3174407818143785,377.0,1.0,0.547119140625
-0.384042,hexagonal,0.5439186,train,226.0,125.0,8.0,0.0,7.441042922596847,3.532172284701532,388.0,1.0,0.534423828125
-0.5008153,hexagonal,0.5217213,train,145.0,82.0,13.0,0.0,8.03645261418159,2.6023724874225116,311.0,1.0,0.52392578125
-0.5144748,hourglass,0.47871247,train,121.0,65.0,8.0,0.0,9.228538796438794,2.3601125316768097,269.0,1.0,0.47705078125
-0.5849061,hourglass,0.571361,train,195.0,106.0,9.0,0.0,7.797318307828818,2.90983390055971,392.0,1.0,0.558837890625
-0.5393908,hourglass,0.4216969,train,109.0,56.0,8.0,0.0,8.03155706847288,1.937429493064499,262.0,1.0,0.41162109375
-0.14810109,circle_half_quarter,0.499124,train,174.0,104.0,8.0,0.0,6.369803387690339,1.9683705463288552,401.0,1.0,0.50146484375
-0.32569867,small_square_cross,0.460464,train,86.0,48.0,12.0,0.0,6.8988433302336425,2.5981400204411504,302.0,1.0,0.46826171875
-0.41814998,hexagonal,0.5567086,train,68.0,39.0,6.0,0.0,9.371128671599495,2.4941647752629543,257.0,1.0,0.546875
-0.42316228,hourglass,0.3414053,train,77.0,40.0,8.0,0.0,6.595148166310787,1.2232206368529577,258.0,1.0,0.329345703125
-0.5481403,hourglass,0.48198414,train,121.0,65.0,8.0,0.0,9.221769774229877,2.353027838525934,270.0,1.0,0.478515625
-0.6715933,hourglass,0.534471,train,268.0,146.0,7.0,0.0,7.0743903016154235,2.999079277843039,434.0,1.0,0.52880859375
-0.41740078,hexagonal,0.52142,train,181.0,105.0,9.0,0.0,7.560531561038721,3.6363118167648265,359.0,1.0,0.526123046875
-0.30608207,small_square_cross,0.582076,train,178.0,100.0,11.0,0.0,9.194929233357406,2.4816885404241127,309.0,1.0,0.58740234375
-0.43118718,hourglass,0.35233694,train,84.0,42.0,8.0,0.0,6.608043423477508,1.3861992544283241,262.0,1.0,0.345703125
-0.48911136,hourglass,0.3565251,val,77.0,40.0,8.0,0.0,6.825209620700672,1.682824485464721,260.0,1.0,0.34912109375
-0.20604233,four_circle,0.456499,train,253.0,136.0,15.0,0.0,4.4728581452448894,1.4253290238413947,526.0,1.0,0.466796875
-0.569075,hourglass,0.54369533,train,166.0,93.0,4.0,0.0,7.87357520047246,2.6202008140523416,382.0,1.0,0.540283203125
-0.34841117,cross_rectangular,0.516457,train,239.0,131.0,18.0,0.0,7.086042124214176,2.638799868466917,388.0,1.0,0.515380859375
-0.3604411,hexagonal,0.51115716,train,199.0,114.0,12.0,0.0,6.808000747235078,3.1228002646907953,397.0,1.0,0.507080078125
-0.37055963,hexagonal,0.514865,train,342.0,185.0,12.0,0.0,6.115917415517917,3.1815223995454667,490.0,1.0,0.51611328125
-0.58357316,hourglass,0.5257666,train,227.0,126.0,6.0,0.0,8.643267238295962,2.877875386724961,340.0,1.0,0.513916015625
-0.20944569,reentrant_bowtie,0.525842,train,111.0,65.0,8.0,0.0,8.297128893377245,2.81494860549686,261.0,1.0,0.519287109375
-0.5919965,hourglass,0.561389,train,162.0,91.0,5.0,0.0,8.044705178663426,2.7665223488491066,399.0,1.0,0.550048828125
-0.5333647,hourglass,0.40946656,train,107.0,54.0,9.0,0.0,7.486287359880877,1.9774272543939193,265.0,1.0,0.396728515625
-0.29385313,nine_circle,0.611832,train,359.0,206.0,8.0,0.0,6.393263153904656,3.0457449310102627,532.0,1.0,0.588134765625
-0.34432393,circle,0.665084,train,234.0,133.0,19.0,0.0,8.164774628638071,3.495932041404722,409.0,1.0,0.66943359375
-0.4103641,hourglass,0.31145838,train,64.0,34.0,8.0,0.0,6.291253932225942,0.7889604493267156,257.0,1.0,0.303955078125
-0.56995445,hourglass,0.5049455,train,120.0,66.0,8.0,0.0,9.49000173896664,2.205208361467699,260.0,1.0,0.505615234375
-0.08054519,reentrant_bowtie,0.50973874,train,120.0,64.0,6.0,0.0,10.311552654773099,6.794651918375107,218.0,1.0,0.514404296875
-0.42543018,hourglass,0.41948035,train,105.0,54.0,8.0,0.0,7.919966006212796,1.9184026502882485,261.0,1.0,0.407958984375
-0.6293356,hourglass,0.584423,train,196.0,111.0,3.0,0.0,8.19354338737669,3.028542034522468,418.0,1.0,0.578857421875
-0.48051438,hourglass,0.35981974,train,84.0,42.0,8.0,0.0,6.8655178848419816,1.706008704442165,262.0,1.0,0.3525390625
-0.17841282,hourglass,0.30396953,train,53.0,28.0,9.0,0.0,5.513182626868155,1.2416022777362261,253.0,1.0,0.293212890625
-0.40336907,hexagonal,0.582489,train,240.0,140.0,6.0,0.0,7.557891142112394,3.7869835551454356,432.0,1.0,0.58544921875
-0.22815251,circle,0.590768,train,219.0,120.0,11.0,0.0,7.931485699483993,3.5550354159294457,353.0,1.0,0.5947265625
-0.14077285,circle_half_quarter,0.564861,train,271.0,152.0,12.0,0.0,5.455399292829878,2.5986142941100536,529.0,1.0,0.554443359375
-0.40560964,hourglass,0.6586986,train,149.0,89.0,3.0,0.0,8.422521696926207,2.4994115133463866,398.0,1.0,0.613525390625
-0.4672825,cross_rectangular,0.588263,train,348.0,191.0,8.0,0.0,6.064270260667073,2.2797431752973685,511.0,1.0,0.592041015625
-0.4169068,hourglass,0.657206,train,189.0,109.0,7.0,0.0,8.328041586755567,2.5361752438921394,416.0,1.0,0.615966796875
-0.5643842,hourglass,0.4492899,train,128.0,65.0,8.0,0.0,8.572227541586207,1.8753439618563026,268.0,1.0,0.446044921875
-0.5446444,hourglass,0.4291826,train,125.0,66.0,10.0,0.0,7.811655676971241,1.9021134520430085,275.0,1.0,0.417236328125
-0.1652522,hexagonal,0.500586,train,106.0,60.0,12.0,0.0,8.421028752737422,2.3198225705843196,298.0,1.0,0.509521484375
-0.5606284,hourglass,0.533989,train,106.0,60.0,4.0,0.0,8.3016052952755,2.090809679209011,354.0,1.0,0.53271484375
-0.6044054,hourglass,0.5493518,train,140.0,72.0,9.0,0.0,8.355930993893384,2.3722253345675455,363.0,1.0,0.546875
-0.38867894,hourglass,0.60680467,train,155.0,86.0,3.0,0.0,8.471955457536978,2.644406931382251,399.0,1.0,0.6005859375
-0.3873284,hourglass,0.6184149,train,177.0,100.0,3.0,0.0,8.63074898641315,2.823149293524587,400.0,1.0,0.609619140625
-0.60324836,hourglass,0.6249655,train,159.0,89.0,7.0,0.0,8.949259880429041,2.9486222754936495,342.0,1.0,0.607421875
-0.40573034,hourglass,0.32124826,train,79.0,39.0,8.0,0.0,6.600027515386693,1.2268960272882148,259.0,1.0,0.31396484375
-0.7216401,hourglass,0.6759933,train,151.0,89.0,4.0,0.0,8.624856366453368,2.542141925511082,395.0,1.0,0.61865234375
-0.045708098,reentrant_bowtie,0.542284,train,246.0,135.0,7.0,0.0,10.314580521127827,8.11728804022747,299.0,1.0,0.5380859375
-0.5416915,hourglass,0.46607906,train,103.0,55.0,8.0,0.0,9.024623105175886,2.0462030789476366,260.0,1.0,0.4609375
-0.012734924,reentrant_bowtie,0.51395273,train,139.0,77.0,7.0,0.0,10.62106728048417,7.438889296633792,222.0,1.0,0.516845703125
-0.33009633,circle,0.60412,train,280.0,147.0,13.0,0.0,7.423912567385975,3.6521177898846022,389.0,1.0,0.61767578125
-0.33952048,nine_circle,0.495241,train,215.0,128.0,5.0,0.0,6.0194652737367775,1.8862117771259321,461.0,1.0,0.51171875
-0.49571303,hourglass,0.55137056,train,139.0,73.0,3.0,0.0,8.287925564676321,2.3850929149119224,370.0,1.0,0.54833984375
-0.577035,hourglass,0.45244372,train,125.0,65.0,8.0,0.0,8.55282704396245,1.9825819119385732,270.0,1.0,0.44775390625
-0.6623177,hourglass,0.66811436,train,139.0,80.0,5.0,0.0,8.725359279592723,2.3553120292229264,393.0,1.0,0.619873046875
-0.5337904,hexagonal,0.528058,train,48.0,28.0,5.0,0.0,9.862033409467925,2.7536162212073685,266.0,1.0,0.53076171875
-0.6531428,hourglass,0.6557219,train,184.0,105.0,8.0,0.0,8.274512092797313,2.6263728298807183,416.0,1.0,0.609375
-0.54785687,hourglass,0.48322678,train,130.0,70.0,9.0,0.0,9.17830726140475,2.4516377520132697,270.0,1.0,0.479248046875
-0.280778,cross_rectangular,0.533617,val,230.0,134.0,16.0,0.0,5.497547295813001,2.841535865066289,491.0,1.0,0.53857421875
-0.1866566,cross_rectangular,0.566495,train,353.0,192.0,14.0,0.0,6.708714284883096,3.37220898232961,412.0,1.0,0.561767578125
-0.5516767,hexagonal,0.55355084,train,176.0,93.0,13.0,0.0,9.84152559565854,3.2888455569604957,305.0,1.0,0.546630859375
-0.44690934,hourglass,0.33684903,train,77.0,40.0,8.0,0.0,6.58793803766117,1.2240495162119247,258.0,1.0,0.3271484375
-0.35604268,square,0.503123,train,355.0,199.0,9.0,1.0,4.494439652953038,1.7309030865417978,602.0,1.0,0.498046875
-0.59058887,hourglass,0.5566703,train,209.0,113.0,9.0,0.0,7.378399634566296,3.1607430339822855,399.0,1.0,0.5400390625
-0.56103814,hourglass,0.5460279,train,135.0,73.0,10.0,0.0,8.268476365407905,2.4323629465566636,352.0,1.0,0.5390625
-0.7705596,hexagonal,0.5424923,train,167.0,95.0,13.0,0.0,8.163697634235655,2.9626599231452073,326.0,1.0,0.540771484375
-0.44386795,hexagonal,0.553695,train,251.0,138.0,12.0,0.0,7.120291207511659,2.9771168405025206,429.0,1.0,0.542724609375
-0.40347552,hourglass,0.31099734,train,64.0,32.0,8.0,0.0,6.259660224644276,0.7430090391897433,257.0,1.0,0.30322265625
-0.52378607,hourglass,0.5022969,train,108.0,58.0,8.0,0.0,9.575585345410977,2.1490097282540215,258.0,1.0,0.501708984375
-0.31867594,four_circle,0.657809,train,340.0,195.0,16.0,0.0,6.124962332021374,2.9061108785583043,559.0,1.0,0.59130859375
-0.40616924,hourglass,0.5891657,train,152.0,90.0,4.0,0.0,8.286021307758435,2.5398147919737424,386.0,1.0,0.5732421875
-0.36325628,hexagonal,0.57494193,train,115.0,65.0,11.0,0.0,8.261614414468598,3.1511803808986314,304.0,1.0,0.5673828125
-0.77883625,hexagonal,0.51972854,train,126.0,68.0,7.0,0.0,9.304912405911969,3.0714328021182804,265.0,1.0,0.506591796875
-0.5281944,hourglass,0.5164752,train,164.0,89.0,10.0,0.0,9.109603004309184,2.4166729048540927,286.0,1.0,0.505126953125
-0.4967899,hourglass,0.45972636,train,115.0,61.0,8.0,0.0,8.931543529928327,2.1430233746747325,263.0,1.0,0.455322265625
-0.58107597,hourglass,0.4339428,train,95.0,51.0,8.0,0.0,8.143842304798525,1.766265263115966,258.0,1.0,0.42919921875
-0.48382995,hourglass,0.35918334,train,88.0,44.0,8.0,0.0,6.855077407571542,1.710047819824977,263.0,1.0,0.35107421875
-0.61795956,hourglass,0.582436,train,174.0,97.0,6.0,0.0,8.48348962946942,3.0110916852093097,386.0,1.0,0.575927734375
-0.46789983,hourglass,0.39372763,test,93.0,48.0,8.0,0.0,7.49600325869809,1.8961476099224022,261.0,1.0,0.38671875
-0.3517085,small_square_cross,0.626728,train,549.0,306.0,15.0,0.0,4.838374282215466,1.9334638484709565,756.0,1.0,0.620849609375
-0.3647812,hexagonal,0.51348555,train,254.0,139.0,9.0,0.0,6.577316643505161,3.3483022553664763,432.0,1.0,0.507568359375
-0.5299887,hourglass,0.3485219,train,82.0,41.0,8.0,0.0,6.843000325764828,1.53907402045289,261.0,1.0,0.338134765625
-0.2644854,hourglass,0.3050909,train,62.0,31.0,8.0,0.0,6.105684492373114,1.1887909334637123,257.0,1.0,0.29638671875
-0.48812255,reentrant_bowtie,0.526816,train,164.0,87.0,8.0,0.0,8.102400194159078,3.3022332309641644,289.0,1.0,0.5302734375
-0.30206433,square,0.517828,train,227.0,133.0,9.0,0.0,5.391031927118127,1.7877035751303687,494.0,1.0,0.5224609375
-0.65250015,reentrant_bowtie,0.5396431,train,213.0,121.0,9.0,0.0,7.688478581516068,4.908097876076142,376.0,1.0,0.53369140625
-0.561203,hourglass,0.6053563,train,150.0,87.0,2.0,0.0,8.40113130127768,2.7984137365605677,395.0,1.0,0.596435546875
-0.39078525,hourglass,0.5990983,train,182.0,105.0,6.0,0.0,8.392370933175286,2.5960211865252307,403.0,1.0,0.5830078125
-0.6003291,hourglass,0.6314121,train,204.0,120.0,5.0,0.0,8.469873136218792,2.777966218608348,419.0,1.0,0.621337890625
-0.56335706,hourglass,0.55137056,train,127.0,66.0,4.0,0.0,8.267927836158709,2.3659360619166,366.0,1.0,0.54833984375
-0.59829766,hourglass,0.6417042,train,168.0,97.0,8.0,0.0,8.088043831498172,2.539217330136843,412.0,1.0,0.607666015625
-0.5925363,hexagonal,0.536936,train,382.0,213.0,8.0,0.0,5.837667609387819,3.445701147009041,533.0,1.0,0.52587890625
-0.32144195,hexagonal,0.5103765,train,258.0,146.0,14.0,0.0,6.3518149092628775,3.5280164666076175,424.0,1.0,0.499267578125
-0.06973926,circle_half_quarter,0.580214,train,254.0,147.0,14.0,0.0,5.336504580592942,2.363178356170255,477.0,1.0,0.521728515625
-0.34371564,nine_circle,0.513216,train,117.0,72.0,0.0,0.0,6.939911582320368,1.553137944473853,449.0,1.0,0.52294921875
-0.13199121,circle_half_quarter,0.550047,train,338.0,194.0,7.0,0.0,5.203528086737494,2.4322133670276087,524.0,1.0,0.54052734375
-0.41518068,hourglass,0.58074933,train,156.0,91.0,6.0,0.0,8.25889332078063,2.518273520515272,392.0,1.0,0.5703125
-0.33149478,square,0.521137,train,312.0,183.0,9.0,0.0,4.625616630200797,2.0670473809075753,568.0,1.0,0.5244140625
-0.4628651,hourglass,0.36521414,train,84.0,42.0,8.0,0.0,6.855259642546965,1.7114553325764181,262.0,1.0,0.354736328125
-0.41262174,cross_rectangular,0.500778,train,555.0,315.0,18.0,0.0,3.7279029948966467,1.82472738154036,714.0,1.0,0.50244140625
-0.44221872,cross_rectangular,0.517847,train,399.0,232.0,13.0,0.0,4.337536746807097,1.5788113247331803,655.0,1.0,0.514892578125
-0.52062917,hourglass,0.48603547,train,140.0,74.0,11.0,0.0,8.800090636854609,2.610311079561212,282.0,1.0,0.483154296875
-0.52787435,hourglass,0.49669874,train,127.0,69.0,8.0,0.0,9.46496607426904,2.1064735700096175,263.0,1.0,0.490966796875
-0.07799187,reentrant_bowtie,0.5340945,test,161.0,96.0,7.0,0.0,7.126284431392563,3.9381631922580347,389.0,1.0,0.53515625
-0.60822797,hourglass,0.577461,train,175.0,100.0,4.0,0.0,7.995326682924592,2.8416106758868387,407.0,1.0,0.576904296875
-0.07055687,reentrant_bowtie,0.53586555,train,197.0,112.0,10.0,0.0,7.4301074584761935,4.127971892959317,373.0,1.0,0.531982421875
-0.6117645,hourglass,0.510768,train,163.0,89.0,5.0,0.0,7.641418081788411,2.833032628255247,369.0,1.0,0.5068359375
-0.12410185,reentrant_bowtie,0.5162778,train,125.0,67.0,6.0,0.0,9.93662494867025,6.809236877336999,225.0,1.0,0.516357421875
-0.09672092,reentrant_bowtie,0.5016747,train,91.0,52.0,8.0,0.0,8.677425076315606,2.9473361140121273,258.0,1.0,0.501953125
-0.7992726,reentrant_bowtie,0.53349,train,332.0,180.0,8.0,0.0,6.911354804705143,2.80907039338116,409.0,1.0,0.53662109375
-0.48207715,hourglass,0.6803364,train,199.0,111.0,7.0,0.0,9.304254053313734,3.080180795861005,353.0,1.0,0.6318359375
-0.65119255,hexagonal,0.5051036,train,110.0,64.0,7.0,0.0,8.844583315402005,2.0221610842355457,266.0,1.0,0.5009765625
-1.3988093,reentrant_bowtie,0.559454,train,126.0,69.0,4.0,0.0,9.673934109999935,8.163601504016677,279.0,1.0,0.559326171875
-0.35771275,nine_circle,0.55183,train,339.0,202.0,9.0,0.0,5.158557003183714,2.6111034206778734,588.0,1.0,0.55322265625
-0.41748023,hourglass,0.366248,train,88.0,44.0,8.0,0.0,6.896788209412558,1.6844447808114593,263.0,1.0,0.3583984375
-0.6099072,hourglass,0.570407,train,290.0,162.0,4.0,0.0,7.57361681282425,3.316606538964733,445.0,1.0,0.56591796875
-0.4263227,hourglass,0.6020507,train,180.0,102.0,5.0,0.0,8.505732341739952,2.513798718542451,399.0,1.0,0.591796875
-0.29378328,four_circle,0.506944,train,317.0,174.0,8.0,0.0,5.072744136746261,2.1086145332788258,514.0,1.0,0.50732421875
-0.06671976,hexagonal,0.502686,train,251.0,141.0,12.0,0.0,6.714965339588566,3.1993055930307603,475.0,1.0,0.4990234375
-0.56627506,hourglass,0.41165218,train,107.0,54.0,8.0,0.0,7.63901490174562,1.868897957402479,262.0,1.0,0.40185546875
-0.35323462,hexagonal,0.56542283,train,188.0,108.0,3.0,0.0,7.779850915546866,3.017148989451389,410.0,1.0,0.564697265625
-0.69081056,hourglass,0.6731824,test,155.0,94.0,4.0,0.0,8.404117021389007,2.3197197820316964,389.0,1.0,0.616943359375
-0.4887762,hourglass,0.3548044,train,80.0,42.0,8.0,0.0,6.782326304289692,1.6117540294863266,261.0,1.0,0.346923828125
-0.48260176,hourglass,0.6830626,train,93.0,53.0,7.0,0.0,11.065188698593643,2.6618430810859346,273.0,1.0,0.646240234375
-0.40071923,hourglass,0.58928007,train,179.0,106.0,5.0,0.0,8.350880005994266,2.4762513518879716,397.0,1.0,0.573974609375
-0.55322003,hourglass,0.56415856,train,146.0,81.0,3.0,0.0,7.949728574823182,2.477620461532925,386.0,1.0,0.550048828125
-0.5570793,hexagonal,0.5542458,train,333.0,192.0,14.0,0.0,5.447635609144009,2.392480539962172,574.0,1.0,0.5625
-0.09548762,reentrant_bowtie,0.550029,train,409.0,231.0,10.0,0.0,6.096344499338099,3.7559700502157054,495.0,1.0,0.55810546875
-0.39176235,grid_circular_voids,0.539468,val,187.0,114.0,9.0,0.0,6.48873382108212,2.2167617179546526,452.0,1.0,0.550048828125
-0.37356347,circle_half_quarter,0.600999,val,240.0,134.0,14.0,0.0,7.399376846101764,3.5870418659665293,408.0,1.0,0.6083984375
-0.5241376,hourglass,0.37574434,val,92.0,46.0,8.0,0.0,6.9097600651834465,1.6113041652381699,258.0,1.0,0.3681640625
-0.3606028,hexagonal,0.5628162,train,185.0,103.0,4.0,0.0,8.142548778166077,2.992889078277508,383.0,1.0,0.5634765625
-0.569353,hourglass,0.45379743,train,131.0,68.0,9.0,0.0,8.548160149327053,2.044022674391636,269.0,1.0,0.449462890625
-0.5130957,hourglass,0.33694422,train,77.0,40.0,8.0,0.0,6.58793803766117,1.2240495162119247,258.0,1.0,0.3271484375
-0.13769642,circle_half_quarter,0.560293,train,164.0,94.0,7.0,0.0,7.799176675000136,2.4463266911160857,377.0,1.0,0.563232421875
-0.4312545,hourglass,0.557397,train,264.0,148.0,4.0,0.0,7.134249276051705,3.18533309345797,456.0,1.0,0.552001953125
-0.40406245,grid_circular_voids,0.522376,train,224.0,139.0,6.0,0.0,6.676753864893399,2.137752536049213,463.0,1.0,0.533935546875
-0.10950857,reentrant_bowtie,0.51742387,train,128.0,69.0,6.0,0.0,10.002445726759719,6.791881249830394,224.0,1.0,0.5185546875
-0.1151421,reentrant_bowtie,0.5093236,train,144.0,77.0,7.0,0.0,10.287603386007172,7.152986549142515,224.0,1.0,0.51416015625
-0.5231702,hourglass,0.50111336,train,139.0,77.0,9.0,0.0,9.369787644242237,2.275352446443591,268.0,1.0,0.498779296875
-0.52791226,hourglass,0.4965053,train,121.0,65.0,8.0,0.0,9.462923960048691,2.110229875235488,262.0,1.0,0.49072265625
-0.50118047,hourglass,0.40137118,train,97.0,48.0,8.0,0.0,7.523168936893551,1.9014914159614886,262.0,1.0,0.392822265625
-0.6602882,hourglass,0.557328,train,238.0,132.0,6.0,0.0,7.307269568224061,3.2103172800677946,430.0,1.0,0.5537109375
-0.46376348,circle,0.567877,train,444.0,246.0,21.0,0.0,5.475999970958518,2.8767460096439295,633.0,1.0,0.57666015625
-0.48061907,hourglass,0.38043338,train,92.0,46.0,8.0,0.0,7.016405458908948,1.5389964375034528,259.0,1.0,0.37255859375
-0.5968179,hourglass,0.6298068,train,159.0,91.0,8.0,0.0,8.440581646359986,2.4623391591020805,398.0,1.0,0.62109375
-0.7041649,hourglass,0.6722903,train,134.0,80.0,3.0,0.0,8.668433020275451,2.4052759314331387,384.0,1.0,0.625732421875
-0.61902744,hourglass,0.62198675,train,150.0,88.0,4.0,0.0,8.314494102625412,2.373708899561236,392.0,1.0,0.595458984375
-0.32107398,four_circle,0.655276,train,420.0,241.0,20.0,0.0,5.745992108015957,1.5864766080694896,600.0,1.0,0.626953125
-0.44097903,circle,0.519206,train,249.0,145.0,9.0,0.0,5.465584126170136,2.1473231515386964,488.0,1.0,0.517333984375
-0.53413427,hourglass,0.46976766,train,103.0,55.0,8.0,0.0,9.024623105175886,2.0462030789476366,260.0,1.0,0.4609375
-0.60471135,hourglass,0.5096446,train,158.0,82.0,10.0,0.0,8.467156512890353,2.4878933914850414,306.0,1.0,0.502685546875
-0.5282152,hourglass,0.48291993,train,124.0,67.0,9.0,0.0,9.187308009020057,2.4281586795813337,271.0,1.0,0.479248046875
-0.5383305,hourglass,0.48760998,train,130.0,68.0,9.0,0.0,9.129630426344312,2.3162851174934076,274.0,1.0,0.4853515625
-0.22847252,reentrant_bowtie,0.521222,train,136.0,75.0,8.0,0.0,7.941320447633477,2.581035710227992,285.0,1.0,0.514404296875
-0.03245212,reentrant_bowtie,0.5104522,train,110.0,58.0,6.0,0.0,10.41659339077149,6.875262178176164,213.0,1.0,0.514892578125
-0.55148095,hourglass,0.5731928,train,166.0,95.0,4.0,0.0,8.109117288490916,2.440294513848327,390.0,1.0,0.560546875
-0.4278924,hourglass,0.37834927,train,96.0,48.0,8.0,0.0,7.0534746672068875,1.5198794625262748,260.0,1.0,0.37255859375
-0.59837294,hourglass,0.6489706,train,198.0,116.0,7.0,0.0,8.122788365191338,2.682993932665666,421.0,1.0,0.61279296875
-0.5601236,hourglass,0.46250993,train,103.0,55.0,8.0,0.0,8.915157308027185,2.1080617983714496,263.0,1.0,0.458251953125
-0.45615476,hourglass,0.3359942,train,77.0,40.0,8.0,0.0,6.585668006627729,1.2222281993739221,259.0,1.0,0.325927734375
-0.19125658,reentrant_bowtie,0.514598,train,123.0,67.0,8.0,0.0,8.143713864466356,2.039794286351502,287.0,1.0,0.5078125
-0.65276206,hourglass,0.6860061,train,135.0,80.0,9.0,0.0,10.109735602427294,2.684215109654286,306.0,1.0,0.624267578125
-0.6213486,hourglass,0.62287194,train,162.0,93.0,6.0,0.0,8.206471714620028,2.388163928133168,404.0,1.0,0.596435546875
-0.6608665,hourglass,0.6916613,train,134.0,77.0,10.0,0.0,9.999779082437525,2.681161843074881,304.0,1.0,0.61474609375
-0.402574,hourglass,0.3157838,train,60.0,33.0,8.0,0.0,6.382600316616105,0.9029697529832236,255.0,1.0,0.3076171875
-0.41295722,hourglass,0.569864,train,175.0,100.0,8.0,0.0,7.934790707029328,3.043241472158139,396.0,1.0,0.56787109375
-0.1768583,small_square_cross,0.607049,train,160.0,89.0,10.0,0.0,10.483672231075595,3.162594135301443,309.0,1.0,0.613525390625
-0.56673396,hourglass,0.4617159,train,115.0,61.0,8.0,0.0,8.883546867423576,2.1597880929682844,268.0,1.0,0.457763671875
-0.49814788,hourglass,0.3472787,train,92.0,46.0,8.0,0.0,6.942497592121407,1.5614387018874916,264.0,1.0,0.34375
-0.45829782,hourglass,0.36974657,train,80.0,40.0,8.0,0.0,6.8811381107869725,1.703764028113482,261.0,1.0,0.360595703125
-0.48911384,hourglass,0.355571,train,80.0,42.0,8.0,0.0,6.782326304289692,1.6117540294863266,261.0,1.0,0.346923828125
-0.6703379,hexagonal,0.529571,train,157.0,91.0,10.0,0.0,7.333173971371929,2.4480302670759753,328.0,1.0,0.517333984375
-0.5108702,hourglass,0.53972083,train,161.0,88.0,8.0,0.0,7.469433293807849,3.196610542047136,372.0,1.0,0.52197265625
-0.40393528,hourglass,0.5976744,train,150.0,89.0,3.0,0.0,8.259017425790054,2.479809650510349,388.0,1.0,0.571044921875
-0.48541713,hourglass,0.49700466,train,127.0,68.0,8.0,0.0,9.442652626392443,2.1377913091474543,263.0,1.0,0.490966796875
-0.17250748,small_square_cross,0.578075,test,349.0,191.0,5.0,0.0,6.664109262261549,3.7219520666402093,433.0,1.0,0.57275390625
-0.42216942,nine_circle,0.496076,train,338.0,194.0,8.0,0.0,4.680407362935708,1.896436205129425,559.0,1.0,0.497314453125
-0.07938248,circle_half_quarter,0.505052,train,164.0,91.0,12.0,0.0,6.427166354479841,2.3546048990838533,380.0,1.0,0.498291015625
-0.6692507,hexagonal,0.54167664,train,136.0,72.0,8.0,0.0,9.917625803330354,2.6491485051626134,273.0,1.0,0.530517578125
-0.55279076,hourglass,0.607346,train,159.0,88.0,3.0,0.0,8.526931729388465,2.6460225400302693,400.0,1.0,0.6025390625
-0.53082633,hourglass,0.6018158,train,179.0,102.0,5.0,0.0,8.33573045538707,2.618157729173935,401.0,1.0,0.591796875
-0.32574335,hourglass,0.30496162,train,60.0,30.0,8.0,0.0,6.1251278659330834,1.1737760690230794,257.0,1.0,0.29638671875
-0.34692734,cross_rectangular,0.580647,train,176.0,100.0,12.0,0.0,8.656398380615006,2.7278875069711157,315.0,1.0,0.58203125
-0.4035803,hourglass,0.5896544,train,166.0,98.0,5.0,0.0,8.252481594427977,2.5645176114257326,394.0,1.0,0.573974609375
-0.4725796,hourglass,0.38119742,train,92.0,46.0,8.0,0.0,7.016405458908948,1.5389964375034528,259.0,1.0,0.37255859375
-0.57965136,hexagonal,0.52255344,train,196.0,113.0,4.0,0.0,7.183260168253186,2.369536600993098,402.0,1.0,0.525146484375
-0.4952962,hourglass,0.39343163,train,102.0,52.0,8.0,0.0,7.547951521431843,1.886994229389616,263.0,1.0,0.38671875
-0.63799083,hourglass,0.6514123,train,176.0,106.0,2.0,0.0,8.538408015871436,2.300022232547573,401.0,1.0,0.612548828125
-0.61354923,hourglass,0.64989746,train,198.0,115.0,8.0,0.0,7.992749302082052,2.5753427963961437,426.0,1.0,0.60595703125
-0.3903213,hexagonal,0.5368564,train,152.0,78.0,12.0,0.0,8.900377643877146,2.3623427814961433,306.0,1.0,0.53466796875
-0.5065598,hourglass,0.3887102,train,108.0,54.0,8.0,0.0,7.624606449334945,1.996416100075248,266.0,1.0,0.386474609375
-0.46031287,hourglass,0.3844833,train,92.0,46.0,8.0,0.0,7.0183067040922325,1.5403618525001397,259.0,1.0,0.37353515625
-0.20312731,hexagonal,0.579061,train,218.0,127.0,5.0,0.0,6.83479424199197,3.621762915625736,475.0,1.0,0.5888671875
-0.0385063,reentrant_bowtie,0.5409212,train,223.0,127.0,9.0,0.0,9.388932132772673,7.068724943376117,370.0,1.0,0.541015625
-0.51420784,hourglass,0.5302391,train,227.0,122.0,7.0,0.0,7.647226176570063,3.0445490738149137,383.0,1.0,0.518798828125
-0.17693092,circle_half_quarter,0.521056,train,304.0,166.0,8.0,0.0,5.505345412939459,2.1457435453677425,552.0,1.0,0.53564453125
-0.08551087,reentrant_bowtie,0.575111,train,134.0,73.0,10.0,0.0,9.140896649326075,4.417373748764807,318.0,1.0,0.57470703125
-0.52661455,hourglass,0.5363465,train,205.0,109.0,9.0,0.0,7.045757719442346,3.0774418410204247,397.0,1.0,0.51953125
-0.17691672,small_square_cross,0.590186,train,280.0,163.0,7.0,0.0,6.286082240376211,2.7741481641353363,522.0,1.0,0.5966796875
-0.42412207,nine_circle,0.589261,train,558.0,318.0,8.0,0.0,4.6804463701941375,2.096856959845305,679.0,1.0,0.599609375
-0.56967413,hourglass,0.43980256,train,95.0,51.0,8.0,0.0,8.177463435975653,1.729343868297952,260.0,1.0,0.43115234375
-0.59322,hourglass,0.6419113,train,180.0,109.0,5.0,0.0,8.234183330900105,2.4817351161742294,408.0,1.0,0.614990234375
-0.5447109,hourglass,0.4294473,train,104.0,54.0,10.0,0.0,7.790111664386583,1.9040145397289436,270.0,1.0,0.417236328125
-0.44717708,hourglass,0.3368268,train,77.0,40.0,8.0,0.0,6.58793803766117,1.2240495162119247,258.0,1.0,0.3271484375
-0.48336473,hourglass,0.35933727,train,84.0,42.0,8.0,0.0,6.848448663639694,1.7074966455666807,262.0,1.0,0.35107421875
-0.47424257,hourglass,0.6846316,train,132.0,76.0,12.0,0.0,10.073172194574742,2.56871875307633,298.0,1.0,0.6220703125
-0.3536498,hexagonal,0.5288978,train,155.0,83.0,6.0,0.0,7.777992476702103,2.918002363650559,336.0,1.0,0.522705078125
-0.5971577,hourglass,0.549665,train,145.0,76.0,9.0,0.0,8.222807686134487,2.4099078777143745,360.0,1.0,0.5498046875
-0.11267457,hexagonal,0.566701,train,182.0,106.0,11.0,0.0,7.763315372474881,2.404103765501831,410.0,1.0,0.56298828125
-0.4642266,hourglass,0.4487592,train,119.0,61.0,8.0,0.0,8.564773614246894,1.916899497357344,268.0,1.0,0.445068359375
-0.073278226,reentrant_bowtie,0.5835,train,145.0,79.0,10.0,0.0,8.951029919927363,4.696149556191601,309.0,1.0,0.58740234375
-0.53903323,hourglass,0.34325278,test,75.0,41.0,8.0,0.0,6.712753157332872,1.413103006377313,259.0,1.0,0.332275390625
-0.44112942,hourglass,0.37484336,train,96.0,48.0,8.0,0.0,6.947384156114682,1.595200363019488,259.0,1.0,0.3681640625
-0.5329433,hourglass,0.4735741,train,143.0,78.0,11.0,0.0,8.746774201442307,2.3592124777193066,278.0,1.0,0.46875
-0.5426353,hourglass,0.42828164,train,109.0,56.0,9.0,0.0,7.827053370042388,1.7767135947976527,267.0,1.0,0.4150390625
-0.66886234,hourglass,0.6982938,train,147.0,82.0,9.0,0.0,10.582001970174327,2.6422572001777045,277.0,1.0,0.61767578125
-0.38693324,hourglass,0.6073684,train,162.0,90.0,2.0,0.0,8.534184261453488,2.6264752632126243,401.0,1.0,0.601806640625
-0.6010608,hourglass,0.509131,train,160.0,83.0,10.0,0.0,8.634658806114011,2.5611619275010447,308.0,1.0,0.5029296875
-0.25153926,cross_rectangular,0.50045,train,291.0,162.0,8.0,0.0,6.750390790669014,2.9528636372901564,390.0,1.0,0.500732421875
-0.5241845,hourglass,0.40581852,train,105.0,54.0,8.0,0.0,7.609220165283603,1.9417174255108693,261.0,1.0,0.392822265625
-0.2643834,circle_half_quarter,0.598298,train,260.0,144.0,16.0,0.0,8.224275554489864,3.5847877717553,425.0,1.0,0.61181640625
-0.3483284,hexagonal,0.5649416,train,257.0,147.0,11.0,0.0,6.6952244071194515,2.516685827880606,457.0,1.0,0.564697265625
-0.3202839,cross_rectangular,0.49991,train,253.0,150.0,15.0,0.0,5.424940140481517,2.186596578341778,483.0,1.0,0.50732421875
-0.13283549,hexagonal,0.5099644,train,232.0,133.0,14.0,0.0,5.615055340278773,2.367210097580857,498.0,1.0,0.50341796875
-0.464058,hourglass,0.44670084,train,121.0,63.0,6.0,0.0,8.506757975142207,1.9181629740871582,271.0,1.0,0.44140625
-0.59206754,hourglass,0.6452536,train,208.0,123.0,6.0,0.0,8.477909772324978,2.58605754894468,423.0,1.0,0.6181640625
-0.06939991,reentrant_bowtie,0.559381,train,160.0,88.0,10.0,0.0,8.806697254372118,5.289199352994101,313.0,1.0,0.55908203125
-0.5296896,hourglass,0.35061476,train,88.0,44.0,8.0,0.0,6.895250168964019,1.5645831856005716,263.0,1.0,0.33935546875
-0.7071207,hourglass,0.530299,train,242.0,136.0,9.0,0.0,6.645571309574408,2.9665377013153638,444.0,1.0,0.526611328125
-0.30201128,nine_circle,0.641607,train,386.0,226.0,6.0,0.0,6.268899467232117,2.8558797193505905,602.0,1.0,0.6474609375
-0.4782719,hourglass,0.3602618,test,84.0,42.0,8.0,0.0,6.8655178848419816,1.706008704442165,262.0,1.0,0.3525390625
-0.5564031,hourglass,0.46353745,train,103.0,55.0,8.0,0.0,8.915157308027185,2.1080617983714496,263.0,1.0,0.459228515625
-0.19889598,reentrant_bowtie,0.501942,train,124.0,67.0,8.0,0.0,7.68320802061557,2.155865724171929,287.0,1.0,0.49609375
-0.29434112,four_circle,0.528873,train,365.0,211.0,25.0,0.0,4.119013741661299,1.7238927725822804,646.0,1.0,0.51611328125
-0.33491096,hexagonal,0.55733377,val,180.0,100.0,4.0,0.0,7.74869454033411,3.167245332194278,407.0,1.0,0.554931640625
-0.3801401,nine_circle,0.574088,train,150.0,95.0,0.0,0.0,7.480066513864375,1.9650757091826387,449.0,1.0,0.583984375
-0.103772484,reentrant_bowtie,0.5146079,train,118.0,65.0,8.0,0.0,9.247958677856607,3.898862528805728,259.0,1.0,0.5185546875
-0.18095933,square,0.565961,val,154.0,90.0,9.0,0.0,8.29680932198184,2.5327170696600407,294.0,1.0,0.52099609375
-0.28190136,grid_circular_voids,0.605455,train,331.0,194.0,9.0,0.0,6.125617210227094,2.888072841388503,530.0,1.0,0.6044921875
-0.40673944,nine_circle,0.569262,train,344.0,192.0,3.0,0.0,5.504883732857678,2.6034447908855247,551.0,1.0,0.562255859375
-0.5263657,hourglass,0.52686584,train,217.0,119.0,8.0,0.0,8.669031301534034,2.897034082068044,334.0,1.0,0.514892578125
-0.6856175,hourglass,0.67426205,train,162.0,98.0,3.0,0.0,8.428273381518148,2.359496319507517,398.0,1.0,0.61669921875
-0.53622437,hourglass,0.6001556,train,183.0,106.0,4.0,0.0,8.430234068980946,2.5287966881627,399.0,1.0,0.58837890625
-0.43335932,hourglass,0.41081017,train,104.0,52.0,8.0,0.0,7.630676727467401,1.896451283360432,261.0,1.0,0.40185546875
-0.48590767,hourglass,0.4988994,train,121.0,65.0,8.0,0.0,9.647237463153164,2.0563363667450423,262.0,1.0,0.497314453125
-0.4046883,hexagonal,0.56427,train,207.0,113.0,8.0,0.0,7.960890954801744,2.9781438101517512,359.0,1.0,0.561767578125
-0.4279636,hexagonal,0.5625462,test,306.0,165.0,13.0,0.0,6.318347190908098,2.121615658592768,492.0,1.0,0.5595703125
-0.29511702,cross_rectangular,0.599408,train,215.0,120.0,9.0,0.0,8.104920592852613,3.418723833811853,363.0,1.0,0.610107421875
-0.21034256,square,0.524785,train,353.0,200.0,13.0,0.0,4.83478104337684,3.108688067110812,589.0,1.0,0.52099609375
-0.36773956,hourglass,0.63369536,train,192.0,111.0,6.0,0.0,8.503806605888329,2.6975400165273595,421.0,1.0,0.620361328125
-0.4954782,hourglass,0.4020238,train,97.0,48.0,8.0,0.0,7.507901761321032,1.9056261811678985,262.0,1.0,0.3916015625
-0.46927562,hourglass,0.3934361,train,97.0,48.0,8.0,0.0,7.496179182151072,1.9117075909666974,262.0,1.0,0.38671875
-0.41181752,hourglass,0.6389552,train,197.0,114.0,8.0,0.0,8.086321141983607,2.6345440124269723,425.0,1.0,0.60791015625
-0.2867125,four_circle,0.547916,train,394.0,220.0,17.0,0.0,5.028467866430505,1.7659420489688373,594.0,1.0,0.56201171875
-0.09846816,circle_half_quarter,0.505114,train,288.0,162.0,16.0,0.0,5.148330236946488,2.4970856036754667,513.0,1.0,0.496826171875
-0.2166519,cross_rectangular,0.672987,train,180.0,101.0,9.0,0.0,9.841699741328299,3.1226114550323842,328.0,1.0,0.654052734375
-0.5355586,hourglass,0.5212948,train,114.0,61.0,8.0,0.0,9.398490154860507,2.1484299453421203,266.0,1.0,0.512451171875
-0.50456494,hourglass,0.529479,val,170.0,93.0,5.0,0.0,8.026000714278716,2.329035943219534,365.0,1.0,0.53076171875
-0.54254854,hourglass,0.428668,train,112.0,55.0,10.0,0.0,7.726099024033086,1.8506866103310187,272.0,1.0,0.42041015625
-0.49346855,cross_rectangular,0.579275,train,600.0,341.0,16.0,0.0,4.778268081700159,2.3342592795795922,784.0,1.0,0.595458984375
-0.07252681,reentrant_bowtie,0.5352698,train,198.0,113.0,12.0,0.0,7.252392567387587,4.041964301590929,398.0,1.0,0.53173828125
-0.42776674,hourglass,0.532145,train,250.0,143.0,6.0,0.0,7.040957669399434,2.963481682482965,431.0,1.0,0.531005859375
-0.54891837,hourglass,0.6181069,train,195.0,112.0,2.0,0.0,8.427304079375547,2.621277020351313,402.0,1.0,0.60888671875
-0.43581644,hourglass,0.3779838,train,96.0,48.0,8.0,0.0,6.957584153569209,1.565675041429811,263.0,1.0,0.36962890625
-0.367963,four_circle,0.602504,train,199.0,116.0,4.0,0.0,8.003706539751438,2.8007670526788546,415.0,1.0,0.60986328125
-0.42991626,hourglass,0.5756919,train,171.0,96.0,3.0,0.0,8.029942423546183,2.5687556690334477,395.0,1.0,0.564208984375
-0.45577374,hourglass,0.50225,train,219.0,123.0,8.0,0.0,6.440115487971017,2.7517801597748477,401.0,1.0,0.4931640625
-0.35563368,nine_circle,0.51279,train,230.0,134.0,7.0,0.0,5.5945466880452415,2.1119619918140287,482.0,1.0,0.509521484375
-0.21033345,hexagonal,0.5538474,train,281.0,161.0,12.0,0.0,5.5215385045902,2.279983953461536,560.0,1.0,0.552490234375
-0.19705978,small_square_cross,0.529274,train,230.0,124.0,13.0,0.0,7.5839090409474235,3.1508904520602505,338.0,1.0,0.53515625
-0.61317754,hourglass,0.62474465,train,145.0,83.0,4.0,0.0,8.982739730522136,2.8198114278432267,337.0,1.0,0.60986328125
-0.5339709,hourglass,0.4700283,train,103.0,55.0,8.0,0.0,9.024623105175886,2.0462030789476366,260.0,1.0,0.4609375
-0.43746307,hourglass,0.37693727,train,92.0,46.0,8.0,0.0,6.912939819741713,1.5911862667998073,262.0,1.0,0.36962890625
-1.168372,reentrant_bowtie,0.54912066,train,93.0,52.0,6.0,0.0,10.288886824984255,8.104522927873704,281.0,1.0,0.544677734375
-0.5056117,hourglass,0.53472817,train,190.0,106.0,8.0,0.0,7.649232824565662,2.929774192361717,371.0,1.0,0.5185546875
-0.45241827,hourglass,0.4371866,train,106.0,57.0,8.0,0.0,8.265501364887719,1.6594368120078782,263.0,1.0,0.43017578125
-0.5276942,hourglass,0.49721205,train,127.0,68.0,8.0,0.0,9.447333448659275,2.134894995404359,263.0,1.0,0.49267578125
-0.40619466,hourglass,0.65692097,train,201.0,115.0,8.0,0.0,8.366662637950572,2.56327619934929,420.0,1.0,0.617919921875
-0.39924857,square,0.676854,train,267.0,143.0,15.0,0.0,7.946850021806666,3.4973437227058137,396.0,1.0,0.59619140625
-0.4021878,hexagonal,0.538964,train,106.0,59.0,8.0,0.0,9.85064133207972,2.417869185949173,261.0,1.0,0.53662109375
-0.5120328,hourglass,0.536065,train,123.0,65.0,4.0,0.0,8.456077168818004,2.20486407328469,360.0,1.0,0.530517578125
-0.5042524,hourglass,0.40057206,train,97.0,48.0,8.0,0.0,7.523168936893551,1.9014914159614886,262.0,1.0,0.392822265625
-0.5522373,hourglass,0.4313431,train,109.0,56.0,9.0,0.0,7.996269673778703,1.8881973630251458,267.0,1.0,0.419189453125
-0.38453442,hexagonal,0.5439937,train,223.0,124.0,6.0,0.0,7.451216657839269,3.554379265523422,389.0,1.0,0.53369140625
-0.43453783,square,0.529208,train,311.0,171.0,15.0,0.0,6.445177785983388,2.5204100484288103,485.0,1.0,0.54443359375
-0.42115587,hourglass,0.5789702,train,162.0,95.0,5.0,0.0,8.414766057433827,2.445701492088345,390.0,1.0,0.57080078125
-0.22723223,hexagonal,0.52698636,train,220.0,118.0,10.0,0.0,7.540827428885346,3.245997236081155,347.0,1.0,0.52001953125
-0.60906035,hourglass,0.538517,train,224.0,122.0,6.0,0.0,7.2510626192608045,2.8897207396714037,405.0,1.0,0.5341796875
-0.40581214,hourglass,0.32782447,train,77.0,40.0,8.0,0.0,6.6562183890405,1.2475156187148724,260.0,1.0,0.319580078125
-0.56967413,hourglass,0.41629755,train,109.0,56.0,8.0,0.0,7.728484322780766,2.1028659548452175,264.0,1.0,0.402099609375
-0.26255882,small_square_cross,0.521273,train,143.0,83.0,10.0,0.0,8.936110002433187,2.4681742179918054,296.0,1.0,0.52294921875
-0.4897977,hourglass,0.39971814,train,97.0,48.0,8.0,0.0,7.537902575029435,1.8953201602427585,262.0,1.0,0.390380859375
-0.60739404,hourglass,0.5646875,train,171.0,93.0,4.0,0.0,8.081070141754532,2.7445541358015983,397.0,1.0,0.552734375
-0.18776023,square,0.552205,train,266.0,156.0,10.0,0.0,5.7776232961578815,2.5005194086031306,513.0,1.0,0.552001953125
-0.5138773,hourglass,0.5192581,train,119.0,64.0,9.0,0.0,9.265918016420747,2.273454105820482,271.0,1.0,0.51171875
-0.57646,hourglass,0.44238734,train,123.0,62.0,9.0,0.0,8.267516985765111,2.1353986971916377,272.0,1.0,0.43310546875
-0.46589634,hourglass,0.36355308,train,84.0,42.0,8.0,0.0,6.855259642546965,1.7114553325764181,262.0,1.0,0.354736328125
-0.43883878,hourglass,0.3752195,train,92.0,46.0,8.0,0.0,6.913969485781195,1.6096112398678515,259.0,1.0,0.3681640625
-0.5921596,hourglass,0.62088853,train,184.0,103.0,4.0,0.0,8.273379432106536,2.4162670433520934,397.0,1.0,0.594970703125
-0.28489736,four_circle,0.666675,train,417.0,237.0,19.0,0.0,6.807508618450917,3.34633132872227,561.0,1.0,0.627197265625
-0.48364428,hourglass,0.46747807,train,115.0,61.0,8.0,0.0,9.090882192583727,2.011933440670833,263.0,1.0,0.4609375
-0.5996324,hourglass,0.6423701,train,156.0,92.0,7.0,0.0,8.299626856658215,2.5524907088102804,406.0,1.0,0.615966796875
-0.25555512,hexagonal,0.5012386,train,148.0,80.0,12.0,0.0,7.819510513967251,3.0155705791743816,302.0,1.0,0.492431640625
-0.63945353,hourglass,0.562763,train,202.0,109.0,8.0,0.0,7.888376027178643,3.12626352917237,388.0,1.0,0.5537109375
-0.49558598,four_circle,0.515913,train,584.0,318.0,20.0,0.0,3.9297265926263476,1.363708628439965,734.0,1.0,0.525390625
-0.43087724,hourglass,0.580542,train,168.0,97.0,4.0,0.0,8.387275302622445,2.6982505449273786,386.0,1.0,0.577392578125
-0.5087837,hourglass,0.38728303,train,93.0,48.0,8.0,0.0,7.2516846105576365,1.8008848211691322,259.0,1.0,0.38134765625
-0.48708305,hourglass,0.37981698,train,96.0,48.0,8.0,0.0,7.053474667206887,1.5198794625262748,260.0,1.0,0.37255859375
-0.47282922,hourglass,0.5388248,train,209.0,116.0,9.0,0.0,7.110869977057016,3.1961739892235475,400.0,1.0,0.5244140625
-0.52498007,hourglass,0.5253556,train,225.0,124.0,8.0,0.0,8.69323880593673,2.884464660277288,335.0,1.0,0.51318359375
-0.31683427,nine_circle,0.576186,train,316.0,173.0,9.0,0.0,5.730445911268467,2.8612452953842786,566.0,1.0,0.574951171875
-0.2598499,circle,0.548719,train,134.0,77.0,7.0,0.0,9.347541751477912,2.9516138111186105,271.0,1.0,0.54931640625
-1.4311186,reentrant_bowtie,0.55044866,train,241.0,137.0,7.0,0.0,9.129047453558373,7.141509079413028,364.0,1.0,0.546875
-0.57602954,hourglass,0.61482245,train,176.0,99.0,2.0,0.0,8.535898786845575,2.783055348867069,402.0,1.0,0.60791015625
-0.25550124,circle,0.560287,train,291.0,167.0,13.0,0.0,6.606999271181947,3.1508942511668177,453.0,1.0,0.5537109375
-0.02219458,reentrant_bowtie,0.51174974,train,134.0,74.0,6.0,0.0,10.54407213186421,7.354102042441843,219.0,1.0,0.517578125
-0.39964497,hexagonal,0.5327872,train,256.0,145.0,7.0,0.0,6.765714810593724,3.2615865983306334,436.0,1.0,0.532958984375
-0.5052717,hourglass,0.38796982,train,96.0,50.0,8.0,0.0,7.508758435571643,1.9380276923677715,262.0,1.0,0.38427734375
-0.5017396,hourglass,0.45512843,train,128.0,69.0,9.0,0.0,8.680557444043881,2.2639643108832077,268.0,1.0,0.449462890625
-0.39054164,hexagonal,0.502937,train,190.0,107.0,8.0,0.0,6.683841023871355,2.6263468428680334,392.0,1.0,0.500244140625
-0.26897246,circle_half_quarter,0.544454,train,316.0,174.0,10.0,0.0,6.178274477621064,2.930399176742309,451.0,1.0,0.55029296875
-0.5714404,hourglass,0.45340362,train,123.0,63.0,9.0,0.0,8.564837133919362,2.0643503572615445,267.0,1.0,0.448486328125
-0.06850936,hexagonal,0.50000423,test,157.0,94.0,7.0,0.0,6.70987507826533,3.0014979671222974,382.0,1.0,0.499755859375
-0.61354935,hourglass,0.6498306,train,221.0,129.0,8.0,0.0,7.958414682325177,2.5543584038388505,432.0,1.0,0.60595703125
-0.2013322,cross_rectangular,0.593105,train,128.0,75.0,9.0,0.0,9.094261265667678,2.376659502838443,305.0,1.0,0.59912109375
-0.567444,hourglass,0.54431254,train,166.0,93.0,4.0,0.0,7.87357520047246,2.6202008140523416,382.0,1.0,0.540283203125
-0.2723076,reentrant_bowtie,0.534216,train,321.0,187.0,6.0,0.0,6.8220697982821745,3.444001942747988,448.0,1.0,0.5380859375
-0.575476,hourglass,0.57957304,train,162.0,95.0,4.0,0.0,8.287765410727957,2.553658300912814,389.0,1.0,0.5703125
-0.45858124,hourglass,0.5036455,train,108.0,58.0,8.0,0.0,9.474007248752207,2.219314577347316,258.0,1.0,0.502197265625
-0.50812745,hourglass,0.40240848,train,93.0,48.0,8.0,0.0,7.507770751964486,1.889993559236188,261.0,1.0,0.39306640625
-0.5405226,hourglass,0.41331378,train,104.0,52.0,8.0,0.0,7.63226078411259,1.8737789172089558,261.0,1.0,0.40234375
-0.3230501,nine_circle,0.651862,train,189.0,109.0,10.0,0.0,7.384316418510303,2.2339179818958645,432.0,1.0,0.5927734375
-0.42549974,hourglass,0.561004,train,244.0,140.0,7.0,0.0,7.282208245153815,3.396989333536054,428.0,1.0,0.557373046875
-0.5165658,hourglass,0.52879834,test,220.0,121.0,8.0,0.0,8.742552967321043,2.831539446644202,329.0,1.0,0.51513671875
-0.26920775,cross_rectangular,0.553959,train,387.0,223.0,15.0,0.0,4.6502793083067075,2.303779162612533,637.0,1.0,0.557373046875
-0.6258186,hourglass,0.65842265,train,164.0,95.0,5.0,0.0,8.411784501772798,2.542945704052614,405.0,1.0,0.61474609375
-0.3661296,nine_circle,0.620409,train,185.0,108.0,4.0,0.0,7.950948026496197,2.1802224175261524,413.0,1.0,0.625
-0.41421443,hourglass,0.501552,train,202.0,109.0,7.0,0.0,6.87901801417573,2.895890513765411,396.0,1.0,0.49169921875
-0.48487034,hourglass,0.4670668,train,115.0,61.0,8.0,0.0,9.090882192583727,2.011933440670833,263.0,1.0,0.4609375
-0.5989672,hourglass,0.503116,train,131.0,70.0,4.0,0.0,7.839747025667937,2.5043362208106275,360.0,1.0,0.505615234375
-0.5467548,hourglass,0.5679885,train,160.0,88.0,4.0,0.0,8.085860252035117,2.4220418379893833,388.0,1.0,0.555908203125
-0.4087896,hourglass,0.31244344,val,66.0,36.0,8.0,0.0,6.332031869118019,0.8267904965620219,257.0,1.0,0.30517578125
-0.37560943,hexagonal,0.5392911,test,178.0,99.0,7.0,0.0,7.385432944632755,3.173577860483241,370.0,1.0,0.52685546875
-0.09852583,reentrant_bowtie,0.5019854,train,104.0,56.0,8.0,0.0,9.651422382357365,6.502996234389238,221.0,1.0,0.507080078125
-0.517795,hourglass,0.33543134,train,77.0,40.0,8.0,0.0,6.585668006627729,1.2222281993739221,259.0,1.0,0.324462890625
-0.2799965,cross_rectangular,0.598291,train,346.0,195.0,17.0,0.0,5.482694478520236,2.3382719042344435,601.0,1.0,0.59814453125
-0.45551497,hourglass,0.54343,train,160.0,87.0,6.0,0.0,7.726411192412797,2.826641403175574,371.0,1.0,0.53173828125
-0.5773746,hourglass,0.43715572,val,95.0,51.0,8.0,0.0,8.169173505920204,1.739316529786671,259.0,1.0,0.43017578125
-0.4794248,hexagonal,0.50175893,train,146.0,79.0,8.0,0.0,8.45428674716588,2.5930119732434935,302.0,1.0,0.48876953125
-0.5694665,hourglass,0.5470925,train,140.0,76.0,10.0,0.0,8.27445736586212,2.4149424112855944,355.0,1.0,0.540283203125
-0.22268307,small_square_cross,0.563175,val,313.0,183.0,4.0,0.0,6.250092156770253,2.9551354498544735,511.0,1.0,0.561279296875
-0.43179128,hourglass,0.3740782,train,92.0,46.0,8.0,0.0,6.808890073924646,1.5840596481332432,262.0,1.0,0.359375
-0.5228571,hexagonal,0.50582105,train,257.0,147.0,11.0,0.0,5.134148520000685,2.164098087193601,514.0,1.0,0.508544921875
-0.46037582,hourglass,0.38440266,train,92.0,46.0,8.0,0.0,7.0183067040922325,1.5403618525001397,259.0,1.0,0.373291015625
-0.6085225,hourglass,0.63155884,train,211.0,124.0,6.0,0.0,8.356226429844394,2.814029650170362,424.0,1.0,0.619384765625
-0.4069223,hourglass,0.65098804,train,164.0,98.0,5.0,0.0,8.181646572100895,2.4991687726952074,405.0,1.0,0.61279296875
-0.6584462,hourglass,0.6956867,val,107.0,62.0,8.0,0.0,10.574187392833839,2.581361909658549,281.0,1.0,0.634033203125
-0.27365118,reentrant_bowtie,0.533907,train,226.0,125.0,8.0,0.0,8.209586842869179,3.9386372656171087,334.0,1.0,0.53857421875
-0.44065145,grid_circular_voids,0.572924,val,237.0,145.0,6.0,0.0,6.8031504582989415,2.5257690775573183,465.0,1.0,0.5791015625
-0.063471444,hexagonal,0.5558108,test,122.0,74.0,6.0,0.0,8.049679778093491,3.6182239232863416,360.0,1.0,0.559814453125
-0.5197819,hourglass,0.3455047,test,106.0,54.0,10.0,0.0,6.775842659721358,1.6846234744595538,272.0,1.0,0.339111328125
-0.46560913,hourglass,0.39516968,train,93.0,48.0,8.0,0.0,7.49600325869809,1.8961476099224022,261.0,1.0,0.38671875
-0.5208821,hourglass,0.48581538,train,147.0,77.0,11.0,0.0,8.835328075649809,2.6117404775264363,285.0,1.0,0.48193359375
-0.56851417,hourglass,0.6277275,train,170.0,94.0,8.0,0.0,9.658548069143576,2.6896446468776687,322.0,1.0,0.6171875
-0.5032837,hexagonal,0.5543453,train,142.0,76.0,8.0,0.0,10.448062268427334,2.982826527695558,270.0,1.0,0.55078125
-0.64043033,hourglass,0.53522,train,161.0,91.0,4.0,0.0,7.845279528998279,2.4130319377287797,388.0,1.0,0.52685546875
-0.41398293,hourglass,0.36903432,train,88.0,44.0,8.0,0.0,6.91713379633015,1.6867943718167666,263.0,1.0,0.360595703125
-0.6897035,hourglass,0.672794,val,172.0,102.0,5.0,0.0,8.382582036535513,2.381631378868748,399.0,1.0,0.61669921875
-0.24404372,circle,0.586797,train,240.0,145.0,4.0,0.0,6.638300350335185,2.5762751815076816,497.0,1.0,0.59375
-0.2227295,small_square_cross,0.542741,train,271.0,157.0,4.0,0.0,6.168979862969102,2.9972270501188687,504.0,1.0,0.541748046875
-0.118866965,square,0.574399,train,207.0,124.0,5.0,0.0,6.756194304694004,2.351560868278834,500.0,1.0,0.5869140625
-0.52082294,hourglass,0.5754398,train,159.0,90.0,3.0,0.0,8.146296683392563,2.5003321954962936,391.0,1.0,0.564208984375
-0.45662242,nine_circle,0.593905,train,232.0,138.0,7.0,0.0,6.557031164108031,2.464144675051109,480.0,1.0,0.60498046875
-0.64929724,hourglass,0.65349007,train,176.0,106.0,2.0,0.0,8.516161218642718,2.4093563659379607,400.0,1.0,0.613037109375
-0.5662889,hourglass,0.62840825,train,162.0,91.0,6.0,0.0,9.574869011384017,2.9102535495262907,325.0,1.0,0.6181640625
-0.35049233,cross_rectangular,0.488584,train,171.0,96.0,15.0,0.0,6.416267227144023,1.7947112731824273,380.0,1.0,0.489990234375
-0.57307476,hourglass,0.582652,train,182.0,104.0,5.0,0.0,8.423890851711548,2.455148394720777,388.0,1.0,0.5712890625
-0.2391142,circle_half_quarter,0.554684,train,464.0,267.0,12.0,0.0,5.256373553369464,2.7715136968818346,679.0,1.0,0.5625
-0.3156923,square,0.5329,test,350.0,202.0,13.0,0.0,4.749897946857943,1.9041075226303399,545.0,1.0,0.540283203125
-0.21109293,circle,0.589829,train,144.0,83.0,12.0,0.0,8.772719701618689,2.4710434442757094,300.0,1.0,0.5439453125
-0.49810916,hourglass,0.39079142,train,102.0,52.0,8.0,0.0,7.517533270481272,1.895562556481358,263.0,1.0,0.38525390625
-0.5228862,hourglass,0.52602893,train,217.0,120.0,8.0,0.0,8.65307837247393,2.8839219414126456,332.0,1.0,0.513916015625
-0.54950845,hourglass,0.61823136,train,178.0,99.0,3.0,0.0,8.665242906171677,2.709506610724327,402.0,1.0,0.60888671875
-0.40571806,hourglass,0.32546055,train,78.0,37.0,8.0,0.0,6.609535493472827,1.2115637475465586,260.0,1.0,0.318603515625
-0.21659788,grid_circular_voids,0.496705,train,308.0,174.0,11.0,0.0,4.805353987090065,2.284261677057398,582.0,1.0,0.50341796875
-0.19916734,hexagonal,0.5267212,train,305.0,178.0,11.0,0.0,5.952864307873232,3.132811493472731,454.0,1.0,0.5263671875
-0.3323958,grid_circular_voids,0.537477,train,104.0,60.0,8.0,0.0,7.285272246172545,2.0240358524684785,413.0,1.0,0.5517578125
-0.58613807,hourglass,0.52543133,train,227.0,126.0,6.0,0.0,8.643267238295962,2.877875386724961,340.0,1.0,0.513916015625
-0.51401585,hexagonal,0.50074136,train,123.0,64.0,11.0,0.0,8.122611604681657,2.7767346919399523,294.0,1.0,0.4931640625
-0.577004,hourglass,0.6352461,train,175.0,105.0,2.0,0.0,8.624070916877663,2.6024090743464794,401.0,1.0,0.621337890625
-0.53027,hexagonal,0.5445999,train,226.0,120.0,7.0,0.0,8.501757725218837,3.1568854330728806,358.0,1.0,0.547607421875
-0.5113933,hourglass,0.5402377,train,179.0,97.0,8.0,0.0,7.288526206623961,3.2674650012352906,378.0,1.0,0.522705078125
-0.38299674,hexagonal,0.53604776,train,197.0,111.0,6.0,0.0,7.086858441815923,3.126729509513476,383.0,1.0,0.520751953125
-0.58613807,hourglass,0.52543133,train,217.0,120.0,8.0,0.0,8.65307837247393,2.8839219414126456,332.0,1.0,0.513916015625
-0.28152737,four_circle,0.591225,train,321.0,190.0,18.0,0.0,5.564302362690887,1.3805516031997582,558.0,1.0,0.61279296875
-0.41938218,hourglass,0.6637282,train,153.0,92.0,4.0,0.0,8.438097840899154,2.4348050886630377,393.0,1.0,0.60986328125
-0.30827555,hexagonal,0.546977,train,253.0,145.0,11.0,0.0,6.3481799200932985,2.86759405114585,467.0,1.0,0.5419921875
-0.5807277,hourglass,0.43404755,train,95.0,51.0,8.0,0.0,8.143842304798525,1.766265263115966,258.0,1.0,0.42919921875
-0.07105125,reentrant_bowtie,0.52165467,train,122.0,64.0,6.0,0.0,10.330093847902027,6.837173310024725,225.0,1.0,0.52880859375
-0.54389364,hourglass,0.42802382,train,112.0,59.0,10.0,0.0,7.727750269832542,1.8548712499305564,271.0,1.0,0.414306640625
-0.55298424,hourglass,0.62904024,train,142.0,80.0,8.0,0.0,10.232057088542057,2.436137418595958,289.0,1.0,0.615234375
-0.46486044,circle,0.546617,train,369.0,206.0,18.0,0.0,4.828001656394344,1.817617489788984,600.0,1.0,0.553466796875
-0.49505147,hourglass,0.5513173,train,136.0,71.0,3.0,0.0,8.534681411718985,2.2702031549795048,371.0,1.0,0.5498046875
-0.38531065,hexagonal,0.57777715,train,284.0,157.0,19.0,0.0,6.208086284903701,2.517032807270251,475.0,1.0,0.570556640625
-0.13321297,square,0.484829,train,92.0,52.0,11.0,0.0,8.157765008957906,1.9153103973693564,285.0,1.0,0.492919921875
-0.44125658,hourglass,0.566795,train,226.0,125.0,8.0,0.0,7.39663628410189,3.058600945853421,429.0,1.0,0.55615234375
-0.061468102,reentrant_bowtie,0.50427645,train,98.0,57.0,4.0,0.0,9.276130033469986,3.6975291021587684,284.0,1.0,0.513916015625
-0.60273325,hourglass,0.64858425,train,203.0,119.0,6.0,0.0,8.17905660593295,2.576824766459697,419.0,1.0,0.612548828125
-0.47917387,hourglass,0.3442994,train,85.0,46.0,8.0,0.0,6.8641954344424105,1.554151886910796,261.0,1.0,0.33447265625
-0.120819755,hexagonal,0.5044533,train,254.0,150.0,9.0,0.0,5.49252873808282,2.8173376118649824,494.0,1.0,0.499267578125
-0.5093369,hourglass,0.37793618,train,96.0,48.0,8.0,0.0,6.929780140009546,1.5838087767885047,264.0,1.0,0.36962890625
-0.5782869,hourglass,0.4368902,train,106.0,57.0,8.0,0.0,8.265501364887719,1.6594368120078782,263.0,1.0,0.43017578125
-0.29754698,nine_circle,0.474004,train,197.0,118.0,4.0,0.0,5.647989430071394,2.1875558468270007,432.0,1.0,0.481201171875
-0.629562,hexagonal,0.55986077,train,208.0,116.0,4.0,0.0,7.942252321026848,3.3031389736195846,404.0,1.0,0.5654296875
-0.24723603,four_circle,0.59828,train,282.0,166.0,3.0,0.0,7.4255352845072835,3.288041443400068,478.0,1.0,0.610107421875
-0.40867683,hourglass,0.6575228,train,192.0,110.0,7.0,0.0,8.399999239037905,2.53249022901693,415.0,1.0,0.616943359375
-0.1600023,reentrant_bowtie,0.5046895,train,79.0,45.0,8.0,0.0,8.788569619579246,2.8082101135436264,256.0,1.0,0.50634765625
-0.48922697,hourglass,0.35376588,train,80.0,42.0,8.0,0.0,6.776853412737342,1.634612789530147,261.0,1.0,0.345947265625
-0.4040302,hourglass,0.6683026,train,135.0,80.0,3.0,0.0,8.539973306441077,2.4698392508974853,384.0,1.0,0.61865234375
-0.4303678,hourglass,0.523056,train,224.0,127.0,8.0,0.0,7.085557238890074,2.9234656940107686,423.0,1.0,0.517822265625
-0.1899057,square,0.527889,train,170.0,90.0,14.0,0.0,7.594515397507748,3.4784671038469925,322.0,1.0,0.528564453125
-0.2907943,cross_rectangular,0.579404,test,280.0,152.0,12.0,0.0,6.5165704608430906,2.9133452347610045,428.0,1.0,0.569580078125
-0.5801406,hexagonal,0.54649484,train,201.0,119.0,7.0,0.0,6.3037818083911,2.5804959571313555,474.0,1.0,0.5380859375
-0.57149655,hourglass,0.4468007,train,121.0,63.0,6.0,0.0,8.506757975142207,1.9181629740871582,271.0,1.0,0.44140625
-0.24203087,hexagonal,0.5794012,train,211.0,125.0,8.0,0.0,6.950156298647733,3.6577409794125857,449.0,1.0,0.580810546875
-0.71914506,hexagonal,0.5588551,train,72.0,41.0,8.0,0.0,8.92508773039624,2.6036319306488767,266.0,1.0,0.5517578125
-0.5264772,hourglass,0.5356475,train,195.0,105.0,9.0,0.0,7.017874983019696,3.038795683746242,396.0,1.0,0.518798828125
-0.26331222,reentrant_bowtie,0.527851,train,140.0,75.0,8.0,0.0,7.888924677373205,2.5026260869186703,289.0,1.0,0.516845703125
-0.57392454,hourglass,0.4411834,train,120.0,61.0,8.0,0.0,8.432053407217419,1.840480025319731,267.0,1.0,0.4326171875
-0.53470445,hourglass,0.60879564,train,155.0,88.0,2.0,0.0,8.38805525603413,2.6591839914356448,397.0,1.0,0.601318359375
-0.5796964,hourglass,0.5881493,train,167.0,98.0,4.0,0.0,8.35079018985803,2.5833606066262895,381.0,1.0,0.57568359375
-0.052593604,reentrant_bowtie,0.5171757,train,123.0,65.0,7.0,0.0,10.345382309807748,6.843352390719252,226.0,1.0,0.519287109375
-0.5281834,nine_circle,0.55121,train,206.0,116.0,9.0,0.0,6.819030319879181,2.7605842672464167,400.0,1.0,0.552734375
-0.455153,grid_circular_voids,0.571569,train,175.0,106.0,3.0,0.0,7.9036472615290645,2.780513440526486,362.0,1.0,0.578369140625
-0.4807066,hourglass,0.5347072,train,196.0,109.0,8.0,0.0,7.597870443014886,2.9106400752416675,371.0,1.0,0.5185546875
-0.33047917,hexagonal,0.5550491,train,199.0,114.0,4.0,0.0,7.62814778117557,3.2479571281370316,412.0,1.0,0.55126953125
-0.49521178,cross_rectangular,0.567576,train,165.0,93.0,14.0,0.0,7.910455512967848,2.8704543877531656,351.0,1.0,0.568359375
-0.047445267,cross_rectangular,0.555816,train,111.0,64.0,12.0,0.0,9.251794031859005,2.4953622561319024,293.0,1.0,0.556884765625
-0.5753723,hexagonal,0.5193327,train,136.0,77.0,11.0,0.0,8.086644951570648,3.03605638870391,314.0,1.0,0.517578125
-0.64303654,hourglass,0.570111,train,181.0,101.0,5.0,0.0,7.961827746987639,2.90072007889045,410.0,1.0,0.561279296875
-0.56587476,hourglass,0.55034643,train,143.0,76.0,5.0,0.0,8.212841680934156,2.4231999898021828,375.0,1.0,0.5498046875
-0.41517508,hourglass,0.5670193,train,164.0,92.0,4.0,0.0,8.115081573733153,2.4409912053597496,385.0,1.0,0.555908203125
-0.5654088,hourglass,0.5941471,train,184.0,105.0,4.0,0.0,8.235717117412806,2.39971692316288,391.0,1.0,0.573486328125
-0.38233697,nine_circle,0.526912,train,196.0,109.0,8.0,0.0,6.144795316137895,2.0113209816926845,459.0,1.0,0.527099609375
-0.3870551,hourglass,0.60721296,train,163.0,91.0,3.0,0.0,8.514204304870912,2.6508719409656187,399.0,1.0,0.602294921875
-0.4642428,hourglass,0.4487522,train,115.0,58.0,8.0,0.0,8.49431456503649,1.9650674183561223,269.0,1.0,0.445068359375
-0.027716829,reentrant_bowtie,0.51402426,train,154.0,86.0,6.0,0.0,9.777090959601766,7.0047484626988625,231.0,1.0,0.5185546875
-0.052938893,reentrant_bowtie,0.50850916,train,140.0,75.0,7.0,0.0,10.276150284451363,7.012031978979226,224.0,1.0,0.514404296875
-0.41852677,circle,0.518377,train,266.0,156.0,16.0,0.0,4.875389989849739,1.8525796042117457,541.0,1.0,0.505859375
-0.3746,four_circle,0.625656,train,361.0,209.0,16.0,0.0,5.212481490209629,1.7742563039681525,585.0,1.0,0.55224609375
-0.5677883,hexagonal,0.5134252,train,163.0,91.0,12.0,0.0,8.242081317042706,2.9479344947738912,315.0,1.0,0.51123046875
-0.38247254,four_circle,0.573685,train,496.0,274.0,18.0,0.0,4.829550485019745,1.7540378414236977,663.0,1.0,0.5791015625
-0.4141862,hourglass,0.6638507,train,146.0,86.0,4.0,0.0,8.453475128808249,2.3915308537061604,393.0,1.0,0.61181640625
-0.5223653,hourglass,0.5261771,train,222.0,123.0,7.0,0.0,8.63149139263777,2.8765959761559685,337.0,1.0,0.513916015625
-0.32774135,hexagonal,0.5247707,test,251.0,147.0,11.0,0.0,6.330245610389728,2.64924097641583,431.0,1.0,0.517822265625
-0.33050597,hexagonal,0.55172735,val,167.0,95.0,9.0,0.0,7.5623834335932765,3.163263045017558,388.0,1.0,0.54638671875
-0.49220535,hourglass,0.46593875,train,103.0,55.0,8.0,0.0,8.997485689445114,2.045412625044623,260.0,1.0,0.460205078125
-0.52902174,hourglass,0.34863493,val,90.0,45.0,8.0,0.0,6.87461249058791,1.5775780595300157,263.0,1.0,0.33837890625
-0.45155543,hexagonal,0.54553,train,280.0,160.0,12.0,0.0,5.609883208825395,2.349401322425583,525.0,1.0,0.5419921875
-0.35361218,circle_half_quarter,0.608031,train,194.0,106.0,12.0,0.0,9.417812862092932,4.496602610965129,328.0,1.0,0.615966796875
-0.50680655,hourglass,0.3964806,train,97.0,48.0,8.0,0.0,7.51594154927079,1.9019707823603968,262.0,1.0,0.38671875
-0.4537484,hourglass,0.50370973,train,122.0,66.0,8.0,0.0,9.521883321657292,2.183274650683131,261.0,1.0,0.504150390625
-0.6057137,hourglass,0.6336656,train,208.0,121.0,6.0,0.0,8.591526249834883,2.7449468669123065,424.0,1.0,0.620361328125
-0.5309849,hourglass,0.5736791,val,169.0,95.0,4.0,0.0,7.980709670161619,2.5066081153048736,397.0,1.0,0.561767578125
-0.37136617,nine_circle,0.620409,train,185.0,108.0,4.0,0.0,7.950948026496197,2.1802224175261524,413.0,1.0,0.625
-0.5093317,hourglass,0.54052335,train,167.0,89.0,7.0,0.0,7.353304805164031,3.1678975849951723,375.0,1.0,0.524658203125
-0.69335306,hourglass,0.522534,train,146.0,84.0,3.0,0.0,7.672543758873701,2.65998439812066,389.0,1.0,0.520263671875
-0.4822105,hourglass,0.47063676,train,115.0,61.0,8.0,0.0,9.104616118738273,2.0065187319499396,263.0,1.0,0.464599609375
-0.28148153,small_square_cross,0.530064,val,145.0,82.0,12.0,0.0,8.239123716883924,2.3714319920565576,292.0,1.0,0.519287109375
-0.5082592,hourglass,0.37806123,train,92.0,46.0,8.0,0.0,6.9093113241392015,1.587133511616949,264.0,1.0,0.36962890625
-0.37768754,nine_circle,0.587547,train,156.0,87.0,5.0,0.0,7.856610326492072,2.7733848625186415,378.0,1.0,0.582275390625
-0.59939337,hourglass,0.502807,train,127.0,68.0,8.0,0.0,9.400939673426034,2.391591840962408,267.0,1.0,0.494873046875
-0.42322814,hourglass,0.34150988,train,77.0,40.0,8.0,0.0,6.595148166310787,1.2232206368529577,258.0,1.0,0.329345703125
-0.61249703,hourglass,0.64944744,train,215.0,123.0,8.0,0.0,8.211020663171075,2.581102279595564,434.0,1.0,0.609130859375
-0.38000885,hexagonal,0.5329422,train,207.0,117.0,8.0,0.0,7.01803083958474,2.8408715925423675,399.0,1.0,0.520263671875
-0.42377442,hourglass,0.3309949,train,77.0,40.0,8.0,0.0,6.545602952124273,1.4123656217957683,262.0,1.0,0.321044921875
-0.44125658,hourglass,0.566795,train,239.0,130.0,7.0,0.0,7.412436387428663,3.098927331743664,431.0,1.0,0.55615234375
-0.443226,hourglass,0.553433,train,228.0,124.0,6.0,0.0,7.145566245578839,3.30433220411058,449.0,1.0,0.548583984375
-0.1413942,hexagonal,0.503333,train,264.0,149.0,7.0,0.0,5.620750040410483,2.2305860904628996,556.0,1.0,0.501708984375
-0.52891433,hourglass,0.49937674,train,132.0,73.0,8.0,0.0,9.649847430571592,2.090679043581011,263.0,1.0,0.497314453125
-0.7828798,hexagonal,0.5737433,train,177.0,104.0,9.0,0.0,6.899977209089634,2.9090742005127437,442.0,1.0,0.559326171875
-0.59796137,hourglass,0.652306,train,168.0,98.0,4.0,0.0,8.49348948646117,2.4013212070448504,403.0,1.0,0.6171875
-0.2810695,hourglass,0.30457306,train,62.0,30.0,8.0,0.0,6.086601452445254,1.1040415567773414,256.0,1.0,0.29736328125
-0.4153892,hourglass,0.3678821,train,88.0,44.0,8.0,0.0,6.896788209412558,1.6844447808114593,263.0,1.0,0.3583984375
-0.58123136,hexagonal,0.545075,train,411.0,231.0,14.0,0.0,4.757760319811341,2.1139193482329506,648.0,1.0,0.54541015625
-0.04407112,reentrant_bowtie,0.5179435,train,109.0,57.0,6.0,0.0,10.190115016459213,6.865459119702442,222.0,1.0,0.519287109375
-0.41228268,hexagonal,0.511751,train,463.0,259.0,21.0,0.0,4.097289166288248,1.417913901915454,689.0,1.0,0.5087890625
-0.5907285,hexagonal,0.54887575,train,254.0,148.0,6.0,0.0,5.8908991751884745,2.3064828849877026,532.0,1.0,0.559326171875
-0.08637398,square,0.58916,train,113.0,64.0,9.0,0.0,9.502686290638263,2.233206100984328,281.0,1.0,0.545166015625
-0.5473075,hourglass,0.5288551,train,225.0,124.0,7.0,0.0,8.747584903464823,2.8407956284212785,332.0,1.0,0.51513671875
-0.48877516,hourglass,0.35475212,train,84.0,44.0,8.0,0.0,6.759919794648671,1.5961701598129687,262.0,1.0,0.346923828125
-0.057540555,reentrant_bowtie,0.5400321,train,216.0,124.0,9.0,0.0,7.31835268350155,4.106499192926656,370.0,1.0,0.529296875
-0.41887,hourglass,0.505396,train,114.0,63.0,8.0,0.0,8.119740091505623,3.2215683321050284,311.0,1.0,0.497314453125
-0.5077935,hourglass,0.34741637,train,92.0,46.0,8.0,0.0,6.947705904373824,1.5721981137100207,264.0,1.0,0.3447265625
-0.66282916,hourglass,0.69040805,train,146.0,83.0,14.0,0.0,9.74706764682661,2.8969135619865996,312.0,1.0,0.61083984375
-0.50728524,hourglass,0.39586085,train,102.0,52.0,8.0,0.0,7.566702582017892,1.8763468321510577,263.0,1.0,0.385986328125
-0.47013134,hourglass,0.38145944,train,92.0,46.0,8.0,0.0,7.016405458908948,1.5389964375034528,259.0,1.0,0.37255859375
-0.46393842,hourglass,0.33523715,train,77.0,40.0,8.0,0.0,6.5844148972828,1.2226615679987627,259.0,1.0,0.32373046875
-0.55931175,hourglass,0.53193367,train,181.0,94.0,8.0,0.0,7.344659731988977,2.8889809428790083,379.0,1.0,0.51416015625
-0.41522482,hourglass,0.5703164,train,168.0,91.0,3.0,0.0,8.234205136543645,2.722893820294062,393.0,1.0,0.558349609375
-0.3812606,circle_half_quarter,0.549246,train,297.0,164.0,16.0,0.0,6.632247880779654,3.0973610042665203,448.0,1.0,0.560546875
-0.5137232,hourglass,0.51954913,train,119.0,64.0,9.0,0.0,9.265918016420747,2.273454105820482,271.0,1.0,0.51171875
-0.17393847,circle,0.526087,train,184.0,103.0,11.0,0.0,7.915691963727953,2.6304867395456486,322.0,1.0,0.528564453125
-0.54464203,hourglass,0.42925808,train,104.0,56.0,10.0,0.0,7.780407056501244,1.9164220418668385,270.0,1.0,0.417236328125
-0.3249859,circle_half_quarter,0.534724,train,252.0,143.0,12.0,0.0,5.779702909558975,2.1137927089485395,457.0,1.0,0.537109375
-0.23046938,hexagonal,0.5275262,train,185.0,113.0,6.0,0.0,6.293997671350271,2.5628541463372767,449.0,1.0,0.52978515625
-0.38883516,hourglass,0.6129767,train,153.0,87.0,3.0,0.0,8.550240504555093,2.5963634280096635,394.0,1.0,0.607421875
-0.5387164,hourglass,0.48732007,train,130.0,68.0,9.0,0.0,9.140868225147814,2.318278971430324,271.0,1.0,0.48486328125
-0.63612705,hourglass,0.6605037,train,170.0,102.0,4.0,0.0,8.324003357189742,2.552238972846889,406.0,1.0,0.60888671875
-0.05732183,reentrant_bowtie,0.52243155,train,136.0,74.0,6.0,0.0,10.117865612010997,7.334880317839402,233.0,1.0,0.52197265625
-1.428912,reentrant_bowtie,0.559633,train,177.0,101.0,7.0,0.0,7.455132014409067,3.8624498812986507,402.0,1.0,0.567626953125
-0.032286134,reentrant_bowtie,0.50977576,train,125.0,67.0,6.0,0.0,10.443070039549935,6.843514511125597,221.0,1.0,0.514404296875
-0.35585615,hexagonal,0.52346826,train,180.0,103.0,9.0,0.0,6.826140703990583,3.0038875419008644,389.0,1.0,0.51416015625
-0.59639,circle,0.506867,test,581.0,327.0,17.0,0.0,3.747246137667859,1.7467149567477571,743.0,1.0,0.514404296875
-0.46707794,hourglass,0.38181758,val,92.0,46.0,8.0,0.0,7.016405458908948,1.5389964375034528,259.0,1.0,0.37255859375
-0.32879552,four_circle,0.509441,train,276.0,157.0,12.0,0.0,5.911591376329467,2.9197486295058446,515.0,1.0,0.510498046875
-0.42154238,square,0.595695,train,274.0,160.0,11.0,0.0,5.879211498236177,2.083022262974792,511.0,1.0,0.606201171875
-0.34959483,grid_circular_voids,0.520676,train,164.0,99.0,3.0,0.0,6.854949828900573,1.9887676114416182,459.0,1.0,0.535400390625
-0.72068083,hourglass,0.67914265,train,234.0,130.0,6.0,0.0,8.651522936970297,3.098805324738982,381.0,1.0,0.62158203125
-0.41300905,hourglass,0.36974657,train,84.0,42.0,8.0,0.0,6.905118877176333,1.7294765153808525,262.0,1.0,0.360595703125
-0.5400621,hourglass,0.5345871,train,226.0,125.0,8.0,0.0,7.600773767419479,3.0399163815711976,389.0,1.0,0.517822265625
-0.54917854,hourglass,0.6084804,train,162.0,93.0,2.0,0.0,8.358869667480775,2.6766534630890897,398.0,1.0,0.603271484375
-0.07151943,hexagonal,0.55915755,train,242.0,139.0,8.0,0.0,7.0305999669633295,4.0365341355523,462.0,1.0,0.562744140625
-0.6675905,hourglass,0.555027,train,240.0,129.0,6.0,0.0,7.202873650356003,3.1517470705739945,443.0,1.0,0.55322265625
-0.6323724,hourglass,0.6616655,train,165.0,98.0,4.0,0.0,8.41460628790895,2.452790899710164,404.0,1.0,0.611328125
-0.4058113,hourglass,0.31502843,train,64.0,35.0,8.0,0.0,6.356862511452496,0.8640306768222269,256.0,1.0,0.30615234375
-0.5369794,hourglass,0.4189034,train,105.0,54.0,8.0,0.0,7.919966006212796,1.9184026502882485,261.0,1.0,0.407958984375
-1.1430123,reentrant_bowtie,0.579901,train,110.0,61.0,3.0,0.0,10.744710642457084,7.927897546653575,273.0,1.0,0.578857421875
-0.33823374,cross_rectangular,0.494509,train,112.0,66.0,11.0,0.0,6.367683490515514,1.6011614770931957,396.0,1.0,0.505859375
-0.54992485,hourglass,0.47954056,train,121.0,65.0,8.0,0.0,9.26527275506128,2.3346522062465476,267.0,1.0,0.47705078125
-0.53393096,hourglass,0.47004676,train,103.0,55.0,8.0,0.0,9.024623105175886,2.0462030789476366,260.0,1.0,0.4609375
-0.025443297,reentrant_bowtie,0.51081884,train,112.0,61.0,6.0,0.0,10.430365210517197,6.894762998435138,218.0,1.0,0.52001953125
-0.38911387,circle,0.538071,train,223.0,124.0,20.0,0.0,6.350992994107725,2.5912664364072464,442.0,1.0,0.54248046875
-0.51746386,hourglass,0.38895446,test,100.0,52.0,8.0,0.0,7.5430375891693755,1.9381889288237906,263.0,1.0,0.38525390625
-0.3894238,hourglass,0.6158794,train,161.0,91.0,3.0,0.0,8.60025786264153,2.8338184332623015,397.0,1.0,0.61083984375
-0.3097689,hexagonal,0.50394833,train,238.0,137.0,8.0,0.0,6.360611602131976,3.7761636652526027,399.0,1.0,0.499267578125
-0.06177239,reentrant_bowtie,0.50481814,train,115.0,66.0,4.0,0.0,9.182519848449344,3.640912265465882,287.0,1.0,0.513671875
-0.5467548,hourglass,0.5679885,train,156.0,87.0,4.0,0.0,8.10709652286444,2.4225474131499083,384.0,1.0,0.555908203125
-0.4204652,hourglass,0.3495522,train,88.0,44.0,8.0,0.0,6.870724216903117,1.5752338439157876,263.0,1.0,0.33837890625
-0.430825,hourglass,0.35256216,train,88.0,44.0,8.0,0.0,6.612031297340683,1.3869490525315238,263.0,1.0,0.345703125
-0.08145397,reentrant_bowtie,0.5014661,train,83.0,47.0,8.0,0.0,8.684386283146583,2.9320639637344392,257.0,1.0,0.50439453125
-0.33072945,circle,0.568855,train,405.0,213.0,24.0,0.0,4.737112645845005,1.6562375416717343,649.0,1.0,0.5673828125
-0.55142236,hexagonal,0.5075649,train,62.0,37.0,3.0,0.0,9.923482266181933,2.50698144918085,263.0,1.0,0.507568359375
-0.40579256,hourglass,0.32836533,train,74.0,38.0,8.0,0.0,6.645497738669975,1.257987897599175,259.0,1.0,0.319580078125
-0.3805194,four_circle,0.640977,val,494.0,284.0,16.0,0.0,4.924069200499631,1.9113147565613244,717.0,1.0,0.6474609375
-0.52519006,hourglass,0.5752182,train,175.0,99.0,2.0,0.0,8.017562718992169,2.5978820368388376,396.0,1.0,0.564208984375
-0.27529237,hexagonal,0.50757235,train,111.0,63.0,10.0,0.0,8.117566478196663,2.787175041616091,291.0,1.0,0.5048828125
-0.2796292,small_square_cross,0.589525,train,186.0,109.0,11.0,0.0,8.814656142567351,2.541821884992629,327.0,1.0,0.595703125
-0.5167289,hourglass,0.6037593,train,160.0,92.0,4.0,0.0,8.559685114737833,2.516304976853077,390.0,1.0,0.592529296875
-0.24678507,four_circle,0.457532,train,181.0,101.0,13.0,0.0,5.038607048099941,1.733832469627527,447.0,1.0,0.46044921875
-0.66327304,hourglass,0.69058263,train,125.0,69.0,12.0,0.0,9.86232826629312,2.8319122637389516,305.0,1.0,0.612060546875
-0.40592575,hourglass,0.31377253,train,66.0,36.0,8.0,0.0,6.332031869118019,0.8267904965620219,257.0,1.0,0.30517578125
-0.5343241,hourglass,0.60081875,train,189.0,108.0,5.0,0.0,8.484354651268672,2.5099831529919956,401.0,1.0,0.5888671875
-0.58933043,hourglass,0.5639,train,217.0,123.0,7.0,0.0,7.59218168069972,2.7900752501509714,404.0,1.0,0.555908203125
-0.6332757,hourglass,0.6599333,train,173.0,103.0,4.0,0.0,8.40833401537762,2.457775381637715,405.0,1.0,0.610107421875
-0.5202747,hourglass,0.38599688,train,100.0,52.0,8.0,0.0,7.128606246004842,1.8030245471769468,265.0,1.0,0.376708984375
-0.5690213,hourglass,0.5839069,train,174.0,99.0,4.0,0.0,8.226624629255333,2.1705745811647676,391.0,1.0,0.56787109375
-0.40540394,hexagonal,0.5210931,train,144.0,83.0,4.0,0.0,7.369955264865336,2.0784905653496155,396.0,1.0,0.522216796875
-0.42148364,circle,0.590348,train,265.0,156.0,13.0,0.0,6.795793054960714,2.712131687918062,481.0,1.0,0.59765625
-0.3182739,nine_circle,0.627218,train,130.0,80.0,2.0,0.0,8.612813780051464,2.3446960804538883,435.0,1.0,0.638916015625
-0.45285302,hourglass,0.573114,train,259.0,145.0,8.0,0.0,7.565182732251849,3.294167104105836,431.0,1.0,0.56689453125
-0.14287016,hexagonal,0.552998,train,168.0,101.0,6.0,0.0,6.954020995776812,2.61392487004702,445.0,1.0,0.546875
-0.6784266,hourglass,0.566063,train,224.0,120.0,8.0,0.0,7.497008846680769,3.1092119223884045,423.0,1.0,0.56396484375
-0.5976825,hourglass,0.57029545,train,155.0,84.0,4.0,0.0,8.201656116474929,2.715065450884521,382.0,1.0,0.558349609375
-0.60462093,hourglass,0.5658957,val,155.0,84.0,4.0,0.0,8.146445511430885,2.6949438059473727,381.0,1.0,0.552978515625
-0.65514433,hourglass,0.576771,train,173.0,91.0,4.0,0.0,8.15864423737226,2.8373201430453796,404.0,1.0,0.573974609375
-0.42069063,hourglass,0.36341447,train,84.0,42.0,8.0,0.0,6.855259642546965,1.7114553325764184,262.0,1.0,0.354736328125
-0.3357893,four_circle,0.60969,train,897.0,500.0,24.0,0.0,3.6358098580270606,1.524307895382098,997.0,1.0,0.623291015625
-0.42768922,hourglass,0.3428688,train,68.0,36.0,8.0,0.0,6.587985824455194,1.2673573745246083,258.0,1.0,0.3310546875
-0.5284623,hourglass,0.421158,train,109.0,56.0,8.0,0.0,8.00596469524007,1.9487583404727074,262.0,1.0,0.409423828125
-0.49772155,hourglass,0.55072105,train,124.0,64.0,4.0,0.0,8.538605772167315,2.2638459207191817,366.0,1.0,0.549072265625
-0.32814416,circle_half_quarter,0.578966,train,172.0,89.0,16.0,0.0,8.217690606602158,4.325455015852398,375.0,1.0,0.58837890625
-0.032385934,reentrant_bowtie,0.51107717,train,118.0,63.0,6.0,0.0,10.512275986738576,6.873200912816518,215.0,1.0,0.51513671875
-0.18555841,hexagonal,0.5082433,train,145.0,78.0,13.0,0.0,8.490208957904782,2.9202425959612093,314.0,1.0,0.51123046875
-0.10764773,circle_half_quarter,0.564451,train,251.0,144.0,16.0,0.0,5.603935208249719,2.381771034054756,468.0,1.0,0.542724609375
-0.56986386,hourglass,0.5433964,train,154.0,89.0,4.0,0.0,8.005379852871917,2.577046010164573,374.0,1.0,0.540283203125
-0.5842732,hourglass,0.6374257,val,183.0,108.0,4.0,0.0,8.512103196693912,2.3535317371263957,401.0,1.0,0.614501953125
-0.2587021,circle,0.557723,train,257.0,154.0,7.0,0.0,6.178382467071981,2.299841806204982,535.0,1.0,0.5625
-0.56819624,hourglass,0.54391706,train,169.0,98.0,3.0,0.0,8.025130405396654,2.5762103588002563,379.0,1.0,0.540283203125
-0.3686207,circle,0.513147,train,429.0,248.0,10.0,0.0,4.345190429890245,1.9587606441895742,683.0,1.0,0.518310546875
-0.40568295,hourglass,0.3252671,train,78.0,37.0,8.0,0.0,6.641003436932078,1.2484437561199107,260.0,1.0,0.31640625
-0.13460182,reentrant_bowtie,0.52243155,train,137.0,73.0,6.0,0.0,10.017472386604343,7.141280450213256,233.0,1.0,0.52197265625
-0.58136296,hourglass,0.61440593,train,174.0,99.0,3.0,0.0,8.48545004224385,2.7176476516518306,399.0,1.0,0.609130859375
-0.42263764,cross_rectangular,0.521741,train,400.0,215.0,25.0,0.0,4.173916911003546,1.6284730612784744,653.0,1.0,0.510498046875
-0.30190152,hourglass,0.30917937,train,54.0,30.0,8.0,0.0,6.234198603121894,1.1899654519493543,256.0,1.0,0.304443359375
-0.42775062,hourglass,0.3512993,train,84.0,44.0,8.0,0.0,6.770417804361369,1.6137505525915796,262.0,1.0,0.34326171875
-0.72464836,hexagonal,0.544534,train,284.0,167.0,9.0,0.0,5.945003631942885,2.298948114353193,503.0,1.0,0.539306640625
-0.31635436,grid_circular_voids,0.556502,train,379.0,215.0,16.0,0.0,5.083717960628422,2.7316774510882498,640.0,1.0,0.544921875
-0.30818373,reentrant_bowtie,0.512774,val,122.0,67.0,8.0,0.0,7.825442422308759,2.311027500414911,287.0,1.0,0.5078125
-0.5608844,hourglass,0.5956418,train,177.0,105.0,2.0,0.0,8.438416502371908,2.534912226038991,392.0,1.0,0.57275390625
-0.50815105,hexagonal,0.51321,train,312.0,171.0,14.0,0.0,5.515844445529244,2.751038654020077,552.0,1.0,0.526123046875
-0.57261103,hexagonal,0.5237494,train,288.0,169.0,9.0,0.0,5.071935233147862,1.9219415918051623,533.0,1.0,0.507080078125
-0.10764773,circle_half_quarter,0.564451,train,241.0,140.0,16.0,0.0,5.531642838521509,2.318466407216779,468.0,1.0,0.542724609375
-0.38033992,circle,0.549721,train,522.0,285.0,18.0,0.0,4.595978100044718,2.506142048391685,691.0,1.0,0.54443359375
-0.5328033,hourglass,0.40831813,train,100.0,52.0,8.0,0.0,7.556898387828228,1.8649134405259995,260.0,1.0,0.39453125
-0.3746,four_circle,0.625656,train,361.0,209.0,16.0,0.0,5.212481490209629,1.7742563039681525,585.0,1.0,0.55224609375
-0.5026098,hourglass,0.40057206,train,97.0,48.0,8.0,0.0,7.523168936893551,1.9014914159614886,262.0,1.0,0.392822265625
-0.3006599,reentrant_bowtie,0.558608,train,149.0,86.0,8.0,0.0,7.808531723457321,2.8874510618020817,351.0,1.0,0.560546875
-0.0989768,hexagonal,0.50491256,train,279.0,164.0,10.0,0.0,5.786711193202038,2.811819284950356,497.0,1.0,0.514404296875
-0.57644564,hourglass,0.44233215,train,128.0,65.0,9.0,0.0,8.34355438198791,2.0359519333251295,275.0,1.0,0.43310546875
-0.48668504,hexagonal,0.55461586,train,135.0,74.0,8.0,0.0,10.298363129946225,2.367851453695494,273.0,1.0,0.5517578125
-0.4774157,hourglass,0.34381464,train,84.0,46.0,8.0,0.0,6.8425012805557595,1.5162289312478296,261.0,1.0,0.334716796875
-0.31877524,hexagonal,0.50161,train,119.0,65.0,11.0,0.0,8.027030808610458,2.7017064735441663,299.0,1.0,0.502685546875
-0.3555147,grid_circular_voids,0.543229,train,224.0,126.0,8.0,0.0,5.603206057641444,2.316547972618569,467.0,1.0,0.525146484375
-0.36016122,square,0.583205,train,721.0,413.0,14.0,0.0,4.178318819178966,2.1149113332032368,843.0,1.0,0.596435546875
-0.51211023,hourglass,0.4769575,train,117.0,63.0,8.0,0.0,9.246568237723444,2.3244852041305206,266.0,1.0,0.474365234375
-0.31520832,circle_half_quarter,0.538433,train,287.0,162.0,18.0,0.0,5.251167628791859,2.1525173680780423,519.0,1.0,0.537841796875
-0.44257078,small_square_cross,0.52937,train,130.0,75.0,12.0,0.0,8.324376491844038,2.369112181803728,315.0,1.0,0.53466796875
-0.14506426,small_square_cross,0.654215,train,194.0,106.0,16.0,0.0,9.484441561932464,2.8333505866584554,343.0,1.0,0.612548828125
-0.48142943,circle,0.549886,train,319.0,184.0,23.0,0.0,4.901472702563461,1.836421999968901,577.0,1.0,0.551513671875
-0.43207905,hourglass,0.571269,train,250.0,140.0,7.0,0.0,7.5325953511421515,3.178617493767729,422.0,1.0,0.5673828125
-0.43268865,hourglass,0.523912,train,199.0,113.0,7.0,0.0,7.001290519283107,2.7722641743773577,398.0,1.0,0.517333984375
-0.34649104,nine_circle,0.525425,train,531.0,298.0,19.0,0.0,4.241263554818635,1.9763926489975736,720.0,1.0,0.531494140625
-0.46339378,cross_rectangular,0.526138,train,141.0,82.0,16.0,0.0,5.842330732011262,1.8116038363566187,475.0,1.0,0.521484375
-0.38196412,hexagonal,0.535296,test,332.0,190.0,13.0,0.0,5.047734761313699,2.0686321634481764,564.0,1.0,0.529541015625
-0.35839057,nine_circle,0.535947,train,186.0,115.0,3.0,0.0,7.053445703846157,2.0811855284858156,461.0,1.0,0.5478515625
-0.41056797,hexagonal,0.51508325,test,254.0,142.0,9.0,0.0,6.520411257800595,3.2979309268171098,431.0,1.0,0.507080078125
-0.086865015,reentrant_bowtie,0.575633,train,142.0,80.0,10.0,0.0,8.594007500537446,4.191011040577749,325.0,1.0,0.578857421875
-0.56103176,hourglass,0.5536193,train,130.0,69.0,3.0,0.0,8.544959424935236,2.25689134344137,364.0,1.0,0.550048828125
-0.5277427,hourglass,0.49701416,test,127.0,69.0,8.0,0.0,9.46496607426904,2.1064735700096175,263.0,1.0,0.490966796875
-0.575476,hourglass,0.57957304,train,157.0,92.0,4.0,0.0,8.402667765994446,2.45229099320387,388.0,1.0,0.5703125
-0.5161187,hourglass,0.5282246,train,225.0,124.0,7.0,0.0,8.747584903464823,2.8407956284212785,332.0,1.0,0.51513671875
-0.5967751,hourglass,0.5691866,train,152.0,81.0,4.0,0.0,8.221758188701626,2.753477738231931,380.0,1.0,0.556640625
-0.5973264,hourglass,0.57251287,train,180.0,99.0,3.0,0.0,8.171339973295252,2.7121551060564637,395.0,1.0,0.560302734375
-0.40559465,hourglass,0.32482806,train,78.0,37.0,8.0,0.0,6.641003436932078,1.2484437561199107,260.0,1.0,0.31640625
-0.3691353,circle,0.544426,train,368.0,206.0,19.0,0.0,7.015908114592378,3.887394383094075,454.0,1.0,0.555419921875
-0.569075,hourglass,0.54369533,train,169.0,98.0,3.0,0.0,8.025130405396654,2.5762103588002563,379.0,1.0,0.540283203125
-0.23185575,square,0.663244,train,367.0,216.0,7.0,0.0,5.903165846785415,2.9317185705801663,581.0,1.0,0.635009765625
-0.49011436,hexagonal,0.5411984,train,150.0,80.0,11.0,0.0,9.647529230235675,2.8856960351738987,291.0,1.0,0.53173828125
-0.48404598,hourglass,0.6984898,train,131.0,72.0,9.0,0.0,10.61784200380939,2.60061733855091,281.0,1.0,0.6220703125
-0.2959939,hexagonal,0.54419285,train,140.0,81.0,9.0,0.0,7.392681867592974,2.9409376741807916,349.0,1.0,0.544189453125
-0.1751847,circle_half_quarter,0.559317,train,371.0,207.0,10.0,0.0,4.93518260373224,2.379215660388249,599.0,1.0,0.549560546875
-0.29492846,hexagonal,0.5716873,train,153.0,91.0,5.0,0.0,7.755399625760791,2.7088092610022074,372.0,1.0,0.5703125
-0.43274832,hexagonal,0.563291,train,275.0,150.0,8.0,0.0,6.523545435911844,3.340822785045269,496.0,1.0,0.56005859375
-0.12747401,hexagonal,0.56557,train,164.0,95.0,8.0,0.0,7.131477657392229,2.746943054904141,436.0,1.0,0.568603515625
-0.30872893,four_circle,0.558224,train,460.0,259.0,20.0,0.0,5.156938719225859,2.0523288899335985,593.0,1.0,0.565185546875
-0.60722005,hourglass,0.63162744,train,209.0,123.0,5.0,0.0,8.422610803538461,2.7761927706368366,420.0,1.0,0.618408203125
-0.42078754,hourglass,0.36331323,train,92.0,46.0,8.0,0.0,6.855512496498117,1.6793243369105226,264.0,1.0,0.354736328125
-0.27155745,grid_circular_voids,0.490396,train,99.0,57.0,8.0,0.0,7.1645195141163835,2.6413834459724193,345.0,1.0,0.5029296875
-0.06901796,reentrant_bowtie,0.5377825,train,215.0,122.0,11.0,0.0,7.411004704424223,4.115755475418322,378.0,1.0,0.53466796875
-0.35768294,hexagonal,0.54086,train,202.0,114.0,9.0,0.0,7.215631507199749,3.046443138885103,416.0,1.0,0.54248046875
-0.4827563,hexagonal,0.532532,train,162.0,91.0,11.0,0.0,7.791020386485798,3.5620971869405547,314.0,1.0,0.5302734375
-0.5231783,hourglass,0.37297067,train,92.0,46.0,8.0,0.0,6.831740723305572,1.5780080440868134,258.0,1.0,0.359375
-0.35294986,nine_circle,0.595445,train,134.0,81.0,0.0,0.0,8.294392000070767,2.359036307348467,442.0,1.0,0.610107421875
-0.46611813,hourglass,0.39533487,train,97.0,50.0,8.0,0.0,7.513312291142586,1.8679051671526756,262.0,1.0,0.38671875
-0.51697767,hourglass,0.53509015,train,183.0,103.0,7.0,0.0,7.385854676388986,2.9448680466404324,381.0,1.0,0.51220703125
-0.40435788,hourglass,0.58669853,train,143.0,85.0,3.0,0.0,8.272780386291219,2.5781425418136954,385.0,1.0,0.57275390625
-0.5746977,hourglass,0.50399405,train,120.0,66.0,8.0,0.0,9.48621387356302,2.207551767583024,260.0,1.0,0.504150390625
-0.23787552,hexagonal,0.518138,train,370.0,207.0,12.0,0.0,4.925693640499569,2.2509052441199344,620.0,1.0,0.52197265625
-0.5649809,hourglass,0.52956456,train,233.0,123.0,10.0,0.0,7.503397047888026,3.1350010698807624,387.0,1.0,0.515869140625
-0.40595725,hourglass,0.31499517,train,64.0,35.0,8.0,0.0,6.356862511452495,0.8640306768222269,256.0,1.0,0.30615234375
-0.5288727,hourglass,0.4994345,train,128.0,69.0,8.0,0.0,9.662959044952595,2.095586087637993,263.0,1.0,0.497314453125
-0.61345667,hourglass,0.4580403,train,128.0,69.0,9.0,0.0,8.768944069118449,2.2806930683636435,271.0,1.0,0.451416015625
-0.45855987,hexagonal,0.50221056,test,208.0,113.0,8.0,0.0,7.8945352056531535,3.1125567935598677,342.0,1.0,0.489501953125
-0.53283185,hourglass,0.4083344,train,100.0,52.0,8.0,0.0,7.556898387828228,1.8649134405259995,260.0,1.0,0.39453125
-0.28974473,hexagonal,0.5466695,train,313.0,178.0,14.0,0.0,5.101471270414832,1.8207490028979436,588.0,1.0,0.53564453125
-0.37339777,four_circle,0.614252,train,397.0,228.0,20.0,0.0,5.487340608041867,1.620584590980188,586.0,1.0,0.627197265625
-0.39489344,hourglass,0.3157838,train,60.0,33.0,8.0,0.0,6.382600316616105,0.9029697529832236,255.0,1.0,0.3076171875
-0.47389954,small_square_cross,0.514047,train,188.0,108.0,18.0,0.0,5.696222709315996,2.4494896288430215,443.0,1.0,0.501220703125
-0.31409162,nine_circle,0.526021,train,438.0,249.0,19.0,0.0,4.2472832155901274,1.4241122972187243,711.0,1.0,0.5361328125
-0.60240865,hourglass,0.5781954,train,151.0,90.0,3.0,0.0,8.1894707584537,2.531917232482606,387.0,1.0,0.5634765625
-0.15773562,circle_half_quarter,0.528264,train,251.0,141.0,16.0,0.0,5.196384531277923,2.2993720039652836,525.0,1.0,0.520751953125
-0.54916173,hourglass,0.47785777,train,121.0,65.0,8.0,0.0,9.198799019487122,2.3628034394563104,269.0,1.0,0.4755859375
-0.25058603,grid_circular_voids,0.451547,train,90.0,48.0,8.0,0.0,8.337873583070365,2.2475081054727983,252.0,1.0,0.460205078125
-0.3663371,hexagonal,0.51400983,train,216.0,118.0,9.0,0.0,6.579237200836326,3.278901727801153,426.0,1.0,0.509033203125
-0.49643806,hourglass,0.3912247,train,102.0,52.0,8.0,0.0,7.517533270481272,1.895562556481358,263.0,1.0,0.38525390625
-0.3033973,cross_rectangular,0.665886,train,185.0,107.0,14.0,0.0,8.193421282670718,2.398068090684963,444.0,1.0,0.68115234375
-0.5034069,hourglass,0.3847926,test,101.0,52.0,8.0,0.0,7.20330808731845,1.7047714594465728,262.0,1.0,0.3759765625
-0.39145926,hourglass,0.675685,train,143.0,86.0,4.0,0.0,8.530070778553105,2.514163069207551,397.0,1.0,0.617431640625
-0.5437509,hexagonal,0.5418721,train,206.0,114.0,9.0,0.0,7.673751616033536,3.302353120946137,375.0,1.0,0.53564453125
-0.5707681,hourglass,0.64352554,train,162.0,95.0,5.0,0.0,8.58892415427978,2.5710662908663697,400.0,1.0,0.626953125
-0.4292791,hourglass,0.6660223,train,153.0,91.0,3.0,0.0,8.534656331552569,2.5289962844599576,398.0,1.0,0.615966796875
-0.26317087,square,0.57655,train,256.0,154.0,2.0,0.0,6.427535055022486,2.710822351674753,544.0,1.0,0.57861328125
-0.3663275,square,0.511189,train,584.0,327.0,18.0,0.0,3.5988698196230575,1.6653196076547676,815.0,1.0,0.511474609375
-0.42393646,hourglass,0.3395076,train,77.0,40.0,8.0,0.0,6.58793803766117,1.2240495162119247,258.0,1.0,0.3271484375
-0.5103829,hourglass,0.5403648,test,181.0,96.0,8.0,0.0,7.368537553489465,3.1789478969914664,379.0,1.0,0.5244140625
-0.51366323,hourglass,0.5305622,train,231.0,123.0,8.0,0.0,7.610094161077897,3.0260474125629653,383.0,1.0,0.518798828125
-0.42414498,hourglass,0.45126194,train,127.0,66.0,8.0,0.0,8.565696029112598,1.9297431360326742,263.0,1.0,0.44482421875
-0.4836896,hourglass,0.53907293,train,156.0,82.0,6.0,0.0,7.354239133741829,3.103387465057459,366.0,1.0,0.51806640625
-0.22199573,hexagonal,0.504369,train,145.0,80.0,10.0,0.0,7.320211562001665,3.2566217910719866,314.0,1.0,0.50390625
-0.19950163,circle_half_quarter,0.495734,train,171.0,100.0,4.0,0.0,5.5836948253013,2.0773636310254346,434.0,1.0,0.491455078125
-0.14015146,circle,0.52273,train,292.0,169.0,6.0,0.0,5.550903214434572,2.3409352990554537,547.0,1.0,0.51904296875
-0.05957236,circle,0.588749,train,186.0,107.0,4.0,0.0,8.159235853635842,3.292952619065462,432.0,1.0,0.59130859375
-0.34573507,hexagonal,0.530425,train,256.0,140.0,14.0,0.0,7.1702329526856845,3.10428777530064,389.0,1.0,0.5361328125
-0.05752174,reentrant_bowtie,0.5213325,train,136.0,74.0,6.0,0.0,10.117865612010997,7.334880317839402,233.0,1.0,0.52099609375
-0.72119814,hourglass,0.6988651,train,119.0,65.0,8.0,0.0,10.726867875911369,2.5895025168780648,271.0,1.0,0.61376953125
-0.4527865,hourglass,0.5044695,train,120.0,66.0,8.0,0.0,9.49000173896664,2.205208361467699,260.0,1.0,0.505126953125
-0.48299268,hourglass,0.50039876,train,128.0,69.0,8.0,0.0,9.65671443442498,2.0989666526113124,263.0,1.0,0.49658203125
-0.38666672,hourglass,0.62256014,train,150.0,88.0,4.0,0.0,8.233860754776584,2.347266393047359,392.0,1.0,0.59375
-0.6034636,hourglass,0.51080304,train,161.0,84.0,10.0,0.0,8.54194133025257,2.88235417380485,308.0,1.0,0.499755859375
-0.3438474,hexagonal,0.515843,train,70.0,40.0,8.0,0.0,8.573179123182717,2.159055178093862,261.0,1.0,0.51611328125
-0.6046757,hourglass,0.5100824,test,154.0,80.0,10.0,0.0,8.51767960049747,2.534991795568014,305.0,1.0,0.503662109375
-0.39529815,hourglass,0.6773429,train,153.0,92.0,3.0,0.0,8.560373678789356,2.4647852254202793,397.0,1.0,0.62060546875
-0.032385934,reentrant_bowtie,0.51107717,train,110.0,58.0,6.0,0.0,10.41659339077149,6.875262178176164,213.0,1.0,0.51513671875
-0.36987355,hexagonal,0.5313675,train,271.0,154.0,4.0,0.0,6.4772869430655815,3.0427429258127034,473.0,1.0,0.530029296875
-0.49971274,hourglass,0.55049795,train,148.0,78.0,5.0,0.0,8.21113621473215,2.428248545615624,376.0,1.0,0.550048828125
-0.60756,hourglass,0.5646097,train,161.0,86.0,5.0,0.0,8.155451720862438,2.66555576560738,386.0,1.0,0.552734375
-0.54677284,hourglass,0.5677648,train,152.0,85.0,4.0,0.0,8.068634282756982,2.522796808187431,383.0,1.0,0.555908203125
-0.64228594,hourglass,0.6625018,train,163.0,97.0,6.0,0.0,8.293447113753778,2.52726172033137,404.0,1.0,0.612548828125
-0.5446124,hourglass,0.4291351,train,125.0,66.0,10.0,0.0,7.811655676971241,1.9021134520430085,275.0,1.0,0.417236328125
-0.6585658,hourglass,0.69535595,train,109.0,63.0,10.0,0.0,10.236554037047975,2.769710233928831,288.0,1.0,0.62255859375
-0.5263983,hourglass,0.5354756,val,175.0,94.0,8.0,0.0,6.9955650372375,2.991625797425392,392.0,1.0,0.518798828125
-0.31441712,four_circle,0.606976,train,339.0,189.0,16.0,0.0,4.821459857230552,1.8499848010276352,592.0,1.0,0.600341796875
-0.6129061,hourglass,0.62372696,train,155.0,88.0,6.0,0.0,8.27595697575573,2.4003411991658146,403.0,1.0,0.59912109375
-0.48433024,square,0.56668,val,367.0,210.0,11.0,0.0,4.980893584069628,1.8986675818517196,618.0,1.0,0.57763671875
-0.44186455,hexagonal,0.550041,val,289.0,159.0,6.0,0.0,6.275701515102392,3.4032396215002882,507.0,1.0,0.55126953125
-0.4629788,hourglass,0.4433609,train,111.0,56.0,8.0,0.0,8.365799051559017,2.0552208019392237,266.0,1.0,0.436279296875
-0.34116462,nine_circle,0.530452,train,109.0,68.0,0.0,0.0,7.3113711723610555,1.959884914290892,444.0,1.0,0.54638671875
-0.5573947,square,0.585146,train,526.0,298.0,24.0,0.0,4.949667642589158,2.4465385242015434,689.0,1.0,0.576171875
-0.60285294,hourglass,0.51103187,train,156.0,81.0,10.0,0.0,8.488056622951389,2.904034133079457,308.0,1.0,0.500244140625
-0.61708397,hexagonal,0.5109202,train,119.0,69.0,6.0,0.0,7.052040511780362,2.35694953418504,370.0,1.0,0.51220703125
-1.2287909,hexagonal,0.576388,train,121.0,70.0,9.0,0.0,7.552629412877348,2.924287348725176,379.0,1.0,0.57373046875
-0.5227454,hourglass,0.40681294,train,105.0,54.0,8.0,0.0,7.712395200752839,1.9092922900943605,261.0,1.0,0.3955078125
-0.5477791,reentrant_bowtie,0.526383,train,179.0,103.0,8.0,0.0,8.332973969475725,3.7764008694935494,293.0,1.0,0.533203125
-0.54789954,hourglass,0.57754534,train,166.0,98.0,3.0,0.0,8.143427989235494,2.707700021727918,391.0,1.0,0.5634765625
-0.55873096,hexagonal,0.558086,train,237.0,137.0,8.0,0.0,6.806893575741801,2.689355576148042,429.0,1.0,0.552734375
-0.5977797,hourglass,0.6479296,train,185.0,106.0,6.0,0.0,8.540971483970868,2.6681667493438552,416.0,1.0,0.616455078125
-0.5591319,hourglass,0.4629375,train,115.0,61.0,8.0,0.0,8.978640693663603,2.073958660911701,266.0,1.0,0.458740234375
-0.26340547,nine_circle,0.61005,train,367.0,210.0,6.0,0.0,6.044957510756077,2.4721265451738117,582.0,1.0,0.618408203125
-0.48913443,hourglass,0.3583716,train,84.0,42.0,8.0,0.0,6.865713713523792,1.714150250647226,262.0,1.0,0.349365234375
-0.20878507,circle,0.534276,train,341.0,193.0,12.0,0.0,5.0919411462289546,1.7477739443512446,574.0,1.0,0.541748046875
-0.43755633,nine_circle,0.606627,train,213.0,122.0,8.0,0.0,7.193517682102699,2.849659627822933,452.0,1.0,0.603759765625
-0.51294655,hexagonal,0.5394386,train,134.0,71.0,8.0,0.0,9.967900081885112,2.4208054057634114,269.0,1.0,0.53076171875
-0.4168679,cross_rectangular,0.578101,train,495.0,276.0,15.0,0.0,5.100505363264507,1.7763114718543946,663.0,1.0,0.592041015625
-0.21025749,circle_half_quarter,0.520887,train,135.0,83.0,5.0,0.0,6.537072633626906,1.4738229267799139,402.0,1.0,0.532470703125
-0.421985,hourglass,0.33208972,train,72.0,37.0,8.0,0.0,6.510228398680893,1.4033590483068665,261.0,1.0,0.321044921875
-0.40677342,hourglass,0.64997333,train,223.0,128.0,8.0,0.0,8.16409638504219,2.5579156582247977,435.0,1.0,0.606201171875
-0.57995206,hourglass,0.586986,train,160.0,94.0,4.0,0.0,8.423657309987243,2.491455770148675,381.0,1.0,0.573486328125
-0.42320335,hourglass,0.3817059,train,92.0,46.0,8.0,0.0,7.016405458908947,1.5389964375034528,259.0,1.0,0.37255859375
-0.5371246,hourglass,0.34824353,train,84.0,42.0,8.0,0.0,6.908242712472473,1.5486510356278202,262.0,1.0,0.339111328125
-0.516317,hourglass,0.37696442,train,96.0,48.0,8.0,0.0,6.929780140009546,1.5838087767885047,264.0,1.0,0.36962890625
-0.65447867,hourglass,0.6869085,train,138.0,78.0,10.0,0.0,10.004392134804778,2.8520799840254307,306.0,1.0,0.62060546875
-0.31620798,hexagonal,0.5225484,train,147.0,81.0,11.0,0.0,8.125978678541928,2.841191056542677,308.0,1.0,0.515869140625
-0.37532488,hexagonal,0.540725,train,89.0,51.0,9.0,0.0,8.739741968304697,2.419132994504564,272.0,1.0,0.5400390625
-0.26215485,small_square_cross,0.574849,train,304.0,170.0,10.0,0.0,6.788397501660956,2.61074021001498,472.0,1.0,0.581787109375
-0.29274753,circle,0.505458,val,151.0,85.0,13.0,0.0,7.661611537557487,2.584057304337062,331.0,1.0,0.51171875
-0.13224012,square,0.551748,train,349.0,206.0,7.0,0.0,4.951194285540883,2.9594078418793326,591.0,1.0,0.552001953125
-0.46442658,hourglass,0.44710374,train,111.0,56.0,8.0,0.0,8.431334120580633,2.010080718778469,266.0,1.0,0.43994140625
-0.53243464,hourglass,0.41982627,train,109.0,56.0,8.0,0.0,7.956368097037035,1.9126000014430586,262.0,1.0,0.407958984375
-0.60294354,hourglass,0.6303553,train,141.0,81.0,6.0,0.0,8.532069543396828,2.6506624698106034,405.0,1.0,0.628662109375
-0.5093369,hourglass,0.37793618,train,92.0,46.0,8.0,0.0,6.912939819741713,1.5911862667998073,262.0,1.0,0.36962890625
-0.3086591,hexagonal,0.50715286,train,119.0,66.0,9.0,0.0,8.486271373853038,2.9810105628417483,279.0,1.0,0.50048828125
-0.39493215,hexagonal,0.56151384,train,275.0,157.0,14.0,0.0,5.117114891000214,1.770474410080053,576.0,1.0,0.56201171875
-0.49422383,hourglass,0.33272958,train,84.0,40.0,8.0,0.0,6.428456655284763,1.3614889847000762,263.0,1.0,0.324462890625
-0.577829,hourglass,0.41567498,train,112.0,58.0,8.0,0.0,7.742886958001026,2.0822056439017707,264.0,1.0,0.405517578125
-0.5837836,hourglass,0.5269564,train,207.0,114.0,8.0,0.0,8.650273640342894,2.9015455459274855,329.0,1.0,0.514892578125
-0.08903845,reentrant_bowtie,0.5002625,train,96.0,54.0,9.0,0.0,8.670155095460307,2.8204339031916486,261.0,1.0,0.502685546875
-0.4356187,small_square_cross,0.502873,train,254.0,145.0,10.0,0.0,5.237922984960502,2.0041070234143743,482.0,1.0,0.505859375
-0.3951415,hourglass,0.31558314,train,60.0,33.0,8.0,0.0,6.382600316616105,0.9029697529832236,255.0,1.0,0.3076171875
-0.49326876,hexagonal,0.5515776,train,129.0,70.0,9.0,0.0,10.108021986581111,2.636660598187361,274.0,1.0,0.545166015625
-0.4043024,hourglass,0.3199124,train,68.0,35.0,8.0,0.0,6.563660746318387,1.203996514629158,256.0,1.0,0.3134765625
-0.42713204,hourglass,0.41319674,train,107.0,54.0,8.0,0.0,7.648226500159339,1.8433017043481486,262.0,1.0,0.40234375
-0.36467797,grid_circular_voids,0.572075,train,343.0,201.0,3.0,0.0,5.976682809309261,2.1891650500223414,569.0,1.0,0.58740234375
-0.55852747,hourglass,0.536637,train,170.0,94.0,5.0,0.0,8.161634678629522,2.286043373430727,371.0,1.0,0.531982421875
-0.4950235,hourglass,0.397803,train,97.0,50.0,8.0,0.0,7.555035684020949,1.8507437983316992,262.0,1.0,0.388916015625
-0.4834431,hourglass,0.4675702,train,115.0,61.0,8.0,0.0,9.090882192583727,2.011933440670833,263.0,1.0,0.4609375
-0.28510496,hexagonal,0.522691,train,200.0,122.0,5.0,0.0,6.128017803995657,2.1414975263348714,505.0,1.0,0.537109375
-0.25505832,hexagonal,0.534751,train,147.0,79.0,10.0,0.0,8.453179768600927,3.1820514053234903,306.0,1.0,0.541748046875
-1.1543686,reentrant_bowtie,0.582308,train,211.0,121.0,4.0,0.0,10.41535943070103,7.581899511996243,342.0,1.0,0.570068359375
-0.31806794,grid_circular_voids,0.540129,train,139.0,76.0,4.0,0.0,7.929468479069267,2.333443423542878,336.0,1.0,0.54638671875
-0.5776452,hourglass,0.44323412,train,125.0,64.0,8.0,0.0,8.404667521166308,1.973549389294708,270.0,1.0,0.435546875
-0.5132244,hourglass,0.5129595,train,155.0,83.0,10.0,0.0,8.650813470937303,2.514223742607601,304.0,1.0,0.51123046875
-0.15861644,cross_rectangular,0.574027,train,431.0,244.0,8.0,0.0,4.8727362960496965,2.360140277053732,615.0,1.0,0.5849609375
-0.57308954,hexagonal,0.53224,train,242.0,137.0,7.0,0.0,6.66522139949686,3.2952305876708645,430.0,1.0,0.529296875
-0.46244934,cross_rectangular,0.592091,val,739.0,403.0,28.0,0.0,4.29399190418387,2.0558747365403707,794.0,1.0,0.603271484375
-0.5922158,hourglass,0.64830136,train,202.0,116.0,5.0,0.0,8.595740411000126,2.617944117448651,416.0,1.0,0.615234375
-0.3302209,grid_circular_voids,0.548493,train,109.0,67.0,4.0,0.0,7.679763832380513,2.503174596548934,421.0,1.0,0.562744140625
-0.41830653,small_square_cross,0.620619,train,524.0,297.0,11.0,0.0,4.978194992789575,2.3538346536508823,675.0,1.0,0.619140625
-0.33310974,hexagonal,0.55863315,train,175.0,99.0,4.0,0.0,7.654271967235222,3.159675493310289,406.0,1.0,0.55517578125
-0.5761679,hourglass,0.5837185,train,182.0,104.0,5.0,0.0,8.337888657104884,2.5434877560885005,389.0,1.0,0.571533203125
-0.6352487,hourglass,0.66116756,train,148.0,88.0,4.0,0.0,8.419619206152126,2.4297953726940094,393.0,1.0,0.61083984375
-0.2965631,grid_circular_voids,0.693278,train,498.0,295.0,9.0,0.0,5.41190225864695,2.831958869934878,703.0,1.0,0.61474609375
-0.4522719,cross_rectangular,0.512664,train,295.0,166.0,24.0,0.0,5.145923086278295,2.31612539177354,516.0,1.0,0.503662109375
-0.5710543,hexagonal,0.5228195,train,188.0,108.0,5.0,0.0,7.000609424546894,3.2214370928604534,391.0,1.0,0.50830078125
-0.5731588,hourglass,0.4540232,val,123.0,63.0,9.0,0.0,8.510059283011088,2.0996477393282906,270.0,1.0,0.44873046875
-0.45497572,hexagonal,0.52064,train,155.0,84.0,5.0,0.0,8.759650152601969,3.784066875124262,316.0,1.0,0.522216796875
-0.26025555,circle_half_quarter,0.513456,train,269.0,154.0,10.0,0.0,6.564685994692909,2.593373757531911,435.0,1.0,0.51953125
-0.45572466,hexagonal,0.511751,train,459.0,254.0,26.0,0.0,4.099028280085943,1.4165896664677684,685.0,1.0,0.5087890625
-0.60350144,hourglass,0.65224755,train,183.0,111.0,3.0,0.0,8.4661358818506,2.400198368384966,401.0,1.0,0.616943359375
-0.50622946,hourglass,0.34766412,train,92.0,46.0,8.0,0.0,6.969223834886562,1.5588197904982601,264.0,1.0,0.3447265625
-0.574419,hexagonal,0.54203457,train,316.0,180.0,18.0,0.0,5.81356408710329,2.6244916605145887,496.0,1.0,0.529296875
-0.59410185,hourglass,0.591417,val,180.0,105.0,5.0,0.0,8.269864996709757,2.5859286865232156,399.0,1.0,0.5771484375
-0.056806173,reentrant_bowtie,0.53982955,train,191.0,111.0,8.0,0.0,7.480871029237825,4.112868770460721,364.0,1.0,0.5283203125
-0.34692734,cross_rectangular,0.580647,train,181.0,104.0,10.0,0.0,8.661851823780324,2.670403179597346,315.0,1.0,0.58203125
-0.6801986,hourglass,0.6685099,val,165.0,99.0,4.0,0.0,8.564715763382361,2.39979041135143,397.0,1.0,0.620849609375
-0.26633614,small_square_cross,0.525073,val,157.0,90.0,8.0,0.0,8.509111726737627,2.339172920214177,292.0,1.0,0.531005859375
-0.3085189,hexagonal,0.54873973,train,223.0,128.0,18.0,0.0,5.801445687467197,2.5532434492606533,455.0,1.0,0.54052734375
-0.76994616,reentrant_bowtie,0.525713,train,353.0,193.0,8.0,0.0,6.9370451554714085,2.7128872907157637,425.0,1.0,0.533447265625
-0.6004344,hourglass,0.6426165,val,196.0,113.0,5.0,0.0,8.57031636059861,2.5984778463188785,415.0,1.0,0.615234375
-0.3417698,square,0.459707,test,121.0,68.0,9.0,0.0,7.661132148355466,2.047138279566608,301.0,1.0,0.463134765625
-0.49388385,hourglass,0.50688946,train,140.0,76.0,8.0,0.0,9.207081574874897,2.3471388195641656,272.0,1.0,0.502685546875
-0.45468295,grid_circular_voids,0.564591,train,443.0,250.0,6.0,0.0,5.56181281931394,2.6813457043603597,616.0,1.0,0.56591796875
-0.55524373,hourglass,0.60721296,train,163.0,91.0,3.0,0.0,8.514204304870912,2.6508719409656187,399.0,1.0,0.602294921875
-0.5652837,hourglass,0.5533913,train,133.0,70.0,4.0,0.0,8.277212377985865,2.373793212201779,367.0,1.0,0.550537109375
-0.36739823,small_square_cross,0.594403,train,383.0,220.0,18.0,0.0,5.016750706556548,2.034128458629518,622.0,1.0,0.603271484375
-0.43406725,hourglass,0.3724991,train,96.0,48.0,8.0,0.0,6.8461947755902015,1.5628046606734771,259.0,1.0,0.359375
-0.41600958,hourglass,0.3673762,train,84.0,42.0,8.0,0.0,6.91993243609658,1.7364614705305363,262.0,1.0,0.3583984375
-0.40974098,hourglass,0.31171748,train,66.0,34.0,8.0,0.0,6.275384889155508,0.7360186691148206,257.0,1.0,0.30322265625
-0.52519006,hourglass,0.5752182,train,153.0,87.0,3.0,0.0,8.02926957892211,2.590833014060405,391.0,1.0,0.564208984375
-0.3945268,hexagonal,0.57417476,train,80.0,45.0,8.0,0.0,9.313169732372147,2.632069695950682,267.0,1.0,0.56689453125
-0.05077206,reentrant_bowtie,0.5201793,train,119.0,64.0,7.0,0.0,10.03418226626466,7.070196272406395,229.0,1.0,0.521728515625
-0.34160653,four_circle,0.56737,train,134.0,79.0,7.0,0.0,8.108430837093017,2.8709190472253763,358.0,1.0,0.569580078125
-0.5288005,hourglass,0.5004962,train,122.0,66.0,8.0,0.0,9.649122796389657,2.1076816601422403,261.0,1.0,0.49658203125
-0.1578279,hexagonal,0.57823133,train,108.0,59.0,8.0,0.0,10.748155238882298,5.160735153995149,282.0,1.0,0.5712890625
-0.42784393,hexagonal,0.567028,train,233.0,138.0,6.0,0.0,6.904288759599311,2.4952023603925784,420.0,1.0,0.56103515625
-0.513263,hourglass,0.5762804,train,150.0,86.0,3.0,0.0,8.16399409716698,2.425676143182067,389.0,1.0,0.56298828125
-0.58024174,hourglass,0.6132034,train,173.0,98.0,3.0,0.0,8.478331787805685,2.5898476308067826,397.0,1.0,0.607666015625
-0.46474484,hourglass,0.44606534,train,111.0,56.0,8.0,0.0,8.431334120580633,2.010080718778469,266.0,1.0,0.43994140625
-0.48439017,hourglass,0.46718782,train,103.0,55.0,8.0,0.0,9.024623105175886,2.0462030789476366,260.0,1.0,0.4609375
-0.05641159,reentrant_bowtie,0.5184654,train,129.0,69.0,6.0,0.0,10.197361487054868,6.786594990550579,227.0,1.0,0.520263671875
-0.36876655,hourglass,0.6310212,train,178.0,103.0,6.0,0.0,8.534919522629771,2.690961379163046,418.0,1.0,0.62109375
-0.427414,four_circle,0.670322,train,389.0,226.0,18.0,0.0,4.7634461077336985,1.6718554871334061,587.0,1.0,0.538330078125
-0.53612447,hourglass,0.42727008,train,124.0,64.0,12.0,0.0,7.583403905668439,2.116008612900588,276.0,1.0,0.41455078125
-0.27696,circle,0.53219,train,237.0,143.0,3.0,0.0,5.824567617912589,1.9960427100776903,532.0,1.0,0.546142578125
-0.3319393,nine_circle,0.612232,train,132.0,80.0,4.0,0.0,8.275800721113868,2.288709631133145,447.0,1.0,0.62060546875
-0.07903518,reentrant_bowtie,0.5326709,train,186.0,109.0,7.0,0.0,7.007164640476328,4.1866353976155075,382.0,1.0,0.522705078125
-0.6424345,hourglass,0.577816,train,230.0,128.0,7.0,0.0,7.687742419393212,3.0554583609317594,430.0,1.0,0.568359375
-0.38724735,cross_rectangular,0.555631,train,162.0,93.0,14.0,0.0,7.979429508749586,2.7793373510439023,351.0,1.0,0.5625
-0.44077995,square,0.5145,train,141.0,81.0,14.0,0.0,6.952698969929942,2.6742293202461025,354.0,1.0,0.519775390625
-0.96862096,hexagonal,0.5160729,train,140.0,81.0,13.0,0.0,6.915165758445454,3.3741612774051872,357.0,1.0,0.507080078125
-0.1266541,circle_half_quarter,0.641456,train,204.0,117.0,10.0,0.0,7.4784866321404095,2.547792019058626,463.0,1.0,0.651123046875
-0.5357926,reentrant_bowtie,0.536509,val,379.0,202.0,10.0,0.0,6.459725890020791,2.979845671919245,451.0,1.0,0.535400390625
-0.50400573,hourglass,0.40374902,train,93.0,48.0,8.0,0.0,7.507770751964486,1.889993559236188,261.0,1.0,0.39306640625
-0.5588565,hourglass,0.4856541,train,149.0,79.0,12.0,0.0,8.665137924889944,2.6944781180853674,290.0,1.0,0.480224609375
-0.5654949,hourglass,0.5958443,train,142.0,84.0,2.0,0.0,8.433661469438784,2.563449021449486,384.0,1.0,0.575439453125
-0.47282383,hourglass,0.5561625,test,186.0,103.0,7.0,0.0,7.629072152597351,2.191422878541614,394.0,1.0,0.54833984375
-0.5355423,hourglass,0.6004215,train,183.0,106.0,4.0,0.0,8.430234068980946,2.5287966881627,399.0,1.0,0.58837890625
-0.34017247,hexagonal,0.5206895,train,164.0,91.0,5.0,0.0,7.207689070904393,2.3200326701360683,396.0,1.0,0.521240234375
-0.20800716,hexagonal,0.52250355,train,163.0,86.0,10.0,0.0,8.255766544306162,3.458318352138598,306.0,1.0,0.520263671875
-0.6583682,hexagonal,0.561573,train,401.0,225.0,15.0,0.0,4.516862103234625,1.7326892564772896,705.0,1.0,0.55908203125
-0.4863884,hourglass,0.33048737,train,77.0,40.0,8.0,0.0,6.545602952124273,1.412365621795768,262.0,1.0,0.321044921875
-0.51972187,hourglass,0.48663715,train,130.0,69.0,9.0,0.0,9.092663197003322,2.3231455825294334,272.0,1.0,0.48486328125
-0.33991206,nine_circle,0.618113,train,116.0,71.0,0.0,0.0,8.48745951096107,2.3691349972194313,434.0,1.0,0.625732421875
-0.44085807,nine_circle,0.559148,train,302.0,174.0,6.0,0.0,5.730775848500999,2.5870673295226485,533.0,1.0,0.560302734375
-0.55873096,hexagonal,0.558086,train,213.0,124.0,8.0,0.0,6.819782929856534,2.7102327808521505,427.0,1.0,0.552734375
-0.4963387,hourglass,0.39302742,train,97.0,48.0,8.0,0.0,7.496179182151071,1.9117075909666974,262.0,1.0,0.38671875
-0.334242,nine_circle,0.508234,train,293.0,162.0,14.0,0.0,5.305380347718926,2.384395437144325,537.0,1.0,0.5087890625
-0.23760317,circle,0.58042,train,195.0,115.0,6.0,0.0,7.299736438779771,2.778906709593183,472.0,1.0,0.5927734375
-0.2321862,hexagonal,0.569466,val,221.0,119.0,14.0,0.0,8.502639310619669,3.9203419995035484,369.0,1.0,0.5751953125
-0.46298718,hourglass,0.36514333,train,84.0,42.0,8.0,0.0,6.855259642546965,1.7114553325764181,262.0,1.0,0.354736328125
-0.15965267,nine_circle,0.498029,train,225.0,133.0,7.0,0.0,5.2061887241367195,1.9180543011095927,480.0,1.0,0.496826171875
-0.48752135,hourglass,0.37977153,train,96.0,48.0,8.0,0.0,7.053474667206887,1.5198794625262748,260.0,1.0,0.37255859375
-0.5982879,hexagonal,0.5309246,train,160.0,94.0,4.0,0.0,7.307081337311032,2.827422400696729,392.0,1.0,0.526123046875
-0.36493722,circle_half_quarter,0.515907,train,418.0,237.0,15.0,0.0,4.630524308397494,2.3011811558381376,605.0,1.0,0.515625
-0.052390296,reentrant_bowtie,0.552307,train,231.0,128.0,4.0,0.0,9.472004711437014,7.544638903533904,356.0,1.0,0.54248046875
-0.5197967,hourglass,0.57545173,test,153.0,87.0,3.0,0.0,8.02926957892211,2.590833014060405,391.0,1.0,0.564208984375
-0.3842482,square,0.464333,train,108.0,64.0,10.0,0.0,7.450145045437051,2.120221403992939,290.0,1.0,0.46630859375
-0.041546218,reentrant_bowtie,0.548494,train,103.0,57.0,6.0,0.0,10.231734109410905,8.038462556497493,285.0,1.0,0.545654296875
-0.21501738,square,0.632131,train,234.0,134.0,7.0,0.0,6.8245875501906905,2.28096088251421,504.0,1.0,0.63671875
-0.5492525,hourglass,0.4899609,train,121.0,65.0,8.0,0.0,9.427846045697217,2.1652339417718336,262.0,1.0,0.48779296875
-0.5410241,hourglass,0.46630993,train,115.0,61.0,8.0,0.0,9.090882192583727,2.011933440670833,263.0,1.0,0.4609375
-0.37827045,hourglass,0.546935,train,161.0,89.0,4.0,0.0,8.04495317503135,2.6940780569478053,387.0,1.0,0.543212890625
-0.41023332,hourglass,0.6393671,train,191.0,112.0,9.0,0.0,8.067557800395987,2.6532077071480598,416.0,1.0,0.606689453125
-0.551367,hexagonal,0.5101645,train,113.0,62.0,12.0,0.0,8.002596109729028,2.865329149275676,302.0,1.0,0.500732421875
-0.4406206,grid_circular_voids,0.582153,train,334.0,192.0,4.0,0.0,6.267151657227907,2.835834805039905,517.0,1.0,0.585693359375
-0.59536505,hourglass,0.56080586,train,179.0,99.0,4.0,0.0,7.902844859861792,2.7885836727361295,398.0,1.0,0.54833984375
-0.42638364,square,0.50182,train,360.0,208.0,9.0,0.0,4.211230550005626,1.622895937191685,630.0,1.0,0.50341796875
-0.28732598,reentrant_bowtie,0.536248,train,300.0,175.0,6.0,0.0,7.0262836575279675,3.632650929936734,432.0,1.0,0.537841796875
-0.39116228,cross_rectangular,0.573457,train,724.0,389.0,21.0,0.0,4.292079734692469,2.2367639518070876,814.0,1.0,0.58251953125
-0.4248421,hexagonal,0.571623,train,287.0,161.0,7.0,0.0,7.030574102543531,3.1503554686792468,458.0,1.0,0.576416015625
-0.4810821,hexagonal,0.5573622,train,145.0,78.0,8.0,0.0,9.94647339033094,2.6831052824576935,274.0,1.0,0.54736328125
-0.05752174,reentrant_bowtie,0.5213325,train,133.0,71.0,6.0,0.0,10.046032643468783,7.157681226497358,232.0,1.0,0.52099609375
-0.40863928,hourglass,0.31371915,val,64.0,35.0,8.0,0.0,6.356862511452496,0.8640306768222269,256.0,1.0,0.30615234375
-0.13460182,reentrant_bowtie,0.52243155,train,136.0,74.0,6.0,0.0,10.117865612010997,7.334880317839402,233.0,1.0,0.52197265625
-0.5224818,hourglass,0.62777114,train,169.0,95.0,8.0,0.0,9.6128135630528,2.853138491717464,322.0,1.0,0.6171875
-0.6343355,hourglass,0.528814,train,189.0,103.0,8.0,0.0,7.50477374498426,2.963413456211774,406.0,1.0,0.5234375
-0.6034372,hourglass,0.5108284,test,156.0,81.0,10.0,0.0,8.488133868860887,2.9085609408730426,307.0,1.0,0.499755859375
-0.17063053,reentrant_bowtie,0.540796,train,115.0,66.0,8.0,0.0,8.425055474123326,2.141402446306867,268.0,1.0,0.530517578125
-0.0664108,reentrant_bowtie,0.548533,train,203.0,116.0,7.0,0.0,7.63040170892615,4.689082647619508,361.0,1.0,0.538330078125
-1.2882736,reentrant_bowtie,0.55074024,train,117.0,67.0,6.0,0.0,10.103220622266727,8.141779254035368,286.0,1.0,0.546142578125
-0.5866852,hourglass,0.6445913,train,153.0,90.0,5.0,0.0,8.372709336162364,2.449182320621694,397.0,1.0,0.617919921875
-0.57543474,hourglass,0.61426663,train,165.0,93.0,2.0,0.0,8.505116832383866,2.607007657630965,397.0,1.0,0.609130859375
-0.4975733,hourglass,0.39088827,train,102.0,52.0,8.0,0.0,7.517533270481272,1.895562556481358,263.0,1.0,0.38525390625
-0.48912448,hourglass,0.35641864,train,88.0,44.0,8.0,0.0,6.835951707511418,1.6796115774341434,263.0,1.0,0.348876953125
-0.523646,hourglass,0.51518387,train,157.0,85.0,9.0,0.0,9.310231293773635,2.265659579045956,279.0,1.0,0.506103515625
-0.5254737,hourglass,0.5751851,train,175.0,99.0,2.0,0.0,8.017562718992169,2.5978820368388376,396.0,1.0,0.564208984375
-0.46665847,hourglass,0.39198455,train,97.0,50.0,8.0,0.0,7.484657415197817,1.876669419463308,262.0,1.0,0.38525390625
-0.41956764,four_circle,0.57153,train,348.0,201.0,16.0,0.0,4.809303826402054,1.6312587872895703,563.0,1.0,0.57861328125
-0.5685576,hourglass,0.43289465,train,107.0,58.0,8.0,0.0,8.0788646704496,1.7594266111996908,264.0,1.0,0.424560546875
-0.12850872,hexagonal,0.536051,train,158.0,92.0,9.0,0.0,6.718310349829811,2.952102378476767,415.0,1.0,0.53271484375
-0.5283632,hourglass,0.49956962,train,132.0,73.0,8.0,0.0,9.642666655590608,2.0947078703095303,263.0,1.0,0.49658203125
-0.5232289,hourglass,0.52592766,train,222.0,123.0,7.0,0.0,8.63149139263777,2.8765959761559685,337.0,1.0,0.513916015625
-0.27483296,four_circle,0.57232,train,320.0,178.0,5.0,0.0,5.583409333347782,2.2599657028790587,525.0,1.0,0.58056640625
-0.39399043,hourglass,0.62132186,train,191.0,106.0,5.0,0.0,8.269540649895774,2.417109888275379,404.0,1.0,0.593505859375
-0.36496857,cross_rectangular,0.515548,train,499.0,278.0,22.0,0.0,4.541617472745489,2.0920684130617455,658.0,1.0,0.528076171875
-0.4641511,circle,0.573964,val,240.0,137.0,19.0,0.0,6.023943384518311,2.580182041220767,493.0,1.0,0.5703125
-0.038720462,reentrant_bowtie,0.54912066,train,93.0,52.0,6.0,0.0,10.288886824984253,8.104522927873704,281.0,1.0,0.544677734375
-0.50010693,hourglass,0.3785677,train,92.0,46.0,8.0,0.0,7.016405458908948,1.5389964375034528,259.0,1.0,0.37255859375
-0.34331393,hexagonal,0.517874,train,202.0,113.0,12.0,0.0,7.189436573141779,2.758495796275334,370.0,1.0,0.524169921875
-0.3121916,nine_circle,0.522763,train,183.0,107.0,9.0,0.0,5.662393168923436,2.3294399293972305,454.0,1.0,0.517822265625
-0.2925642,square,0.597821,train,410.0,227.0,16.0,0.0,5.198555683144081,1.5996467550454392,644.0,1.0,0.5966796875
-0.55749243,hourglass,0.60743636,train,185.0,104.0,2.0,0.0,8.469716136985861,2.6544466046057695,404.0,1.0,0.602783203125
-0.68559754,hourglass,0.69935393,train,146.0,82.0,13.0,0.0,10.150535519489093,2.7781840327701977,298.0,1.0,0.609130859375
-0.5582558,hourglass,0.61044663,train,170.0,95.0,2.0,0.0,8.415644070478136,2.683701051667714,395.0,1.0,0.60400390625
-0.79169816,hexagonal,0.574873,train,165.0,94.0,6.0,0.0,7.946215611642616,2.835513922574174,411.0,1.0,0.573486328125
-0.48879126,hourglass,0.35463557,train,84.0,44.0,8.0,0.0,6.759919794648671,1.5961701598129687,262.0,1.0,0.346923828125
-0.18006602,circle_half_quarter,0.511074,test,283.0,159.0,7.0,0.0,5.644318917526065,2.1208723678764203,505.0,1.0,0.52783203125
-0.56835353,hourglass,0.5431953,train,169.0,98.0,3.0,0.0,8.025130405396654,2.5762103588002563,379.0,1.0,0.540283203125
-0.53770465,hourglass,0.4084711,val,93.0,48.0,8.0,0.0,7.541993854724894,1.8847910288474194,258.0,1.0,0.397705078125
-0.28321043,circle_half_quarter,0.604937,train,313.0,173.0,10.0,0.0,6.268787634565029,2.482735824055236,561.0,1.0,0.607177734375
-0.62444293,hourglass,0.561121,train,199.0,108.0,7.0,0.0,7.962509334234442,3.046227217084221,417.0,1.0,0.55419921875
-0.40679887,hourglass,0.31823406,train,78.0,41.0,8.0,0.0,6.482869756184335,1.052394821103564,259.0,1.0,0.310302734375
-0.12702368,cross_rectangular,0.696332,train,296.0,159.0,15.0,0.0,10.201844177678707,3.491280859660212,375.0,1.0,0.69091796875
-0.528007,hourglass,0.50147104,train,121.0,66.0,8.0,0.0,9.526876788343195,2.161381236917388,261.0,1.0,0.497802734375
-0.4157416,hourglass,0.36759254,train,88.0,44.0,8.0,0.0,6.896788209412558,1.6844447808114593,263.0,1.0,0.3583984375
-0.4838021,small_square_cross,0.516612,train,162.0,93.0,16.0,0.0,6.816428877424972,2.359834249308666,369.0,1.0,0.514404296875
-0.6131072,hourglass,0.51360095,test,163.0,85.0,11.0,0.0,8.451274724918644,2.630990188143076,312.0,1.0,0.505859375
-0.4548086,hourglass,0.573546,train,230.0,123.0,7.0,0.0,7.4810894357399,3.019636818367105,424.0,1.0,0.57080078125
-0.2492339,reentrant_bowtie,0.531964,train,336.0,191.0,8.0,0.0,6.381346368082756,3.217759171552865,450.0,1.0,0.532470703125
-0.48248407,hourglass,0.38025856,train,92.0,46.0,8.0,0.0,7.016405458908948,1.5389964375034528,259.0,1.0,0.37255859375
-0.19909388,cross_rectangular,0.596942,train,323.0,186.0,11.0,0.0,6.275155091272334,2.6265551996564906,550.0,1.0,0.594970703125
-0.2905876,hexagonal,0.572197,train,278.0,157.0,17.0,0.0,7.164759890811554,3.1809229009107622,438.0,1.0,0.58154296875
-0.52508086,hourglass,0.40496644,train,105.0,52.0,8.0,0.0,7.554242817592499,1.9977203801383105,261.0,1.0,0.39208984375
-0.45693654,hexagonal,0.522036,train,81.0,44.0,8.0,0.0,9.574985519417774,2.543130398764269,257.0,1.0,0.5185546875
-0.26255882,small_square_cross,0.521273,train,129.0,77.0,10.0,0.0,8.916697331147889,2.4721562094147114,294.0,1.0,0.52294921875
-0.5148576,hourglass,0.33643377,train,77.0,40.0,8.0,0.0,6.58793803766117,1.2240495162119247,258.0,1.0,0.3271484375
-0.06615076,reentrant_bowtie,0.541127,train,355.0,199.0,3.0,0.0,7.821316221207464,5.474648729815484,449.0,1.0,0.548095703125
-0.31105426,grid_circular_voids,0.587968,train,280.0,158.0,16.0,0.0,5.879564693331419,2.7661044530422902,553.0,1.0,0.5830078125
-0.5509779,hourglass,0.53165007,train,176.0,92.0,7.0,0.0,7.3375862527005635,2.883344262835408,377.0,1.0,0.513427734375
-0.37030336,nine_circle,0.530993,train,174.0,99.0,5.0,0.0,7.051573582038487,2.34119464591009,408.0,1.0,0.54150390625
-0.43701577,four_circle,0.689998,train,508.0,279.0,14.0,0.0,5.680708062991396,2.3167544493655527,635.0,1.0,0.66455078125
-0.17034712,cross_rectangular,0.541482,train,166.0,91.0,12.0,0.0,7.285285043092176,3.2921828616806192,325.0,1.0,0.544921875
-0.052997608,reentrant_bowtie,0.5206204,train,140.0,77.0,9.0,0.0,10.16178504879557,7.4633161252246145,243.0,1.0,0.520263671875
-0.079991415,reentrant_bowtie,0.540886,train,401.0,220.0,8.0,0.0,6.42579492311924,4.374834841452951,493.0,1.0,0.55078125
-0.49504244,hourglass,0.39352512,train,102.0,52.0,8.0,0.0,7.547951521431843,1.886994229389616,263.0,1.0,0.38671875
-0.59776497,hourglass,0.6203755,train,176.0,102.0,6.0,0.0,8.362954816455591,2.5960144408927563,401.0,1.0,0.59326171875
-0.30147928,circle_half_quarter,0.548613,train,300.0,178.0,5.0,0.0,5.944106263886066,2.063198951342216,555.0,1.0,0.57080078125
-0.4969214,hourglass,0.45962048,train,115.0,61.0,8.0,0.0,8.923938967190685,2.1498531212470082,263.0,1.0,0.455078125
-1.1354709,hexagonal,0.551368,train,152.0,89.0,9.0,0.0,7.4263945441815435,2.169864787713192,399.0,1.0,0.555908203125
-0.37903386,circle,0.572516,train,378.0,208.0,10.0,0.0,7.083544005288634,3.1954329460226236,444.0,1.0,0.578857421875
-0.40572026,hourglass,0.32907286,train,75.0,39.0,8.0,0.0,6.66404868631413,1.2641902998191836,259.0,1.0,0.319580078125
-0.25153926,cross_rectangular,0.50045,train,252.0,141.0,9.0,0.0,6.86511763651353,3.0064232718402213,380.0,1.0,0.500732421875
-0.37142542,grid_circular_voids,0.533253,train,177.0,104.0,8.0,0.0,6.111823019419026,1.9991530098477057,453.0,1.0,0.544189453125
-0.3748073,square,0.665826,train,266.0,141.0,13.0,0.0,7.8160729697785545,3.3642907350576428,381.0,1.0,0.603515625
-0.24550982,reentrant_bowtie,0.501514,train,103.0,59.0,8.0,0.0,7.645200914341429,2.3621566090712487,277.0,1.0,0.49560546875
-0.4614875,hourglass,0.6913361,train,139.0,77.0,14.0,0.0,9.765063776710456,2.912045230452081,318.0,1.0,0.614013671875
-0.5467622,hourglass,0.5678992,train,152.0,85.0,4.0,0.0,8.068634282756982,2.522796808187431,383.0,1.0,0.555908203125
-0.3347807,cross_rectangular,0.58419,train,355.0,215.0,7.0,0.0,5.115975458838163,2.2645498758283815,647.0,1.0,0.584716796875
-0.15389568,circle_half_quarter,0.57737,train,269.0,153.0,11.0,0.0,5.831053456188708,2.2940297964105114,527.0,1.0,0.582763671875
-0.46269128,hourglass,0.44415936,train,111.0,56.0,8.0,0.0,8.378040910615894,2.0492457011435725,266.0,1.0,0.437744140625
-0.49237868,hourglass,0.39229384,train,97.0,48.0,8.0,0.0,7.467524306206303,1.9200162539956216,262.0,1.0,0.38525390625
-0.038511604,cross_rectangular,0.555437,train,110.0,65.0,9.0,0.0,8.606601945244384,2.7331781144371856,285.0,1.0,0.5478515625
-0.21070147,cross_rectangular,0.543384,train,330.0,184.0,16.0,0.0,5.028656066168986,2.312610158345645,557.0,1.0,0.531982421875
-0.4257406,hexagonal,0.5319981,train,219.0,124.0,7.0,0.0,7.4294442329177155,3.274846291428863,381.0,1.0,0.52587890625
-0.2574632,four_circle,0.553089,train,575.0,323.0,18.0,0.0,3.8771005235640295,1.3635361273856514,790.0,1.0,0.550537109375
-0.43346453,grid_circular_voids,0.568897,val,215.0,122.0,6.0,0.0,6.071568744712462,2.64999296499803,493.0,1.0,0.571044921875
-0.51112074,hourglass,0.5215023,train,114.0,61.0,8.0,0.0,9.398490154860507,2.1484299453421203,266.0,1.0,0.512451171875
-0.2314161,circle,0.571578,train,373.0,202.0,14.0,0.0,6.567729979703722,2.968958354150498,478.0,1.0,0.57177734375
-0.3779895,hexagonal,0.5176053,test,168.0,93.0,4.0,0.0,7.608300427997872,2.126944094142082,395.0,1.0,0.521240234375
-0.5395349,hourglass,0.48678333,train,130.0,69.0,9.0,0.0,9.092663197003322,2.3231455825294334,272.0,1.0,0.48486328125
-0.59874594,hourglass,0.45960107,train,103.0,55.0,8.0,0.0,8.800896296105547,2.213964506008366,263.0,1.0,0.455078125
-0.33083296,cross_rectangular,0.564356,train,263.0,147.0,14.0,0.0,7.363719831373796,3.2719814796498783,387.0,1.0,0.572509765625
-0.15075117,square,0.61733,val,481.0,276.0,19.0,0.0,4.802623523599791,1.8988208162928055,659.0,1.0,0.58935546875
-0.0807435,reentrant_bowtie,0.50035214,train,102.0,59.0,8.0,0.0,8.738997565032358,3.08449208825836,259.0,1.0,0.505126953125
-0.3727278,hexagonal,0.511279,train,128.0,77.0,3.0,0.0,7.15099626172783,2.4087399143449852,392.0,1.0,0.511962890625
-0.21542892,small_square_cross,0.697947,train,217.0,126.0,7.0,0.0,7.323530494871334,1.9649827626909464,527.0,1.0,0.6875
-0.64261585,hourglass,0.66177016,train,171.0,103.0,4.0,0.0,8.276561248798231,2.5182674897225334,408.0,1.0,0.60986328125
-0.36934423,hourglass,0.63167274,train,169.0,101.0,7.0,0.0,8.33097760874434,2.8059334357387353,413.0,1.0,0.619140625
-0.3918757,hourglass,0.60624534,train,174.0,98.0,5.0,0.0,8.414414711907611,2.689305581395885,403.0,1.0,0.600341796875
-0.052938893,reentrant_bowtie,0.50850916,train,140.0,74.0,6.0,0.0,10.406448237247009,7.107127756678647,221.0,1.0,0.514404296875
-0.54797953,hourglass,0.48292798,train,130.0,70.0,9.0,0.0,9.193644587044952,2.452389169755661,268.0,1.0,0.479248046875
-0.54904056,hourglass,0.61768425,train,192.0,108.0,3.0,0.0,8.640979587966465,2.5634148167479895,404.0,1.0,0.607666015625
-0.16121237,reentrant_bowtie,0.5011885,train,95.0,54.0,8.0,0.0,8.889903455203086,3.0852287054627565,255.0,1.0,0.50927734375
-0.4218578,hexagonal,0.54570717,val,142.0,78.0,13.0,0.0,7.9758479068867985,3.515928580143133,332.0,1.0,0.537841796875
-0.6267656,hourglass,0.524148,train,200.0,111.0,8.0,0.0,7.243985902391936,2.7053673907539078,389.0,1.0,0.51171875
-0.28699493,reentrant_bowtie,0.501942,train,117.0,63.0,8.0,0.0,7.6872930521518485,2.166794686754713,285.0,1.0,0.49609375
-0.26471996,hexagonal,0.56265885,train,238.0,131.0,10.0,0.0,7.320910646810864,3.5775695861180106,456.0,1.0,0.561279296875
-0.49245045,hourglass,0.39498755,train,102.0,52.0,8.0,0.0,7.547951521431843,1.886994229389616,263.0,1.0,0.38671875
-0.4783825,hourglass,0.69935393,train,122.0,67.0,10.0,0.0,10.21816057527844,2.749731885791937,284.0,1.0,0.609130859375
-0.08957467,reentrant_bowtie,0.50441253,train,101.0,56.0,9.0,0.0,8.74374794862691,3.026429399747811,258.0,1.0,0.505859375
-0.39438367,square,0.552936,train,369.0,216.0,19.0,0.0,5.0062956130497716,2.4924321274554893,585.0,1.0,0.563232421875
-0.49306333,hourglass,0.39856082,train,102.0,52.0,8.0,0.0,7.588580105777454,1.8690371550463887,263.0,1.0,0.388916015625
-0.38355982,square,0.533696,train,502.0,283.0,19.0,0.0,4.077644980658433,1.6584900329784524,720.0,1.0,0.536376953125
-0.37356684,hourglass,0.6473638,train,180.0,103.0,5.0,0.0,8.489005614110706,2.6545824781827103,409.0,1.0,0.6162109375
-0.46731532,hexagonal,0.557866,train,316.0,171.0,12.0,0.0,6.760068935157047,2.938846972415916,495.0,1.0,0.572509765625
-0.19193651,cross_rectangular,0.541482,train,166.0,91.0,12.0,0.0,7.285285043092176,3.2921828616806192,325.0,1.0,0.544921875
-0.032279775,reentrant_bowtie,0.5255841,test,159.0,89.0,6.0,0.0,9.898883079573642,7.179962585620175,239.0,1.0,0.525146484375
-0.28101587,small_square_cross,0.526442,train,245.0,134.0,11.0,0.0,6.897053877993777,3.110332959686659,386.0,1.0,0.525634765625
-0.4567523,circle_half_quarter,0.508782,train,323.0,186.0,10.0,0.0,4.896980121158071,1.9591030652781734,573.0,1.0,0.515625
-0.48178482,hourglass,0.5591084,train,211.0,114.0,9.0,0.0,7.370456895582003,3.1630244006840864,402.0,1.0,0.542236328125
-0.5690126,hourglass,0.54188395,train,166.0,97.0,3.0,0.0,8.013133317392594,2.5801975322477997,378.0,1.0,0.539306640625
-0.5937655,hourglass,0.4560453,train,128.0,69.0,9.0,0.0,8.648566229387697,2.267923862585098,272.0,1.0,0.450439453125
-0.58553094,hourglass,0.58074933,train,171.0,99.0,6.0,0.0,8.313726073779586,2.522927447336605,387.0,1.0,0.5703125
-0.40160823,four_circle,0.520836,val,530.0,296.0,32.0,0.0,4.27049240073956,1.5565181238341597,685.0,1.0,0.526611328125
-0.39012334,cross_rectangular,0.515337,train,351.0,204.0,16.0,0.0,4.601058351432621,2.0342938695214916,581.0,1.0,0.5166015625
-0.5064962,hexagonal,0.5657938,train,323.0,180.0,17.0,0.0,5.879317122721397,2.1295590671719835,503.0,1.0,0.558349609375
-0.49525988,hourglass,0.3934499,train,97.0,48.0,8.0,0.0,7.496179182151071,1.9117075909666974,262.0,1.0,0.38671875
-0.06178433,hexagonal,0.526855,train,175.0,101.0,11.0,0.0,6.742228643234413,3.4678613287633615,399.0,1.0,0.5283203125
-0.5913326,hourglass,0.6470475,train,198.0,115.0,5.0,0.0,8.522735760698868,2.667016151676751,416.0,1.0,0.617431640625
-0.4821665,hourglass,0.69980353,train,136.0,77.0,6.0,0.0,10.56397534251389,2.7437840455627085,270.0,1.0,0.619873046875
-0.18633148,reentrant_bowtie,0.582865,train,237.0,137.0,6.0,0.0,8.183217887989333,4.543312290688929,356.0,1.0,0.58642578125
-0.12246422,small_square_cross,0.640549,train,152.0,88.0,9.0,0.0,10.823687520686105,2.5198158576029703,297.0,1.0,0.648681640625
-0.44386795,hexagonal,0.553695,train,241.0,133.0,12.0,0.0,7.138151884092643,2.9873792424879992,425.0,1.0,0.542724609375
-0.6549507,hourglass,0.687721,train,126.0,70.0,11.0,0.0,9.939949536832163,2.7596564747853694,306.0,1.0,0.61279296875
-0.63692,hourglass,0.563238,val,183.0,100.0,4.0,0.0,7.805799098002816,2.8269825854974435,412.0,1.0,0.56201171875
-0.3369448,hexagonal,0.52435,train,274.0,151.0,10.0,0.0,5.781081473144382,3.1257305738871413,539.0,1.0,0.526611328125
-0.37012103,hexagonal,0.56561154,train,81.0,46.0,8.0,0.0,9.099644308906194,2.3582816758813943,263.0,1.0,0.55029296875
-0.40590876,hourglass,0.32918394,train,77.0,40.0,8.0,0.0,6.6562183890405,1.2475156187148724,260.0,1.0,0.319580078125
-0.046642825,reentrant_bowtie,0.574845,train,120.0,70.0,4.0,0.0,10.865957838003963,8.463354963422601,271.0,1.0,0.573974609375
-0.41953567,hourglass,0.42744178,train,112.0,59.0,10.0,0.0,7.720781473448784,1.8520593524922684,271.0,1.0,0.412841796875
-0.42722818,hourglass,0.56256527,train,152.0,79.0,4.0,0.0,8.174758206817954,2.615174569450394,389.0,1.0,0.55126953125
-0.497163,hourglass,0.5509502,train,133.0,70.0,4.0,0.0,8.289347444006065,2.377360210055248,367.0,1.0,0.549560546875
-0.39810887,cross_rectangular,0.565408,train,323.0,183.0,15.0,0.0,6.320362816831287,2.6907740261182114,502.0,1.0,0.564453125
-0.54829633,hourglass,0.49014363,train,127.0,68.0,8.0,0.0,9.404093394097996,2.144119392058616,263.0,1.0,0.48876953125
-0.56339556,hourglass,0.5413166,train,157.0,90.0,4.0,0.0,8.049044524989709,2.502708313287802,375.0,1.0,0.5400390625
-0.07045731,hexagonal,0.50005734,train,179.0,105.0,8.0,0.0,6.516486072211432,3.087945801123203,398.0,1.0,0.500732421875
-0.19306329,circle_half_quarter,0.571424,train,319.0,182.0,8.0,0.0,5.237245871861755,2.3924460392135014,590.0,1.0,0.571533203125
-0.6487503,hexagonal,0.5567086,train,68.0,39.0,6.0,0.0,9.372361673963642,2.4942607426685486,256.0,1.0,0.546875
-0.03236191,reentrant_bowtie,0.5246684,train,179.0,100.0,6.0,0.0,9.439836530689993,7.247570734352392,254.0,1.0,0.52392578125
-0.47830102,hexagonal,0.54391277,train,316.0,172.0,5.0,0.0,7.975988839763237,3.35082772944488,405.0,1.0,0.548583984375
-0.4760101,hexagonal,0.56504846,train,113.0,65.0,5.0,0.0,9.177557929090316,2.8918911606485316,298.0,1.0,0.55859375
-0.471493,hourglass,0.687721,train,144.0,83.0,10.0,0.0,9.773758528226269,2.8935062483325464,316.0,1.0,0.61279296875
-0.5343604,hourglass,0.40995827,train,101.0,52.0,8.0,0.0,7.5804205454291935,1.87255310302959,260.0,1.0,0.39892578125
-0.4553426,hourglass,0.540426,train,311.0,172.0,8.0,0.0,6.636262455161611,3.3274722186924595,473.0,1.0,0.53369140625
-0.3923836,hourglass,0.64934444,train,194.0,113.0,8.0,0.0,8.023767943644684,2.5827874823585932,426.0,1.0,0.609130859375
-0.06187506,reentrant_bowtie,0.5374032,val,210.0,116.0,11.0,0.0,7.796423270751286,5.078670949288652,402.0,1.0,0.534423828125
-0.258156,reentrant_bowtie,0.504489,train,120.0,63.0,8.0,0.0,7.676945765566872,2.323574506243355,287.0,1.0,0.496826171875
-0.5501887,hourglass,0.47836107,train,117.0,63.0,8.0,0.0,9.308150817883101,2.3148063313249647,266.0,1.0,0.47705078125
-0.4414768,hourglass,0.37428847,train,110.0,56.0,10.0,0.0,6.778927425442674,1.7248135875775146,267.0,1.0,0.3662109375
-0.5197299,hourglass,0.51184195,train,161.0,84.0,11.0,0.0,8.465632373935886,2.6278157805009292,311.0,1.0,0.504150390625
-0.58321625,hourglass,0.5869087,train,160.0,94.0,4.0,0.0,8.426504133589262,2.4965722963615633,381.0,1.0,0.57275390625
-0.48355272,hourglass,0.47226706,train,141.0,72.0,10.0,0.0,8.763244879331834,2.0727875616602573,275.0,1.0,0.46533203125
-0.5171963,hourglass,0.6043853,train,165.0,95.0,5.0,0.0,8.330228980653178,2.67931216944097,399.0,1.0,0.594482421875
-0.52705044,hourglass,0.525771,train,182.0,96.0,5.0,0.0,7.635892439698831,2.6874817979022865,374.0,1.0,0.5224609375
-0.5297412,hourglass,0.47194254,train,134.0,70.0,10.0,0.0,8.693606719523686,2.120014688513432,273.0,1.0,0.46533203125
-0.5390761,hourglass,0.48934168,train,128.0,67.0,9.0,0.0,9.205624772285638,2.310336201441058,271.0,1.0,0.487060546875
-0.48910812,hourglass,0.35689974,train,92.0,46.0,8.0,0.0,6.855512496498117,1.6793243369105226,264.0,1.0,0.349365234375
-0.5753827,hourglass,0.58349293,train,189.0,107.0,5.0,0.0,8.33962272174312,2.5559233441238325,390.0,1.0,0.57177734375
-0.53563046,hourglass,0.52203304,train,128.0,69.0,10.0,0.0,9.187467538027285,2.3978866794638,276.0,1.0,0.513427734375
-0.39257708,hourglass,0.61168206,train,170.0,94.0,2.0,0.0,8.496855156281507,2.633966744547342,402.0,1.0,0.60595703125
-1.2722566,reentrant_bowtie,0.560882,train,120.0,66.0,4.0,0.0,9.607080727956882,8.143638061451325,283.0,1.0,0.563720703125
-0.11195911,circle_half_quarter,0.518338,train,233.0,134.0,16.0,0.0,5.575986316810419,2.752799391844362,466.0,1.0,0.507568359375
-0.40590876,hourglass,0.32918394,train,74.0,38.0,8.0,0.0,6.645497738669975,1.257987897599175,259.0,1.0,0.319580078125
-0.59664226,hourglass,0.56890863,train,174.0,92.0,4.0,0.0,8.364318829709681,2.680299208726037,384.0,1.0,0.556640625
-0.4499436,hourglass,0.533562,train,224.0,121.0,10.0,0.0,6.986864091081921,2.975893008640981,421.0,1.0,0.529052734375
-0.5664058,hourglass,0.54506236,train,169.0,98.0,3.0,0.0,8.025130405396654,2.5762103588002563,379.0,1.0,0.540283203125
-0.37291262,hourglass,0.6339721,train,138.0,83.0,5.0,0.0,8.525376897302952,2.744195143713581,395.0,1.0,0.61865234375
-0.48061833,hourglass,0.68163496,train,218.0,122.0,6.0,0.0,8.757504914160501,3.4403455943153145,385.0,1.0,0.6357421875
-0.48431355,reentrant_bowtie,0.525431,train,181.0,93.0,8.0,0.0,7.380556995685502,2.8992683235285717,296.0,1.0,0.5263671875
-0.23446372,hexagonal,0.5080193,train,195.0,110.0,12.0,0.0,6.239380974503557,2.622264598988261,423.0,1.0,0.5048828125
-0.21879007,hexagonal,0.5223421,train,181.0,99.0,10.0,0.0,8.215005154570708,3.320895706105919,307.0,1.0,0.520751953125
-0.2440512,circle_half_quarter,0.494548,train,105.0,61.0,3.0,0.0,7.5088918257492185,2.4308900583995614,328.0,1.0,0.496337890625
-0.31144142,hexagonal,0.51337564,val,148.0,82.0,12.0,0.0,8.151503580755184,3.0077393282067986,308.0,1.0,0.51123046875
-0.33587068,circle,0.682092,train,226.0,128.0,11.0,0.0,8.598058547054075,3.41038451714227,375.0,1.0,0.615234375
-0.23957102,small_square_cross,0.590059,train,220.0,131.0,2.0,0.0,6.811487644988333,2.2000492219652505,503.0,1.0,0.59716796875
-0.45645186,small_square_cross,0.562319,train,573.0,333.0,18.0,0.0,4.248642716556707,1.6971950479621196,773.0,1.0,0.575927734375
-0.2578275,circle,0.568789,train,355.0,202.0,13.0,0.0,6.565665120072532,2.8286543140762075,476.0,1.0,0.565185546875
-0.44778895,hourglass,0.577244,train,261.0,142.0,7.0,0.0,7.348808002190813,3.2186123394066453,450.0,1.0,0.570068359375
-0.53902984,hourglass,0.4870284,val,123.0,64.0,9.0,0.0,9.119969013650676,2.2925520320553554,270.0,1.0,0.48486328125
-0.57340723,hourglass,0.45324057,train,125.0,65.0,8.0,0.0,8.556737147999492,1.9843903183600486,270.0,1.0,0.447998046875
-0.6659491,hourglass,0.6653219,train,156.0,93.0,3.0,0.0,8.62758236071067,2.5272272843966177,399.0,1.0,0.616943359375
-0.25622848,hexagonal,0.559997,train,302.0,173.0,6.0,0.0,5.201194804797761,2.2185240881892567,622.0,1.0,0.55712890625
-0.33183315,hexagonal,0.52241623,train,152.0,83.0,8.0,0.0,8.977720317989718,3.262306416496235,285.0,1.0,0.51025390625
-0.58321625,hourglass,0.5869087,train,166.0,97.0,4.0,0.0,8.322021193276004,2.5847574610939366,381.0,1.0,0.57275390625
-0.12314786,reentrant_bowtie,0.5253538,train,186.0,106.0,7.0,0.0,9.152532895247482,7.233544418694525,258.0,1.0,0.5224609375
-0.32030153,grid_circular_voids,0.690721,train,291.0,175.0,4.0,0.0,7.412051011782267,3.5714671144724095,588.0,1.0,0.7021484375
-0.18602782,reentrant_bowtie,0.539735,train,209.0,116.0,9.0,0.0,8.258942319703664,4.3143251119465456,357.0,1.0,0.5390625
-0.4097938,hourglass,0.60481536,train,189.0,111.0,4.0,0.0,8.398224689720797,2.670347490851649,407.0,1.0,0.60107421875
-0.32667094,square,0.587229,train,360.0,210.0,9.0,0.0,5.7456902175938644,2.9385173906253548,602.0,1.0,0.590087890625
-0.2968555,hexagonal,0.5174971,train,107.0,60.0,10.0,0.0,8.002144565824997,2.949640016203413,294.0,1.0,0.509033203125
-0.26586646,hexagonal,0.551184,train,166.0,98.0,8.0,0.0,7.542242540662471,3.2882935232129573,411.0,1.0,0.56103515625
-0.62012535,hourglass,0.581654,train,145.0,84.0,2.0,0.0,8.593457559641354,2.795185429121922,383.0,1.0,0.5771484375
-0.3904589,nine_circle,0.556423,train,164.0,97.0,2.0,0.0,7.131058753720776,1.9860860624653431,462.0,1.0,0.56884765625
-0.24344963,hexagonal,0.5722673,train,58.0,33.0,4.0,0.0,10.421216091036728,1.9281200219120598,263.0,1.0,0.572509765625
-0.3983748,hourglass,0.6749597,train,153.0,91.0,5.0,0.0,8.291457600521278,2.388927337846388,391.0,1.0,0.614501953125
-0.6985581,hexagonal,0.5734741,train,74.0,42.0,10.0,0.0,8.844168888693035,3.010871667992665,274.0,1.0,0.568603515625
-0.56039834,hexagonal,0.5444563,train,224.0,122.0,9.0,0.0,8.88194079299415,3.237941024494527,335.0,1.0,0.530517578125
-0.5892294,hourglass,0.5604816,train,151.0,81.0,3.0,0.0,8.194132794037555,2.6272988755726407,387.0,1.0,0.549072265625
-0.29484,four_circle,0.524795,train,229.0,129.0,4.0,0.0,4.839780176096506,1.9338755028721715,502.0,1.0,0.529296875
-0.280819,hexagonal,0.5277196,train,146.0,87.0,12.0,0.0,6.731845139029711,2.7867552577301398,406.0,1.0,0.529541015625
-0.46951395,hourglass,0.35084105,train,92.0,46.0,8.0,0.0,6.806236608966467,1.6585839739133605,264.0,1.0,0.34326171875
-0.6029938,hexagonal,0.525749,train,284.0,161.0,18.0,0.0,6.656493120309651,3.117705060860736,414.0,1.0,0.533935546875
-0.4903535,hourglass,0.3339168,train,77.0,40.0,8.0,0.0,6.583415437371468,1.2204140321006915,260.0,1.0,0.32568359375
-0.42343393,hourglass,0.34041834,train,77.0,40.0,8.0,0.0,6.595148166310788,1.2232206368529577,258.0,1.0,0.32861328125
-0.42910758,hourglass,0.546695,train,318.0,180.0,6.0,0.0,6.671370078268477,3.2783348919653137,483.0,1.0,0.536865234375
-0.50565356,hourglass,0.3477534,test,92.0,46.0,8.0,0.0,6.961504616904665,1.5544263725255394,264.0,1.0,0.34521484375
-0.062550575,square,0.569413,train,580.0,322.0,2.0,0.0,4.9697271410862545,3.052370170589105,792.0,1.0,0.577392578125
-0.60470176,hourglass,0.50997365,train,151.0,81.0,10.0,0.0,8.48740191608617,2.5111977178180784,304.0,1.0,0.502685546875
-0.400202,hourglass,0.59335357,train,165.0,97.0,4.0,0.0,8.422073366502133,2.416176934433028,390.0,1.0,0.573974609375
-0.2861519,circle,0.699474,train,196.0,109.0,11.0,0.0,8.730610582933739,3.116395790032635,341.0,1.0,0.594482421875
-0.18446146,cross_rectangular,0.543097,train,198.0,110.0,16.0,0.0,7.602275946663109,2.4824624231042107,374.0,1.0,0.549072265625
-0.37112084,grid_circular_voids,0.526212,train,242.0,142.0,2.0,0.0,5.907990882784812,2.7287129097210046,434.0,1.0,0.524658203125
-0.10893463,reentrant_bowtie,0.502263,test,95.0,53.0,8.0,0.0,8.423860267156966,2.998853723334905,264.0,1.0,0.501953125
-0.4256318,nine_circle,0.563204,train,260.0,145.0,7.0,0.0,6.475182837400365,3.402478742206599,412.0,1.0,0.5556640625
-0.47268188,hourglass,0.36149973,train,88.0,44.0,8.0,0.0,6.878112084780079,1.6930679526138412,263.0,1.0,0.354736328125
-0.21820277,hexagonal,0.50164676,train,132.0,77.0,9.0,0.0,6.710325773905308,3.5387212967716724,392.0,1.0,0.497314453125
-0.5540888,hourglass,0.41241118,train,107.0,54.0,8.0,0.0,7.63901490174562,1.868897957402479,262.0,1.0,0.40185546875
-0.47573638,hourglass,0.3608239,train,84.0,42.0,8.0,0.0,6.843775961463484,1.6948906316977226,262.0,1.0,0.354736328125
-0.542355,hourglass,0.6178062,train,188.0,106.0,3.0,0.0,8.620268447421074,2.587170903511174,403.0,1.0,0.609619140625
-0.43262056,square,0.638091,val,574.0,329.0,8.0,0.0,4.807714624564015,2.5163620725453972,697.0,1.0,0.641845703125
-0.5411558,hourglass,0.4168724,train,108.0,54.0,8.0,0.0,7.758550493487222,1.7086246096796873,262.0,1.0,0.404296875
-0.40407228,hourglass,0.3169338,train,77.0,39.0,8.0,0.0,6.462855350154478,1.077837316629543,258.0,1.0,0.3095703125
-0.18327436,small_square_cross,0.570723,train,138.0,75.0,12.0,0.0,8.243097702588933,3.302235676176488,307.0,1.0,0.577392578125
-0.5416946,hourglass,0.5242778,train,128.0,71.0,5.0,0.0,8.393351079930232,2.6919067032269597,321.0,1.0,0.5205078125
-0.3573107,square,0.503603,train,440.0,248.0,13.0,0.0,4.029427763033128,1.4650692652160016,648.0,1.0,0.50927734375
-0.5040365,hourglass,0.5124678,train,150.0,80.0,10.0,0.0,8.588789269934773,2.566475645181347,305.0,1.0,0.505615234375
-0.41879842,hourglass,0.4208764,train,108.0,56.0,8.0,0.0,8.018299375596404,1.9292854373790382,262.0,1.0,0.409423828125
-0.36360583,cross_rectangular,0.504163,train,141.0,81.0,10.0,0.0,8.113016246048259,2.2279924430999762,293.0,1.0,0.504638671875
-0.49772123,hourglass,0.550692,train,132.0,68.0,4.0,0.0,8.301577748787405,2.3858965889182477,368.0,1.0,0.548583984375
-0.4316644,cross_rectangular,0.465834,train,154.0,88.0,12.0,0.0,6.500159574782714,2.0333877726229,362.0,1.0,0.478271484375
-0.44402838,hourglass,0.534471,train,254.0,137.0,6.0,0.0,7.0537669426474885,3.004761996670041,431.0,1.0,0.52880859375
-0.17611961,hexagonal,0.56182474,train,242.0,143.0,11.0,0.0,6.664605021964035,3.4882640579191984,465.0,1.0,0.563232421875
-0.42727295,hourglass,0.566063,train,217.0,115.0,9.0,0.0,7.487865660705621,3.102990543279266,422.0,1.0,0.56396484375
-0.11681158,hexagonal,0.50001925,train,101.0,56.0,7.0,0.0,8.6390291935947,2.5104633816846715,278.0,1.0,0.50341796875
-0.40095535,hourglass,0.32393888,train,79.0,39.0,8.0,0.0,6.642713724228396,1.2604126674361145,259.0,1.0,0.3154296875
-0.32077166,reentrant_bowtie,0.52365,train,271.0,149.0,8.0,0.0,7.49973311964502,3.520109554501462,339.0,1.0,0.527099609375
-0.5209452,hourglass,0.4855927,train,156.0,82.0,12.0,0.0,8.728707401237985,2.6940569714915386,290.0,1.0,0.480224609375
-0.41222137,circle,0.571357,train,555.0,304.0,15.0,0.0,4.704928424850719,2.2278642183160002,742.0,1.0,0.577880859375
-0.06997479,reentrant_bowtie,0.5355306,train,230.0,130.0,13.0,0.0,7.23844180910201,4.164348962503886,380.0,1.0,0.529052734375
-0.515747,hourglass,0.5224073,train,143.0,78.0,8.0,0.0,9.17197684917091,2.3257022288943903,279.0,1.0,0.510986328125
-0.4048554,square,0.59001,train,452.0,254.0,17.0,0.0,4.909439342696637,1.835928252227977,691.0,1.0,0.5966796875
-0.5791935,hourglass,0.43368614,train,106.0,57.0,8.0,0.0,8.276454152300015,1.658980127012503,262.0,1.0,0.42822265625
-0.5280181,hourglass,0.49586922,train,121.0,65.0,8.0,0.0,9.462923960048691,2.110229875235488,262.0,1.0,0.49072265625
-0.5065964,hourglass,0.4541527,train,136.0,70.0,9.0,0.0,8.473263836217152,2.0924496209945045,275.0,1.0,0.44873046875
-0.49570242,hourglass,0.39687836,train,97.0,50.0,8.0,0.0,7.555035684020949,1.8507437983316992,262.0,1.0,0.388916015625
-0.58602846,hourglass,0.539665,train,163.0,91.0,5.0,0.0,7.801519025154947,2.6895349407365354,370.0,1.0,0.5400390625
-0.39611587,hexagonal,0.548169,train,109.0,62.0,4.0,0.0,9.493256822039278,2.445611597796201,272.0,1.0,0.5498046875
-0.57441443,hourglass,0.5789702,train,173.0,100.0,6.0,0.0,8.332647212736466,2.5465955697460343,391.0,1.0,0.57080078125
-0.5789686,hourglass,0.4586583,train,116.0,63.0,8.0,0.0,8.732547744450034,2.1829260825502197,266.0,1.0,0.45361328125
-0.16892262,small_square_cross,0.596545,train,365.0,215.0,11.0,0.0,5.584722748973703,2.429587692793348,652.0,1.0,0.61279296875
-0.53101426,hourglass,0.49897465,train,121.0,65.0,8.0,0.0,9.647237463153164,2.0563363667450423,262.0,1.0,0.497314453125
-0.31875202,cross_rectangular,0.592172,train,331.0,189.0,20.0,0.0,5.427415112664276,2.6354980095954943,596.0,1.0,0.600341796875
-0.46225077,hourglass,0.4494265,train,115.0,58.0,8.0,0.0,8.529317780691816,1.9424536688621226,268.0,1.0,0.4462890625
-0.11381762,circle_half_quarter,0.641121,train,227.0,132.0,7.0,0.0,6.01093996883573,2.455850630040308,492.0,1.0,0.54443359375
-0.41108748,cross_rectangular,0.597069,train,414.0,225.0,24.0,0.0,6.149089562807259,3.5203171942112377,559.0,1.0,0.59423828125
-0.4271886,hourglass,0.524886,train,161.0,92.0,5.0,0.0,7.494957997624684,2.2657242818133754,367.0,1.0,0.52197265625
-0.5108785,hourglass,0.33740804,train,77.0,40.0,8.0,0.0,6.58793803766117,1.2240495162119247,258.0,1.0,0.3271484375
-0.40692022,hourglass,0.64989746,train,198.0,115.0,8.0,0.0,7.992749302082052,2.5753427963961437,426.0,1.0,0.60595703125
-0.3838768,hourglass,0.6125789,train,222.0,129.0,4.0,0.0,8.183698743415212,2.788200643574907,415.0,1.0,0.6064453125
-0.40437177,hourglass,0.5904365,train,169.0,100.0,4.0,0.0,8.39298488373456,2.507940091846247,388.0,1.0,0.578125
-0.7298578,hourglass,0.530315,train,247.0,140.0,6.0,0.0,6.8148590459669816,3.0775583257430217,417.0,1.0,0.52783203125
-0.19478896,circle,0.606071,train,197.0,114.0,4.0,0.0,6.515815010704156,2.48942081030351,490.0,1.0,0.584228515625
-0.27485275,hexagonal,0.57969165,train,199.0,113.0,8.0,0.0,6.948828329163178,3.516598570280651,429.0,1.0,0.577880859375
-0.07910097,reentrant_bowtie,0.570925,train,180.0,105.0,10.0,0.0,8.166547603684805,4.104488528360944,356.0,1.0,0.573974609375
-0.4364914,hourglass,0.561829,train,247.0,134.0,7.0,0.0,7.373139899824247,3.075519804706503,427.0,1.0,0.560546875
-0.8773771,hexagonal,0.5223421,train,168.0,91.0,10.0,0.0,8.220830632628834,3.261705524784638,308.0,1.0,0.520751953125
-0.58692807,hourglass,0.5809595,train,182.0,107.0,6.0,0.0,8.409822695461871,2.4081743758965577,389.0,1.0,0.56982421875
-0.42739642,hourglass,0.41648933,train,109.0,56.0,8.0,0.0,7.728484322780766,2.1028659548452175,264.0,1.0,0.402099609375
-0.08857361,hexagonal,0.558964,train,281.0,161.0,10.0,0.0,6.631568280743486,2.6420892246800087,480.0,1.0,0.5576171875
-0.48538652,hourglass,0.33072442,train,72.0,37.0,8.0,0.0,6.510228398680893,1.4033590483068665,261.0,1.0,0.321044921875
-0.40106738,circle,0.535553,train,524.0,305.0,6.0,0.0,3.8573137723810595,2.2580898557363605,722.0,1.0,0.532470703125
-0.5018438,hourglass,0.46155486,train,103.0,55.0,8.0,0.0,8.85793266168251,2.153198923072266,262.0,1.0,0.45703125
-0.5827681,hourglass,0.6265591,train,191.0,111.0,7.0,0.0,8.45860885705611,2.551117831066743,391.0,1.0,0.609619140625
-0.52885705,hourglass,0.3746425,val,92.0,46.0,8.0,0.0,6.9097600651834465,1.6113041652381699,258.0,1.0,0.3681640625
-0.052549556,reentrant_bowtie,0.542534,train,188.0,102.0,8.0,0.0,10.503457740895987,7.990719086107756,287.0,1.0,0.542724609375
-0.22897734,hexagonal,0.5391026,train,244.0,136.0,14.0,0.0,6.172394177891061,2.661234084560139,454.0,1.0,0.526123046875
-0.37604746,hourglass,0.6458889,train,183.0,106.0,5.0,0.0,8.572907752981116,2.7168299666404208,411.0,1.0,0.622802734375
-0.20618016,circle_half_quarter,0.545029,train,395.0,224.0,14.0,0.0,4.747793752111337,1.7958455695506428,557.0,1.0,0.53515625
-0.5935224,hourglass,0.56256527,train,161.0,86.0,4.0,0.0,8.090997584200405,2.697076126275408,390.0,1.0,0.55126953125
-0.3572433,hexagonal,0.533536,train,217.0,124.0,7.0,0.0,7.206073269760089,2.623659877780431,397.0,1.0,0.5244140625
-0.38446993,four_circle,0.676137,train,640.0,351.0,26.0,0.0,5.111818861410135,1.7115540358834946,732.0,1.0,0.673095703125
-0.33817118,square,0.547338,train,169.0,96.0,13.0,0.0,7.9920017207517695,2.8002456221216314,349.0,1.0,0.550048828125
-0.29583135,four_circle,0.547153,train,592.0,333.0,2.0,0.0,4.283935458481179,2.3796148667837023,818.0,1.0,0.573486328125
-0.065434024,reentrant_bowtie,0.53682846,train,206.0,118.0,8.0,0.0,7.603576649002716,4.789880528371659,375.0,1.0,0.53173828125
-0.493533,hourglass,0.5376523,train,216.0,117.0,8.0,0.0,7.0773365481263815,3.1625200313143202,399.0,1.0,0.521240234375
-0.52705044,hourglass,0.525771,train,185.0,99.0,6.0,0.0,7.764112213423139,2.646487270082172,375.0,1.0,0.5224609375
-0.5676772,hourglass,0.58007467,train,169.0,98.0,5.0,0.0,8.292161111385756,2.5919731812630644,391.0,1.0,0.569580078125
-0.38587317,small_square_cross,0.509863,train,465.0,266.0,16.0,0.0,4.0068422838607685,1.675820040160118,665.0,1.0,0.505126953125
-0.6458802,hourglass,0.531267,train,218.0,119.0,4.0,0.0,7.402130622974146,2.838065553609047,416.0,1.0,0.534912109375
-0.4040625,hexagonal,0.5309165,train,261.0,149.0,4.0,0.0,6.589634561253051,2.80896345137725,472.0,1.0,0.531982421875
-0.5155775,hourglass,0.5236026,train,137.0,75.0,7.0,0.0,9.373998981220542,2.130705940752637,272.0,1.0,0.513671875
-1.5639496,reentrant_bowtie,0.572865,train,112.0,62.0,4.0,0.0,10.601884345065782,8.551372653543698,270.0,1.0,0.569580078125
-0.54775655,hourglass,0.48332027,test,130.0,70.0,9.0,0.0,9.193644587044952,2.452389169755661,268.0,1.0,0.479248046875
-0.3939964,four_circle,0.51237,train,265.0,145.0,21.0,0.0,4.746075278220443,1.6119690955863641,566.0,1.0,0.5126953125
-0.41260663,hourglass,0.5708295,train,167.0,89.0,4.0,0.0,8.332838752785582,2.6678311648701416,383.0,1.0,0.558349609375
-0.0336738,reentrant_bowtie,0.5252925,train,217.0,122.0,6.0,0.0,9.323548794045601,7.280869489735429,265.0,1.0,0.523681640625
-0.54298997,hourglass,0.5238561,train,128.0,71.0,5.0,0.0,8.393351079930232,2.6919067032269597,321.0,1.0,0.5205078125
-0.48925662,hourglass,0.35129198,train,84.0,44.0,8.0,0.0,6.749903590279319,1.6002933876369374,262.0,1.0,0.34326171875
-0.40882304,hourglass,0.66325283,train,148.0,86.0,6.0,0.0,8.555332991332426,2.4629814062268047,400.0,1.0,0.617919921875
-0.5467314,hourglass,0.47634205,train,123.0,66.0,8.0,0.0,9.292036813127005,2.2851611842337545,266.0,1.0,0.47412109375
-0.5311541,hourglass,0.49849406,train,121.0,65.0,8.0,0.0,9.625303197313933,2.069984557841403,262.0,1.0,0.492919921875
-0.4053006,hexagonal,0.5616806,train,259.0,148.0,12.0,0.0,6.054556288737311,2.4355676095675154,502.0,1.0,0.567138671875
-0.48608246,hourglass,0.49802238,train,121.0,65.0,8.0,0.0,9.625303197313931,2.069984557841403,262.0,1.0,0.492919921875
-0.43072075,hourglass,0.553148,train,200.0,112.0,8.0,0.0,7.795592555941017,2.9588716160743376,401.0,1.0,0.54833984375
-0.108082905,reentrant_bowtie,0.545482,train,280.0,162.0,7.0,0.0,6.405807855449939,3.7127119966701754,430.0,1.0,0.540771484375
-0.41102132,hourglass,0.311408,train,64.0,34.0,8.0,0.0,6.291253932225942,0.7889604493267156,257.0,1.0,0.303955078125
-0.17044912,hexagonal,0.573541,train,256.0,143.0,11.0,0.0,8.312445928010654,3.2927691975471567,394.0,1.0,0.571044921875
-0.22457154,hexagonal,0.50491256,train,271.0,163.0,10.0,0.0,5.7700036183425745,2.752630913054017,492.0,1.0,0.514404296875
-0.35905325,hexagonal,0.50696516,train,235.0,132.0,8.0,0.0,6.580953357737756,3.4688004042901484,407.0,1.0,0.493896484375
-0.5466019,hourglass,0.47645745,train,123.0,66.0,8.0,0.0,9.292036813127005,2.2851611842337545,266.0,1.0,0.47412109375
-0.30919623,small_square_cross,0.56608,train,302.0,175.0,13.0,0.0,5.42895230842257,2.2553909011344224,514.0,1.0,0.556640625
-0.4535972,hourglass,0.5558553,train,183.0,102.0,7.0,0.0,7.707414010501478,2.160369839206727,392.0,1.0,0.547119140625
-0.34848678,small_square_cross,0.499044,train,204.0,114.0,14.0,0.0,6.799299935871514,2.651696101185717,355.0,1.0,0.49853515625
-0.57772815,hourglass,0.5593991,train,142.0,80.0,4.0,0.0,8.094861083645206,2.7559575393253617,385.0,1.0,0.5498046875
-0.46818766,nine_circle,0.546913,train,319.0,181.0,6.0,0.0,5.569006129926266,2.051765316863729,577.0,1.0,0.552978515625
-0.4677811,nine_circle,0.529781,train,347.0,199.0,5.0,0.0,5.538080046365184,2.3514491050866817,561.0,1.0,0.53271484375
-0.36220625,hexagonal,0.5229016,train,170.0,98.0,6.0,0.0,6.969964484272386,3.126689021196127,387.0,1.0,0.509521484375
-0.5749955,hourglass,0.44156232,train,116.0,58.0,8.0,0.0,8.401008555533382,2.007435384486546,267.0,1.0,0.433349609375
-0.46425393,hourglass,0.44640535,train,121.0,63.0,6.0,0.0,8.465388593035462,1.9508538272387186,271.0,1.0,0.43994140625
-0.38587317,small_square_cross,0.509863,train,461.0,264.0,18.0,0.0,4.008668453606241,1.665279538007606,667.0,1.0,0.505126953125
-0.41750222,hourglass,0.5825943,train,180.0,103.0,5.0,0.0,8.409826401739391,2.4567753952037537,389.0,1.0,0.570068359375
-0.52504885,hourglass,0.4050041,train,105.0,52.0,8.0,0.0,7.554242817592499,1.9977203801383105,261.0,1.0,0.39208984375
-0.35616243,hexagonal,0.54701555,train,173.0,96.0,4.0,0.0,8.176521672362984,2.7608302428965747,381.0,1.0,0.5498046875
-0.36934423,hourglass,0.63167274,train,196.0,112.0,7.0,0.0,8.438438007998995,2.7357866676771945,425.0,1.0,0.619140625
-0.5847891,hourglass,0.58775526,test,169.0,99.0,4.0,0.0,8.342726032698572,2.5768958379427183,381.0,1.0,0.57373046875
-0.48356348,hourglass,0.53818,train,217.0,118.0,9.0,0.0,7.077740902466083,3.1647842591212543,399.0,1.0,0.522216796875
-0.6125293,hourglass,0.45830834,train,128.0,69.0,9.0,0.0,8.780219818528046,2.282613187589518,271.0,1.0,0.45166015625
-0.4286988,hourglass,0.41261402,train,104.0,52.0,8.0,0.0,7.630676727467401,1.896451283360432,261.0,1.0,0.40185546875
-0.3088782,small_square_cross,0.593411,train,273.0,154.0,9.0,0.0,7.776017118710447,3.0918933501468326,381.0,1.0,0.603759765625
-0.30055344,cross_rectangular,0.533277,val,342.0,196.0,8.0,0.0,5.294520963153992,2.5545784192258876,588.0,1.0,0.5302734375
-0.4686075,hexagonal,0.547845,train,291.0,164.0,7.0,0.0,6.422269249160114,3.4531071829174538,472.0,1.0,0.544189453125
-0.61810994,hourglass,0.65806013,train,166.0,96.0,4.0,0.0,8.416606495737993,2.4765782463999075,403.0,1.0,0.6142578125
-0.3339585,grid_circular_voids,0.548274,train,202.0,118.0,5.0,0.0,6.187165118950268,2.5747266720836715,479.0,1.0,0.5556640625
-0.39273235,cross_rectangular,0.587132,train,442.0,257.0,20.0,0.0,4.446368481461586,1.9971280539299971,746.0,1.0,0.591064453125
-0.05868164,reentrant_bowtie,0.504388,train,232.0,124.0,5.0,0.0,8.481346254575659,7.218474192680299,303.0,1.0,0.50244140625
-0.48298842,hourglass,0.50042814,train,122.0,66.0,8.0,0.0,9.649122796389658,2.1076816601422403,261.0,1.0,0.49658203125
-0.42580122,hourglass,0.516819,train,153.0,82.0,6.0,0.0,7.5621330790522485,2.5352323292377106,362.0,1.0,0.51318359375
-0.5385468,hourglass,0.60891026,train,168.0,96.0,2.0,0.0,8.413409322074067,2.636072726393598,399.0,1.0,0.6015625
-0.509518,hourglass,0.69363576,train,113.0,64.0,8.0,0.0,10.301662806450274,2.6744974116000226,285.0,1.0,0.62255859375
-0.293609,circle,0.574264,train,193.0,114.0,8.0,0.0,6.311114797127721,1.9891493818658161,488.0,1.0,0.57666015625
-0.2756847,circle_half_quarter,0.540951,train,282.0,161.0,10.0,0.0,5.115746048805275,2.193390194641937,550.0,1.0,0.543701171875
-0.5753454,hourglass,0.43587136,train,106.0,57.0,8.0,0.0,8.287663212809491,1.6529558348960989,261.0,1.0,0.43017578125
-0.44131032,hexagonal,0.553142,val,311.0,174.0,7.0,0.0,6.113878811184481,3.530812899079089,546.0,1.0,0.552001953125
-0.34020355,hexagonal,0.5528904,train,205.0,118.0,7.0,0.0,7.536841855644212,3.3414079504112526,387.0,1.0,0.544189453125
-0.49948198,hourglass,0.33970407,train,77.0,40.0,8.0,0.0,6.58793803766117,1.2240495162119247,258.0,1.0,0.3271484375
-0.56283814,hourglass,0.5320706,train,197.0,106.0,7.0,0.0,7.207904648483722,2.781942703853328,391.0,1.0,0.513427734375
-0.058143698,reentrant_bowtie,0.581664,train,198.0,111.0,4.0,0.0,10.413676453666636,7.285314718981357,342.0,1.0,0.575439453125
-0.43425837,hourglass,0.43582803,train,98.0,52.0,8.0,0.0,8.163121647539382,1.7499390464572255,259.0,1.0,0.43017578125
-0.3517672,square,0.500627,train,510.0,277.0,16.0,0.0,3.9640352314311667,1.7981912920724508,699.0,1.0,0.493408203125
-0.04696446,reentrant_bowtie,0.555439,train,125.0,72.0,4.0,0.0,10.11959899400347,8.055401346205617,284.0,1.0,0.54638671875
-0.37960985,hexagonal,0.565216,train,314.0,173.0,6.0,0.0,6.567055656499837,3.00190727845628,523.0,1.0,0.57568359375
-0.52905595,hexagonal,0.54298764,train,172.0,93.0,7.0,0.0,9.786805288657476,3.112753221813924,291.0,1.0,0.534423828125
-0.5378467,hourglass,0.4744282,train,127.0,70.0,10.0,0.0,8.994146916690216,2.30637017436779,271.0,1.0,0.47216796875
-0.5280181,hourglass,0.49586922,train,121.0,65.0,8.0,0.0,9.462923960048691,2.110229875235488,262.0,1.0,0.49072265625
-0.40536463,hourglass,0.31790736,train,68.0,35.0,8.0,0.0,6.4605713283354405,1.0605806622138751,257.0,1.0,0.31005859375
-0.5570327,hexagonal,0.51577944,train,161.0,90.0,4.0,0.0,7.1472060433471,2.1793449794318427,405.0,1.0,0.517578125
-0.68456036,hourglass,0.6996548,test,151.0,83.0,11.0,0.0,10.456245565904018,2.6716131645144032,289.0,1.0,0.6142578125
-0.38307482,hourglass,0.64552504,train,211.0,121.0,6.0,0.0,8.523828506743177,2.6341387985969646,424.0,1.0,0.619873046875
-0.42261425,hourglass,0.5646875,train,171.0,93.0,4.0,0.0,8.081070141754532,2.7445541358015983,397.0,1.0,0.552734375
-0.4693108,hexagonal,0.554271,train,122.0,66.0,8.0,0.0,10.463185410137518,2.462109046761101,261.0,1.0,0.5576171875
-0.51399404,hourglass,0.33674014,train,77.0,40.0,8.0,0.0,6.58793803766117,1.2240495162119247,258.0,1.0,0.3271484375
-0.4511924,hourglass,0.43819234,train,106.0,57.0,8.0,0.0,8.265501364887719,1.6594368120078782,263.0,1.0,0.43017578125
-0.42865717,hourglass,0.550902,train,166.0,89.0,4.0,0.0,7.793891703849192,2.856471426926522,407.0,1.0,0.546142578125
-0.59124017,hexagonal,0.561121,train,186.0,100.0,4.0,0.0,8.333585311405365,3.004669664930336,386.0,1.0,0.56201171875
-0.27115807,hexagonal,0.577354,train,235.0,131.0,12.0,0.0,6.7240722009272345,2.6718503639219175,466.0,1.0,0.573486328125
-0.32605308,hexagonal,0.5044533,train,224.0,136.0,9.0,0.0,5.496495127006611,2.870428712043504,488.0,1.0,0.499267578125
-0.70349854,hourglass,0.6766903,train,153.0,90.0,4.0,0.0,8.479288861403523,2.453742513808258,396.0,1.0,0.614501953125
-0.31973284,reentrant_bowtie,0.540525,train,274.0,148.0,8.0,0.0,7.693946508870978,3.9308054914189685,358.0,1.0,0.546142578125
-0.6899561,hourglass,0.567852,train,261.0,143.0,10.0,0.0,7.491467517773973,3.321058503196327,429.0,1.0,0.56689453125
-0.3904913,nine_circle,0.584741,train,307.0,173.0,7.0,0.0,6.91344984284767,3.0616280161278913,496.0,1.0,0.588134765625
-0.5756323,hourglass,0.44221193,train,116.0,58.0,8.0,0.0,8.361974079496468,2.035879471915341,267.0,1.0,0.432861328125
-0.5003817,hourglass,0.4632041,train,115.0,61.0,8.0,0.0,8.94324835996089,2.106233420069594,268.0,1.0,0.458984375
-0.34851867,nine_circle,0.537411,val,443.0,242.0,25.0,0.0,4.558191020728152,2.54519676712089,682.0,1.0,0.529296875
-0.53075063,hourglass,0.60224307,train,179.0,102.0,5.0,0.0,8.33573045538707,2.618157729173935,401.0,1.0,0.591796875
-0.5740209,hourglass,0.43819234,train,105.0,56.0,8.0,0.0,8.220976661041204,1.6679193482768464,262.0,1.0,0.43017578125
-0.6090919,hexagonal,0.5206895,train,153.0,85.0,5.0,0.0,7.41335156035556,2.3208882868509915,395.0,1.0,0.521240234375
-0.5965335,hourglass,0.6342287,train,177.0,106.0,3.0,0.0,8.53823721499729,2.694087277343025,401.0,1.0,0.617919921875
-0.41926074,small_square_cross,0.525556,train,385.0,219.0,13.0,0.0,4.250716510123338,1.6436418114346607,670.0,1.0,0.51904296875
-0.5799199,hourglass,0.6379501,train,180.0,107.0,4.0,0.0,8.535212242387,2.393773585242985,400.0,1.0,0.6171875
-0.08480106,reentrant_bowtie,0.554148,val,222.0,131.0,6.0,0.0,7.233763691452485,4.149865155031146,390.0,1.0,0.552734375
-0.5379131,hourglass,0.48791,train,123.0,64.0,9.0,0.0,9.149598643280306,2.2778385304026463,270.0,1.0,0.486328125
-1.0494884,reentrant_bowtie,0.549352,train,218.0,127.0,6.0,0.0,7.22225513538996,4.457564255104146,389.0,1.0,0.552001953125
-0.44853055,cross_rectangular,0.567435,train,212.0,126.0,12.0,0.0,6.9034086390039215,2.3330128938619317,400.0,1.0,0.574462890625
-0.31048745,hexagonal,0.5200045,train,176.0,100.0,8.0,0.0,8.289036122439658,3.5803203824541643,317.0,1.0,0.508056640625
-0.2711417,circle,0.684126,train,215.0,118.0,11.0,0.0,9.726065554699446,3.3995033946060835,353.0,1.0,0.65966796875
-0.5312274,hourglass,0.49826455,train,127.0,68.0,8.0,0.0,9.595524644235478,2.093365846221857,263.0,1.0,0.492919921875
-0.41545993,hourglass,0.36782318,train,88.0,44.0,8.0,0.0,6.896788209412558,1.6844447808114593,263.0,1.0,0.3583984375
-0.42660075,hourglass,0.6021356,train,180.0,102.0,5.0,0.0,8.50029024258757,2.510270258202123,399.0,1.0,0.591552734375
-0.34186175,hourglass,0.30718315,train,62.0,32.0,8.0,0.0,6.006410786675561,1.2787070495296442,257.0,1.0,0.301513671875
-0.11014252,hexagonal,0.5088918,train,238.0,137.0,12.0,0.0,5.62532871075591,2.077572337418145,508.0,1.0,0.50537109375
-0.33613566,circle_half_quarter,0.551248,test,269.0,151.0,14.0,0.0,7.487438306835966,3.442573322325355,414.0,1.0,0.556396484375
-0.54163325,hexagonal,0.5338183,train,151.0,88.0,4.0,0.0,7.762672949787925,2.4926004926070444,377.0,1.0,0.5302734375
-0.40939656,hourglass,0.31015453,train,64.0,32.0,8.0,0.0,6.258397363475649,0.7431734648234487,257.0,1.0,0.30322265625
-0.20708483,cross_rectangular,0.559799,train,355.0,203.0,4.0,0.0,5.554558155227681,2.5880592470193484,557.0,1.0,0.563720703125
-0.453794,hourglass,0.33620796,train,77.0,40.0,8.0,0.0,6.585668006627729,1.2222281993739221,259.0,1.0,0.32666015625
-0.5985533,hourglass,0.5718533,train,167.0,89.0,4.0,0.0,8.362048816027357,2.6859860013447325,383.0,1.0,0.55859375
-0.093028486,reentrant_bowtie,0.553313,train,192.0,112.0,7.0,0.0,7.252800263193599,4.017022737743987,384.0,1.0,0.55322265625
-0.5770199,hourglass,0.6352597,train,155.0,95.0,3.0,0.0,8.458252684993731,2.70016281407844,401.0,1.0,0.621337890625
-0.5444337,hourglass,0.6096686,val,175.0,99.0,4.0,0.0,8.449394340718936,2.6842626807420253,405.0,1.0,0.603759765625
-0.3205136,small_square_cross,0.55503,val,350.0,197.0,10.0,0.0,4.859776359218548,2.0726221040331407,599.0,1.0,0.561279296875
-0.5016514,hourglass,0.5491317,train,140.0,72.0,9.0,0.0,8.355930993893384,2.372225334567545,363.0,1.0,0.546875
-0.46071023,hourglass,0.3832736,train,92.0,46.0,8.0,0.0,7.016405458908948,1.5389964375034528,259.0,1.0,0.37255859375
-0.53817946,hourglass,0.4877212,train,130.0,68.0,9.0,0.0,9.144228966490298,2.3091084248880187,274.0,1.0,0.48583984375
-0.6576229,hourglass,0.6957398,train,101.0,57.0,8.0,0.0,10.655059948162528,2.593089752051307,283.0,1.0,0.634765625
-0.085774444,reentrant_bowtie,0.52611595,train,184.0,103.0,6.0,0.0,9.492256918871242,7.140585947739173,253.0,1.0,0.524658203125
-0.5769807,hourglass,0.58191067,train,187.0,106.0,5.0,0.0,8.300443312287824,2.56106444196678,390.0,1.0,0.56884765625
-0.41845787,grid_circular_voids,0.578826,train,156.0,90.0,9.0,0.0,6.527262348707761,2.6471339957581286,449.0,1.0,0.570556640625
-0.2210063,small_square_cross,0.503821,val,151.0,86.0,12.0,0.0,7.505630206561454,2.693313876927694,311.0,1.0,0.5068359375
-0.5312495,hourglass,0.49818406,train,127.0,68.0,8.0,0.0,9.595524644235478,2.093365846221857,263.0,1.0,0.492919921875
-0.42517284,hourglass,0.35415283,train,84.0,44.0,8.0,0.0,6.7721759112552675,1.5968240878293083,262.0,1.0,0.345947265625
-0.41253325,hourglass,0.5698696,train,178.0,97.0,3.0,0.0,8.194034797015556,2.731359623130551,395.0,1.0,0.556640625
-0.5120328,hourglass,0.536065,train,125.0,66.0,4.0,0.0,8.2023405926798,2.3303969781810583,361.0,1.0,0.530517578125
-0.6712255,hourglass,0.6984308,train,134.0,75.0,8.0,0.0,10.533473211284067,2.7704354777780997,286.0,1.0,0.623291015625
-0.56206244,hourglass,0.5323187,train,206.0,109.0,8.0,0.0,7.234008458153043,2.800149781545162,396.0,1.0,0.51318359375
-0.4344752,hexagonal,0.533474,val,218.0,115.0,14.0,0.0,9.148571875545775,3.4619428890691437,339.0,1.0,0.536376953125
-0.5827681,hourglass,0.6265591,train,193.0,112.0,9.0,0.0,8.508445209896836,2.5298566250231023,388.0,1.0,0.609619140625
-0.5683994,hourglass,0.53415686,train,207.0,110.0,7.0,0.0,7.473841200232365,3.0171075592008245,387.0,1.0,0.5146484375
-0.43908298,hourglass,0.33740804,train,77.0,40.0,8.0,0.0,6.58793803766117,1.2240495162119247,258.0,1.0,0.3271484375
-0.026664918,reentrant_bowtie,0.52930784,val,298.0,168.0,4.0,0.0,9.120019980512456,7.134574873948457,416.0,1.0,0.540771484375
-0.2065287,hexagonal,0.52833766,train,156.0,84.0,14.0,0.0,7.816569487572954,3.2919809965795537,312.0,1.0,0.520751953125
-0.21892129,small_square_cross,0.656672,test,168.0,99.0,7.0,0.0,7.410184405715477,2.8981356737244837,429.0,1.0,0.60302734375
-0.36326233,grid_circular_voids,0.624021,train,71.0,40.0,5.0,0.0,8.474214284612007,2.7453139824528967,424.0,1.0,0.631591796875
-0.30852443,nine_circle,0.507618,train,397.0,227.0,18.0,0.0,3.9438717870677773,1.67029897047983,686.0,1.0,0.506103515625
-0.051612925,reentrant_bowtie,0.51846826,train,126.0,67.0,6.0,0.0,10.06322265572409,6.770869364658211,221.0,1.0,0.52587890625
-0.032297578,reentrant_bowtie,0.5099881,train,121.0,65.0,7.0,0.0,10.794072423434033,7.046555142925493,229.0,1.0,0.514892578125
-0.5367839,hourglass,0.48474577,val,131.0,71.0,11.0,0.0,8.830935733628445,2.343679785740675,276.0,1.0,0.481689453125
-0.5383991,hourglass,0.5231517,train,137.0,75.0,7.0,0.0,9.335579118686764,2.191539384013179,272.0,1.0,0.512939453125
-0.7401283,hexagonal,0.565393,train,114.0,63.0,6.0,0.0,9.62028384757411,4.395992134043796,319.0,1.0,0.563232421875
-0.5984106,hourglass,0.5725843,train,168.0,92.0,4.0,0.0,8.174484480846548,2.686710369476913,394.0,1.0,0.560546875
-0.38102928,hourglass,0.66985786,train,168.0,101.0,4.0,0.0,8.625741198072458,2.3551196962947616,400.0,1.0,0.624755859375
-0.2960907,nine_circle,0.520579,train,386.0,223.0,5.0,0.0,5.009015638787766,2.220929210493182,615.0,1.0,0.526611328125
-0.23218773,circle_half_quarter,0.524574,train,326.0,186.0,12.0,0.0,5.419363617708975,2.231000100333251,542.0,1.0,0.5361328125
-0.5165718,hourglass,0.37693727,train,92.0,46.0,8.0,0.0,6.912939819741713,1.5911862667998073,262.0,1.0,0.36962890625
-0.29516563,hexagonal,0.507698,train,166.0,94.0,16.0,0.0,7.230716148040388,2.619237667394647,355.0,1.0,0.5078125
-0.40238208,hourglass,0.315823,train,60.0,33.0,8.0,0.0,6.382600316616105,0.9029697529832236,255.0,1.0,0.3076171875
-0.5253019,hexagonal,0.53882045,train,150.0,79.0,10.0,0.0,9.751018590038257,3.0006095984157413,279.0,1.0,0.528076171875
-0.15854764,reentrant_bowtie,0.509699,train,96.0,56.0,8.0,0.0,8.71775491195896,2.6128536356386802,259.0,1.0,0.509765625
-0.31422305,reentrant_bowtie,0.520686,train,244.0,138.0,9.0,0.0,7.623430368676958,3.3606016961904985,329.0,1.0,0.52294921875
-0.33904642,grid_circular_voids,0.570713,train,381.0,227.0,10.0,0.0,5.369636571837545,2.660415242277388,583.0,1.0,0.5654296875
-0.26274076,square,0.552733,train,292.0,176.0,10.0,0.0,5.064383132683517,2.5308982310650867,599.0,1.0,0.555419921875
-0.37136617,nine_circle,0.620409,train,197.0,108.0,4.0,0.0,7.999103093192261,2.228108720266496,421.0,1.0,0.625
-0.69879186,hourglass,0.66759175,train,152.0,89.0,4.0,0.0,8.632724504970467,2.6509818748681386,397.0,1.0,0.616455078125
-0.58450896,hourglass,0.5876688,train,166.0,98.0,4.0,0.0,8.42464717580028,2.4853877814162835,382.0,1.0,0.57373046875
-0.39527228,hourglass,0.555439,train,235.0,131.0,4.0,0.0,7.494633271547293,3.1404399031996393,439.0,1.0,0.55029296875
-0.32442206,circle,0.592391,train,404.0,228.0,9.0,0.0,5.474168308218687,3.122509805374984,621.0,1.0,0.5888671875
-0.55971265,hourglass,0.593173,train,167.0,99.0,2.0,0.0,8.359343820343772,2.426247517408182,392.0,1.0,0.572265625
-0.115506254,circle_half_quarter,0.656294,train,213.0,123.0,12.0,0.0,6.078128667050073,2.4966590955303394,486.0,1.0,0.540771484375
-0.43118718,hourglass,0.35233694,train,88.0,44.0,8.0,0.0,6.612031297340683,1.3869490525315238,263.0,1.0,0.345703125
-0.37933424,grid_circular_voids,0.533807,train,191.0,112.0,10.0,0.0,6.504432595674137,1.8781762212073307,449.0,1.0,0.54052734375
-0.6067073,hourglass,0.51072687,train,162.0,83.0,10.0,0.0,8.44549553150414,2.484346304935868,307.0,1.0,0.50390625
-0.60053706,hourglass,0.64869857,train,182.0,105.0,7.0,0.0,8.36734919853789,2.6158314697411975,421.0,1.0,0.6142578125
-0.5694984,hourglass,0.507049,train,175.0,96.0,5.0,0.0,7.641415935051369,2.4440486426412678,373.0,1.0,0.503662109375
-0.40242496,hourglass,0.508855,train,226.0,128.0,5.0,0.0,7.088422611303823,2.7378626112014928,418.0,1.0,0.511474609375
-0.24184795,hexagonal,0.5460374,train,285.0,159.0,8.0,0.0,6.360945225152474,3.1409858350810764,507.0,1.0,0.55419921875
-0.267019,reentrant_bowtie,0.527575,train,112.0,60.0,8.0,0.0,8.070694842552276,2.404033634570568,284.0,1.0,0.5166015625
-0.28620002,hexagonal,0.566064,train,243.0,138.0,15.0,0.0,6.9411706851600705,3.2225918098764414,485.0,1.0,0.5673828125
-0.53612447,hourglass,0.42727008,train,132.0,71.0,12.0,0.0,7.587182737238645,2.127874074259471,279.0,1.0,0.41455078125
-0.5376477,hourglass,0.4838129,train,112.0,60.0,8.0,0.0,9.095314289974363,2.08035803301631,266.0,1.0,0.47900390625
-0.31921813,hexagonal,0.509561,train,197.0,101.0,12.0,0.0,8.500132282875807,3.4625165725065292,315.0,1.0,0.50341796875
-0.3358954,hexagonal,0.5373574,train,166.0,96.0,4.0,0.0,7.520931531458125,2.7603862268938646,391.0,1.0,0.5283203125
-0.47664064,hourglass,0.6845884,train,142.0,82.0,13.0,0.0,9.994555039380963,2.5842612075070273,302.0,1.0,0.6201171875
-0.40675834,hourglass,0.3182703,train,75.0,38.0,8.0,0.0,6.489516771825838,1.0554483862275714,259.0,1.0,0.310302734375
-0.20618016,circle_half_quarter,0.545029,train,399.0,227.0,12.0,0.0,4.744300447023866,1.8362546267370092,551.0,1.0,0.53515625
-0.4057783,hourglass,0.32579628,train,78.0,37.0,8.0,0.0,6.630196372722172,1.219282537107618,260.0,1.0,0.318603515625
-0.5289531,hourglass,0.34909603,train,88.0,44.0,8.0,0.0,6.870724216903116,1.5752338439157876,263.0,1.0,0.33837890625
-0.35521305,hexagonal,0.518637,val,157.0,87.0,12.0,0.0,8.209509234323837,2.617386363971674,308.0,1.0,0.520263671875
-0.38775557,grid_circular_voids,0.567822,train,102.0,62.0,3.0,0.0,7.556059713501651,2.058954817214471,429.0,1.0,0.571044921875
-0.57142067,hourglass,0.44710374,train,118.0,59.0,8.0,0.0,8.445106451974187,2.0238348133932793,267.0,1.0,0.43994140625
-0.655714,hourglass,0.554642,train,195.0,110.0,8.0,0.0,7.793611592872561,3.004740015466889,398.0,1.0,0.552978515625
-0.65358293,hourglass,0.553784,test,265.0,144.0,8.0,0.0,7.500944832384886,2.981704383838869,433.0,1.0,0.547119140625
-0.4310943,hourglass,0.5751851,train,175.0,99.0,2.0,0.0,8.017562718992169,2.5978820368388376,396.0,1.0,0.564208984375
-0.32685792,square,0.571269,train,369.0,211.0,20.0,0.0,5.135411170024014,1.4340064889668092,569.0,1.0,0.572021484375
-0.550334,hourglass,0.4786906,val,121.0,65.0,8.0,0.0,9.26527275506128,2.3346522062465476,267.0,1.0,0.47705078125
-0.53386456,hourglass,0.41948608,train,105.0,54.0,8.0,0.0,7.919966006212796,1.9184026502882485,261.0,1.0,0.407958984375
-0.5702249,hourglass,0.5432572,train,150.0,84.0,4.0,0.0,7.8217457049725025,2.625712893828699,378.0,1.0,0.540283203125
-0.3863277,hourglass,0.6183893,train,172.0,99.0,2.0,0.0,8.601553067411496,2.8033321890510448,401.0,1.0,0.60986328125
-0.5327153,hourglass,0.47308198,test,134.0,73.0,10.0,0.0,8.834155448225646,2.263301279419136,273.0,1.0,0.466552734375
-0.53336394,hourglass,0.40945616,train,110.0,55.0,9.0,0.0,7.502561762243585,1.9498185986471184,266.0,1.0,0.396728515625
-0.38457662,square,0.561804,train,120.0,71.0,12.0,0.0,8.470755167470871,2.358481699107203,310.0,1.0,0.56201171875
-0.6189914,hexagonal,0.5196722,train,191.0,109.0,6.0,0.0,7.072429874079039,2.522810745988041,396.0,1.0,0.517578125
-0.6143451,hourglass,0.6363794,train,142.0,84.0,4.0,0.0,8.381032324430244,2.367864444038179,396.0,1.0,0.61962890625
-0.35559177,hexagonal,0.5647142,train,195.0,114.0,8.0,0.0,7.782136661888471,3.61635668315011,383.0,1.0,0.564697265625
-0.5585164,hourglass,0.48573396,train,156.0,82.0,12.0,0.0,8.735219621306946,2.693428829055875,290.0,1.0,0.480712890625
-0.26502284,cross_rectangular,0.682985,train,162.0,93.0,11.0,0.0,9.089790655706313,2.997376941021214,327.0,1.0,0.591796875
-0.5004092,grid_circular_voids,0.577598,val,225.0,124.0,4.0,0.0,7.087549498109907,2.4948028409036658,446.0,1.0,0.580810546875
-0.404845,hourglass,0.31742427,train,73.0,39.0,8.0,0.0,6.4376451854492,1.0260840595538405,258.0,1.0,0.308837890625
-0.07665102,reentrant_bowtie,0.571361,train,197.0,109.0,10.0,0.0,8.203511878374908,4.089612215434294,355.0,1.0,0.57958984375
-0.5192612,hourglass,0.51495355,train,157.0,85.0,9.0,0.0,9.33173667011772,2.243520906985719,279.0,1.0,0.506591796875
-0.6985581,hexagonal,0.5734741,train,94.0,54.0,10.0,0.0,8.81998431748303,2.9111895599211373,277.0,1.0,0.568603515625
-0.5585155,hourglass,0.61238974,val,249.0,143.0,6.0,0.0,8.075462420443994,2.9205759430040463,420.0,1.0,0.608154296875
-0.091859475,square,0.521706,train,165.0,91.0,15.0,0.0,8.54628547031908,2.3413468306418,311.0,1.0,0.525390625
-0.3725365,reentrant_bowtie,0.505161,train,171.0,100.0,8.0,0.0,7.853477426329617,3.2835180889170976,314.0,1.0,0.505615234375
-0.47584012,hexagonal,0.568833,test,216.0,121.0,6.0,0.0,8.066675143266687,3.091167829323325,399.0,1.0,0.57080078125
-0.49543035,hourglass,0.34044906,train,77.0,40.0,8.0,0.0,6.595148166310787,1.2232206368529577,258.0,1.0,0.32861328125
-0.5724397,hourglass,0.551429,train,192.0,107.0,7.0,0.0,7.5998862996822565,2.7911370766445507,390.0,1.0,0.54443359375
-0.31862774,four_circle,0.558224,train,460.0,259.0,20.0,0.0,5.156938719225859,2.0523288899335985,593.0,1.0,0.565185546875
-0.35725677,circle,0.508585,train,151.0,86.0,11.0,0.0,6.387000044842514,1.7689848360736857,416.0,1.0,0.5234375
-0.5694611,hourglass,0.54354686,train,169.0,98.0,3.0,0.0,8.025130405396654,2.5762103588002563,379.0,1.0,0.540283203125
-0.554265,hourglass,0.61925,train,178.0,100.0,3.0,0.0,8.549353820866713,2.7216359717711556,401.0,1.0,0.606201171875
-0.39367446,nine_circle,0.50579,train,171.0,98.0,6.0,0.0,6.645742254626038,1.9233226786064472,415.0,1.0,0.5205078125
-0.29046136,square,0.546239,train,181.0,110.0,4.0,0.0,6.15254419011928,1.9238746174642074,481.0,1.0,0.55078125
-0.528945,hourglass,0.34907103,train,90.0,45.0,8.0,0.0,6.876026868241582,1.5762338222335368,263.0,1.0,0.33837890625
-0.43875065,hourglass,0.576999,train,332.0,188.0,6.0,0.0,7.095933780943631,3.553606046444338,510.0,1.0,0.58251953125
-0.61350113,hourglass,0.5139273,train,161.0,84.0,10.0,0.0,8.554149865839628,2.559864144359369,307.0,1.0,0.5068359375
-0.6198837,hexagonal,0.5354124,train,269.0,156.0,4.0,0.0,6.766561869542423,2.922669785420474,469.0,1.0,0.541748046875
-0.06554334,cross_rectangular,0.451754,train,124.0,73.0,10.0,0.0,6.733172844749584,1.6623641749499845,323.0,1.0,0.458984375
-0.58604985,hourglass,0.5879149,train,169.0,99.0,4.0,0.0,8.347975376530593,2.57415379159058,381.0,1.0,0.573974609375
-0.17020848,reentrant_bowtie,0.538547,train,329.0,190.0,7.0,0.0,6.354001222917601,3.386829042673263,487.0,1.0,0.54345703125
-0.08604888,reentrant_bowtie,0.51122135,train,118.0,63.0,6.0,0.0,10.512275986738576,6.873200912816518,215.0,1.0,0.515380859375
-0.378353,circle,0.539506,train,381.0,219.0,13.0,0.0,4.6286724624068425,1.5246527976061726,606.0,1.0,0.543212890625
-0.6522742,hourglass,0.526466,train,189.0,101.0,4.0,0.0,7.520515241272307,2.829303324478914,412.0,1.0,0.524169921875
-0.5716708,hourglass,0.43891534,train,105.0,56.0,8.0,0.0,8.241399902870695,1.6540302870809875,262.0,1.0,0.43115234375
-0.6542424,hourglass,0.6857412,train,134.0,76.0,11.0,0.0,10.011425224402286,2.7735674593583384,305.0,1.0,0.613525390625
-0.541435,hourglass,0.34280428,train,80.0,44.0,8.0,0.0,6.789142035585031,1.488369150561999,260.0,1.0,0.333251953125
-0.45349008,hourglass,0.33623776,train,77.0,40.0,8.0,0.0,6.579768917650894,1.228710622320811,259.0,1.0,0.32666015625
-0.08077168,hexagonal,0.56295675,train,239.0,139.0,9.0,0.0,7.335447745968957,4.535343259843731,439.0,1.0,0.561279296875
-0.40445054,hourglass,0.579622,train,181.0,104.0,2.0,0.0,8.071080529836415,3.1243407680247826,416.0,1.0,0.576416015625
-0.51972646,hourglass,0.4866247,train,130.0,69.0,9.0,0.0,9.092663197003322,2.3231455825294334,272.0,1.0,0.48486328125
-0.3264816,nine_circle,0.579935,train,514.0,281.0,6.0,0.0,4.840920677241823,1.8691151842024003,612.0,1.0,0.5888671875
-0.36037448,hexagonal,0.5674435,train,395.0,216.0,15.0,0.0,5.470902105482402,2.3738294907513073,562.0,1.0,0.55712890625
-0.54089606,hourglass,0.34473592,train,87.0,47.0,8.0,0.0,6.891966880676515,1.5717054954771232,262.0,1.0,0.3349609375
-0.6000001,hourglass,0.5708497,train,161.0,88.0,4.0,0.0,8.196747756564061,2.7317651573566653,382.0,1.0,0.557861328125
-0.3561344,hexagonal,0.5475933,train,182.0,98.0,4.0,0.0,7.983384803806263,2.8456261299985544,381.0,1.0,0.550537109375
-0.5242318,hourglass,0.4232145,val,109.0,56.0,8.0,0.0,8.03155706847288,1.937429493064499,262.0,1.0,0.41162109375
-0.37673807,hourglass,0.63075155,train,170.0,100.0,3.0,0.0,8.539644864935319,2.405091595092343,400.0,1.0,0.615478515625
-0.28055406,small_square_cross,0.560911,train,238.0,142.0,6.0,0.0,6.3897478043931075,2.229056716742733,494.0,1.0,0.575927734375
-0.4259699,cross_rectangular,0.568679,train,636.0,349.0,23.0,0.0,4.205840426364867,1.729796702082543,775.0,1.0,0.56689453125
-0.22060055,small_square_cross,0.583747,train,718.0,410.0,6.0,0.0,4.524804402388928,3.072594516568976,844.0,1.0,0.6005859375
-0.53548604,hexagonal,0.51019907,train,169.0,95.0,5.0,0.0,7.02930694558951,2.4242657478225316,399.0,1.0,0.518798828125
-0.5616829,hourglass,0.5322268,train,199.0,110.0,7.0,0.0,6.97263337334818,2.6557874130876087,401.0,1.0,0.51220703125
-0.5655126,hourglass,0.64377385,train,184.0,107.0,3.0,0.0,8.642732058868749,2.548381752430545,403.0,1.0,0.630126953125
-0.48300597,hourglass,0.50030214,train,128.0,69.0,8.0,0.0,9.65671443442498,2.0989666526113124,263.0,1.0,0.49658203125
-0.42928484,hourglass,0.4087763,train,107.0,53.0,8.0,0.0,7.5131560320556465,1.9166894790753075,264.0,1.0,0.393798828125
-0.38656306,hourglass,0.6172862,train,174.0,99.0,6.0,0.0,8.36916417859875,2.8547151598657305,416.0,1.0,0.611083984375
-0.66205186,hourglass,0.6838795,train,130.0,74.0,10.0,0.0,9.91454997781418,2.643282928304156,305.0,1.0,0.623291015625
-0.29516563,hexagonal,0.507698,train,181.0,103.0,16.0,0.0,7.182130324620496,2.6139499492617198,356.0,1.0,0.5078125
-0.4806385,reentrant_bowtie,0.520862,train,188.0,108.0,8.0,0.0,8.228101712919317,3.7184111397896817,301.0,1.0,0.52587890625
-0.4213781,hourglass,0.499937,train,184.0,98.0,7.0,0.0,6.697419552856621,3.0880938959710096,388.0,1.0,0.491455078125
-0.4110662,hexagonal,0.5056806,train,54.0,31.0,8.0,0.0,8.701932888719053,1.7738638639600508,262.0,1.0,0.49853515625
-0.4671716,hexagonal,0.5533524,train,184.0,96.0,5.0,0.0,8.739355635399384,3.2222196111673296,332.0,1.0,0.546630859375
-0.57359934,hourglass,0.44616246,train,121.0,63.0,6.0,0.0,8.465388593035462,1.9508538272387186,271.0,1.0,0.43994140625
-0.55206025,hourglass,0.46427307,train,103.0,55.0,8.0,0.0,8.915157308027185,2.1080617983714496,263.0,1.0,0.459228515625
-0.54850894,hourglass,0.5772351,train,165.0,97.0,3.0,0.0,7.989400429550647,2.620969434445188,400.0,1.0,0.56494140625
-0.4443877,hourglass,0.522799,train,202.0,112.0,6.0,0.0,6.73553961035946,3.191557129206239,439.0,1.0,0.52001953125
-0.06887598,reentrant_bowtie,0.53864807,train,218.0,124.0,12.0,0.0,7.360240231640642,4.180294694460968,375.0,1.0,0.53173828125
-0.39883018,hourglass,0.6377334,train,168.0,99.0,3.0,0.0,8.526206744073038,2.3751484255661897,397.0,1.0,0.617431640625
-0.58180237,hourglass,0.59667367,train,164.0,97.0,4.0,0.0,8.512121953919994,2.4871439654252336,380.0,1.0,0.575439453125
-0.5599171,hourglass,0.61870915,train,178.0,100.0,2.0,0.0,8.558767534677921,2.7919312014227518,401.0,1.0,0.607666015625
-0.5020617,hourglass,0.40090114,train,97.0,48.0,8.0,0.0,7.523168936893551,1.9014914159614886,262.0,1.0,0.392822265625
-0.6136372,hourglass,0.5143196,train,161.0,84.0,10.0,0.0,8.554149865839628,2.559864144359369,307.0,1.0,0.50732421875
-0.81825906,reentrant_bowtie,0.5389649,train,182.0,103.0,13.0,0.0,7.613499426480925,4.332956366736019,346.0,1.0,0.53369140625
-0.528945,hourglass,0.34884396,train,90.0,45.0,8.0,0.0,6.876026868241582,1.5762338222335368,263.0,1.0,0.33837890625
-0.09250648,reentrant_bowtie,0.553896,train,295.0,168.0,10.0,0.0,6.7786865623370876,4.219657101064755,410.0,1.0,0.55029296875
-0.3647076,nine_circle,0.550266,train,113.0,70.0,0.0,0.0,7.35624719113867,1.8617154470330777,448.0,1.0,0.562744140625
-0.42950022,hexagonal,0.545075,train,411.0,231.0,14.0,0.0,4.757760319811341,2.1139193482329506,648.0,1.0,0.54541015625
-0.53747463,hourglass,0.48396358,train,116.0,62.0,8.0,0.0,9.09354294163494,2.086205380120646,268.0,1.0,0.47900390625
-0.58391345,hourglass,0.58799875,train,166.0,98.0,4.0,0.0,8.430864980658203,2.476928614993781,382.0,1.0,0.574951171875
-0.55696595,hourglass,0.6183893,train,176.0,99.0,3.0,0.0,8.700251169281744,2.8523768214528165,401.0,1.0,0.60986328125
-0.21954519,hexagonal,0.5511643,train,217.0,127.0,13.0,0.0,6.441383557326185,2.7776300507378178,421.0,1.0,0.5458984375
-0.54351157,hourglass,0.5080718,train,125.0,68.0,9.0,0.0,9.362063377523013,2.376015490824957,269.0,1.0,0.503662109375
-0.40026715,nine_circle,0.615292,train,177.0,106.0,4.0,0.0,7.581365036120827,2.752702384934025,459.0,1.0,0.62353515625
-0.3172381,four_circle,0.551306,train,486.0,268.0,18.0,0.0,5.090138195343355,2.630501862942719,661.0,1.0,0.563720703125
-0.5222257,hourglass,0.37306064,train,96.0,48.0,8.0,0.0,6.818606224647734,1.5699630754059586,263.0,1.0,0.359375
-0.137247,four_circle,0.532904,train,280.0,164.0,16.0,0.0,5.027915477970056,1.2967940166141494,547.0,1.0,0.544921875
-0.41224724,hexagonal,0.505613,train,159.0,87.0,7.0,0.0,8.558492816362534,3.2416250424225086,295.0,1.0,0.5029296875
-0.4508521,hexagonal,0.564665,train,352.0,195.0,14.0,0.0,5.989233046787958,3.5147198519025107,571.0,1.0,0.567138671875
-0.5419751,hourglass,0.34381464,train,84.0,46.0,8.0,0.0,6.8425012805557595,1.5162289312478296,261.0,1.0,0.334716796875
-0.3016182,hourglass,0.3092342,train,62.0,34.0,8.0,0.0,6.268584272925037,1.20496179412426,257.0,1.0,0.304443359375
-0.2792707,four_circle,0.617031,train,383.0,223.0,19.0,0.0,6.0693033185797045,2.92239094258114,552.0,1.0,0.59521484375
-0.4258494,hourglass,0.41938028,train,105.0,54.0,8.0,0.0,7.919966006212796,1.9184026502882485,261.0,1.0,0.407958984375
-0.7492191,reentrant_bowtie,0.527233,train,320.0,176.0,8.0,0.0,6.914111621861413,2.7636654193466805,402.0,1.0,0.533447265625
-0.33356673,hexagonal,0.559492,train,265.0,151.0,14.0,0.0,6.130509858826606,3.139163721571365,512.0,1.0,0.55712890625
-0.42138973,hourglass,0.36240745,train,84.0,42.0,8.0,0.0,6.855259642546965,1.7114553325764184,262.0,1.0,0.354736328125
-0.41887,hourglass,0.505396,train,106.0,60.0,6.0,0.0,8.110630328762761,3.2309710678817827,307.0,1.0,0.497314453125
-0.18374485,circle_half_quarter,0.542043,train,86.0,48.0,8.0,0.0,9.329959030333525,3.2709025157910334,245.0,1.0,0.5146484375
-0.49379328,hourglass,0.3974847,train,93.0,48.0,8.0,0.0,7.549246248099712,1.8747341710197711,261.0,1.0,0.388916015625
-0.47658965,nine_circle,0.556187,train,200.0,116.0,14.0,1.0,6.019976075116794,2.0732031057439593,431.0,1.0,0.546875
-0.048969433,reentrant_bowtie,0.5186183,train,121.0,65.0,6.0,0.0,10.02892702762618,6.619991873055416,218.0,1.0,0.52490234375
-0.10316644,reentrant_bowtie,0.574456,train,139.0,76.0,10.0,0.0,9.171796366656162,4.198589216462221,320.0,1.0,0.580078125
-0.101536736,reentrant_bowtie,0.546163,train,256.0,149.0,6.0,0.0,6.944205547455492,3.707282839809736,411.0,1.0,0.5478515625
-0.24437651,small_square_cross,0.517846,train,310.0,179.0,17.0,0.0,5.096941254464785,2.0071573145219728,534.0,1.0,0.526123046875
-0.34622338,circle,0.562974,train,287.0,155.0,12.0,0.0,7.391968742739171,3.354058317512707,385.0,1.0,0.571044921875
-0.6473591,hexagonal,0.580574,train,191.0,104.0,10.0,0.0,8.660190764729775,4.139826997542224,321.0,1.0,0.5771484375
-0.3934856,hourglass,0.6113873,train,172.0,95.0,2.0,0.0,8.527083936182429,2.6176544805498554,403.0,1.0,0.606689453125
-0.1597011,reentrant_bowtie,0.50433606,train,87.0,49.0,8.0,0.0,9.009677807249647,3.725697776227884,254.0,1.0,0.51416015625
-0.2757733,hexagonal,0.523704,train,290.0,164.0,11.0,0.0,5.685504981645199,2.7040980946980246,485.0,1.0,0.526123046875
-0.3126584,grid_circular_voids,0.580625,train,457.0,259.0,9.0,0.0,5.306347526493969,2.380135363613584,608.0,1.0,0.574951171875
-0.49382332,hourglass,0.40283272,train,97.0,48.0,8.0,0.0,7.507901761321032,1.9056261811678985,262.0,1.0,0.39306640625
-0.30288398,four_circle,0.498751,train,314.0,176.0,24.0,0.0,4.330502503344058,1.4563379600770265,604.0,1.0,0.500244140625
-0.56038463,hourglass,0.5149975,train,157.0,85.0,9.0,0.0,9.310231293773635,2.265659579045956,279.0,1.0,0.506103515625
-0.5023895,hourglass,0.69529885,train,105.0,60.0,9.0,0.0,10.254724717138506,2.7777006634460437,288.0,1.0,0.62255859375
-0.5582071,hourglass,0.58529794,train,176.0,98.0,3.0,0.0,8.217708309149643,2.334855161834576,395.0,1.0,0.571044921875
-0.42513752,hourglass,0.3530863,train,80.0,40.0,8.0,0.0,6.6064771102102195,1.5168455246085997,261.0,1.0,0.33837890625
-0.4129933,hourglass,0.5665825,train,182.0,102.0,3.0,0.0,8.034967084061607,2.5026834720079107,398.0,1.0,0.5546875
-0.053692278,reentrant_bowtie,0.558195,train,173.0,98.0,7.0,0.0,10.677225882340322,7.890786111031461,269.0,1.0,0.55908203125
-0.2673026,square,0.505557,train,125.0,69.0,12.0,0.0,7.96002611826613,1.9422694009918493,305.0,1.0,0.512939453125
-0.7206821,hourglass,0.6790629,train,234.0,130.0,6.0,0.0,8.651522936970297,3.098805324738982,381.0,1.0,0.62158203125
-0.41091663,circle,0.49538,train,328.0,188.0,16.0,0.0,4.274751730388634,1.5546869104317187,614.0,1.0,0.499267578125
-0.42466664,hourglass,0.40995827,train,103.0,52.0,8.0,0.0,7.5974629342917135,1.8720605230361238,261.0,1.0,0.39892578125
-0.4926931,hourglass,0.3948929,train,102.0,52.0,8.0,0.0,7.547951521431843,1.886994229389616,263.0,1.0,0.38671875
-0.5779207,hourglass,0.4349817,train,98.0,52.0,8.0,0.0,8.125051326336287,1.7768753805897894,259.0,1.0,0.42919921875
-0.42244986,hourglass,0.38315523,train,92.0,46.0,8.0,0.0,7.016405458908947,1.5389964375034528,259.0,1.0,0.37255859375
-0.49382797,hexagonal,0.5109083,train,124.0,65.0,7.0,0.0,9.2873784878171,2.3936740485909573,268.0,1.0,0.496337890625
-0.3845354,hourglass,0.67271906,train,176.0,104.0,5.0,0.0,8.363440690682046,2.354103502904513,407.0,1.0,0.616455078125
-0.5067459,hourglass,0.4031303,train,93.0,48.0,8.0,0.0,7.507770751964486,1.889993559236188,261.0,1.0,0.39306640625
-0.09060685,reentrant_bowtie,0.50283754,train,85.0,48.0,8.0,0.0,8.751600420986067,2.9585875128845656,256.0,1.0,0.503173828125
-0.42322814,hourglass,0.34150988,train,77.0,40.0,8.0,0.0,6.595148166310787,1.2232206368529577,258.0,1.0,0.329345703125
-0.42556578,hourglass,0.35475212,train,84.0,44.0,8.0,0.0,6.759919794648672,1.5961701598129692,262.0,1.0,0.346923828125
-0.5019222,hourglass,0.40088096,train,97.0,48.0,8.0,0.0,7.523168936893551,1.9014914159614886,262.0,1.0,0.392822265625
-0.16941449,small_square_cross,0.563091,train,126.0,72.0,5.0,0.0,8.966855803621392,3.6303795136187813,303.0,1.0,0.57763671875
-0.5776882,hourglass,0.6144873,train,173.0,95.0,4.0,0.0,8.651702273477234,2.828081995117692,400.0,1.0,0.608642578125
-0.38581243,hexagonal,0.57489413,train,95.0,54.0,9.0,0.0,9.238658481378717,2.684401794415446,272.0,1.0,0.5673828125
-0.6501375,hourglass,0.6507817,train,179.0,106.0,4.0,0.0,8.155431130396634,2.5695806136686965,413.0,1.0,0.61474609375
-0.30631393,circle,0.536967,train,187.0,107.0,9.0,0.0,7.668688848092341,2.6268631795737964,337.0,1.0,0.539306640625
-0.5977797,hourglass,0.6479296,train,184.0,104.0,6.0,0.0,8.437046024817342,2.7325549920820333,415.0,1.0,0.616455078125
-0.51286775,hourglass,0.38531476,test,106.0,54.0,8.0,0.0,7.314163579698022,1.7760986123901361,264.0,1.0,0.378662109375
-0.3738026,square,0.575869,train,763.0,409.0,26.0,0.0,4.140468670089003,2.2296774925416996,783.0,1.0,0.565185546875
-0.6619112,hourglass,0.6841919,train,146.0,82.0,11.0,0.0,9.941649587190428,2.6680135011185184,309.0,1.0,0.61669921875
-0.62789947,hourglass,0.573546,train,224.0,120.0,7.0,0.0,7.493647746010881,3.031176843540277,423.0,1.0,0.57080078125
-0.24224536,four_circle,0.553089,train,590.0,328.0,16.0,0.0,3.8829364599991365,1.3619083566975525,794.0,1.0,0.550537109375
-0.5463452,hourglass,0.6087273,train,175.0,99.0,3.0,0.0,8.540375254675107,2.613697394158386,399.0,1.0,0.602294921875
-0.53562796,hourglass,0.52205354,train,128.0,69.0,10.0,0.0,9.187467538027285,2.3978866794638,276.0,1.0,0.513427734375
-0.7587642,hexagonal,0.5797856,train,203.0,119.0,9.0,0.0,6.885665331076149,2.987539242619881,450.0,1.0,0.57275390625
-0.25834996,cross_rectangular,0.549824,train,130.0,77.0,10.0,0.0,8.269570721343221,2.6370945043305354,297.0,1.0,0.5537109375
-0.6258186,hourglass,0.65842265,train,168.0,101.0,4.0,0.0,8.451167243647102,2.5086815148795276,401.0,1.0,0.61474609375
-0.7505083,reentrant_bowtie,0.528219,train,329.0,176.0,8.0,0.0,7.061062543503362,2.900787218746169,410.0,1.0,0.533447265625
-0.007665649,circle,0.513985,train,276.0,160.0,2.0,0.0,5.564772335526581,2.785115977098912,539.0,1.0,0.5009765625
-0.5992214,hourglass,0.6424598,train,167.0,96.0,6.0,0.0,8.42558748574818,2.6873446371866825,405.0,1.0,0.6162109375
-0.053192675,circle_half_quarter,0.653058,train,261.0,150.0,19.0,0.0,5.428771684605024,2.5584308897087173,467.0,1.0,0.503173828125
-0.59210175,hourglass,0.59114236,train,183.0,108.0,4.0,0.0,8.300488683112865,2.4507978771372763,398.0,1.0,0.576416015625
-0.42520136,hourglass,0.35420674,train,80.0,42.0,8.0,0.0,6.776853412737341,1.6346127895301472,261.0,1.0,0.345947265625
-0.37195566,circle,0.498815,train,236.0,127.0,24.0,0.0,4.456771432076863,1.8344995975145562,539.0,1.0,0.48095703125
-0.48004803,hourglass,0.35996372,train,88.0,44.0,8.0,0.0,6.88119131175565,1.7029846450748647,263.0,1.0,0.3525390625
-0.54835796,hourglass,0.4815732,train,117.0,63.0,8.0,0.0,9.28493013711984,2.3081130348489345,268.0,1.0,0.478515625
-0.299666,nine_circle,0.640809,val,157.0,94.0,3.0,0.0,8.828501476975468,2.5954974020176076,377.0,1.0,0.622314453125
-0.12745301,reentrant_bowtie,0.537327,test,101.0,57.0,8.0,0.0,8.48131824313216,2.8190317676170102,266.0,1.0,0.53271484375
-0.55568856,hourglass,0.509934,train,225.0,119.0,10.0,0.0,7.190049694118272,2.8984452568768972,409.0,1.0,0.510009765625
-0.61950564,hexagonal,0.563948,train,284.0,155.0,9.0,0.0,6.677522769614763,3.092555378810093,483.0,1.0,0.566650390625
-0.22495286,circle_half_quarter,0.56993,val,241.0,138.0,13.0,0.0,5.609675852158712,2.484422097840471,490.0,1.0,0.537841796875
-0.21453573,hexagonal,0.5564749,train,244.0,142.0,9.0,0.0,6.653019002832463,3.417438080364822,479.0,1.0,0.56591796875
-0.43755403,four_circle,0.671652,train,310.0,179.0,7.0,0.0,7.482652543046995,3.76159763961874,544.0,1.0,0.675048828125
-0.42356098,hourglass,0.3401188,train,77.0,40.0,8.0,0.0,6.595148166310788,1.2232206368529577,258.0,1.0,0.32861328125
-0.5580628,hourglass,0.5930796,train,157.0,92.0,4.0,0.0,8.24928574654477,2.4851737958470124,388.0,1.0,0.57373046875
-0.2632694,square,0.559836,train,359.0,205.0,7.0,0.0,5.043584808053869,2.038123594313731,578.0,1.0,0.5615234375
-0.28889623,four_circle,0.661184,train,433.0,244.0,11.0,0.0,6.664507445314015,3.7100969438434968,543.0,1.0,0.584228515625
-0.5124232,hourglass,0.4890659,train,130.0,69.0,9.0,0.0,9.092122075077114,2.3189294553638935,272.0,1.0,0.486328125
-0.7081442,hexagonal,0.57489413,train,95.0,54.0,9.0,0.0,9.238658481378717,2.684401794415446,272.0,1.0,0.5673828125
-0.5440622,hourglass,0.4278678,test,112.0,55.0,10.0,0.0,7.769403222072974,1.8679707570817763,272.0,1.0,0.414306640625
-0.09777242,circle,0.528653,train,161.0,88.0,16.0,0.0,8.42598362069962,2.6403132924667903,317.0,1.0,0.53173828125
-0.52182174,hourglass,0.5263272,test,222.0,123.0,7.0,0.0,8.642617735664668,2.8813492673654935,335.0,1.0,0.51416015625
-0.34020355,hexagonal,0.5528904,train,213.0,123.0,7.0,2.0,7.472120594514954,3.310017808452441,393.0,1.0,0.544189453125
-0.30713752,nine_circle,0.627218,train,122.0,77.0,0.0,0.0,8.606673234330879,2.3423961392277053,438.0,1.0,0.638916015625
-0.32685792,square,0.571269,train,340.0,193.0,19.0,0.0,5.152817969696892,1.4312466493126905,560.0,1.0,0.572021484375
-0.573505,hourglass,0.43255723,train,102.0,55.0,9.0,0.0,7.9343547418626965,1.895476538942562,267.0,1.0,0.422607421875
-0.5382796,hexagonal,0.52156496,train,143.0,79.0,11.0,0.0,8.201185356678856,2.9714386472355803,315.0,1.0,0.517333984375
-0.52524906,hourglass,0.5369946,test,171.0,92.0,8.0,0.0,6.999271062724734,2.997437095742601,391.0,1.0,0.51953125
-0.56140167,hourglass,0.44960207,train,128.0,65.0,8.0,0.0,8.579261424809811,1.8659515705147383,269.0,1.0,0.4462890625
-0.52805316,hourglass,0.49576998,train,127.0,68.0,8.0,0.0,9.430073682044755,2.136399926929604,263.0,1.0,0.49072265625
-0.5281634,hourglass,0.516532,train,143.0,78.0,9.0,0.0,9.110833096259542,2.453832048179579,280.0,1.0,0.505126953125
-0.41278082,hexagonal,0.5161983,train,171.0,96.0,11.0,0.0,7.387266805918387,3.4007987290222315,350.0,1.0,0.500244140625
-0.653927,hourglass,0.584662,train,214.0,125.0,3.0,0.0,8.031786524741893,3.041893667665151,413.0,1.0,0.58056640625
-0.12531796,square,0.661605,train,93.0,54.0,7.0,0.0,10.315457058713973,2.444521897393998,281.0,1.0,0.60205078125
-0.59767735,hourglass,0.56878245,train,152.0,81.0,4.0,0.0,8.221758188701626,2.753477738231931,380.0,1.0,0.556640625
-0.49650848,hourglass,0.39660025,test,93.0,48.0,8.0,0.0,7.513954667444816,1.8856857972849936,261.0,1.0,0.387451171875
-0.42408633,cross_rectangular,0.540656,train,408.0,234.0,17.0,0.0,4.999794687987036,3.4017162331889437,632.0,1.0,0.53271484375
-0.42742586,reentrant_bowtie,0.508398,train,124.0,70.0,8.0,0.0,7.621824155337418,2.676891308056862,283.0,1.0,0.49560546875
-0.53448653,hourglass,0.46940964,val,103.0,55.0,8.0,0.0,9.024623105175886,2.0462030789476366,260.0,1.0,0.4609375
-0.2040689,small_square_cross,0.541199,train,149.0,84.0,10.0,0.0,8.361056406904668,2.500654089956321,299.0,1.0,0.53955078125
-0.25894296,nine_circle,0.570171,train,108.0,62.0,6.0,0.0,7.732596444940116,2.1528723130840035,430.0,1.0,0.580322265625
-0.39107573,hourglass,0.6352597,train,155.0,95.0,3.0,0.0,8.458252684993731,2.7001628140784395,401.0,1.0,0.621337890625
-0.52973247,hourglass,0.3501005,train,88.0,44.0,8.0,0.0,6.893835791310346,1.5659547867788266,263.0,1.0,0.33935546875
-0.42107344,hourglass,0.36296567,train,92.0,46.0,8.0,0.0,6.855512496498117,1.6793243369105226,264.0,1.0,0.354736328125
-0.04520746,reentrant_bowtie,0.546484,train,233.0,131.0,4.0,0.0,9.138299878428475,7.0944834708094895,363.0,1.0,0.54150390625
-0.5179704,circle,0.675166,train,717.0,393.0,21.0,0.0,4.7764489002023565,2.1660639725028545,794.0,1.0,0.679443359375
-0.64083254,hourglass,0.66236466,train,146.0,85.0,6.0,0.0,8.388551840158364,2.4869583518971923,398.0,1.0,0.609619140625
-0.51961,hourglass,0.34553537,train,106.0,54.0,10.0,0.0,6.788515509446853,1.6903353657152687,272.0,1.0,0.337646484375
-0.40550584,nine_circle,0.507486,train,142.0,82.0,1.0,0.0,7.17386909153095,2.2378851020783825,364.0,1.0,0.517822265625
-0.669822,hourglass,0.6968253,train,128.0,70.0,11.0,0.0,10.59637744942492,2.556919549164185,285.0,1.0,0.6103515625
-0.61950564,hexagonal,0.563948,train,258.0,147.0,9.0,0.0,6.583510628080009,3.0516962487822292,476.0,1.0,0.566650390625
-0.18610242,circle_half_quarter,0.577533,train,330.0,184.0,8.0,0.0,5.650194223711591,2.895142015585926,535.0,1.0,0.525146484375
-0.32701975,cross_rectangular,0.62102,val,601.0,333.0,15.0,0.0,4.9581452028044355,2.560570673757048,730.0,1.0,0.6025390625
-0.4143587,hourglass,0.5805116,train,156.0,91.0,6.0,0.0,8.272169516887063,2.5139469828543346,390.0,1.0,0.569091796875
-0.42952827,hexagonal,0.567206,test,297.0,168.0,13.0,0.0,5.753427328520977,2.57435058581334,517.0,1.0,0.568115234375
-1.0198526,reentrant_bowtie,0.53829616,train,238.0,132.0,14.0,0.0,7.275289378764403,4.257023348370457,384.0,1.0,0.53271484375
-1.3640355,reentrant_bowtie,0.5500318,train,148.0,85.0,8.0,0.0,10.2771981401593,8.08117397935167,298.0,1.0,0.54833984375
-0.27594644,reentrant_bowtie,0.502643,train,121.0,68.0,8.0,0.0,7.754552520703101,2.5165184331623127,279.0,1.0,0.50048828125
-0.46544322,hourglass,0.36375797,train,92.0,46.0,8.0,0.0,6.855512496498117,1.6793243369105226,264.0,1.0,0.354736328125
-0.5277762,hourglass,0.37484336,train,92.0,46.0,8.0,0.0,6.913969485781195,1.6096112398678515,259.0,1.0,0.3681640625
-0.5387805,hourglass,0.5371939,train,175.0,97.0,9.0,0.0,7.012292198565504,2.940557696928561,387.0,1.0,0.516357421875
-0.3431327,hexagonal,0.53610355,train,176.0,102.0,4.0,0.0,7.604666980214129,2.8963751430271905,391.0,1.0,0.528076171875
-0.41262174,cross_rectangular,0.500778,train,581.0,331.0,18.0,0.0,3.7397560524198425,1.8240268173468093,716.0,1.0,0.50244140625
-0.12682171,reentrant_bowtie,0.5072829,train,127.0,68.0,6.0,0.0,9.860517925661458,6.670641570717301,220.0,1.0,0.510498046875
-0.30163628,four_circle,0.58002,train,265.0,160.0,6.0,0.0,5.8634747471397395,2.4252497138024283,534.0,1.0,0.580322265625
-0.5467704,hourglass,0.5677948,train,156.0,87.0,4.0,0.0,8.10709652286444,2.4225474131499083,384.0,1.0,0.555908203125
-0.6203818,hourglass,0.57698,train,179.0,99.0,6.0,0.0,8.169628039867296,2.813123928985771,393.0,1.0,0.573486328125
-0.55111897,hourglass,0.37025058,train,99.0,50.0,9.0,0.0,6.828968288582034,1.6763230696059308,263.0,1.0,0.362548828125
-0.23107132,hexagonal,0.56758267,train,195.0,111.0,9.0,0.0,7.064121902742032,3.4988111553851873,446.0,1.0,0.559326171875
-0.7017784,hourglass,0.6920208,train,113.0,65.0,9.0,0.0,10.071460439262138,3.045187615496782,294.0,1.0,0.63427734375
-0.52139103,hourglass,0.50198436,train,112.0,60.0,8.0,0.0,9.565287639617871,2.158636728542749,259.0,1.0,0.500244140625
-0.12836087,reentrant_bowtie,0.5146156,train,123.0,65.0,7.0,0.0,10.054504911732492,7.0072549008462595,226.0,1.0,0.516357421875
-0.5537257,hourglass,0.61733794,train,206.0,117.0,5.0,0.0,8.296467040363117,2.810734085092289,421.0,1.0,0.61181640625
-0.5467704,hourglass,0.5677948,train,160.0,88.0,4.0,0.0,8.085860252035117,2.4220418379893833,388.0,1.0,0.555908203125
-0.42831865,square,0.553662,train,346.0,194.0,18.0,0.0,4.879121508269958,1.807301373869644,582.0,1.0,0.549072265625
-0.49661842,small_square_cross,0.560786,train,245.0,134.0,13.0,0.0,7.6915201096232675,2.7038441820430332,353.0,1.0,0.567138671875
-0.3454461,square,0.496161,train,327.0,189.0,13.0,0.0,4.336510285995856,1.4103729184717528,579.0,1.0,0.5048828125
-0.5219247,hourglass,0.52629894,train,217.0,120.0,8.0,0.0,8.660113185320265,2.8854293367402435,331.0,1.0,0.51416015625
-0.6023246,hourglass,0.5781417,val,160.0,93.0,4.0,0.0,8.23186131866433,2.5388744187232994,382.0,1.0,0.564208984375
-0.0519774,square,0.55593,train,87.0,52.0,6.0,0.0,9.286505159109154,2.321791370531218,281.0,1.0,0.559814453125
-0.6751751,hexagonal,0.56504846,train,119.0,67.0,7.0,0.0,9.226777549226963,2.8947770124515797,304.0,1.0,0.55859375
-0.50128174,hourglass,0.387658,train,97.0,50.0,8.0,0.0,7.294320192220982,1.7691969037716255,261.0,1.0,0.380859375
-0.19457772,nine_circle,0.493883,train,210.0,124.0,3.0,0.0,5.547325402921626,2.6089746365308213,509.0,1.0,0.498046875
-0.14287016,hexagonal,0.552998,train,178.0,106.0,6.0,0.0,7.056036439335733,2.7268230695225903,448.0,1.0,0.546875
-0.51929635,hourglass,0.5081934,train,139.0,75.0,9.0,0.0,9.391045351366524,2.3338045317337626,271.0,1.0,0.5029296875
-0.666084,reentrant_bowtie,0.544651,train,197.0,109.0,8.0,0.0,7.336098490454376,2.5432578154334866,363.0,1.0,0.54931640625
-0.58236814,hourglass,0.509217,train,214.0,118.0,5.0,0.0,7.290906284316932,2.950688038213732,382.0,1.0,0.5029296875
-0.2338296,square,0.557954,train,241.0,142.0,9.0,0.0,6.367321198444484,2.0135715196337975,509.0,1.0,0.557373046875
-0.4697365,hourglass,0.6826111,train,195.0,113.0,5.0,0.0,9.70595336444211,3.08020853620464,339.0,1.0,0.649658203125
-0.39177254,hourglass,0.60618335,train,168.0,94.0,5.0,0.0,8.388391256526473,2.655983239054772,403.0,1.0,0.597900390625
-0.4414094,grid_circular_voids,0.531176,train,351.0,203.0,5.0,0.0,5.137706754788207,2.17313142414619,599.0,1.0,0.534912109375
-0.49225023,hourglass,0.46593228,train,115.0,61.0,8.0,0.0,9.064054329123646,2.012024431415092,263.0,1.0,0.460205078125
-0.5275919,hourglass,0.5152794,train,151.0,81.0,9.0,0.0,9.309601164590779,2.28705197400269,278.0,1.0,0.507080078125
-0.5477003,hourglass,0.53123003,train,175.0,89.0,8.0,0.0,7.3649890812935705,2.986716375289278,373.0,1.0,0.5126953125
-0.59474796,hourglass,0.638298,train,178.0,104.0,5.0,0.0,8.157121147299648,2.534871804569973,419.0,1.0,0.611328125
-0.21067086,circle,0.547639,train,414.0,223.0,20.0,0.0,6.02472502218327,3.0602995776750377,510.0,1.0,0.548583984375
-0.25567636,hexagonal,0.5690112,test,132.0,79.0,4.0,0.0,8.74383613702046,2.483303955517481,354.0,1.0,0.568603515625
-0.65686864,hourglass,0.6541131,train,185.0,112.0,3.0,0.0,8.279187593469032,2.523444272544418,401.0,1.0,0.605224609375
-0.33129364,grid_circular_voids,0.559806,train,358.0,202.0,14.0,0.0,5.149792027231405,2.5758585911631986,592.0,1.0,0.540771484375
-0.64122707,hourglass,0.58274,train,221.0,128.0,4.0,0.0,7.910160781994285,3.1406267752739567,433.0,1.0,0.576171875
-0.19359286,square,0.570863,train,272.0,162.0,4.0,0.0,5.94879486286982,2.463135565110074,558.0,1.0,0.5703125
-0.40577117,hourglass,0.32575718,train,78.0,37.0,8.0,0.0,6.6249201088574425,1.2164145348059012,260.0,1.0,0.318603515625
-0.15802732,reentrant_bowtie,0.5086071,train,86.0,49.0,8.0,0.0,8.86910778893543,2.954177097325499,255.0,1.0,0.509765625
-0.06895477,reentrant_bowtie,0.53866833,train,230.0,129.0,12.0,0.0,7.332386995929512,4.2041948552698205,378.0,1.0,0.5302734375
-0.18747573,small_square_cross,0.590186,train,279.0,165.0,5.0,0.0,6.364493541744299,2.909708238590848,522.0,1.0,0.5966796875
-0.40432885,hourglass,0.32000753,train,66.0,36.0,8.0,0.0,6.540588106405304,1.1734382055947705,256.0,1.0,0.3134765625
-0.5312146,hourglass,0.6022727,train,180.0,102.0,5.0,0.0,8.500290242587571,2.510270258202123,399.0,1.0,0.591552734375
-0.39568752,circle,0.497575,train,172.0,97.0,16.0,0.0,5.295013740987785,1.3032698500824027,454.0,1.0,0.49609375
-0.64583135,hourglass,0.5129683,test,164.0,88.0,10.0,0.0,8.58149810814988,2.479939114580806,308.0,1.0,0.51123046875
-0.051868144,circle_half_quarter,0.515389,train,158.0,93.0,8.0,0.0,6.271001281485323,2.549505704364474,401.0,1.0,0.509033203125
-0.42154682,reentrant_bowtie,0.506688,train,123.0,68.0,8.0,0.0,7.573549934435383,2.57980163546213,285.0,1.0,0.494140625
-0.42231223,hourglass,0.56478757,train,158.0,84.0,5.0,0.0,8.162276623916624,2.664941957968234,385.0,1.0,0.552734375
-0.5278561,hourglass,0.4967634,train,127.0,68.0,8.0,0.0,9.442652626392444,2.1377913091474543,263.0,1.0,0.490966796875
-0.56700206,hourglass,0.62850004,train,156.0,88.0,5.0,0.0,9.62486398084791,2.8987489890077898,319.0,1.0,0.617431640625
-0.5410959,hourglass,0.4177287,train,108.0,54.0,8.0,0.0,7.757918718446778,1.7070248384819915,262.0,1.0,0.406494140625
-0.5548693,hexagonal,0.506183,train,310.0,170.0,10.0,0.0,6.9759989704760335,3.5069561041180557,436.0,1.0,0.51123046875
-0.3936433,hourglass,0.61892563,train,174.0,98.0,3.0,0.0,8.576101872426719,2.7148621831980577,400.0,1.0,0.6083984375
-0.092420824,reentrant_bowtie,0.52489907,train,211.0,118.0,7.0,0.0,9.103493694385627,7.094436958696184,259.0,1.0,0.523193359375
-0.6592357,hourglass,0.6942602,train,119.0,68.0,10.0,0.0,10.207152268429175,2.8294563772956396,292.0,1.0,0.624755859375
-0.5749375,hourglass,0.58222526,train,178.0,103.0,6.0,0.0,8.385026767479648,2.4410404121480207,389.0,1.0,0.5712890625
-0.11307803,reentrant_bowtie,0.544853,train,260.0,150.0,6.0,0.0,6.67546179505604,3.500456843491335,427.0,1.0,0.545654296875
-0.43186173,hourglass,0.510554,train,117.0,64.0,4.0,0.0,7.857169457226504,2.551877569881232,356.0,1.0,0.5126953125
-0.28392914,four_circle,0.591225,train,321.0,190.0,18.0,0.0,5.564302362690887,1.3805516031997582,558.0,1.0,0.61279296875
-0.48907208,hexagonal,0.57194,train,243.0,130.0,13.0,0.0,6.2077765782796845,2.518872656051097,463.0,1.0,0.565185546875
-0.42107216,hourglass,0.42991802,train,115.0,60.0,10.0,0.0,7.872293471005071,1.9075421667927912,273.0,1.0,0.4169921875
-0.28461128,grid_circular_voids,0.459741,train,115.0,65.0,2.0,0.0,7.312290916564183,2.0442514160084193,313.0,1.0,0.466796875
-0.34026733,circle_half_quarter,0.577486,train,129.0,71.0,8.0,0.0,10.239350832085965,3.352959459453466,277.0,1.0,0.585205078125
-0.2668737,hexagonal,0.56464845,train,200.0,117.0,10.0,0.0,7.741060474889718,3.6789998363767924,403.0,1.0,0.5703125
-0.11148341,hexagonal,0.566267,train,270.0,153.0,12.0,0.0,7.028626795937336,3.605816708508833,456.0,1.0,0.57177734375
-0.05462863,reentrant_bowtie,0.5211594,train,137.0,77.0,6.0,0.0,9.484112445791675,6.77483723983224,235.0,1.0,0.52099609375
-0.6462062,hourglass,0.65288496,train,184.0,109.0,5.0,0.0,8.494449846302556,2.326949113973242,405.0,1.0,0.6103515625
-0.55016524,hourglass,0.3704386,train,92.0,46.0,8.0,0.0,6.9097600651834465,1.6113041652381699,258.0,1.0,0.363525390625
-0.44936264,hourglass,0.33665058,train,77.0,40.0,8.0,0.0,6.58793803766117,1.2240495162119247,258.0,1.0,0.3271484375
-0.3818601,small_square_cross,0.49033,train,203.0,110.0,17.0,0.0,5.931554610259316,2.205511041262432,420.0,1.0,0.49072265625
-0.5894268,hourglass,0.567724,train,216.0,122.0,4.0,0.0,7.952995596678422,2.8907742332307786,417.0,1.0,0.564208984375
-0.61672074,hourglass,0.45737925,train,110.0,59.0,9.0,0.0,8.720612268767418,2.3117482745293656,267.0,1.0,0.451171875
-0.3330185,grid_circular_voids,0.600382,train,120.0,71.0,0.0,0.0,8.134077645387695,2.3342062907524657,443.0,1.0,0.608642578125
-0.6189904,hourglass,0.66382575,train,139.0,82.0,4.0,0.0,8.570787615499745,2.328256220412226,389.0,1.0,0.61328125
-0.40692034,hourglass,0.6498306,train,198.0,115.0,8.0,0.0,7.992749302082052,2.5753427963961437,426.0,1.0,0.60595703125
-0.18161418,circle,0.562025,train,406.0,235.0,17.0,0.0,5.154202124989068,2.5440061488975334,609.0,1.0,0.5634765625
-0.5143797,hourglass,0.48871222,train,130.0,68.0,9.0,0.0,9.144228966490298,2.3091084248880183,274.0,1.0,0.486328125
-0.40536463,hourglass,0.31790736,train,58.0,33.0,8.0,0.0,6.438648347794706,1.0388650173658962,254.0,1.0,0.31005859375
-0.38256365,hourglass,0.62333053,train,149.0,85.0,3.0,0.0,8.363591723544701,2.393475598716979,398.0,1.0,0.599365234375
-0.57690924,hourglass,0.5819209,train,179.0,103.0,6.0,0.0,8.276555553161314,2.5099075146526153,397.0,1.0,0.56884765625
-0.2107326,small_square_cross,0.562913,train,312.0,174.0,16.0,0.0,5.1512767682572544,2.317357278941331,552.0,1.0,0.551513671875
-0.5641823,hourglass,0.59443283,train,158.0,92.0,2.0,0.0,8.271849086297573,2.3592689544046195,386.0,1.0,0.57421875
-0.20178771,small_square_cross,0.636336,train,182.0,104.0,8.0,0.0,9.083276002345386,2.7477576005848023,321.0,1.0,0.594482421875
-0.5218359,hourglass,0.51528805,train,146.0,78.0,9.0,0.0,9.172826886582904,2.1504859611424068,277.0,1.0,0.50732421875
-0.47068202,hourglass,0.36197188,train,84.0,42.0,8.0,0.0,6.855259642546965,1.7114553325764181,262.0,1.0,0.354736328125
-0.34834525,circle,0.648899,train,300.0,163.0,14.0,0.0,7.043128971916664,3.077911987978245,404.0,1.0,0.558349609375
-0.47917387,hourglass,0.3442994,train,79.0,43.0,8.0,0.0,6.827894224021914,1.5476579340903496,260.0,1.0,0.33447265625
-0.29310936,hexagonal,0.524814,train,177.0,95.0,12.0,0.0,8.666234611927615,3.354697235976379,302.0,1.0,0.51513671875
-0.3588613,square,0.580038,train,283.0,169.0,9.0,0.0,5.422364486242375,1.849546031109961,525.0,1.0,0.570068359375
-0.3799681,grid_circular_voids,0.598018,train,116.0,71.0,0.0,0.0,7.778116141203157,1.808541069033182,452.0,1.0,0.608154296875
-0.68029505,hourglass,0.68024254,train,225.0,127.0,7.0,0.0,9.124773369997587,3.0891517884801045,368.0,1.0,0.63134765625
-0.40644562,hourglass,0.6687382,train,146.0,88.0,4.0,0.0,8.426285836274706,2.45212875514158,394.0,1.0,0.619384765625
-0.5352439,hourglass,0.46833,train,103.0,55.0,8.0,0.0,9.024623105175886,2.0462030789476366,260.0,1.0,0.4609375
-0.34867147,nine_circle,0.502541,train,108.0,65.0,0.0,0.0,6.856605641183724,1.4206861778086997,446.0,1.0,0.514404296875
-0.40544575,hourglass,0.3242209,train,78.0,37.0,8.0,0.0,6.6410034369320785,1.2484437561199104,260.0,1.0,0.3154296875
-0.42852253,hourglass,0.57510924,train,159.0,90.0,3.0,0.0,8.146296683392563,2.5003321954962936,391.0,1.0,0.564208984375
-0.42796156,hourglass,0.41844684,train,105.0,54.0,8.0,0.0,7.919966006212796,1.9184026502882485,261.0,1.0,0.407958984375
-0.37457645,small_square_cross,0.549291,train,147.0,81.0,16.0,0.0,7.90395690627345,2.7156013550451323,353.0,1.0,0.554443359375
-0.51591474,hourglass,0.52271396,train,136.0,74.0,7.0,0.0,9.29869234997387,2.1952202881223952,274.0,1.0,0.51220703125
-0.13557962,circle_half_quarter,0.567022,train,242.0,139.0,14.0,0.0,5.5995437671040085,2.2629059036008896,513.0,1.0,0.5693359375
-0.38336027,hexagonal,0.52021396,train,105.0,58.0,8.0,0.0,9.077743651614231,2.310819886455328,267.0,1.0,0.518798828125
-0.23787552,hexagonal,0.518138,train,372.0,201.0,14.0,0.0,4.84504656557648,2.101433551707638,621.0,1.0,0.52197265625
-0.567257,hourglass,0.43350992,test,107.0,59.0,8.0,0.0,8.138764584917308,1.7472317315123063,260.0,1.0,0.426513671875
-0.53771865,hourglass,0.34798118,train,89.0,45.0,8.0,0.0,6.959199885064724,1.625355439810854,263.0,1.0,0.33837890625
-0.4428527,hourglass,0.544452,train,172.0,95.0,4.0,0.0,7.8951432531017085,3.0442914642387624,401.0,1.0,0.539306640625
-0.5345295,hourglass,0.40998363,train,100.0,50.0,8.0,0.0,7.581240567160678,1.9018672811594732,260.0,1.0,0.39892578125
-0.32409897,circle,0.527523,train,194.0,110.0,12.0,0.0,7.780719515555223,2.5931076917937053,326.0,1.0,0.53271484375
-0.43535566,hourglass,0.578649,train,167.0,94.0,4.0,0.0,8.405247700952401,2.7735857669727735,393.0,1.0,0.573486328125
-0.41126394,hexagonal,0.54553,train,280.0,160.0,12.0,0.0,5.609883208825395,2.349401322425583,525.0,1.0,0.5419921875
-0.66394514,hourglass,0.560177,train,250.0,137.0,6.0,0.0,7.13669282460692,3.1955876277970416,437.0,1.0,0.557373046875
-0.4266313,hourglass,0.533813,train,310.0,176.0,5.0,0.0,6.522241530335586,3.3140055260128096,494.0,1.0,0.53369140625
-0.3628917,hexagonal,0.51364243,train,265.0,154.0,10.0,0.0,5.312978338233111,2.4878874596957576,508.0,1.0,0.50830078125
-0.54530525,hourglass,0.37122616,train,92.0,46.0,8.0,0.0,6.8012329334005015,1.6111932732987022,258.0,1.0,0.3583984375
-0.26221848,cross_rectangular,0.63633,train,126.0,71.0,9.0,0.0,8.750191318020846,2.4400066429239753,308.0,1.0,0.569580078125
-0.6971154,hourglass,0.6701059,train,173.0,103.0,4.0,0.0,8.649118396575387,2.3663682834335087,403.0,1.0,0.625
-0.5535525,hourglass,0.5745489,train,151.0,86.0,4.0,0.0,8.107519133802159,2.526055028666716,390.0,1.0,0.562255859375
-0.1807027,square,0.499666,train,130.0,70.0,15.0,0.0,7.790153840953359,2.215517707129335,321.0,1.0,0.4970703125
-0.5266038,hourglass,0.536118,train,175.0,94.0,8.0,0.0,6.9955650372375,2.991625797425392,392.0,1.0,0.518798828125
-0.06928657,reentrant_bowtie,0.5388876,train,189.0,107.0,11.0,0.0,7.611345357662081,4.301797553606772,347.0,1.0,0.533935546875
-0.5558134,hourglass,0.5929819,train,162.0,96.0,2.0,0.0,8.390171664110117,2.4484205187237027,390.0,1.0,0.5732421875
-0.24213956,nine_circle,0.539479,train,400.0,223.0,12.0,0.0,4.573394514225997,2.2187665890059867,633.0,1.0,0.536865234375
-0.38878053,hourglass,0.6067114,train,155.0,87.0,4.0,0.0,8.463132551417292,2.6826379008948185,397.0,1.0,0.601806640625
-0.49251714,reentrant_bowtie,0.528801,train,305.0,173.0,8.0,0.0,7.152938605998203,3.465739271180883,398.0,1.0,0.535400390625
-0.14869618,grid_circular_voids,0.508567,train,336.0,191.0,8.0,0.0,5.860976486596368,2.5202051429213976,484.0,1.0,0.50927734375
-0.3628917,hexagonal,0.51364243,train,262.0,153.0,9.0,0.0,5.325172568456324,2.5018269138120064,506.0,1.0,0.50830078125
-0.46953782,hourglass,0.50298095,train,116.0,62.0,8.0,0.0,9.725697831701092,2.0891739612322486,260.0,1.0,0.503173828125
-0.6401422,hourglass,0.66271573,train,158.0,93.0,6.0,0.0,8.519120516607664,2.4504256004854255,400.0,1.0,0.615234375
-0.06417344,cross_rectangular,0.498529,train,185.0,97.0,16.0,0.0,7.65327248007846,2.3828982447291462,319.0,1.0,0.501953125
-0.25574028,hexagonal,0.57611245,train,205.0,122.0,8.0,0.0,6.5548132817315965,3.043958972281442,467.0,1.0,0.568115234375
-0.40542242,hourglass,0.32411903,train,79.0,39.0,8.0,0.0,6.642713724228397,1.2604126674361147,259.0,1.0,0.3154296875
-0.2806769,hexagonal,0.56055415,train,106.0,64.0,4.0,0.0,8.42796648468121,2.6834371501909615,337.0,1.0,0.560791015625
-0.2740331,cross_rectangular,0.591642,train,393.0,224.0,8.0,0.0,5.5258664522435,2.4224406608601665,585.0,1.0,0.59814453125
-0.35369188,small_square_cross,0.460464,train,146.0,78.0,13.0,0.0,6.986976120081444,2.7102927351100408,318.0,1.0,0.46826171875
-0.5759893,hourglass,0.44230428,train,116.0,58.0,8.0,0.0,8.362896219014202,2.0357710661425745,267.0,1.0,0.43310546875
-0.6981074,hourglass,0.673206,train,165.0,98.0,5.0,0.0,8.443272657297284,2.299666589348317,388.0,1.0,0.61572265625
-0.033083953,reentrant_bowtie,0.54862183,val,138.0,80.0,6.0,0.0,10.124711123172078,8.243483086942677,284.0,1.0,0.543701171875
-0.5699446,hourglass,0.52794,train,191.0,103.0,8.0,0.0,7.1921545449218245,2.9495756195245564,384.0,1.0,0.523193359375
-0.5893848,hourglass,0.46059772,train,118.0,65.0,8.0,0.0,8.765768040009098,2.2351503606962257,266.0,1.0,0.455078125
-0.40905416,hexagonal,0.53418255,train,129.0,69.0,7.0,0.0,9.67521847744908,2.4042632938425457,269.0,1.0,0.52587890625
-0.4147865,nine_circle,0.533141,train,349.0,201.0,11.0,0.0,4.859736014862594,2.188548726180063,590.0,1.0,0.528076171875
-0.3958652,circle_half_quarter,0.502144,train,94.0,51.0,8.0,0.0,8.87735081298434,2.846354414386442,253.0,1.0,0.50732421875
-0.2160856,circle,0.561402,train,147.0,84.0,11.0,0.0,8.601935905909228,2.597674484637668,313.0,1.0,0.5634765625
-0.34440017,four_circle,0.594776,train,562.0,303.0,18.0,0.0,4.955572336785335,2.9958648235016194,775.0,1.0,0.610107421875
-0.3886636,grid_circular_voids,0.486756,train,151.0,87.0,3.0,0.0,6.452178891242453,1.9754157471275258,441.0,1.0,0.501220703125
-0.04532695,reentrant_bowtie,0.5017585,train,109.0,59.0,6.0,0.0,10.664034397371369,6.7354838330073585,215.0,1.0,0.5078125
-0.6510531,hourglass,0.519277,train,235.0,127.0,9.0,0.0,6.925611952233812,3.087253987334745,420.0,1.0,0.515380859375
-0.52499944,hourglass,0.37560683,val,92.0,46.0,8.0,0.0,6.9097600651834465,1.6113041652381699,258.0,1.0,0.3681640625
-0.28489736,four_circle,0.666675,train,405.0,229.0,19.0,0.0,6.816615812492483,3.3499968268125015,559.0,1.0,0.627197265625
-0.6287953,hourglass,0.51254714,train,148.0,79.0,10.0,0.0,8.52979232256132,2.5588202294731177,305.0,1.0,0.505859375
-0.5999414,hourglass,0.64201206,train,198.0,116.0,5.0,0.0,8.363217181336427,2.4825145661276355,414.0,1.0,0.6123046875
-0.32107398,four_circle,0.655276,train,427.0,245.0,20.0,0.0,5.7463884947098816,1.5723716485612538,600.0,1.0,0.626953125
-0.54006356,hourglass,0.41839704,train,105.0,54.0,8.0,0.0,7.919966006212796,1.9184026502882485,261.0,1.0,0.407958984375
-0.36732835,hexagonal,0.5446723,train,164.0,91.0,4.0,0.0,7.806070274409912,3.088519237676897,380.0,1.0,0.54052734375
-0.3141578,reentrant_bowtie,0.521175,train,132.0,70.0,8.0,0.0,7.823731197393623,2.594932483779533,288.0,1.0,0.510986328125
-0.4268066,hourglass,0.4190484,train,105.0,54.0,8.0,0.0,7.919966006212796,1.9184026502882485,261.0,1.0,0.407958984375
-0.52533805,hourglass,0.53696585,train,183.0,99.0,8.0,0.0,7.008156306326633,3.006460778154947,392.0,1.0,0.51953125
-0.38053465,nine_circle,0.526912,train,196.0,110.0,8.0,0.0,6.157459170700027,2.0072497804179337,459.0,1.0,0.527099609375
-0.36016122,square,0.583205,train,730.0,418.0,19.0,0.0,4.151154942014643,2.012317147830671,849.0,1.0,0.596435546875
-0.12054327,reentrant_bowtie,0.50608677,train,133.0,71.0,7.0,0.0,10.107391843650545,7.030771026709485,225.0,1.0,0.512939453125
-0.48961943,hourglass,0.3795719,train,96.0,48.0,8.0,0.0,7.053474667206887,1.5198794625262748,260.0,1.0,0.37255859375
-0.5886582,hourglass,0.58859086,train,175.0,103.0,4.0,0.0,8.430835556211921,2.5015593914356065,386.0,1.0,0.57421875
-0.52895355,hourglass,0.3490964,train,90.0,45.0,8.0,0.0,6.87461249058791,1.5775780595300157,263.0,1.0,0.33837890625
-0.4873136,small_square_cross,0.558478,train,117.0,67.0,15.0,0.0,6.80049841418744,1.9621405434327372,372.0,1.0,0.560302734375
-0.32233584,hexagonal,0.526343,train,369.0,215.0,9.0,0.0,5.042234103978437,2.701232026586385,616.0,1.0,0.532958984375
-0.4230574,cross_rectangular,0.578101,train,452.0,253.0,16.0,0.0,5.073504865772077,1.7845195690010947,653.0,1.0,0.592041015625
-0.40715057,hexagonal,0.530835,train,277.0,154.0,8.0,0.0,6.161740404698151,2.653100678274828,501.0,1.0,0.5322265625
-0.5253019,hexagonal,0.53882045,train,141.0,75.0,10.0,0.0,9.718520227666128,3.0101754020905203,278.0,1.0,0.528076171875
-0.55050045,hourglass,0.46452907,train,115.0,61.0,8.0,0.0,8.94324835996089,2.106233420069594,268.0,1.0,0.459228515625
-0.5328304,hourglass,0.47335234,train,134.0,73.0,10.0,0.0,8.834155448225646,2.263301279419136,273.0,1.0,0.466552734375
-0.576603,hourglass,0.43542162,train,98.0,52.0,8.0,0.0,8.125051326336287,1.7768753805897894,259.0,1.0,0.42919921875
-0.5900479,hourglass,0.46048594,test,121.0,67.0,8.0,0.0,8.797654719215952,2.2145658139887354,264.0,1.0,0.455078125
-0.28396395,reentrant_bowtie,0.510455,train,129.0,73.0,8.0,0.0,7.849667309293236,2.239836930420719,287.0,1.0,0.511474609375
-0.64929724,hourglass,0.65349007,train,174.0,105.0,2.0,0.0,8.444826195691247,2.433969029156768,397.0,1.0,0.613037109375
-0.025978537,reentrant_bowtie,0.5130054,train,166.0,94.0,6.0,0.0,9.229032152507092,6.947003883969532,234.0,1.0,0.518310546875
-0.2803102,hexagonal,0.506848,train,110.0,61.0,9.0,0.0,8.099538865594914,2.68436818153834,287.0,1.0,0.500244140625
-0.48255965,hourglass,0.35944965,train,84.0,42.0,8.0,0.0,6.848795368946213,1.7150306815260508,262.0,1.0,0.35107421875
-0.11013484,reentrant_bowtie,0.502097,train,146.0,86.0,8.0,0.0,8.182067455463766,3.2576979116628424,272.0,1.0,0.499267578125
-0.5463349,hourglass,0.4905783,train,127.0,68.0,8.0,0.0,9.430073682044755,2.136399926929604,263.0,1.0,0.49072265625
-0.6366389,hourglass,0.54052,train,147.0,84.0,3.0,0.0,7.902810220948609,2.55589585051566,385.0,1.0,0.54150390625
-0.4943692,reentrant_bowtie,0.530242,train,273.0,146.0,8.0,0.0,7.258479927759732,3.010166086127457,371.0,1.0,0.535400390625
-0.2000453,circle_half_quarter,0.498243,train,306.0,172.0,10.0,0.0,5.245157767815056,1.844106490920053,548.0,1.0,0.515380859375
-0.6009887,hourglass,0.55696774,train,218.0,117.0,8.0,0.0,7.3459312030751605,3.16661373440746,406.0,1.0,0.53857421875
-0.36755487,hourglass,0.63356334,train,151.0,89.0,7.0,0.0,8.35967844521974,2.8178301113500224,410.0,1.0,0.619384765625
-0.42148364,circle,0.590348,train,273.0,157.0,13.0,0.0,6.782738953627155,2.6931861166268187,483.0,1.0,0.59765625
-0.23767275,hexagonal,0.5714472,test,105.0,62.0,4.0,0.0,9.478670990475647,2.2327079821509765,318.0,1.0,0.5693359375
-0.42183805,small_square_cross,0.529402,train,388.0,220.0,11.0,0.0,5.045339795397347,2.382988373127249,619.0,1.0,0.533447265625
-0.59860027,hourglass,0.45505953,train,114.0,61.0,9.0,0.0,8.66452027082928,2.289514784855666,266.0,1.0,0.449462890625
-0.6038668,hexagonal,0.51348555,train,254.0,139.0,9.0,0.0,6.57731664350516,3.3483022553664763,432.0,1.0,0.507568359375
-0.61971366,hourglass,0.45664075,train,128.0,69.0,9.0,0.0,8.746803847716235,2.278341375594581,271.0,1.0,0.45068359375
-0.31679398,hourglass,0.30813634,train,53.0,28.0,8.0,0.0,6.0427479220252875,1.2565617974692165,256.0,1.0,0.30126953125
-0.23450425,reentrant_bowtie,0.517575,train,124.0,72.0,8.0,0.0,8.263143241978849,2.7865881338954237,269.0,1.0,0.50341796875
-0.36546642,circle,0.478989,train,147.0,81.0,16.0,0.0,7.058293829994005,2.121435412514028,350.0,1.0,0.484619140625
-0.4523796,small_square_cross,0.540339,val,331.0,192.0,11.0,0.0,5.3188214321431895,1.918465257268073,540.0,1.0,0.53955078125
-0.71766204,hourglass,0.67889917,train,205.0,117.0,6.0,0.0,8.722085189027833,3.1512796271791945,375.0,1.0,0.62548828125
-0.44768247,cross_rectangular,0.512664,train,289.0,165.0,23.0,0.0,5.132802412571085,2.3195617669647697,511.0,1.0,0.503662109375
-0.2323528,nine_circle,0.505817,val,121.0,69.0,3.0,0.0,6.602196587895218,1.6830831596411775,441.0,1.0,0.50830078125
-0.3213651,hexagonal,0.5689628,train,230.0,129.0,8.0,0.0,6.461200198506781,2.3478642343417255,470.0,1.0,0.563720703125
-0.29480553,circle_half_quarter,0.556604,train,516.0,283.0,17.0,0.0,5.193369307302337,2.4351854979748824,577.0,1.0,0.557861328125
-0.17052025,hexagonal,0.55463505,train,306.0,174.0,11.0,0.0,5.213768865375707,1.9844207451668991,610.0,1.0,0.55224609375
-0.54288363,hourglass,0.4657719,train,103.0,55.0,8.0,0.0,8.989793381752804,2.0453887047193398,260.0,1.0,0.4599609375
-0.047932453,reentrant_bowtie,0.5179242,train,128.0,69.0,6.0,0.0,10.021268989899855,6.774628875702349,224.0,1.0,0.52001953125
-0.489776,hourglass,0.34146765,train,77.0,40.0,8.0,0.0,6.595148166310787,1.2232206368529577,258.0,1.0,0.329345703125
-0.43505102,hourglass,0.56406903,train,142.0,80.0,4.0,0.0,8.062264989877118,2.3745327246518144,379.0,1.0,0.549560546875
-0.3964523,small_square_cross,0.540477,train,429.0,243.0,19.0,0.0,4.4554443733312254,1.7784257022053094,653.0,1.0,0.54150390625
-0.26032153,hexagonal,0.5144524,train,140.0,79.0,8.0,0.0,8.77551550878351,2.85875115029142,291.0,1.0,0.50732421875
-0.6797132,reentrant_bowtie,0.524673,train,317.0,182.0,7.0,0.0,6.35295224343715,3.220860559964575,436.0,1.0,0.524169921875
-0.22296147,circle_half_quarter,0.556655,train,540.0,305.0,15.0,0.0,4.9479476232312045,2.3009313127505497,680.0,1.0,0.57421875
-0.7216401,hourglass,0.6759697,train,133.0,79.0,4.0,0.0,8.502730366516277,2.5886326061387988,391.0,1.0,0.61865234375
-0.27195984,square,0.527909,train,377.0,203.0,24.0,0.0,4.330299642638705,1.2334395899343285,645.0,1.0,0.520751953125
-0.3201942,reentrant_bowtie,0.513592,test,193.0,107.0,7.0,0.0,7.405267876782921,3.6178497676630585,328.0,1.0,0.508056640625
-0.5224632,hourglass,0.37600952,train,92.0,46.0,8.0,0.0,6.9097600651834465,1.6113041652381699,258.0,1.0,0.3681640625
-0.4148031,hourglass,0.572623,train,180.0,99.0,3.0,0.0,8.171339973295252,2.712155106056464,395.0,1.0,0.560302734375
-0.716853,hourglass,0.69980353,train,136.0,73.0,9.0,0.0,10.487967307005656,2.8013589897968703,284.0,1.0,0.619873046875
-0.5655714,hexagonal,0.51636034,train,157.0,88.0,4.0,0.0,7.437993265941603,2.2521534721465533,394.0,1.0,0.52197265625
-0.5239729,hexagonal,0.52098495,train,213.0,115.0,14.0,0.0,6.625552612741907,3.628964624601875,401.0,1.0,0.51611328125
-0.044661596,reentrant_bowtie,0.543004,val,243.0,134.0,6.0,0.0,9.855432119886128,7.614167221441854,295.0,1.0,0.543212890625
-0.24662797,hexagonal,0.54887575,train,278.0,162.0,9.0,0.0,6.013848798863775,2.3467357308895287,533.0,1.0,0.559326171875
-0.33587068,circle,0.682092,train,221.0,125.0,11.0,0.0,8.578493917273702,3.3959441638084265,374.0,1.0,0.615234375
-0.33066073,hexagonal,0.5424198,train,136.0,78.0,12.0,0.0,8.439618833836077,3.1013319408066082,317.0,1.0,0.5419921875
-0.30273306,small_square_cross,0.598585,train,542.0,298.0,16.0,0.0,4.897661896414517,2.439805258369617,697.0,1.0,0.608154296875
-0.5192648,hourglass,0.3347915,train,77.0,40.0,8.0,0.0,6.585668006627729,1.2222281993739221,259.0,1.0,0.322998046875
-0.4056898,hourglass,0.32875517,train,74.0,38.0,8.0,0.0,6.645497738669975,1.257987897599175,259.0,1.0,0.319580078125
-0.3382438,square,0.569044,train,403.0,235.0,11.0,0.0,5.113498625458382,2.423115070760141,620.0,1.0,0.566650390625
-0.43070891,hourglass,0.41476998,train,112.0,58.0,8.0,0.0,7.771557713035516,2.116214169471368,265.0,1.0,0.402099609375
-0.24038702,hexagonal,0.5737433,train,177.0,104.0,9.0,0.0,6.899977209089634,2.9090742005127437,442.0,1.0,0.559326171875
-0.08763771,reentrant_bowtie,0.52314436,train,118.0,67.0,8.0,0.0,8.69414609431417,3.5166092577728514,265.0,1.0,0.5185546875
-0.38152298,square,0.574597,train,432.0,242.0,22.0,0.0,4.925125669593332,2.1037473157907747,627.0,1.0,0.571533203125
-0.061867632,reentrant_bowtie,0.535253,test,389.0,215.0,6.0,0.0,7.302768418367659,6.007872187366782,553.0,1.0,0.54443359375
-0.72119814,hourglass,0.6987948,train,122.0,68.0,7.0,0.0,10.671616077528196,2.5991139959231653,263.0,1.0,0.61376953125
-0.49284977,hourglass,0.5383883,train,220.0,119.0,8.0,0.0,7.108158410994912,3.177363354876815,399.0,1.0,0.521240234375
-0.55721086,hexagonal,0.570503,train,308.0,167.0,9.0,0.0,6.68816932239184,3.490203780318277,495.0,1.0,0.565185546875
-0.58386344,hourglass,0.6287324,train,156.0,88.0,5.0,0.0,9.649731908494038,2.883694834937565,321.0,1.0,0.61865234375
-0.2691748,hexagonal,0.50438076,val,202.0,119.0,10.0,0.0,6.081535977522247,2.6074811049723774,426.0,1.0,0.500244140625
-0.3849995,hourglass,0.6449007,train,165.0,96.0,7.0,0.0,8.252613163489562,2.571614741687949,409.0,1.0,0.615966796875
-0.46295664,small_square_cross,0.594384,train,111.0,64.0,11.0,0.0,9.342025943901973,2.803433135925454,309.0,1.0,0.593017578125
-0.3950633,grid_circular_voids,0.632006,train,192.0,110.0,4.0,0.0,8.068759532153036,2.239297067057641,419.0,1.0,0.632080078125
-0.53488284,hourglass,0.46744207,train,103.0,55.0,8.0,0.0,9.024623105175886,2.0462030789476366,260.0,1.0,0.4609375
-0.6462062,hourglass,0.65291643,train,184.0,112.0,2.0,0.0,8.339924870359061,2.394550836408538,399.0,1.0,0.6103515625
-0.343777,hexagonal,0.56126106,train,188.0,109.0,4.0,0.0,7.6857774462882995,3.144650226356837,400.0,1.0,0.5556640625
-0.3689182,small_square_cross,0.507203,train,433.0,245.0,21.0,0.0,3.955015838703593,1.5640796945248516,678.0,1.0,0.493896484375
-0.54282755,hourglass,0.48976928,train,120.0,65.0,8.0,0.0,9.330422882088222,2.2603642576482144,265.0,1.0,0.486083984375
-0.49302676,hourglass,0.53818,train,204.0,110.0,8.0,0.0,7.089203061296573,3.172764138560512,396.0,1.0,0.522216796875
-0.50753796,hourglass,0.40271062,train,93.0,48.0,8.0,0.0,7.507770751964486,1.889993559236188,261.0,1.0,0.39306640625
-0.18148208,hexagonal,0.52661383,train,289.0,166.0,15.0,0.0,6.017423237025398,3.502640959719034,452.0,1.0,0.521240234375
-0.28293467,cross_rectangular,0.653588,train,238.0,140.0,8.0,0.0,7.030459241770215,2.5445328263063853,449.0,1.0,0.6142578125
-0.4055371,hourglass,0.32181588,train,78.0,37.0,8.0,0.0,6.6410034369320785,1.2484437561199104,260.0,1.0,0.3154296875
-0.69092816,hourglass,0.67724323,train,149.0,89.0,4.0,0.0,8.570306293063775,2.5193884967392055,395.0,1.0,0.620361328125
-0.37735924,hexagonal,0.5342543,train,199.0,113.0,10.0,0.0,7.331993994925186,3.415339583519057,388.0,1.0,0.523681640625
-0.53386456,hourglass,0.41948608,train,109.0,56.0,8.0,0.0,7.956368097037035,1.9126000014430586,262.0,1.0,0.407958984375
-0.13753963,square,0.515613,train,271.0,159.0,6.0,0.0,5.112765406822782,2.162977224685089,552.0,1.0,0.52392578125
-0.38507175,hexagonal,0.53618085,train,184.0,104.0,7.0,0.0,7.201410347293421,3.0818467183770903,377.0,1.0,0.521728515625
-0.6347465,hourglass,0.6609232,train,164.0,98.0,4.0,0.0,8.271816841809231,2.541849081445454,405.0,1.0,0.6083984375
-0.49159002,hourglass,0.39902392,train,93.0,48.0,8.0,0.0,7.549246248099712,1.8747341710197711,261.0,1.0,0.3896484375
-0.42089105,hexagonal,0.554047,train,156.0,86.0,12.0,0.0,8.123712932033081,2.107147552169551,322.0,1.0,0.552490234375
-0.4092365,nine_circle,0.507068,test,199.0,120.0,2.0,0.0,6.844014439786892,2.3388147817393814,425.0,1.0,0.512939453125
-0.5257547,hourglass,0.50270516,test,116.0,62.0,8.0,0.0,9.711125218359467,2.0796192497935775,260.0,1.0,0.5029296875
-0.55942476,hourglass,0.48547032,train,156.0,83.0,12.0,0.0,8.739145982873184,2.677497741679376,288.0,1.0,0.480224609375
-0.27298784,reentrant_bowtie,0.504661,train,127.0,66.0,8.0,0.0,7.744100999634753,2.539967503477872,284.0,1.0,0.499267578125
-0.40653214,small_square_cross,0.611094,test,102.0,58.0,13.0,0.0,8.732080209880984,2.6787916882063922,334.0,1.0,0.61376953125
-0.35255367,grid_circular_voids,0.589444,test,461.0,258.0,20.0,0.0,5.535455157066292,2.196099049825412,627.0,1.0,0.600830078125
-0.13947968,four_circle,0.532904,train,280.0,164.0,16.0,0.0,5.027915477970057,1.2967940166141494,547.0,1.0,0.544921875
-0.18318628,reentrant_bowtie,0.55647,train,177.0,100.0,8.0,0.0,10.939371771409851,8.140582076521998,262.0,1.0,0.558349609375
-0.32981896,hexagonal,0.546826,train,197.0,113.0,12.0,0.0,6.329079383701173,3.057330798034055,487.0,1.0,0.546142578125
-0.57780325,hourglass,0.5960022,val,176.0,103.0,4.0,0.0,8.387533381720655,2.536656083243806,382.0,1.0,0.57568359375
-0.42124906,hexagonal,0.53404045,val,244.0,142.0,5.0,0.0,6.779663526410026,2.947175596622635,471.0,1.0,0.53759765625
-0.5133669,hourglass,0.4775667,train,117.0,63.0,8.0,0.0,9.246568237723444,2.3244852041305206,266.0,1.0,0.474365234375
-0.62846524,hourglass,0.6638552,train,145.0,86.0,4.0,0.0,8.409405327417558,2.405874301189747,395.0,1.0,0.612548828125
-0.41764903,hexagonal,0.57356244,train,247.0,139.0,15.0,0.0,5.920301350574145,2.1598418030973288,477.0,1.0,0.56494140625
-0.46386743,hourglass,0.55572,train,273.0,150.0,7.0,0.0,7.092963286054464,3.190873720687171,488.0,1.0,0.5625
-0.37528047,hexagonal,0.53292096,train,221.0,126.0,4.0,0.0,7.012799940807646,2.8441440731311016,432.0,1.0,0.5302734375
-0.4668313,hexagonal,0.56140846,train,364.0,200.0,9.0,0.0,5.416711928557443,2.2399283245895116,553.0,1.0,0.555908203125
-0.0609495,circle_half_quarter,0.537009,train,238.0,135.0,17.0,0.0,5.431038099534644,2.1242606172645413,462.0,1.0,0.5107421875
-0.6226153,hourglass,0.65698767,train,174.0,104.0,5.0,0.0,8.27630578672622,2.643045469504896,410.0,1.0,0.613525390625
-0.49242377,hourglass,0.45947778,train,115.0,61.0,8.0,0.0,8.888558808777924,2.1799112066628132,265.0,1.0,0.45458984375
-0.45957014,hourglass,0.36835504,train,80.0,40.0,8.0,0.0,6.885322995798592,1.7003463818409863,261.0,1.0,0.3583984375
-0.10137209,cross_rectangular,0.577078,train,92.0,55.0,7.0,0.0,9.26617988885027,2.2809336835834633,278.0,1.0,0.546630859375
-0.22433034,circle,0.619208,val,163.0,94.0,10.0,0.0,9.338376787535424,2.592885985969031,307.0,1.0,0.591796875
-0.2771736,hexagonal,0.52755505,train,232.0,134.0,12.0,0.0,6.328850449601094,2.712073674615049,454.0,1.0,0.52880859375
-0.666267,hourglass,0.554737,train,218.0,122.0,4.0,0.0,7.028409481721157,2.8906223283901555,472.0,1.0,0.562255859375
-0.36493322,hexagonal,0.5424923,train,170.0,98.0,13.0,0.0,8.16197825903976,2.9653252509206425,326.0,1.0,0.540771484375
-0.39067623,hexagonal,0.5096839,train,107.0,60.0,7.0,0.0,8.61962904772707,2.2361803465432484,268.0,1.0,0.507080078125
-0.57733756,hexagonal,0.508924,train,76.0,43.0,8.0,0.0,8.986860038821145,1.8328730358965177,260.0,1.0,0.502197265625
-0.6623855,hourglass,0.6880616,train,137.0,76.0,13.0,0.0,9.798915886385815,2.825110166265329,312.0,1.0,0.60986328125
-0.035781052,reentrant_bowtie,0.550802,train,144.0,83.0,8.0,0.0,10.192278342988043,8.152214380326534,299.0,1.0,0.547607421875
-0.34026733,circle_half_quarter,0.577486,train,114.0,63.0,8.0,0.0,10.305309889030854,3.3505037602373653,261.0,1.0,0.585205078125
-0.5017916,hourglass,0.46108148,train,121.0,65.0,8.0,0.0,8.85578589888364,2.1844966949170175,264.0,1.0,0.45556640625
-0.62409145,hexagonal,0.5485983,train,157.0,82.0,4.0,0.0,8.552130086800782,2.7749428887199774,367.0,1.0,0.555908203125
-0.3202839,cross_rectangular,0.49991,train,264.0,151.0,15.0,0.0,5.424106680599555,2.1630191353097055,482.0,1.0,0.50732421875
-0.6466529,hexagonal,0.53607893,train,139.0,73.0,10.0,0.0,9.308653817903428,2.283078037891144,293.0,1.0,0.532958984375
-0.6094733,hourglass,0.6321001,train,207.0,120.0,6.0,0.0,8.46330898319623,2.679722316443973,423.0,1.0,0.61669921875
-0.40931907,hexagonal,0.545156,train,295.0,163.0,12.0,0.0,6.313685492729393,2.4815135260163093,487.0,1.0,0.550048828125
-0.43756667,cross_rectangular,0.61652,val,321.0,173.0,20.0,0.0,7.401423820533024,3.278247392148148,411.0,1.0,0.597900390625
-0.41277856,grid_circular_voids,0.451167,train,166.0,96.0,8.0,0.0,4.989853680803451,1.8505906838834412,433.0,1.0,0.4462890625
-0.3832117,hexagonal,0.5178083,train,142.0,80.0,4.0,0.0,7.753266865346778,2.4092278198442805,388.0,1.0,0.52197265625
-0.47594678,hourglass,0.580123,train,206.0,114.0,8.0,0.0,7.762950261177168,3.227986216368172,401.0,1.0,0.57421875
-0.42263764,cross_rectangular,0.521741,train,392.0,209.0,25.0,0.0,4.17225268293123,1.6495884049063196,652.0,1.0,0.510498046875
-0.57481897,hourglass,0.4414953,train,116.0,58.0,8.0,0.0,8.401008555533382,2.007435384486546,267.0,1.0,0.433349609375
-0.3092126,grid_circular_voids,0.568909,train,281.0,163.0,7.0,0.0,5.459870732332317,2.190103458573286,534.0,1.0,0.5625
-0.4976755,hourglass,0.39612916,val,93.0,48.0,8.0,0.0,7.514898005572154,1.8859902722028599,261.0,1.0,0.38671875
-0.6285712,hourglass,0.50024,val,132.0,72.0,5.0,0.0,7.181678594185437,3.073897311637907,355.0,1.0,0.4892578125
-0.47758576,circle,0.546796,train,369.0,209.0,16.0,0.0,4.740255473152639,1.5687058624781312,593.0,1.0,0.555908203125
-0.61451095,hexagonal,0.5259324,train,181.0,100.0,11.0,0.0,6.813678429538035,3.3493964097445277,394.0,1.0,0.521484375
-0.47987527,circle,0.539596,train,293.0,161.0,18.0,0.0,5.995903421623887,2.5954511800768842,454.0,1.0,0.542236328125
-0.56673324,hourglass,0.54629356,train,120.0,64.0,11.0,0.0,8.269258262449188,2.4256412770662914,348.0,1.0,0.53955078125
-0.59829885,hourglass,0.64111006,train,171.0,101.0,6.0,0.0,8.088256933750506,2.522778923950148,408.0,1.0,0.607666015625
-0.56844103,hourglass,0.50355625,train,116.0,62.0,8.0,0.0,9.495229605942404,2.2001397070265463,260.0,1.0,0.502197265625
-0.2864001,circle_half_quarter,0.527727,train,256.0,145.0,16.0,0.0,5.3116993269248685,1.9358173265792307,520.0,1.0,0.531982421875
-0.5776658,hourglass,0.44438955,train,111.0,56.0,8.0,0.0,8.378040910615896,2.0492457011435725,266.0,1.0,0.437744140625
-0.19255425,circle,0.511564,train,153.0,86.0,12.0,0.0,7.525366367562431,2.514922638318627,318.0,1.0,0.509765625
-0.36433145,nine_circle,0.574881,train,344.0,195.0,8.0,0.0,5.626982940449276,2.809109087002214,583.0,1.0,0.580322265625
-0.5233557,hourglass,0.5281148,train,227.0,125.0,7.0,0.0,8.71143983785357,2.8688981213176055,334.0,1.0,0.515869140625
-0.27926546,small_square_cross,0.470394,train,127.0,74.0,9.0,0.0,7.528028137463147,2.3607237839284347,303.0,1.0,0.478515625
-0.54288363,hourglass,0.4657719,train,115.0,61.0,8.0,0.0,9.056449766386004,2.012252144629412,263.0,1.0,0.4599609375
-0.49850872,hourglass,0.3885107,train,101.0,51.0,8.0,0.0,7.462140155729822,1.8459071989549212,264.0,1.0,0.38330078125
-0.57268304,hourglass,0.44073075,train,105.0,55.0,8.0,0.0,8.318705736452848,1.744270872860935,263.0,1.0,0.4326171875
-0.69092816,hourglass,0.67724323,train,145.0,87.0,4.0,0.0,8.442487478472493,2.538882463442712,395.0,1.0,0.620361328125
-0.29061276,hexagonal,0.578067,train,173.0,92.0,10.0,0.0,8.913365568770491,3.8138261259769384,301.0,1.0,0.578369140625
-0.6154191,hourglass,0.65836364,train,164.0,96.0,4.0,0.0,8.481808467693433,2.451411872140001,404.0,1.0,0.6162109375
-0.59975207,hexagonal,0.54197884,train,258.0,151.0,9.0,0.0,5.674956293377528,2.065181386958126,485.0,1.0,0.552490234375
-0.13455813,circle_half_quarter,0.557126,train,283.0,166.0,13.0,0.0,5.511499603935649,2.270177261104251,511.0,1.0,0.5419921875
-0.40537688,reentrant_bowtie,0.512322,test,334.0,172.0,9.0,0.0,6.204316331425597,3.027545759801283,423.0,1.0,0.503173828125
-0.09216438,reentrant_bowtie,0.562175,train,230.0,132.0,9.0,0.0,7.3996068656085106,3.9481371742071576,386.0,1.0,0.559814453125
-0.1426939,hexagonal,0.52157736,train,93.0,54.0,9.0,0.0,7.861818479372867,3.543846976929615,267.0,1.0,0.516845703125
-0.57726896,hourglass,0.5601462,train,207.0,117.0,7.0,0.0,7.462268114757077,3.073199405095587,400.0,1.0,0.546875
-0.64903194,hourglass,0.66359234,train,171.0,102.0,6.0,0.0,8.347625854139165,2.546656520025921,404.0,1.0,0.6123046875
-0.28053242,four_circle,0.508539,train,311.0,172.0,24.0,0.0,4.4094563972345995,1.3851124092109004,608.0,1.0,0.513427734375
-0.40711594,hexagonal,0.51972854,train,120.0,65.0,7.0,0.0,9.230754353728834,2.990576867590224,266.0,1.0,0.506591796875
-0.57149655,hourglass,0.4468007,train,129.0,66.0,7.0,0.0,8.518085472742811,1.890654072067207,272.0,1.0,0.44140625
-0.5783942,hourglass,0.62417316,train,215.0,126.0,5.0,0.0,7.926865282714061,2.831086069973189,414.0,1.0,0.6083984375
-0.6044179,hourglass,0.57830334,train,149.0,87.0,4.0,0.0,8.212310609104591,2.5422859039618086,380.0,1.0,0.564208984375
-0.65777,hourglass,0.6536981,train,179.0,109.0,2.0,0.0,8.346525550684552,2.4358779077611143,398.0,1.0,0.607421875
-0.6342601,hourglass,0.41287482,train,104.0,54.0,8.0,0.0,7.658978114480044,2.11575468291561,264.0,1.0,0.3994140625
-0.41404134,hourglass,0.6603631,train,166.0,99.0,4.0,0.0,8.341421815648392,2.545544223524254,406.0,1.0,0.611572265625
-0.40688252,circle,0.516801,train,245.0,139.0,24.0,0.0,6.019793520722661,2.5206901087704003,463.0,1.0,0.5244140625
-0.31382552,hexagonal,0.573669,train,388.0,216.0,10.0,0.0,5.957988782451132,3.0518961075046183,547.0,1.0,0.58251953125
-0.40209955,hexagonal,0.527579,train,157.0,84.0,8.0,0.0,10.321803007442963,2.7797570653220918,270.0,1.0,0.529052734375
-0.3154736,circle_half_quarter,0.536426,train,260.0,147.0,8.0,0.0,5.3495700631863325,1.641319011054773,558.0,1.0,0.55322265625
-0.3754752,hourglass,0.62012994,train,163.0,95.0,4.0,0.0,8.47787525619475,2.6573845264611173,391.0,1.0,0.608154296875
-0.03028704,circle,0.535057,train,132.0,74.0,14.0,0.0,8.46124505715716,2.2077134663266897,300.0,1.0,0.541015625
-0.31576502,hexagonal,0.53024244,train,195.0,105.0,16.0,0.0,7.3926959067771705,3.013295656780921,373.0,1.0,0.52490234375
-0.42722633,hourglass,0.5626628,train,161.0,86.0,4.0,0.0,8.09612578932861,2.6911876175978127,390.0,1.0,0.551513671875
-0.27126116,hourglass,0.30536193,train,60.0,30.0,8.0,0.0,6.1251278659330834,1.1737760690230794,257.0,1.0,0.297119140625
-0.42203155,hourglass,0.35796353,train,84.0,42.0,8.0,0.0,6.865713713523792,1.7141502506472257,262.0,1.0,0.349365234375
-0.02614202,reentrant_bowtie,0.5119021,train,115.0,63.0,6.0,0.0,10.125953484874277,6.553684483393809,210.0,1.0,0.518798828125
-0.44405717,grid_circular_voids,0.534451,train,148.0,86.0,6.0,0.0,6.933863247948488,2.0559569980816907,406.0,1.0,0.532958984375
-0.025443297,reentrant_bowtie,0.51081884,train,111.0,60.0,7.0,0.0,10.270185120994157,6.823538726942227,214.0,1.0,0.52001953125
-0.32555062,hexagonal,0.5271176,train,284.0,164.0,9.0,0.0,5.903210510970017,2.7110884161191073,475.0,1.0,0.520263671875
-0.54901564,hourglass,0.48021767,train,121.0,65.0,8.0,0.0,9.26527275506128,2.3346522062465476,267.0,1.0,0.47705078125
-0.5918961,hourglass,0.6269799,train,185.0,107.0,8.0,0.0,8.513883398175963,2.42089410296566,392.0,1.0,0.609375
-0.5637062,hourglass,0.54126084,train,164.0,92.0,4.0,0.0,7.903423037811914,2.5647630589475146,380.0,1.0,0.5400390625
-0.75463635,hexagonal,0.57803285,train,132.0,74.0,16.0,0.0,7.679586180113529,2.8112162837336103,314.0,1.0,0.52392578125
-0.24551874,hexagonal,0.57232654,train,57.0,34.0,4.0,0.0,10.361416643753724,1.852111542319904,261.0,1.0,0.572509765625
-0.52109385,hourglass,0.5751077,train,175.0,99.0,2.0,0.0,8.017562718992169,2.5978820368388376,396.0,1.0,0.564208984375
-0.4056008,hourglass,0.32486078,train,79.0,39.0,8.0,0.0,6.642713724228397,1.2604126674361147,259.0,1.0,0.31640625
-0.4057017,hourglass,0.32138628,train,79.0,39.0,8.0,0.0,6.600027515386694,1.226896027288215,259.0,1.0,0.31396484375
-0.4057972,hourglass,0.32822317,train,74.0,38.0,8.0,0.0,6.645497738669975,1.257987897599175,259.0,1.0,0.319580078125
-0.032723766,reentrant_bowtie,0.5252864,train,179.0,100.0,6.0,0.0,9.337914091796616,7.321855090386163,258.0,1.0,0.52392578125
-0.61309457,hourglass,0.65167433,train,161.0,95.0,4.0,0.0,8.4493777860859,2.3628667770544243,402.0,1.0,0.61669921875
-0.51613194,hourglass,0.52827585,train,215.0,118.0,8.0,0.0,8.767945598124799,2.8501105221243557,328.0,1.0,0.51513671875
-0.4392816,hourglass,0.57337177,train,188.0,106.0,4.0,0.0,7.992319204415055,2.5215913045474645,399.0,1.0,0.5615234375
-0.4109131,circle,0.516801,train,237.0,132.0,24.0,0.0,6.0297584877129555,2.5260924398438336,460.0,1.0,0.5244140625
-0.6028793,hourglass,0.45449457,train,114.0,61.0,9.0,0.0,8.676592084930515,2.2799019275486274,266.0,1.0,0.447998046875
-0.29322502,reentrant_bowtie,0.519688,train,123.0,66.0,8.0,0.0,9.303874392904499,3.5209758412337697,246.0,1.0,0.524658203125
-0.4188198,hourglass,0.42727008,train,131.0,70.0,12.0,0.0,7.559454619815209,2.1078646788596487,277.0,1.0,0.41455078125
-0.60866463,hexagonal,0.553121,train,136.0,74.0,7.0,0.0,9.843440870934568,2.8047332228287427,279.0,1.0,0.545166015625
-0.5072377,hourglass,0.40283272,train,93.0,48.0,8.0,0.0,7.507770751964486,1.889993559236188,261.0,1.0,0.39306640625
-0.4655122,hourglass,0.3946439,train,97.0,50.0,8.0,0.0,7.513312291142586,1.8679051671526756,262.0,1.0,0.38671875
-0.30799022,four_circle,0.564077,train,410.0,238.0,20.0,0.0,5.694983577946342,2.3475983453260105,572.0,1.0,0.577392578125
-0.34934682,hexagonal,0.5494677,train,191.0,108.0,4.0,0.0,7.636783016738099,3.128913216930062,398.0,1.0,0.544921875
-0.5043079,hourglass,0.4543714,train,126.0,69.0,9.0,0.0,8.645548333006865,2.2857962271411214,270.0,1.0,0.447998046875
-0.08538407,reentrant_bowtie,0.56024,train,199.0,116.0,7.0,0.0,7.595369705247271,4.112156190690379,377.0,1.0,0.560791015625
-0.042652827,reentrant_bowtie,0.5025248,train,121.0,66.0,9.0,0.0,10.025700095153748,6.916262182725584,229.0,1.0,0.508544921875
-0.68634635,hexagonal,0.527579,train,139.0,74.0,8.0,0.0,10.296350946600864,2.8231400231739396,266.0,1.0,0.529052734375
-0.12851028,circle_half_quarter,0.511219,train,240.0,134.0,6.0,0.0,5.410127358882869,2.5352008346761163,488.0,1.0,0.50732421875
-0.45880672,reentrant_bowtie,0.504489,train,130.0,69.0,8.0,0.0,7.68776597884111,2.3408479518042045,289.0,1.0,0.496826171875
-0.7097609,hourglass,0.6805719,train,221.0,125.0,7.0,0.0,8.972241420262739,3.1610297102006135,369.0,1.0,0.62841796875
-0.42002448,hourglass,0.4291826,train,121.0,64.0,10.0,0.0,7.792801340780863,1.8801651485312991,274.0,1.0,0.417236328125
-0.2615204,small_square_cross,0.470394,train,127.0,74.0,9.0,0.0,7.528028137463148,2.3607237839284347,303.0,1.0,0.478515625
-0.53976506,hourglass,0.5090574,train,157.0,82.0,10.0,0.0,8.725027360466061,2.5446423616416403,306.0,1.0,0.5029296875
-0.24962787,nine_circle,0.560189,train,159.0,95.0,4.0,0.0,7.734441910404155,2.026702311301384,395.0,1.0,0.566650390625
-0.55134815,hourglass,0.45082158,train,115.0,58.0,8.0,0.0,8.600682205580894,1.9112264835443036,261.0,1.0,0.447509765625
-0.28606343,four_circle,0.568956,train,348.0,204.0,1.0,0.0,5.77165216531569,2.4773879089535535,603.0,1.0,0.580078125
-0.49322605,hourglass,0.40309602,train,97.0,48.0,8.0,0.0,7.507901761321032,1.9056261811678985,262.0,1.0,0.39306640625
-0.11092186,reentrant_bowtie,0.511603,test,123.0,71.0,5.0,0.0,8.117421594281373,3.4825813104706373,287.0,1.0,0.505859375
-0.4249302,hourglass,0.3301089,train,77.0,40.0,8.0,0.0,6.545602952124273,1.4123656217957683,262.0,1.0,0.321044921875
-0.34952396,grid_circular_voids,0.520676,train,164.0,99.0,3.0,0.0,6.854949828900573,1.9887676114416182,459.0,1.0,0.535400390625
-0.25658593,hexagonal,0.53058904,train,233.0,133.0,15.0,0.0,6.190668821400547,2.5886793098760217,429.0,1.0,0.529052734375
-0.40154096,hourglass,0.32868475,train,72.0,37.0,8.0,0.0,6.634729794851164,1.2410504055677145,259.0,1.0,0.319580078125
-0.2743991,hexagonal,0.5217557,train,224.0,124.0,14.0,0.0,7.053207360745572,3.3144004313779285,382.0,1.0,0.513671875
-0.5044094,hourglass,0.4586583,train,116.0,63.0,8.0,0.0,8.732547744450034,2.1829260825502197,266.0,1.0,0.45361328125
-1.0818925,reentrant_bowtie,0.565418,train,456.0,265.0,6.0,0.0,5.308948042596374,4.073359090692243,561.0,1.0,0.567626953125
-0.99440295,hexagonal,0.505613,train,159.0,87.0,7.0,0.0,8.558492816362534,3.2416250424225086,295.0,1.0,0.5029296875
-0.33503926,hexagonal,0.52873594,train,240.0,133.0,10.0,0.0,6.737592599731324,3.484178443391244,404.0,1.0,0.5146484375
-0.25774977,circle,0.665934,train,202.0,110.0,11.0,0.0,9.181488555620076,3.566622458609141,341.0,1.0,0.64794921875
-0.4715928,nine_circle,0.544439,train,837.0,470.0,18.0,0.0,3.5440474241587463,1.5437636205660905,920.0,1.0,0.543701171875
-0.41998777,hourglass,0.4290118,train,121.0,64.0,10.0,0.0,7.792801340780863,1.8801651485312991,274.0,1.0,0.417236328125
-0.13042544,hexagonal,0.50499594,val,118.0,66.0,9.0,0.0,8.587108783575513,2.226341887499133,282.0,1.0,0.5029296875
-0.59162486,hourglass,0.55726457,train,213.0,115.0,9.0,0.0,7.357978863248643,3.1464182879920926,402.0,1.0,0.540771484375
-0.82818884,reentrant_bowtie,0.526816,train,143.0,76.0,8.0,0.0,8.13099558184757,3.3107575862590357,283.0,1.0,0.5302734375
-0.58815914,hourglass,0.579519,train,224.0,130.0,4.0,0.0,7.858362658559234,3.2197059954182494,432.0,1.0,0.572998046875
-0.3616783,hexagonal,0.51851624,train,138.0,78.0,8.0,0.0,7.48084728239684,2.0907457725851315,347.0,1.0,0.514404296875
-0.5566503,hourglass,0.6458889,train,182.0,104.0,6.0,0.0,8.417422344936877,2.7644432889870068,412.0,1.0,0.622802734375
-0.68029505,hourglass,0.68024254,train,197.0,112.0,6.0,0.0,9.138693745972827,3.1108916379493188,362.0,1.0,0.63134765625
-0.45923886,hourglass,0.36873382,val,80.0,40.0,8.0,0.0,6.885322995798592,1.7003463818409863,261.0,1.0,0.3583984375
-0.5269522,hourglass,0.47127986,test,112.0,57.0,8.0,0.0,8.878181138871366,1.8581466103873752,262.0,1.0,0.461669921875
-0.53392506,hourglass,0.46979713,train,115.0,61.0,8.0,0.0,9.090882192583727,2.011933440670833,263.0,1.0,0.4609375
-0.4607079,hourglass,0.38329273,train,96.0,48.0,8.0,0.0,7.053474667206887,1.5198794625262748,260.0,1.0,0.37255859375
-0.19744337,hexagonal,0.5278837,train,157.0,86.0,10.0,0.0,8.051797334020163,3.254460095244358,305.0,1.0,0.534912109375
-0.4556576,nine_circle,0.530542,train,146.0,81.0,7.0,0.0,6.86866157417248,2.5159835140576745,403.0,1.0,0.52880859375
-0.4011064,grid_circular_voids,0.5488,train,166.0,94.0,4.0,0.0,7.129012024376616,2.326474086238806,408.0,1.0,0.553466796875
-0.21304923,four_circle,0.537006,train,290.0,164.0,15.0,0.0,5.310338399070004,1.7325866428434447,516.0,1.0,0.548095703125
-0.5738224,hourglass,0.44099241,train,109.0,55.0,8.0,0.0,8.381587137909378,1.9342679459926024,263.0,1.0,0.4326171875
-0.48532468,hourglass,0.49714175,train,127.0,68.0,8.0,0.0,9.442652626392443,2.1377913091474543,263.0,1.0,0.490966796875
-0.14586188,circle_half_quarter,0.497821,train,319.0,171.0,9.0,0.0,5.076274971067399,2.449882491343894,488.0,1.0,0.4892578125
-0.42981786,hourglass,0.5754398,train,159.0,90.0,3.0,0.0,8.146296683392563,2.5003321954962936,391.0,1.0,0.564208984375
-0.0664108,reentrant_bowtie,0.548533,train,230.0,131.0,8.0,0.0,7.588115111073914,4.5810180585101445,368.0,1.0,0.538330078125
-0.30694845,nine_circle,0.520449,train,493.0,287.0,8.0,0.0,4.555674053086015,1.9158994032427756,612.0,1.0,0.51953125
-0.03960976,reentrant_bowtie,0.54133886,train,157.0,89.0,9.0,0.0,9.065819149461776,6.8257503205834995,359.0,1.0,0.54248046875
-0.4100315,hourglass,0.31113642,train,68.0,35.0,8.0,0.0,6.261871371945882,0.7459281343867543,258.0,1.0,0.302978515625
-0.524649,hourglass,0.42626145,train,109.0,56.0,8.0,0.0,8.008875407494248,1.9485497183658937,262.0,1.0,0.41162109375
-0.483153,hourglass,0.46775594,train,103.0,55.0,8.0,0.0,9.024623105175886,2.0462030789476366,260.0,1.0,0.4609375
-0.43077025,cross_rectangular,0.603242,train,401.0,236.0,14.0,0.0,5.280374714649118,2.5864976158735207,636.0,1.0,0.578369140625
-0.55302113,hourglass,0.43007332,train,115.0,60.0,10.0,0.0,7.873588513900016,1.9365416745764836,273.0,1.0,0.4169921875
-0.0447651,reentrant_bowtie,0.50925404,train,121.0,66.0,6.0,0.0,9.99626736888392,6.659760991774728,216.0,1.0,0.515380859375
-0.5713737,hourglass,0.5428129,train,150.0,84.0,4.0,0.0,7.8217457049725025,2.625712893828699,378.0,1.0,0.540283203125
-0.38252655,nine_circle,0.576268,train,190.0,114.0,7.0,0.0,6.573979586929998,2.487655985834816,461.0,1.0,0.586181640625
-0.037968982,circle_half_quarter,0.636782,train,90.0,50.0,8.0,0.0,7.305614035904952,2.902288605383644,254.0,1.0,0.383056640625
-0.52476645,hourglass,0.40529746,train,102.0,52.0,8.0,0.0,7.562942796332268,1.9694718419741186,260.0,1.0,0.39208984375
-0.39662448,grid_circular_voids,0.507984,train,195.0,118.0,5.0,0.0,6.488632141253688,2.2160219701462376,458.0,1.0,0.52197265625
-0.69092816,hourglass,0.67724323,train,160.0,97.0,3.0,0.0,8.44115485020751,2.5276910758973057,397.0,1.0,0.620361328125
-0.27096877,hexagonal,0.54930323,train,164.0,90.0,12.0,0.0,8.698949686004186,4.122492089384082,312.0,1.0,0.54248046875
-0.5405226,hourglass,0.41331378,train,108.0,54.0,8.0,0.0,7.631514347579602,1.8504353271841891,262.0,1.0,0.40234375
-0.5245008,hourglass,0.42611614,test,109.0,56.0,8.0,0.0,8.03155706847288,1.937429493064499,262.0,1.0,0.41162109375
-0.30174324,four_circle,0.540806,train,383.0,207.0,19.0,0.0,4.991746000465319,1.8588125277340695,601.0,1.0,0.541259765625
-0.54706365,hourglass,0.5156775,train,170.0,92.0,12.0,0.0,8.903315605796175,2.46991148606787,295.0,1.0,0.50732421875
-0.46544322,hourglass,0.36375797,train,88.0,44.0,8.0,0.0,6.878112084780079,1.6930679526138412,263.0,1.0,0.354736328125
-0.59322,hourglass,0.6419113,train,178.0,103.0,5.0,0.0,8.411066730035179,2.4541419907136346,411.0,1.0,0.614990234375
-0.59323806,hourglass,0.5645399,train,169.0,91.0,4.0,0.0,8.15325321428648,2.6515949031141055,385.0,1.0,0.552001953125
-0.584283,hourglass,0.62664366,train,176.0,103.0,9.0,0.0,8.475123532854635,2.531258194658004,383.0,1.0,0.6083984375
-1.1924626,reentrant_bowtie,0.53516936,train,208.0,117.0,12.0,0.0,7.232313535619442,3.9941197457566826,401.0,1.0,0.532470703125
-0.5081025,hourglass,0.549665,train,134.0,70.0,9.0,0.0,8.357075104645459,2.3608600839946194,362.0,1.0,0.5498046875
-0.46059465,hourglass,0.3838077,train,92.0,46.0,8.0,0.0,7.016405458908948,1.5389964375034528,259.0,1.0,0.37255859375
-0.56673324,hourglass,0.54629356,train,135.0,73.0,10.0,0.0,8.281159155546355,2.426584457920196,352.0,1.0,0.53955078125
-0.544324,hourglass,0.42744178,train,118.0,62.0,10.0,0.0,7.716668110416542,1.8473603420522422,273.0,1.0,0.412841796875
-0.4937258,circle,0.559223,test,533.0,302.0,27.0,0.0,4.162252922101513,1.625797705750928,740.0,1.0,0.5703125
-0.4053186,hexagonal,0.53681654,train,361.0,202.0,11.0,0.0,4.770933853265996,2.424220623199412,595.0,1.0,0.52099609375
-0.46627948,hourglass,0.50258446,train,108.0,58.0,8.0,0.0,9.575585345410975,2.1490097282540215,258.0,1.0,0.501708984375
-0.050789542,reentrant_bowtie,0.51829416,train,111.0,59.0,6.0,0.0,9.797564440044335,6.798508116491366,217.0,1.0,0.5224609375
-0.49500608,hourglass,0.55209553,train,130.0,68.0,4.0,0.0,8.560827345639474,2.277355835078987,367.0,1.0,0.55029296875
-0.17684756,small_square_cross,0.607049,train,160.0,89.0,10.0,0.0,10.483672231075595,3.162594135301443,309.0,1.0,0.613525390625
-0.32302943,hexagonal,0.574664,train,227.0,121.0,9.0,0.0,8.139211694377499,4.370057944220302,369.0,1.0,0.56591796875
-0.41159979,hexagonal,0.524757,train,201.0,115.0,10.0,0.0,6.951679131140434,3.268710225152592,388.0,1.0,0.512939453125
-0.54709023,hourglass,0.4904205,train,121.0,65.0,8.0,0.0,9.427846045697217,2.1652339417718336,262.0,1.0,0.48779296875
-0.570709,hourglass,0.45353556,train,131.0,68.0,9.0,0.0,8.548160149327053,2.044022674391636,269.0,1.0,0.448486328125
-0.5818465,hourglass,0.5270909,train,207.0,114.0,8.0,0.0,8.657364244977058,2.90311782576605,328.0,1.0,0.51513671875
-0.34800023,grid_circular_voids,0.529399,val,289.0,174.0,0.0,0.0,5.324376149850406,2.0514069618925226,524.0,1.0,0.532958984375
-0.40478268,hourglass,0.668547,train,154.0,91.0,3.0,0.0,8.569885062218924,2.3973047408197687,400.0,1.0,0.620849609375
-0.58095825,hourglass,0.4360684,train,105.0,56.0,8.0,0.0,8.201086956648352,1.6833822450434182,262.0,1.0,0.42919921875
-0.3092126,grid_circular_voids,0.568909,train,309.0,180.0,4.0,0.0,5.482103565319758,2.2027870138754726,541.0,1.0,0.5625
-0.60756,hourglass,0.5646097,train,171.0,93.0,4.0,0.0,8.081070141754532,2.7445541358015983,397.0,1.0,0.552734375
-0.6785638,hourglass,0.6796318,val,203.0,114.0,6.0,0.0,9.158477420809035,3.1875770574081264,365.0,1.0,0.63427734375
-0.5039388,hourglass,0.5539657,train,130.0,68.0,4.0,0.0,8.54898971670384,2.264613312207848,365.0,1.0,0.55126953125
-0.38535717,hourglass,0.6445451,train,156.0,91.0,5.0,0.0,8.369837379000476,2.452789026369857,398.0,1.0,0.61767578125
-0.41877082,small_square_cross,0.579935,train,230.0,139.0,7.0,0.0,5.790562090478393,2.232727058738532,574.0,1.0,0.583740234375
-0.44020948,hourglass,0.54384,train,284.0,159.0,9.0,0.0,7.007705149496712,3.0014430639224843,446.0,1.0,0.53857421875
-0.541357,hourglass,0.46619284,train,103.0,55.0,8.0,0.0,9.024623105175886,2.0462030789476366,260.0,1.0,0.4609375
-0.597615,hexagonal,0.567123,train,273.0,158.0,10.0,0.0,6.040083175467236,3.114706283654629,500.0,1.0,0.57080078125
-0.6170461,hexagonal,0.5333166,train,220.0,125.0,10.0,0.0,7.335478233388652,3.4283729512150054,389.0,1.0,0.523681640625
-0.6282483,hourglass,0.567931,train,149.0,81.0,5.0,0.0,8.364323099617662,2.612207648898662,387.0,1.0,0.56298828125
-0.44254804,square,0.576894,train,383.0,220.0,14.0,0.0,5.463487422740814,1.8411507732468984,597.0,1.0,0.586669921875
-0.33170784,grid_circular_voids,0.552638,train,362.0,216.0,2.0,0.0,5.825784363393794,2.647525088381459,590.0,1.0,0.565185546875
-0.59870356,hourglass,0.556486,train,216.0,116.0,8.0,0.0,7.3374935307715505,3.165899095193554,405.0,1.0,0.53857421875
-0.42565605,four_circle,0.623003,train,346.0,197.0,16.0,0.0,5.536883348417198,1.4960039041143105,572.0,1.0,0.64013671875
-0.617769,hourglass,0.66397643,train,144.0,84.0,5.0,0.0,8.453111215108647,2.4609440866461894,397.0,1.0,0.6171875
-0.51686436,hourglass,0.38824478,train,101.0,52.0,8.0,0.0,7.489344759582831,1.9028246603612098,263.0,1.0,0.38427734375
-0.6016263,hourglass,0.63107175,train,194.0,112.0,7.0,0.0,8.478049918032848,2.726831634665734,425.0,1.0,0.620849609375
-0.57128793,hourglass,0.44686785,train,118.0,59.0,8.0,0.0,8.502076873513243,1.9810165735264895,267.0,1.0,0.44140625
-0.26032153,hexagonal,0.5144524,train,135.0,77.0,8.0,0.0,8.76128333285145,2.8494981044755945,291.0,1.0,0.50732421875
-0.5652594,hourglass,0.44903067,train,115.0,58.0,8.0,0.0,8.5136866934786,1.9492733944540217,269.0,1.0,0.44580078125
-0.45157328,square,0.538009,train,111.0,63.0,11.0,0.0,7.556706151640249,1.8875536560397603,324.0,1.0,0.536865234375
-0.5362416,hourglass,0.51939344,train,142.0,78.0,8.0,0.0,9.250723974227187,2.2520186426952242,278.0,1.0,0.51171875
-0.40952423,hourglass,0.31154594,train,72.0,37.0,8.0,0.0,6.278201213575088,0.7541124888869654,258.0,1.0,0.30322265625
-0.5408127,hexagonal,0.5182665,train,133.0,74.0,11.0,0.0,7.958353432497694,2.9544395758848605,312.0,1.0,0.5078125
-0.15913194,circle_half_quarter,0.51164,train,96.0,53.0,8.0,0.0,9.801197135784308,2.64131306465051,250.0,1.0,0.520751953125
-0.37291485,hourglass,0.6342287,train,167.0,99.0,3.0,0.0,8.679746808131354,2.6383194507012946,395.0,1.0,0.617919921875
-0.08701873,four_circle,0.541561,train,294.0,169.0,16.0,0.0,5.927010203304775,2.345020571016917,490.0,1.0,0.546875
-0.51217026,nine_circle,0.638961,train,215.0,124.0,10.0,0.0,6.78359213898245,3.007022180731626,489.0,1.0,0.635009765625
-0.483637,hourglass,0.50625676,train,114.0,62.0,8.0,0.0,9.338699693977654,2.384158219112435,268.0,1.0,0.50390625
-0.3959246,hourglass,0.31502843,train,64.0,35.0,8.0,0.0,6.356862511452495,0.8640306768222268,256.0,1.0,0.30615234375
-0.59919703,hourglass,0.45502654,train,123.0,67.0,9.0,0.0,8.63365536059602,2.2950822472972514,270.0,1.0,0.449462890625
-0.20662732,circle,0.610596,train,279.0,162.0,6.0,0.0,6.803855106454283,2.5738781873776935,532.0,1.0,0.6162109375
-0.619693,hourglass,0.55607,train,136.0,71.0,4.0,0.0,8.268306822581236,2.6785013166626195,382.0,1.0,0.547119140625
-0.23842303,four_circle,0.550017,train,370.0,218.0,12.0,0.0,5.47817071016204,1.8097246972999887,557.0,1.0,0.565185546875
-0.52436525,hourglass,0.42593646,val,109.0,56.0,8.0,0.0,8.03155706847288,1.937429493064499,262.0,1.0,0.41162109375
-0.48011047,hexagonal,0.5508764,train,142.0,75.0,8.0,0.0,10.195451265562054,2.1735469487141144,274.0,1.0,0.5419921875
-0.53331345,hourglass,0.5481212,train,136.0,74.0,8.0,0.0,8.412117589989121,2.807532793239445,322.0,1.0,0.538330078125
-0.3667476,hexagonal,0.545114,test,174.0,96.0,4.0,0.0,8.131668465745332,2.9168170578738315,383.0,1.0,0.5458984375
-0.5089623,hexagonal,0.553763,train,176.0,93.0,13.0,0.0,9.83991109565044,3.2896886279767603,305.0,1.0,0.545654296875
-0.7200281,hourglass,0.6762761,train,155.0,94.0,3.0,0.0,8.396282153871887,2.434259599159241,397.0,1.0,0.61865234375
-0.18856215,square,0.691351,train,185.0,105.0,10.0,0.0,10.435404343037865,3.0378384294482452,333.0,1.0,0.6640625
-0.5398974,hourglass,0.4866247,train,130.0,68.0,9.0,0.0,9.115031886198327,2.323347915919026,274.0,1.0,0.48486328125
-0.44356322,small_square_cross,0.529521,train,334.0,188.0,16.0,1.0,4.945665913878015,2.047535914293029,546.0,1.0,0.52197265625
-0.3056128,hexagonal,0.536129,train,248.0,138.0,10.0,0.0,6.06707165294988,2.5392487895271043,490.0,1.0,0.53662109375
-0.54196894,hourglass,0.41801628,train,112.0,58.0,8.0,0.0,7.973508861037025,1.885798581734752,263.0,1.0,0.407958984375
-0.51961243,hourglass,0.48678333,train,130.0,68.0,9.0,0.0,9.115031886198327,2.3233479159190265,274.0,1.0,0.48486328125
-0.5634751,hourglass,0.551125,train,127.0,66.0,4.0,0.0,8.267927836158709,2.3659360619166,366.0,1.0,0.54833984375
-0.39002764,four_circle,0.571078,val,399.0,227.0,14.0,0.0,4.866391471070158,2.173709665827655,649.0,1.0,0.572021484375
-0.5824629,hourglass,0.58170533,test,171.0,99.0,6.0,0.0,8.316123460760027,2.5350554569500563,385.0,1.0,0.57080078125
-0.2799212,nine_circle,0.495536,train,198.0,116.0,2.0,0.0,6.349254672624125,2.515305864268939,397.0,1.0,0.507080078125
-0.51358974,hourglass,0.34498027,train,92.0,46.0,8.0,0.0,7.002290571152702,1.5805789405939155,264.0,1.0,0.3408203125
-0.3478733,four_circle,0.575784,train,269.0,154.0,11.0,0.0,5.660369023521537,2.125804799827493,544.0,1.0,0.5830078125
-0.42775914,nine_circle,0.579993,val,143.0,82.0,7.0,0.0,8.032544256676092,3.224039993836675,358.0,1.0,0.57470703125
-0.15758929,reentrant_bowtie,0.5040086,train,102.0,57.0,8.0,0.0,9.066966755895239,3.7008102086478005,255.0,1.0,0.51416015625
-0.3351225,grid_circular_voids,0.551921,train,70.0,38.0,8.0,0.0,7.5453817745505996,2.0706406881278325,413.0,1.0,0.560302734375
-0.17371032,circle_half_quarter,0.563774,train,301.0,170.0,14.0,0.0,5.12811459604962,2.270821816638469,513.0,1.0,0.554443359375
-0.51460093,cross_rectangular,0.555816,train,210.0,122.0,7.0,0.0,6.614866342955688,2.524696331780141,383.0,1.0,0.55615234375
-0.26463228,hexagonal,0.57133883,train,301.0,179.0,4.0,0.0,7.088900520481648,2.5432676090879114,444.0,1.0,0.568115234375
-0.4439779,hexagonal,0.531372,train,334.0,183.0,15.0,0.0,5.82730720504784,2.897095979044065,519.0,1.0,0.526123046875
-0.5148521,hourglass,0.48058355,train,121.0,65.0,8.0,0.0,9.228538796438794,2.3601125316768097,269.0,1.0,0.47705078125
-0.5297412,hourglass,0.47194254,train,141.0,72.0,10.0,0.0,8.763244879331834,2.0727875616602573,275.0,1.0,0.46533203125
-0.47960803,hourglass,0.5585835,train,205.0,114.0,7.0,0.0,7.421885317792768,3.1598932355738234,404.0,1.0,0.546142578125
-0.3023519,small_square_cross,0.598585,train,616.0,337.0,14.0,0.0,4.875462711153441,2.42933583697568,713.0,1.0,0.608154296875
-0.7122183,hourglass,0.69919306,train,167.0,93.0,10.0,0.0,10.20488646932541,2.9181470577351374,293.0,1.0,0.613037109375
-0.38586938,grid_circular_voids,0.632273,val,160.0,94.0,4.0,0.0,7.730886498033567,2.8862276857659324,454.0,1.0,0.6337890625
-0.50803584,hourglass,0.5182434,train,138.0,74.0,10.0,0.0,9.119330974413439,2.367096436436934,277.0,1.0,0.511962890625
-0.4219437,cross_rectangular,0.459175,train,139.0,83.0,5.0,0.0,7.714145092364718,2.3854813876079684,277.0,1.0,0.459716796875
-0.31835645,hourglass,0.30873868,train,57.0,30.0,8.0,0.0,6.080826196850948,1.276010942931891,258.0,1.0,0.301513671875
-0.5832921,hourglass,0.6465366,train,197.0,114.0,6.0,0.0,8.37982855631653,2.7170373539010826,419.0,1.0,0.619384765625
-0.51764977,hexagonal,0.53857803,train,218.0,117.0,8.0,0.0,8.659511603946646,3.0141941433795356,331.0,1.0,0.527099609375
-0.7210078,hourglass,0.67539287,val,145.0,87.0,4.0,0.0,8.619264635928475,2.5658517498075644,393.0,1.0,0.618896484375
-0.15894036,reentrant_bowtie,0.5214621,train,122.0,64.0,6.0,0.0,10.330093847902027,6.837173310024725,225.0,1.0,0.52880859375
-0.37460852,hexagonal,0.5497485,train,162.0,87.0,13.0,0.0,8.721356292031372,3.1465707350078382,324.0,1.0,0.55029296875
-0.6530255,hourglass,0.68871284,train,127.0,73.0,11.0,0.0,9.857487229138956,2.789459731293673,307.0,1.0,0.615966796875
-0.38304344,hourglass,0.60955185,train,160.0,91.0,4.0,0.0,8.333608524855345,2.716033799720556,402.0,1.0,0.604736328125
-0.4307691,hexagonal,0.52614397,train,289.0,158.0,9.0,0.0,6.235677571105284,3.229609080986642,484.0,1.0,0.518798828125
-0.553009,hourglass,0.430059,train,115.0,60.0,10.0,0.0,7.873588513900016,1.9365416745764836,273.0,1.0,0.4169921875
-0.17587769,circle_half_quarter,0.558487,train,319.0,180.0,9.0,0.0,5.627854456468081,2.6120104753484537,537.0,1.0,0.559326171875
-0.3533932,square,0.557597,train,460.0,259.0,16.0,0.0,4.616721542702803,1.6843584237050189,635.0,1.0,0.55126953125
-0.24678507,four_circle,0.457532,train,204.0,110.0,16.0,0.0,5.0639362979828615,1.7366317483313176,455.0,1.0,0.46044921875
-0.26343086,square,0.562369,train,177.0,98.0,11.0,0.0,8.058698825091655,2.899394018153082,338.0,1.0,0.561279296875
-0.06961727,reentrant_bowtie,0.53829616,train,196.0,111.0,10.0,0.0,7.359942367059523,4.41999346010177,373.0,1.0,0.53271484375
-0.047250073,reentrant_bowtie,0.572865,train,120.0,66.0,4.0,0.0,10.707994751694404,8.611428003755018,269.0,1.0,0.569580078125
-0.36123323,hexagonal,0.5734236,train,251.0,147.0,12.0,0.0,6.091062141046941,2.7033238705184526,489.0,1.0,0.566650390625
-0.5278881,hourglass,0.49664634,train,121.0,65.0,8.0,0.0,9.462923960048691,2.110229875235488,262.0,1.0,0.49072265625
-0.38354287,hexagonal,0.581004,train,363.0,199.0,7.0,0.0,6.414300984682681,3.262914578381762,533.0,1.0,0.58154296875
-0.67463493,hourglass,0.6554773,train,183.0,110.0,5.0,0.0,8.202520718308214,2.579923111899822,415.0,1.0,0.607177734375
-0.58693093,hourglass,0.6362812,train,176.0,108.0,3.0,0.0,8.447544687018375,2.6064539564630294,401.0,1.0,0.617919921875
-0.084034644,reentrant_bowtie,0.561387,train,180.0,100.0,10.0,0.0,7.630654206721729,4.757938759831282,333.0,1.0,0.55810546875
-0.28122723,square,0.558736,train,295.0,160.0,15.0,0.0,6.758765110032713,2.8246712812428543,429.0,1.0,0.56689453125
-0.5982213,hourglass,0.512338,train,144.0,81.0,7.0,0.0,7.392169467761502,2.7424574244893543,351.0,1.0,0.505615234375
-0.49567658,circle,0.502444,train,524.0,299.0,13.0,0.0,4.310723709349857,1.8260818843185929,674.0,1.0,0.510498046875
-0.47169885,hexagonal,0.56292903,test,249.0,140.0,7.0,0.0,8.30538345196824,3.824687587707664,367.0,1.0,0.560791015625
-0.508156,hourglass,0.3379728,train,77.0,40.0,8.0,0.0,6.58793803766117,1.2240495162119247,258.0,1.0,0.3271484375
-0.5361145,hourglass,0.4688021,train,115.0,61.0,8.0,0.0,9.090882192583727,2.011933440670833,263.0,1.0,0.4609375
-0.1555759,hexagonal,0.55536246,val,368.0,206.0,10.0,0.0,5.185163144097673,2.1055241877644995,658.0,1.0,0.554443359375
-0.3243471,cross_rectangular,0.616284,train,301.0,173.0,7.0,0.0,6.413261162600833,2.24795843549702,513.0,1.0,0.62451171875
-0.03375892,reentrant_bowtie,0.52595603,train,207.0,117.0,7.0,0.0,9.327787212809922,7.324710884666872,261.0,1.0,0.523681640625
-0.3714952,four_circle,0.52836,train,432.0,238.0,25.0,0.0,4.240981700735651,1.7321831543715516,661.0,1.0,0.523681640625
-0.5197659,hourglass,0.3455048,train,106.0,54.0,10.0,0.0,6.789689282772724,1.7029737060216772,272.0,1.0,0.339111328125
-0.24359307,hexagonal,0.57686996,train,147.0,86.0,5.0,0.0,8.491378765604706,3.229066954921966,362.0,1.0,0.57568359375
-0.17468019,reentrant_bowtie,0.5014586,train,99.0,56.0,8.0,0.0,8.744044427992637,3.00596913913224,257.0,1.0,0.50390625
-0.30145633,hexagonal,0.5045583,train,130.0,70.0,10.0,0.0,8.632953845709784,3.212830856716943,287.0,1.0,0.50048828125
-0.5980916,hourglass,0.64552504,train,190.0,110.0,6.0,0.0,8.532962384259111,2.6361560081031454,418.0,1.0,0.619873046875
-0.19448544,circle_half_quarter,0.554621,train,257.0,143.0,13.0,0.0,5.73645650362626,2.325431118911094,515.0,1.0,0.562255859375
-0.5577153,hourglass,0.6194623,train,178.0,96.0,4.0,0.0,8.445802262950881,2.4477860319819786,396.0,1.0,0.598388671875
-0.13863607,small_square_cross,0.515866,train,214.0,120.0,9.0,0.0,7.424094503721571,2.782079017021987,329.0,1.0,0.515625
-0.39103082,hourglass,0.5992955,train,175.0,102.0,5.0,0.0,8.187910873025489,2.646276733034153,403.0,1.0,0.58251953125
-0.19457772,nine_circle,0.493883,train,221.0,130.0,5.0,0.0,5.645175331385844,2.7668453115258766,512.0,1.0,0.498046875
-0.44368613,grid_circular_voids,0.551066,test,377.0,218.0,2.0,0.0,5.402089557487817,2.5473953922930686,585.0,1.0,0.550537109375
-0.6038781,hourglass,0.57866675,train,160.0,94.0,4.0,0.0,8.357164109384417,2.508700516961701,383.0,1.0,0.564697265625
-0.273831,grid_circular_voids,0.559513,train,297.0,173.0,8.0,0.0,5.863315667566277,2.4180763619551504,532.0,1.0,0.57080078125
-0.39801678,circle,0.519499,train,246.0,138.0,16.0,0.0,5.534239485152231,2.182671820502133,467.0,1.0,0.509521484375
-0.50462455,hourglass,0.346125,train,94.0,47.0,8.0,0.0,6.914289201495141,1.565305272355345,264.0,1.0,0.34375
-0.06339236,hexagonal,0.5583457,train,149.0,85.0,12.0,0.0,7.793301885504575,5.044924073581685,364.0,1.0,0.565185546875
-0.31048745,hexagonal,0.5200045,train,209.0,117.0,7.0,0.0,8.387870419562605,3.5786459377400806,325.0,1.0,0.508056640625
-0.46020427,hourglass,0.36744273,train,88.0,44.0,8.0,0.0,6.94253897417171,1.717393829466861,263.0,1.0,0.3583984375
-0.5676352,hourglass,0.6276922,train,170.0,95.0,8.0,0.0,9.584242814781508,2.849126509204433,323.0,1.0,0.616455078125
-0.373366,hexagonal,0.5759964,train,153.0,88.0,13.0,0.0,8.208159147954888,2.960710377853098,315.0,1.0,0.572509765625
-0.5706601,hexagonal,0.545156,train,295.0,163.0,12.0,0.0,6.313685492729394,2.4815135260163093,487.0,1.0,0.550048828125
-0.6177567,hexagonal,0.5272643,train,214.0,128.0,8.0,0.0,5.687317043571119,1.9544255362162375,508.0,1.0,0.5185546875
-0.30734363,hourglass,0.3043154,train,53.0,28.0,8.0,0.0,6.053846323726891,1.1486725493831051,254.0,1.0,0.294677734375
-0.63248223,hourglass,0.554285,train,161.0,85.0,5.0,0.0,8.261137147027386,2.6288730368915907,394.0,1.0,0.546875
-0.5577818,hourglass,0.41217193,train,107.0,54.0,8.0,0.0,7.63901490174562,1.868897957402479,262.0,1.0,0.40185546875
-0.5368249,hourglass,0.3483831,train,84.0,42.0,8.0,0.0,6.908242712472473,1.5486510356278202,262.0,1.0,0.339111328125
-0.58359236,hourglass,0.5269757,train,228.0,126.0,6.0,0.0,8.636522344465966,2.883810698794437,340.0,1.0,0.514892578125
-0.39652777,hourglass,0.67750657,train,147.0,88.0,4.0,0.0,8.532767113212994,2.381784635498899,395.0,1.0,0.615478515625
-0.28201163,cross_rectangular,0.598291,train,379.0,215.0,15.0,0.0,5.538671863996293,2.43136663937012,605.0,1.0,0.59814453125
-0.29196608,reentrant_bowtie,0.550083,train,266.0,143.0,8.0,0.0,7.259595630215975,4.174409552076055,361.0,1.0,0.551025390625
-0.48165244,hourglass,0.3803405,train,92.0,46.0,8.0,0.0,7.016405458908948,1.5389964375034528,259.0,1.0,0.37255859375
-0.42733333,hourglass,0.43289465,train,108.0,59.0,8.0,0.0,8.131836131947786,1.7491577716777678,263.0,1.0,0.424560546875
-0.57413894,hourglass,0.45305645,train,125.0,65.0,8.0,0.0,8.556737147999492,1.9843903183600486,270.0,1.0,0.447998046875
-0.58629626,hourglass,0.58609474,train,160.0,94.0,4.0,0.0,8.426579817506344,2.4878912703121805,381.0,1.0,0.57421875
-0.08245617,small_square_cross,0.506414,train,256.0,142.0,15.0,0.0,7.79308622152363,3.7093948863105775,366.0,1.0,0.512939453125
-0.48350802,hourglass,0.5376523,train,223.0,121.0,9.0,0.0,7.070567337981533,3.1618155415945335,400.0,1.0,0.521240234375
-0.4483993,small_square_cross,0.594384,train,109.0,63.0,12.0,0.0,9.318909162273595,2.8333834712977257,308.0,1.0,0.593017578125
-0.23699294,reentrant_bowtie,0.515691,train,127.0,70.0,8.0,0.0,7.854421442471117,2.380535406472994,287.0,1.0,0.50927734375
-0.15168186,circle_half_quarter,0.546048,train,254.0,147.0,15.0,0.0,5.413934114811852,2.2893321162311593,522.0,1.0,0.53955078125
-0.5447511,hourglass,0.47709438,test,121.0,65.0,8.0,0.0,9.24280084494892,2.337096127334467,267.0,1.0,0.474365234375
-0.52882004,hourglass,0.50053716,train,132.0,73.0,8.0,0.0,9.642666655590608,2.0947078703095303,263.0,1.0,0.49658203125
-0.4446092,small_square_cross,0.52522,train,299.0,178.0,11.0,0.0,5.027892888790879,2.17898480025579,578.0,1.0,0.52783203125
-0.4828717,hourglass,0.39034486,train,97.0,50.0,8.0,0.0,7.484657415197817,1.876669419463308,262.0,1.0,0.38525390625
-0.19600458,hexagonal,0.52934945,train,149.0,81.0,10.0,0.0,8.195913268120645,3.3784126994952284,300.0,1.0,0.527099609375
-0.29736465,four_circle,0.599919,train,372.0,211.0,18.0,0.0,6.0219910644305825,3.061000921178626,563.0,1.0,0.582275390625
-0.5733012,hourglass,0.5997982,train,182.0,105.0,6.0,0.0,8.399666404515024,2.5896235631011835,403.0,1.0,0.583251953125
-0.2711169,square,0.546239,train,193.0,113.0,7.0,0.0,6.182495773040643,1.9369692178179796,482.0,1.0,0.55078125
-0.25773197,hexagonal,0.5753809,train,264.0,156.0,8.0,0.0,6.321929875234035,3.171896187598294,505.0,1.0,0.572021484375
-0.5571336,hourglass,0.5933113,train,156.0,92.0,2.0,0.0,8.247302115645569,2.523412753867003,389.0,1.0,0.573974609375
-0.53554016,hourglass,0.5214846,train,114.0,61.0,8.0,0.0,9.398490154860507,2.1484299453421203,266.0,1.0,0.512451171875
-0.47439972,square,0.557053,val,363.0,210.0,11.0,0.0,5.206291777061051,1.949814657053834,593.0,1.0,0.567626953125
-0.5810881,hourglass,0.505971,test,117.0,63.0,7.0,0.0,9.422758586791515,2.2926833044382233,268.0,1.0,0.50390625
-0.20948425,circle,0.586995,train,260.0,144.0,23.0,0.0,7.547216781843838,3.1895467840160165,374.0,1.0,0.583740234375
-0.4061282,hourglass,0.32081193,train,77.0,38.0,8.0,0.0,6.592305507664687,1.2116719936743463,259.0,1.0,0.31396484375
-0.5053721,hourglass,0.6930085,train,160.0,90.0,5.0,0.0,9.563007184195921,2.9955193238000684,330.0,1.0,0.621337890625
-0.42980725,hourglass,0.5760843,train,153.0,86.0,3.0,0.0,8.162495832352656,2.4929274814665514,390.0,1.0,0.5654296875
-0.40173355,hourglass,0.32776678,train,72.0,37.0,8.0,0.0,6.634729794851164,1.2410504055677145,259.0,1.0,0.319580078125
-0.5626632,hourglass,0.564001,train,146.0,81.0,4.0,0.0,7.935691495646128,2.4939137276046512,385.0,1.0,0.550048828125
-0.38405156,hexagonal,0.5367412,train,222.0,124.0,9.0,0.0,7.104255652191958,3.199005042345459,392.0,1.0,0.5263671875
-0.6441362,hourglass,0.52462,train,224.0,133.0,4.0,0.0,7.177515086115385,2.822504344921863,418.0,1.0,0.5263671875
-0.49832374,hourglass,0.39067608,train,102.0,52.0,8.0,0.0,7.517533270481272,1.895562556481358,263.0,1.0,0.38525390625
-0.60474247,hourglass,0.5097561,train,154.0,80.0,10.0,0.0,8.485888177792004,2.538141219554839,305.0,1.0,0.502685546875
-0.6901623,hourglass,0.67750657,train,160.0,96.0,3.0,0.0,8.409890194349709,2.457145908255755,398.0,1.0,0.615478515625
-0.5534692,hourglass,0.45070374,val,116.0,59.0,8.0,0.0,8.628867778713046,1.9124809505517752,261.0,1.0,0.448486328125
-0.33520588,cross_rectangular,0.533042,train,176.0,97.0,11.0,0.0,8.079188711737467,2.693791210290284,302.0,1.0,0.52685546875
-0.6401422,hourglass,0.66271573,train,167.0,98.0,7.0,0.0,8.54939800390434,2.419957999478382,407.0,1.0,0.615234375
-0.5605828,hourglass,0.46236575,train,103.0,55.0,8.0,0.0,8.924066607458773,2.0919474924372685,263.0,1.0,0.458251953125
-0.58421105,hourglass,0.5812935,train,175.0,104.0,5.0,0.0,8.392843231509092,2.4809381866914393,390.0,1.0,0.57080078125
-0.2011111,circle_half_quarter,0.574694,val,223.0,124.0,10.0,0.0,6.3285458672071595,2.208402915805727,483.0,1.0,0.58154296875
-0.45570672,hourglass,0.40512922,train,105.0,52.0,8.0,0.0,7.554242817592499,1.9977203801383105,261.0,1.0,0.39208984375
-0.44305333,hexagonal,0.576781,train,287.0,165.0,10.0,0.0,6.7953868861558995,3.0627309307375303,434.0,1.0,0.584228515625
-0.560615,hourglass,0.46224776,train,103.0,55.0,8.0,0.0,8.924066607458773,2.0919474924372685,263.0,1.0,0.458251953125
-0.40228012,hexagonal,0.56543314,train,149.0,84.0,7.0,0.0,8.367975632634614,3.568344346137144,328.0,1.0,0.552978515625
-0.19135123,hexagonal,0.5455433,train,292.0,166.0,12.0,0.0,5.629339587616974,2.462125768964029,491.0,1.0,0.539306640625
-0.33632323,hexagonal,0.5043701,train,236.0,132.0,11.0,0.0,6.587529223345898,3.736405236029566,407.0,1.0,0.494384765625
-0.571798,hourglass,0.41601822,train,109.0,56.0,8.0,0.0,7.728484322780766,2.1028659548452175,264.0,1.0,0.402099609375
-0.3179746,hexagonal,0.5465656,train,244.0,136.0,11.0,0.0,7.33694537238842,3.2020309548934716,382.0,1.0,0.55126953125
-0.18855387,hexagonal,0.57587075,train,178.0,105.0,8.0,0.0,6.759186570419677,2.4283183974906613,432.0,1.0,0.57568359375
-0.576603,hourglass,0.43542162,train,105.0,56.0,8.0,0.0,8.221041421335018,1.674897771923725,261.0,1.0,0.42919921875
-0.48240766,hexagonal,0.544296,train,342.0,198.0,5.0,0.0,6.12452280964199,3.177986053175026,512.0,1.0,0.54345703125
-0.28545475,small_square_cross,0.526442,train,245.0,134.0,11.0,0.0,6.897053877993777,3.110332959686659,386.0,1.0,0.525634765625
-0.23797971,cross_rectangular,0.502571,train,144.0,82.0,14.0,0.0,5.828889145869373,1.9296584779691281,426.0,1.0,0.5009765625
-0.41300905,hourglass,0.36974657,train,84.0,42.0,8.0,0.0,6.905118877176333,1.7294765153808525,262.0,1.0,0.360595703125
-0.3050552,grid_circular_voids,0.639334,train,155.0,94.0,4.0,0.0,8.189519510944939,2.6181429819975923,441.0,1.0,0.637451171875
-0.55103743,hourglass,0.573105,val,168.0,96.0,4.0,0.0,7.979994063694237,2.48846705429275,393.0,1.0,0.559326171875
-0.40481767,hourglass,0.5868748,train,154.0,90.0,4.0,0.0,8.425329068203226,2.5032901692446967,380.0,1.0,0.572998046875
-0.43594965,hourglass,0.37792948,train,92.0,46.0,8.0,0.0,6.912939819741713,1.5911862667998073,262.0,1.0,0.36962890625
-0.5035086,hexagonal,0.573761,val,255.0,140.0,6.0,0.0,7.214581292089225,3.33545429834189,456.0,1.0,0.583740234375
-0.37025464,square,0.536569,train,578.0,325.0,12.0,0.0,4.2132182850350715,1.9615497639667472,718.0,1.0,0.541259765625
-0.42094415,hourglass,0.3491645,train,90.0,45.0,8.0,0.0,6.876026868241581,1.5762338222335368,263.0,1.0,0.33837890625
-0.6923265,hexagonal,0.551075,train,174.0,100.0,4.0,0.0,8.159508511106932,2.8005713841915845,385.0,1.0,0.552001953125
-0.371549,nine_circle,0.519098,train,124.0,77.0,0.0,0.0,6.897010581084623,1.4245909343109806,448.0,1.0,0.528076171875
-0.5777076,hourglass,0.43505138,val,95.0,51.0,8.0,0.0,8.143842304798525,1.766265263115966,258.0,1.0,0.42919921875
-0.53773814,hourglass,0.40853962,train,99.0,51.0,8.0,0.0,7.5621360667828625,1.8691267444982185,259.0,1.0,0.397705078125
-0.57783264,hourglass,0.58633,train,165.0,96.0,4.0,0.0,8.408740288369243,2.5369162196677046,385.0,1.0,0.5732421875
-0.392982,hexagonal,0.5338183,train,162.0,94.0,4.0,0.0,7.670142477326866,2.442706417065563,381.0,1.0,0.5302734375
-0.4918189,hourglass,0.3989852,train,102.0,52.0,8.0,0.0,7.576370590374686,1.8738079426191603,263.0,1.0,0.3896484375
-0.5289966,hourglass,0.3488153,train,90.0,45.0,8.0,0.0,6.87461249058791,1.5775780595300157,263.0,1.0,0.33837890625
-0.19019996,reentrant_bowtie,0.50097257,train,88.0,51.0,8.0,0.0,8.61230185274935,3.000558960159707,257.0,1.0,0.503662109375
-0.48915866,hourglass,0.35588408,train,80.0,42.0,8.0,0.0,6.783569811264162,1.6112750961983069,261.0,1.0,0.34716796875
-0.11681158,hexagonal,0.50001925,train,91.0,51.0,7.0,0.0,8.672229791115477,2.523180070923559,277.0,1.0,0.50341796875
-0.669822,hourglass,0.69685423,val,137.0,75.0,9.0,0.0,10.597552654957218,2.5834968787714367,287.0,1.0,0.6103515625
-0.48402005,hourglass,0.47189814,train,141.0,72.0,10.0,0.0,8.763244879331834,2.0727875616602573,275.0,1.0,0.46533203125
-0.1266541,circle_half_quarter,0.641456,train,216.0,122.0,10.0,0.0,7.4276666922469525,2.5350215053309433,466.0,1.0,0.651123046875
-0.5222257,hourglass,0.37306064,train,96.0,48.0,8.0,0.0,6.8461947755902015,1.5628046606734771,259.0,1.0,0.359375
-0.67113864,hourglass,0.69864035,val,146.0,81.0,9.0,0.0,10.530087488969688,2.688562550091627,288.0,1.0,0.619873046875
-0.9513555,hexagonal,0.558402,train,166.0,94.0,12.0,0.0,7.234870222639172,2.563892147107203,373.0,1.0,0.552001953125
-0.112919465,hexagonal,0.576388,train,115.0,66.0,9.0,0.0,7.532146236725438,2.847609230870822,380.0,1.0,0.57373046875
-0.0137876095,reentrant_bowtie,0.5134239,train,131.0,72.0,7.0,0.0,9.943367358290251,6.964109056258188,222.0,1.0,0.518310546875
-0.6681052,hourglass,0.69359106,train,120.0,68.0,9.0,0.0,10.163703516967018,2.808582250107408,291.0,1.0,0.622314453125
-0.46847537,hourglass,0.44211358,train,123.0,62.0,8.0,0.0,8.437458158862544,1.9269155459302278,270.0,1.0,0.4326171875
-0.5395686,hourglass,0.34746233,train,96.0,48.0,8.0,0.0,6.956701433148389,1.538365795568316,265.0,1.0,0.3447265625
-0.30868667,circle,0.546492,train,170.0,101.0,6.0,0.0,6.170401654890893,1.8787409737360357,454.0,1.0,0.549560546875
-0.05950505,reentrant_bowtie,0.539735,train,235.0,130.0,9.0,0.0,8.254282760526191,4.308474057710596,362.0,1.0,0.5390625
-0.38282612,four_circle,0.577243,train,393.0,229.0,11.0,0.0,5.491420905015145,2.1699267633374992,560.0,1.0,0.5869140625
-0.21145003,hexagonal,0.50694436,train,146.0,79.0,11.0,0.0,7.938604595655638,2.4745123078872555,318.0,1.0,0.499267578125
-0.506774,hourglass,0.39791995,train,102.0,52.0,8.0,0.0,7.588580105777454,1.8690371550463887,263.0,1.0,0.388916015625
-0.52412075,hourglass,0.5147437,val,143.0,78.0,9.0,0.0,9.222898326061317,2.365414589099912,277.0,1.0,0.50537109375
-0.4045671,hourglass,0.5906957,train,162.0,96.0,4.0,0.0,8.381298814157132,2.51236337393538,387.0,1.0,0.577880859375
-0.5255699,hourglass,0.503064,train,112.0,60.0,8.0,0.0,9.737980246214883,2.0975080338649303,259.0,1.0,0.503173828125
-0.42354327,small_square_cross,0.510539,train,373.0,207.0,14.0,0.0,5.387070417324937,2.480791198598113,509.0,1.0,0.516357421875
-0.15060037,reentrant_bowtie,0.50063634,train,96.0,54.0,9.0,0.0,8.706054434804578,2.850962613877832,261.0,1.0,0.504150390625
-0.50176823,hourglass,0.38974896,train,97.0,48.0,8.0,0.0,7.467524306206303,1.9200162539956216,262.0,1.0,0.384765625
-0.67253345,hourglass,0.546138,train,202.0,111.0,9.0,0.0,7.32758875562554,2.787005598715483,397.0,1.0,0.542724609375
-0.26203576,circle_half_quarter,0.598298,train,284.0,155.0,15.0,0.0,8.185152361622286,3.560787376824827,432.0,1.0,0.61181640625
-0.5976388,hourglass,0.64518386,train,186.0,109.0,7.0,0.0,8.420789467993396,2.4567075801363774,419.0,1.0,0.617919921875
-0.407174,hexagonal,0.5196662,val,137.0,74.0,8.0,0.0,9.342245990876147,3.0050178291735405,273.0,1.0,0.5068359375
-0.39364073,hexagonal,0.5748779,train,89.0,51.0,9.0,0.0,9.347753490669694,2.628586597955517,269.0,1.0,0.56787109375
-0.39903334,grid_circular_voids,0.65167,train,539.0,313.0,7.0,0.0,5.941095055240868,3.3207397185897083,673.0,1.0,0.64697265625
-0.4963387,hourglass,0.39302742,train,102.0,52.0,8.0,0.0,7.547951521431843,1.886994229389616,263.0,1.0,0.38671875
-0.48791382,hexagonal,0.5291568,train,328.0,189.0,10.0,0.0,5.8884897131815945,2.616426742286998,500.0,1.0,0.524169921875
-0.19125658,reentrant_bowtie,0.514598,train,109.0,59.0,8.0,0.0,8.112878022742679,2.0499784392833047,283.0,1.0,0.5078125
-0.63588923,hourglass,0.537875,train,223.0,120.0,7.0,0.0,7.061464917698459,3.0557472327380406,426.0,1.0,0.5322265625
-0.434172,hourglass,0.43411532,train,106.0,57.0,8.0,0.0,8.269850528362467,1.6679286650353147,261.0,1.0,0.42919921875
-0.7134315,hourglass,0.69916606,train,146.0,82.0,9.0,0.0,10.516946523007345,2.6293628684250616,279.0,1.0,0.613037109375
-0.52402854,hourglass,0.42551285,train,108.0,56.0,8.0,0.0,8.043891748829212,1.9176769598736583,262.0,1.0,0.41162109375
-0.34907907,grid_circular_voids,0.646694,train,275.0,167.0,2.0,0.0,7.07452146924,2.7337034420337165,523.0,1.0,0.656005859375
-0.41504723,small_square_cross,0.566599,train,194.0,109.0,13.0,0.0,7.666678728854037,2.6603960929962724,388.0,1.0,0.572021484375
-0.42559028,hourglass,0.3548044,train,80.0,42.0,8.0,0.0,6.764550337829571,1.6340065792144733,261.0,1.0,0.346923828125
-0.25772822,hourglass,0.3043154,train,64.0,34.0,8.0,0.0,6.083692861518273,1.1543098226696393,256.0,1.0,0.294677734375
-0.1074554,hexagonal,0.57561517,train,239.0,136.0,8.0,0.0,7.28856894295186,4.023639279098154,457.0,1.0,0.5771484375
-0.46305367,hourglass,0.44262248,train,130.0,65.0,10.0,0.0,8.175581046135118,2.223346140366196,277.0,1.0,0.433349609375
-0.4669091,hourglass,0.3919574,train,97.0,50.0,8.0,0.0,7.484657415197817,1.876669419463308,262.0,1.0,0.38525390625
-0.066676386,reentrant_bowtie,0.576195,test,227.0,129.0,10.0,0.0,8.43079217751176,4.7175286531127565,366.0,1.0,0.580322265625
-0.61634237,hourglass,0.565012,train,242.0,141.0,3.0,0.0,7.532340078847398,3.39922962264956,440.0,1.0,0.55419921875
-0.3759487,circle,0.507612,train,519.0,284.0,20.0,0.0,4.55537916083051,2.449348759283627,634.0,1.0,0.510009765625
-0.62730336,hourglass,0.6575228,train,192.0,110.0,7.0,0.0,8.399999239037905,2.53249022901693,415.0,1.0,0.616943359375
-0.55022216,hourglass,0.53133994,train,180.0,93.0,8.0,0.0,7.338302710635196,2.893360597869952,378.0,1.0,0.513671875
-0.5703786,hourglass,0.41620377,train,113.0,58.0,8.0,0.0,7.7570364506684,2.108851210382109,265.0,1.0,0.402099609375
-0.21083473,circle_half_quarter,0.587783,train,274.0,159.0,10.0,0.0,6.308583350823259,2.4228988382444463,501.0,1.0,0.59423828125
-0.7134315,hourglass,0.69916606,train,106.0,58.0,7.0,0.0,10.561261392250069,2.5852733707643076,268.0,1.0,0.613037109375
-0.62444395,hourglass,0.6232046,train,160.0,93.0,3.0,0.0,8.205576150219994,2.436155106152375,398.0,1.0,0.59521484375
-0.10848873,reentrant_bowtie,0.51879436,train,131.0,71.0,6.0,0.0,10.229622218765488,6.852752033107482,223.0,1.0,0.52490234375
-0.6087861,hourglass,0.657899,train,177.0,102.0,5.0,0.0,8.532919934835968,2.385736875656266,406.0,1.0,0.614990234375
-0.35976923,hexagonal,0.507743,train,67.0,38.0,8.0,0.0,8.46801827097193,2.3676240541357525,262.0,1.0,0.513427734375
-0.65756255,hourglass,0.510168,train,229.0,132.0,5.0,0.0,6.919291868411281,2.819408785419682,413.0,1.0,0.510986328125
-0.53365225,hourglass,0.5075468,train,133.0,72.0,7.0,0.0,9.329477828121187,2.217182814828419,267.0,1.0,0.5048828125
-0.4437025,hourglass,0.40681294,train,105.0,52.0,8.0,0.0,7.707499522573342,1.9487216947607784,261.0,1.0,0.3955078125
-0.3830811,cross_rectangular,0.563457,train,353.0,212.0,3.0,0.0,5.393327640381327,2.4678503226030815,589.0,1.0,0.57177734375
-0.38693252,hourglass,0.60736424,train,164.0,91.0,2.0,0.0,8.566136580332836,2.643932940491652,401.0,1.0,0.6025390625
-0.27489957,hexagonal,0.51698714,train,147.0,81.0,13.0,0.0,7.845659429004212,2.6230537037531163,322.0,1.0,0.51708984375
-0.34660488,hexagonal,0.5493184,train,193.0,110.0,5.0,0.0,7.866752180729909,3.0868028024353356,396.0,1.0,0.550048828125
-0.5667381,hourglass,0.4484259,train,115.0,58.0,8.0,0.0,8.503647061244513,1.97102926278563,264.0,1.0,0.44384765625
-0.4166552,hourglass,0.6558386,train,168.0,102.0,3.0,0.0,8.416312753638243,2.491040664730764,404.0,1.0,0.61181640625
-0.6510531,hourglass,0.519277,train,240.0,130.0,9.0,0.0,6.903490607223785,3.0560537454037857,425.0,1.0,0.515380859375
-0.19650762,nine_circle,0.504448,train,225.0,127.0,3.0,0.0,6.123157373084808,2.381491286245336,474.0,1.0,0.5
-0.30549985,four_circle,0.565024,train,313.0,187.0,16.0,0.0,5.342442246173107,1.7465507859023108,559.0,1.0,0.57470703125
-0.56652844,hourglass,0.545383,train,136.0,74.0,7.0,1.0,8.247106829342247,2.432337030136876,348.0,1.0,0.539306640625
-0.403987,hourglass,0.3104787,train,64.0,32.0,8.0,0.0,6.258397363475649,0.7431734648234487,257.0,1.0,0.30322265625
-0.32693684,circle_half_quarter,0.547003,train,731.0,411.0,21.0,0.0,4.022134356440874,2.2109029341865116,792.0,1.0,0.540771484375
-0.20478578,circle_half_quarter,0.524847,train,265.0,150.0,8.0,0.0,5.32352672475286,2.224679223876513,543.0,1.0,0.530517578125
-0.35590005,nine_circle,0.630296,train,248.0,141.0,9.0,0.0,7.366905228659047,3.3153309361755663,472.0,1.0,0.631103515625
-0.58331144,hourglass,0.4609625,train,121.0,65.0,8.0,0.0,8.832663929554977,2.2114282599118864,267.0,1.0,0.456298828125
-0.24212426,circle,0.485526,train,137.0,80.0,12.0,0.0,8.121246486472293,3.070654189223703,292.0,1.0,0.486083984375
-0.40432328,hourglass,0.31534463,train,60.0,33.0,8.0,0.0,6.382600316616105,0.9029697529832236,255.0,1.0,0.3076171875
-0.4057888,hourglass,0.32840982,test,77.0,40.0,8.0,0.0,6.6562183890405,1.2475156187148724,260.0,1.0,0.319580078125
-0.5980363,hourglass,0.64043677,train,168.0,97.0,8.0,0.0,8.078335093634095,2.5357094674487732,412.0,1.0,0.60693359375
-0.5630155,hourglass,0.61997885,train,181.0,103.0,3.0,0.0,8.438726450483154,2.5118332893050628,397.0,1.0,0.599853515625
-0.4179585,hourglass,0.4233032,train,109.0,56.0,8.0,0.0,8.008875407494246,1.9485497183658937,262.0,1.0,0.41162109375
-0.6266755,hourglass,0.504889,train,238.0,126.0,7.0,0.0,6.552967915230455,3.200480826591173,412.0,1.0,0.500244140625
-0.5601236,hourglass,0.46250993,train,103.0,55.0,8.0,0.0,8.924066607458773,2.0919474924372685,263.0,1.0,0.458251953125
-0.53576493,hourglass,0.5551377,train,136.0,71.0,3.0,0.0,8.13323814024909,2.4098602866783256,372.0,1.0,0.5458984375
-0.5629322,hourglass,0.614953,train,173.0,95.0,2.0,0.0,8.665082203958384,2.7970732148211237,399.0,1.0,0.609375
-0.2354736,circle_half_quarter,0.581906,train,154.0,85.0,12.0,0.0,8.94975149238236,4.1096383918514325,312.0,1.0,0.5908203125
-0.45263678,hexagonal,0.539249,train,356.0,194.0,8.0,0.0,5.710386297015686,3.4080656921894734,555.0,1.0,0.54052734375
-0.42018536,circle,0.499534,train,404.0,222.0,16.0,0.0,4.491405610656765,2.20457941054593,608.0,1.0,0.49365234375
-0.4204891,hourglass,0.36355308,train,92.0,46.0,8.0,0.0,6.855512496498117,1.6793243369105226,264.0,1.0,0.354736328125
-0.5438352,hourglass,0.6088608,train,150.0,85.0,3.0,0.0,8.40701409326183,2.6471481302553155,394.0,1.0,0.60107421875
-0.68446314,hourglass,0.67021775,train,164.0,97.0,4.0,0.0,8.640288749553696,2.363347271210019,400.0,1.0,0.625
-0.42140344,hexagonal,0.5255002,train,268.0,144.0,8.0,0.0,5.9890940816422065,2.968645708803289,475.0,1.0,0.517822265625
-0.28340274,circle_half_quarter,0.686166,train,319.0,186.0,10.0,0.0,6.533760156516915,2.7542871346497493,536.0,1.0,0.6240234375
-0.5923593,hexagonal,0.572298,test,246.0,143.0,8.0,0.0,6.79742250503913,2.4281132154089087,437.0,1.0,0.572265625
-0.5368018,hourglass,0.4189396,train,112.0,58.0,8.0,0.0,7.9509134421153425,1.896487186594544,263.0,1.0,0.407958984375
-0.28409415,reentrant_bowtie,0.545286,train,121.0,63.0,8.0,0.0,7.595450529504142,2.7015792690834517,283.0,1.0,0.538818359375
-0.2830548,hexagonal,0.5294456,train,186.0,107.0,11.0,0.0,6.485636065352906,2.680425726624582,407.0,1.0,0.52001953125
-0.53573304,hourglass,0.5199534,train,114.0,61.0,8.0,0.0,9.398490154860507,2.1484299453421203,266.0,1.0,0.51171875
-1.483925,reentrant_bowtie,0.564375,train,233.0,129.0,4.0,0.0,9.638373263104343,7.414655416721944,353.0,1.0,0.5615234375
-0.3885676,hourglass,0.60798943,train,165.0,93.0,3.0,0.0,8.396579780764231,2.6720339379607356,397.0,1.0,0.601318359375
-0.5410666,hourglass,0.41693333,test,108.0,54.0,8.0,0.0,7.758550493487222,1.7086246096796873,262.0,1.0,0.404296875
-0.4673961,hourglass,0.5022167,train,116.0,62.0,8.0,0.0,9.64781489047636,2.118702104670067,260.0,1.0,0.501708984375
-0.2810695,hourglass,0.30457306,train,60.0,28.0,8.0,0.0,6.088299490816592,1.0874784182329456,256.0,1.0,0.29736328125
-0.49227706,hexagonal,0.513019,train,189.0,106.0,5.0,0.0,7.698407795043313,3.0282808198165276,367.0,1.0,0.5166015625
-0.41253325,hourglass,0.5698696,train,167.0,89.0,4.0,0.0,8.299799132897121,2.6454587214758787,383.0,1.0,0.556640625
-0.26372695,circle_half_quarter,0.614735,train,343.0,192.0,10.0,0.0,6.406172402497465,2.488144226433816,535.0,1.0,0.6181640625
-0.45563936,hourglass,0.57211,train,229.0,126.0,7.0,0.0,7.5136294000013635,3.293954332439516,420.0,1.0,0.57080078125
-0.29824668,hexagonal,0.543991,train,127.0,71.0,11.0,0.0,8.292815216561888,2.575113422636241,301.0,1.0,0.540283203125
-0.5603607,hourglass,0.4853564,train,149.0,78.0,11.0,0.0,8.810139957898368,2.6185794618011875,286.0,1.0,0.479736328125
-0.6693475,hourglass,0.6660006,train,161.0,96.0,3.0,0.0,8.588460672632538,2.527517215499088,400.0,1.0,0.615966796875
-0.5279852,hourglass,0.50159276,train,122.0,66.0,8.0,0.0,9.50867642848327,2.1564337870714914,261.0,1.0,0.497802734375
-0.24347164,hexagonal,0.506789,train,501.0,277.0,24.0,0.0,4.110195988026971,1.6240904202491506,717.0,1.0,0.51953125
-0.63886046,hourglass,0.537152,train,227.0,124.0,7.0,0.0,7.216771982552983,3.198027657134887,414.0,1.0,0.5302734375
-0.3985715,small_square_cross,0.560058,train,139.0,76.0,16.0,0.0,8.025910069688917,2.6287795341147024,350.0,1.0,0.56591796875
-0.4508521,hexagonal,0.564665,train,339.0,189.0,14.0,0.0,5.970775348344048,3.5192316099530547,569.0,1.0,0.567138671875
-0.423067,hexagonal,0.511989,train,132.0,73.0,8.0,0.0,8.988902454952814,2.7665020087762695,282.0,1.0,0.504638671875
-0.66650075,hexagonal,0.5550491,train,184.0,103.0,4.0,0.0,7.570084769915482,3.2263761173805268,408.0,1.0,0.55126953125
-0.14921494,reentrant_bowtie,0.50871265,train,131.0,69.0,7.0,0.0,10.341814082904389,7.271004695180102,223.0,1.0,0.513916015625
-0.5311562,hourglass,0.4984878,test,121.0,65.0,8.0,0.0,9.625303197313933,2.069984557841403,262.0,1.0,0.492919921875
-0.3566218,grid_circular_voids,0.619309,train,228.0,136.0,13.0,0.0,7.142309883146195,2.5810109798117,442.0,1.0,0.624267578125
-0.55962294,hourglass,0.6162993,train,174.0,98.0,3.0,0.0,8.730859204261224,2.79321011425913,401.0,1.0,0.61181640625
-0.36880985,hexagonal,0.56981844,train,242.0,144.0,5.0,0.0,6.672286595237805,2.5757745591405383,435.0,1.0,0.565673828125
-0.47684062,hourglass,0.380783,train,96.0,48.0,8.0,0.0,7.053474667206887,1.5198794625262748,260.0,1.0,0.37255859375
-0.37594107,hourglass,0.6464705,train,169.0,97.0,5.0,0.0,8.425458873628587,2.785643377742743,409.0,1.0,0.617431640625
-0.5932177,hourglass,0.641928,train,180.0,109.0,5.0,0.0,8.234183330900105,2.4817351161742294,408.0,1.0,0.614990234375
-0.72119814,hourglass,0.6987962,train,123.0,68.0,9.0,0.0,10.72202622569818,2.5844108141830033,273.0,1.0,0.61376953125
-0.07045731,hexagonal,0.50005734,train,181.0,107.0,9.0,0.0,6.481630440467238,3.0740548899824383,401.0,1.0,0.500732421875
-0.35698932,square,0.517455,train,392.0,229.0,12.0,0.0,4.381922619346521,1.6701213546211815,635.0,1.0,0.52587890625
-0.51922804,hourglass,0.37651566,train,96.0,48.0,8.0,0.0,6.947384156114682,1.595200363019488,259.0,1.0,0.3681640625
-0.3866668,hourglass,0.6225581,train,150.0,88.0,4.0,0.0,8.233860754776584,2.347266393047359,392.0,1.0,0.59375
-0.2743991,hexagonal,0.5217557,train,220.0,121.0,13.0,0.0,7.064799009439414,3.3077555132100147,380.0,1.0,0.513671875
-0.49228203,hexagonal,0.5566419,train,146.0,79.0,7.0,0.0,9.911206357727503,2.689909744549522,278.0,1.0,0.546142578125
-0.40543127,hourglass,0.32405692,train,79.0,39.0,8.0,0.0,6.642713724228397,1.2604126674361147,259.0,1.0,0.3154296875
-0.28725064,cross_rectangular,0.588343,train,151.0,87.0,7.0,0.0,8.213548216789263,3.35716322884907,322.0,1.0,0.59521484375
-0.31933963,reentrant_bowtie,0.519317,train,153.0,81.0,8.0,0.0,7.6442814502201974,2.566197434548771,294.0,1.0,0.509521484375
-0.38264203,square,0.509012,train,475.0,271.0,12.0,0.0,3.7882219009480043,1.784580725137259,693.0,1.0,0.515869140625
-0.4056677,hourglass,0.32519057,train,78.0,37.0,8.0,0.0,6.6410034369320785,1.2484437561199104,260.0,1.0,0.31640625
-0.6888621,hourglass,0.6749597,train,153.0,91.0,5.0,0.0,8.29145760052128,2.3889273378463884,391.0,1.0,0.614501953125
-0.45487964,grid_circular_voids,0.575537,train,201.0,121.0,10.0,0.0,6.440927506425548,2.668528857547575,455.0,1.0,0.57080078125
-0.48409855,hourglass,0.47179666,train,122.0,63.0,10.0,0.0,8.684258629171458,2.127062011884426,270.0,1.0,0.46533203125
-0.30449226,cross_rectangular,0.508122,val,261.0,142.0,20.0,0.0,6.789742909848995,2.749859792879077,385.0,1.0,0.500244140625
-0.29507536,square,0.512184,test,491.0,278.0,8.0,0.0,4.4014387839499385,1.530236042389213,665.0,1.0,0.518798828125
-0.43625772,hourglass,0.3777929,train,92.0,46.0,8.0,0.0,6.912939819741713,1.5911862667998073,262.0,1.0,0.36962890625
-0.38114768,hourglass,0.64869857,train,202.0,115.0,7.0,0.0,8.349552085714153,2.57684305980444,428.0,1.0,0.6142578125
-0.48992017,hourglass,0.62474465,train,153.0,86.0,6.0,0.0,8.901850853369679,2.8790997077301035,342.0,1.0,0.60986328125
-0.5925363,hexagonal,0.536936,train,379.0,212.0,9.0,0.0,5.834413352932757,3.3919886580018215,533.0,1.0,0.52587890625
-0.36318177,hexagonal,0.550145,train,347.0,192.0,14.0,0.0,4.892873460353798,2.0020430559155407,620.0,1.0,0.552978515625
-0.20795417,small_square_cross,0.675778,train,208.0,122.0,12.0,0.0,7.7442494784647815,3.1549597277374706,357.0,1.0,0.59716796875
-0.38675112,hourglass,0.6089288,train,174.0,98.0,2.0,0.0,8.503844980175629,2.5926514221572847,403.0,1.0,0.6025390625
-0.47076723,circle,0.51658,train,311.0,170.0,15.0,0.0,5.394341901812931,2.2838642858686935,508.0,1.0,0.51123046875
-0.52802795,hourglass,0.4824271,train,121.0,65.0,8.0,0.0,9.24281757298434,2.3491427076020783,270.0,1.0,0.479248046875
-0.39498115,hourglass,0.31570777,train,60.0,33.0,8.0,0.0,6.382600316616105,0.9029697529832236,255.0,1.0,0.3076171875
-0.57546186,hourglass,0.43582803,train,95.0,51.0,8.0,0.0,8.182438672911397,1.7368620014572245,258.0,1.0,0.43017578125
-0.46757612,hourglass,0.36288154,train,92.0,46.0,8.0,0.0,6.855512496498117,1.6793243369105226,264.0,1.0,0.354736328125
-0.70692986,hourglass,0.68038726,train,212.0,120.0,6.0,0.0,9.001864216551292,3.2124547131917107,365.0,1.0,0.631103515625
-0.3141918,small_square_cross,0.494819,train,112.0,67.0,9.0,0.0,7.67326423874441,2.106372568205915,304.0,1.0,0.50537109375
-0.6721627,reentrant_bowtie,0.575701,train,146.0,81.0,10.0,0.0,9.246191058319383,3.98327019910681,318.0,1.0,0.577880859375
-0.489606,hourglass,0.35339198,train,80.0,42.0,8.0,0.0,6.7946293791974615,1.6122329621524683,261.0,1.0,0.345947265625
-0.39063728,hourglass,0.6271492,train,162.0,96.0,5.0,0.0,8.239907827914209,2.46759612781532,403.0,1.0,0.6123046875
-0.43080372,cross_rectangular,0.60626,train,330.0,189.0,12.0,0.0,6.247645648467621,3.06135545276918,563.0,1.0,0.61083984375
-0.38711932,grid_circular_voids,0.574096,train,161.0,92.0,2.0,0.0,7.270895084537494,1.9809918152500094,410.0,1.0,0.573974609375
-0.49888852,small_square_cross,0.56028,train,196.0,112.0,16.0,0.0,7.524365864880121,2.8191495115164065,369.0,1.0,0.563720703125
-0.3940927,hexagonal,0.54201615,train,200.0,115.0,9.0,0.0,7.418828960601696,3.514680192184995,375.0,1.0,0.528076171875
-0.398962,hourglass,0.58383167,train,162.0,94.0,3.0,0.0,8.099856530065383,2.25227364311959,388.0,1.0,0.56787109375
-0.6623177,hourglass,0.6682243,train,144.0,83.0,4.0,0.0,8.585067175836878,2.472719778979322,395.0,1.0,0.619873046875
-0.5491866,hourglass,0.46477863,train,103.0,55.0,8.0,0.0,8.924066607458773,2.0919474924372685,263.0,1.0,0.459228515625
-0.5507001,hourglass,0.57682943,train,170.0,100.0,3.0,0.0,7.993795404535383,2.6144891352593524,402.0,1.0,0.56591796875
-0.41537282,hourglass,0.5726914,train,168.0,91.0,3.0,0.0,8.182533233426904,2.6611601405277114,393.0,1.0,0.56005859375
-0.51524335,hourglass,0.3737905,train,92.0,46.0,8.0,0.0,6.831740723305572,1.5780080440868134,258.0,1.0,0.359375
-0.7011601,hourglass,0.51345,test,251.0,134.0,9.0,0.0,6.769581252621636,3.218851496771996,425.0,1.0,0.50537109375
-0.6366389,hourglass,0.54052,train,146.0,83.0,4.0,0.0,7.928786074698085,2.552829240989816,379.0,1.0,0.54150390625
-0.6659194,hexagonal,0.56543314,train,149.0,84.0,7.0,0.0,8.367975632634616,3.568344346137144,328.0,1.0,0.552978515625
-0.46739936,hourglass,0.38177854,train,96.0,48.0,8.0,0.0,7.053474667206887,1.5198794625262748,260.0,1.0,0.37255859375
-0.31409162,nine_circle,0.526021,train,418.0,236.0,17.0,0.0,4.2366281651988755,1.4440285988887192,701.0,1.0,0.5361328125
-0.41480562,hourglass,0.42551285,train,108.0,56.0,8.0,0.0,8.043891748829212,1.9176769598736583,262.0,1.0,0.41162109375
-0.5479181,hourglass,0.48310584,train,130.0,70.0,9.0,0.0,9.193644587044952,2.452389169755661,268.0,1.0,0.479248046875
-0.501037,hourglass,0.38990408,train,97.0,48.0,8.0,0.0,7.467524306206303,1.9200162539956216,262.0,1.0,0.384765625
-0.30648115,hexagonal,0.5723882,train,240.0,136.0,13.0,0.0,6.413551555871999,2.5574137816834703,454.0,1.0,0.57275390625
-0.4328276,hourglass,0.37330234,train,92.0,46.0,8.0,0.0,6.808890073924646,1.5840596481332432,262.0,1.0,0.359375
-0.6029332,hourglass,0.510676,train,156.0,87.0,5.0,0.0,7.7197306080389225,2.743311746649844,350.0,1.0,0.506103515625
-0.62596047,hourglass,0.528085,train,210.0,113.0,8.0,0.0,7.064268007790746,2.7949693298341014,394.0,1.0,0.521728515625
-0.29567087,hexagonal,0.579375,val,130.0,73.0,8.0,0.0,9.634034035645792,3.1670417652722485,277.0,1.0,0.57421875
-0.5889923,hourglass,0.547833,train,161.0,90.0,6.0,0.0,8.23118450400235,2.959389703595684,337.0,1.0,0.5380859375
-0.4963818,cross_rectangular,0.588263,train,305.0,172.0,10.0,0.0,6.095049268702588,2.311343742492453,496.0,1.0,0.592041015625
-0.3078465,four_circle,0.524478,train,310.0,183.0,10.0,0.0,4.791002691439116,2.535215897944858,643.0,1.0,0.503173828125
-0.4716737,hexagonal,0.5455433,train,292.0,166.0,12.0,0.0,5.6293395876169745,2.462125768964029,491.0,1.0,0.539306640625
-0.52950495,hourglass,0.47157773,train,134.0,68.0,10.0,0.0,8.758055090630208,2.067504103809066,274.0,1.0,0.46533203125
-0.46985292,hourglass,0.5026597,train,108.0,58.0,8.0,0.0,9.720892778564325,2.0910429555414467,258.0,1.0,0.5029296875
-0.51087683,hourglass,0.52208126,test,126.0,68.0,10.0,0.0,9.189225803875976,2.40323124765965,276.0,1.0,0.513427734375
-0.49115092,hourglass,0.46607906,train,115.0,61.0,8.0,0.0,9.090882192583727,2.011933440670833,263.0,1.0,0.4609375
-0.5241114,hourglass,0.4256085,val,109.0,56.0,8.0,0.0,8.03155706847288,1.937429493064499,262.0,1.0,0.41162109375
-0.33183315,hexagonal,0.52241623,train,139.0,77.0,6.0,0.0,8.937413805187042,3.246521317025724,278.0,1.0,0.51025390625
-0.4512869,nine_circle,0.55819,train,205.0,123.0,6.0,0.0,6.77147705748114,2.341032206813886,462.0,1.0,0.564453125
-0.5405606,hourglass,0.4183007,train,112.0,58.0,8.0,0.0,7.973508861037025,1.885798581734752,263.0,1.0,0.407958984375
-0.57202643,hourglass,0.43880093,train,98.0,52.0,8.0,0.0,8.14627569528683,1.7590142107717806,261.0,1.0,0.43115234375
-0.24387561,hexagonal,0.5771845,train,227.0,133.0,9.0,0.0,7.361844758809841,3.5856806767756564,427.0,1.0,0.5751953125
-0.34660488,hexagonal,0.5493184,train,170.0,98.0,5.0,0.0,7.820619927543933,3.1000455586211584,391.0,1.0,0.550048828125
-0.56727684,hourglass,0.5460517,train,110.0,59.0,7.0,2.0,8.190669822194458,2.4465923569669523,343.0,1.0,0.5400390625
-0.50639,small_square_cross,0.494724,train,395.0,229.0,15.0,0.0,4.075387877836289,1.9055403395209425,617.0,1.0,0.47900390625
-0.18928643,nine_circle,0.560757,train,260.0,152.0,12.0,0.0,5.777697984580579,1.7921090757103122,519.0,1.0,0.56982421875
-0.56619334,hourglass,0.54507375,train,169.0,98.0,3.0,0.0,8.025130405396654,2.5762103588002563,379.0,1.0,0.540283203125
-0.5516586,hourglass,0.6046994,train,155.0,91.0,2.0,0.0,8.435454314718642,2.703722541319056,394.0,1.0,0.598388671875
-0.59692156,hourglass,0.568901,train,174.0,92.0,4.0,0.0,8.364318829709681,2.680299208726037,384.0,1.0,0.556640625
-0.4180191,hourglass,0.5819209,train,180.0,103.0,5.0,0.0,8.377557659802342,2.4498199180715607,389.0,1.0,0.56884765625
-0.42112303,hourglass,0.6551272,train,178.0,107.0,5.0,0.0,8.215130608255107,2.634162780719803,412.0,1.0,0.608642578125
-0.47591484,hourglass,0.39099264,train,97.0,50.0,8.0,0.0,7.484657415197817,1.876669419463308,262.0,1.0,0.38525390625
-0.25323936,hexagonal,0.578255,train,155.0,87.0,10.0,0.0,9.243522518388177,3.1856468362249033,313.0,1.0,0.575927734375
-0.41351807,hourglass,0.32942152,train,77.0,40.0,8.0,0.0,6.650849654183322,1.2514786763862906,260.0,1.0,0.3232421875
-0.440637,hourglass,0.33730406,train,77.0,40.0,8.0,0.0,6.58793803766117,1.2240495162119247,258.0,1.0,0.3271484375
-0.42597678,small_square_cross,0.565345,train,210.0,118.0,16.0,0.0,6.574838506510198,2.5934617922491565,440.0,1.0,0.562744140625
-0.45749745,hexagonal,0.50273573,train,197.0,109.0,6.0,0.0,7.848323810500966,3.064186042988965,343.0,1.0,0.496337890625
-0.50544107,hourglass,0.40158656,train,97.0,50.0,8.0,0.0,7.505145165919691,1.8680444137123888,262.0,1.0,0.39208984375
-0.410512,hexagonal,0.532332,train,219.0,120.0,8.0,0.0,6.185475218849089,2.8283628792543696,462.0,1.0,0.52294921875
-0.31499866,circle,0.517646,train,123.0,66.0,10.0,0.0,8.13007282538927,2.4749949624985583,304.0,1.0,0.52099609375
-0.13224012,square,0.551748,train,350.0,211.0,6.0,0.0,4.90030906583803,2.8476678433154823,589.0,1.0,0.552001953125
-0.6088607,hourglass,0.64181894,train,162.0,94.0,5.0,0.0,8.308575965496635,2.499670698894469,406.0,1.0,0.610595703125
-0.2532269,reentrant_bowtie,0.50703,train,140.0,80.0,8.0,0.0,7.754397302596923,2.516120214738565,286.0,1.0,0.495849609375
-0.58346623,hourglass,0.41528478,train,117.0,61.0,8.0,0.0,7.729782544782973,2.07981965090564,266.0,1.0,0.402099609375
-0.36473602,square,0.600908,train,675.0,383.0,14.0,0.0,4.334536658047959,2.4064496422802018,808.0,1.0,0.601806640625
-0.5616743,hourglass,0.5322353,train,199.0,110.0,7.0,0.0,6.97263337334818,2.6557874130876087,401.0,1.0,0.51220703125
-0.44200468,hexagonal,0.555793,train,297.0,162.0,7.0,0.0,6.20901451023984,3.712943672050932,521.0,1.0,0.541748046875
-0.42106166,hourglass,0.5792282,train,162.0,95.0,5.0,0.0,8.40339013220991,2.4302492071707458,390.0,1.0,0.570068359375
-0.10137209,cross_rectangular,0.577078,train,92.0,55.0,7.0,0.0,9.26617988885027,2.2809336835834633,278.0,1.0,0.546630859375
-0.40577117,hourglass,0.32575718,train,78.0,37.0,8.0,0.0,6.630196372722172,1.219282537107618,260.0,1.0,0.318603515625
-0.57760096,hourglass,0.6377269,train,168.0,99.0,3.0,0.0,8.526206744073038,2.3751484255661897,397.0,1.0,0.617431640625
-0.5706615,hourglass,0.44755918,train,111.0,56.0,8.0,0.0,8.485706813451232,1.956365595258915,266.0,1.0,0.44189453125
-0.14697716,hexagonal,0.5013999,train,97.0,55.0,7.0,0.0,8.624059470709236,2.3245162988131773,270.0,1.0,0.50537109375
-0.5163281,hourglass,0.5285406,train,215.0,118.0,8.0,0.0,8.767945598124799,2.8501105221243557,328.0,1.0,0.51513671875
-0.21140347,circle_half_quarter,0.613912,train,361.0,206.0,15.0,0.0,5.800227354433594,2.765803740178967,585.0,1.0,0.596923828125
-0.46738666,hourglass,0.36294863,train,88.0,44.0,8.0,0.0,6.878112084780079,1.6930679526138412,263.0,1.0,0.354736328125
-0.05262832,reentrant_bowtie,0.51620924,train,127.0,67.0,6.0,0.0,9.941673508452084,6.901455513423595,227.0,1.0,0.516357421875
-0.48991406,hourglass,0.35328743,train,80.0,42.0,8.0,0.0,6.7946293791974615,1.6122329621524683,261.0,1.0,0.345947265625
-0.62375474,hourglass,0.558868,train,254.0,146.0,11.0,0.0,7.375750935866877,3.2428892856439195,427.0,1.0,0.558837890625
-0.57398754,hourglass,0.44122016,train,115.0,59.0,8.0,0.0,8.434839218661741,1.889568333615178,265.0,1.0,0.4326171875
-0.5942559,hourglass,0.6358267,val,180.0,106.0,4.0,0.0,8.629238028886315,2.6025293027160195,401.0,1.0,0.6181640625
-0.6025919,hourglass,0.5781514,train,150.0,88.0,4.0,0.0,8.33602345759651,2.4715575073795675,378.0,1.0,0.564208984375
-0.49989474,hourglass,0.46367866,train,103.0,55.0,8.0,0.0,8.915157308027185,2.10806179837145,263.0,1.0,0.459228515625
-0.57567006,hourglass,0.44190207,val,116.0,58.0,8.0,0.0,8.411622140711536,2.0028804894762327,266.0,1.0,0.4326171875
-0.5807615,hourglass,0.5062188,train,116.0,62.0,8.0,0.0,9.426318789714056,2.311981308122434,269.0,1.0,0.50390625
-0.41300905,hourglass,0.36974657,train,88.0,44.0,8.0,0.0,6.91713379633015,1.6867943718167666,263.0,1.0,0.360595703125
-0.36732835,hexagonal,0.5446723,train,171.0,94.0,4.0,0.0,8.020636516388985,3.045601596493867,381.0,1.0,0.54052734375
-0.52738583,hourglass,0.3752195,train,92.0,46.0,8.0,0.0,6.9097600651834465,1.6113041652381699,258.0,1.0,0.3681640625
-0.30194432,circle,0.581008,train,521.0,279.0,19.0,0.0,4.707881308170104,1.788071062904849,714.0,1.0,0.58544921875
-0.60828,hourglass,0.6399903,train,185.0,111.0,6.0,0.0,8.135535152309751,2.598009459448904,410.0,1.0,0.6103515625
-0.6029505,hexagonal,0.5176376,train,151.0,84.0,14.0,0.0,8.029755721227348,3.063857142276849,324.0,1.0,0.516357421875
-0.5731363,hourglass,0.58311677,val,194.0,110.0,5.0,0.0,8.33522709739445,2.56022625282035,390.0,1.0,0.57080078125
-0.48158872,hourglass,0.46943095,train,115.0,61.0,8.0,0.0,9.090882192583727,2.011933440670833,263.0,1.0,0.4609375
-0.20365854,circle,0.548205,train,395.0,210.0,11.0,0.0,6.413966404345198,2.962170636096282,462.0,1.0,0.562744140625
-0.47311935,square,0.549681,train,476.0,265.0,23.0,0.0,4.467754961880274,2.5644055373996237,689.0,1.0,0.539794921875
-0.1977068,square,0.578535,train,332.0,190.0,11.0,0.0,5.955479348999145,2.6364164745524477,521.0,1.0,0.59228515625
-0.44588283,hexagonal,0.522762,train,228.0,127.0,16.0,0.0,7.322142806144441,3.522947967581632,401.0,1.0,0.5234375
-0.51739436,hexagonal,0.501046,train,128.0,69.0,10.0,0.0,8.880669679605008,3.59414505878864,278.0,1.0,0.49853515625
-0.07133551,hexagonal,0.5631978,train,270.0,157.0,10.0,0.0,6.935478230057763,4.055555303182171,496.0,1.0,0.570068359375
-0.0385063,reentrant_bowtie,0.5409212,train,213.0,120.0,7.0,0.0,9.394153881898712,7.084280578375812,366.0,1.0,0.541015625
-0.06315344,reentrant_bowtie,0.50371236,train,101.0,56.0,8.0,0.0,8.986886451380268,3.7355885627298093,256.0,1.0,0.51416015625
-0.3827525,hourglass,0.6470475,train,197.0,115.0,5.0,0.0,8.3988072224672,2.701893955068052,413.0,1.0,0.617431640625
-0.56849176,hourglass,0.54243577,train,150.0,84.0,4.0,0.0,7.8217457049725025,2.625712893828699,378.0,1.0,0.540283203125
-0.43186173,four_circle,0.586501,train,501.0,289.0,13.0,0.0,5.920438803084932,3.0941225024652184,659.0,1.0,0.58935546875
-0.032586273,reentrant_bowtie,0.54863036,train,130.0,76.0,5.0,0.0,10.296173393893248,8.34685406983821,276.0,1.0,0.545654296875
-0.5007347,hourglass,0.5535311,train,130.0,68.0,4.0,0.0,8.553704809848817,2.2706078286502507,367.0,1.0,0.55126953125
-0.543747,hourglass,0.5670193,train,164.0,92.0,4.0,0.0,8.115081573733153,2.4409912053597496,385.0,1.0,0.555908203125
-0.33413318,circle,0.543886,train,373.0,218.0,7.0,0.0,5.127308815669059,2.309960444672475,587.0,1.0,0.54052734375
-0.4265603,hourglass,0.584423,train,196.0,111.0,3.0,0.0,8.19354338737669,3.028542034522468,418.0,1.0,0.578857421875
-0.40605173,hourglass,0.32087404,train,79.0,39.0,8.0,0.0,6.600027515386693,1.2268960272882148,259.0,1.0,0.31396484375
-0.4623102,hourglass,0.6904925,train,145.0,82.0,12.0,0.0,9.628026499825348,2.9968911395577797,319.0,1.0,0.612060546875
-0.5702249,hourglass,0.5432572,train,166.0,93.0,4.0,0.0,7.87357520047246,2.6202008140523416,382.0,1.0,0.540283203125
-0.3067739,reentrant_bowtie,0.512148,train,138.0,77.0,8.0,0.0,7.598490219891153,2.5329279808151433,288.0,1.0,0.5009765625
-0.05068679,reentrant_bowtie,0.5185163,train,111.0,59.0,6.0,0.0,9.90755853006837,6.995083492295041,220.0,1.0,0.52294921875
-0.6047265,hourglass,0.50980455,train,155.0,82.0,10.0,0.0,8.4954950030432,2.4874123886024546,305.0,1.0,0.502685546875
-0.4800217,hourglass,0.35997227,train,88.0,44.0,8.0,0.0,6.867060701045278,1.701972169961375,263.0,1.0,0.3525390625
-0.5633721,hourglass,0.544704,train,178.0,96.0,7.0,0.0,7.743745674291068,2.8679930899950064,377.0,1.0,0.538330078125
-0.53002363,hourglass,0.502741,train,174.0,95.0,5.0,0.0,7.570084020977169,2.4168924053322502,366.0,1.0,0.50390625
-0.42502767,hourglass,0.35376588,train,80.0,42.0,8.0,0.0,6.776853412737341,1.6346127895301472,261.0,1.0,0.345947265625
-0.55502325,hourglass,0.45018756,train,128.0,65.0,8.0,0.0,8.635010836137019,1.8353918740951198,265.0,1.0,0.447998046875
-0.346853,nine_circle,0.69463,train,116.0,70.0,0.0,0.0,8.863657878996445,2.3829111677353283,445.0,1.0,0.691162109375
-0.5019649,hourglass,0.5538977,test,130.0,68.0,4.0,0.0,8.533133075987754,2.259081257206533,365.0,1.0,0.550537109375
-0.58493394,hourglass,0.58774143,val,169.0,99.0,4.0,0.0,8.342726032698572,2.5768958379427183,381.0,1.0,0.57373046875
-0.526003,hexagonal,0.5138204,train,126.0,68.0,7.0,0.0,8.990526427287255,2.590593619422043,270.0,1.0,0.498046875
-0.3675235,cross_rectangular,0.615348,train,184.0,107.0,12.0,0.0,8.13218637920544,3.014162495264646,363.0,1.0,0.6171875
-0.53100926,hourglass,0.51781917,train,148.0,80.0,9.0,0.0,9.108081298920833,2.342839776364613,278.0,1.0,0.5068359375
-0.26466584,small_square_cross,0.613411,train,186.0,110.0,7.0,0.0,6.775719464715762,2.307386906789255,465.0,1.0,0.60009765625
-0.3141578,reentrant_bowtie,0.521175,train,138.0,75.0,8.0,0.0,7.820862441602621,2.5982812947851754,289.0,1.0,0.510986328125
-0.5940759,hourglass,0.63594455,train,177.0,106.0,4.0,0.0,8.612625676900254,2.577339509959529,400.0,1.0,0.618896484375
-0.30332407,small_square_cross,0.584604,train,157.0,91.0,8.0,0.0,8.772589670351538,2.9012178128172463,317.0,1.0,0.59033203125
-0.42388314,hourglass,0.33957714,train,77.0,40.0,8.0,0.0,6.58793803766117,1.2240495162119247,258.0,1.0,0.3271484375
-0.42266247,hourglass,0.3590894,train,84.0,42.0,8.0,0.0,6.848795368946213,1.7150306815260508,262.0,1.0,0.35107421875
-0.40338188,hourglass,0.315572,train,60.0,33.0,8.0,0.0,6.382600316616105,0.9029697529832236,255.0,1.0,0.3076171875
-0.4422943,nine_circle,0.551127,train,198.0,120.0,4.0,0.0,6.02642283842264,2.4537870216758044,484.0,1.0,0.5537109375
-0.5562387,hourglass,0.6108197,val,154.0,84.0,3.0,0.0,8.558950503113303,2.6163183966717107,397.0,1.0,0.60546875
-0.5309913,hourglass,0.51817274,train,163.0,89.0,10.0,0.0,9.15298752833274,2.3120610553636314,285.0,1.0,0.51318359375
-0.5912352,hourglass,0.556648,train,209.0,113.0,9.0,0.0,7.356679302561129,3.165322991302579,400.0,1.0,0.53955078125
-0.26901284,four_circle,0.508585,train,286.0,162.0,7.0,0.0,6.141900175489223,2.635095615151777,492.0,1.0,0.510986328125
-0.62859815,hexagonal,0.569885,train,278.0,155.0,18.0,0.0,6.006867862518569,2.1089473592693837,498.0,1.0,0.571533203125
-0.5240616,hourglass,0.42555174,train,109.0,56.0,8.0,0.0,8.03155706847288,1.937429493064499,262.0,1.0,0.41162109375
-0.42767698,hourglass,0.35135812,train,84.0,44.0,8.0,0.0,6.749903590279319,1.6002933876369374,262.0,1.0,0.34326171875
-0.33888415,hexagonal,0.50320107,train,115.0,65.0,9.0,0.0,7.684325372508601,2.6641715853313976,300.0,1.0,0.4951171875
-0.2057824,circle,0.696511,train,239.0,132.0,10.0,0.0,10.555205353247068,3.472256687581829,354.0,1.0,0.69580078125
-0.54651743,hourglass,0.6087222,train,170.0,98.0,3.0,0.0,8.30614603737974,2.731713563566859,405.0,1.0,0.601318359375
-0.48620436,hourglass,0.49542445,train,121.0,65.0,8.0,0.0,9.462923960048691,2.110229875235488,262.0,1.0,0.49072265625
-0.47811958,hourglass,0.36030862,train,84.0,42.0,8.0,0.0,6.86635691917328,1.711571948935777,262.0,1.0,0.3525390625
-0.5800267,hourglass,0.5986661,train,167.0,99.0,4.0,0.0,8.371370973516688,2.561689537574789,380.0,1.0,0.578125
-0.33266208,nine_circle,0.539636,train,141.0,87.0,0.0,0.0,7.295038970212231,1.9304732932055104,449.0,1.0,0.5556640625
-0.4946294,hourglass,0.6977721,train,140.0,78.0,9.0,0.0,10.366126016154308,2.89108596143835,281.0,1.0,0.61669921875
-0.22403869,circle_half_quarter,0.558396,train,465.0,249.0,8.0,0.0,5.003750699831399,2.4225140837219814,607.0,1.0,0.5625
-0.38549086,cross_rectangular,0.58387,train,358.0,203.0,19.0,0.0,5.379257336252877,2.2486933693268676,574.0,1.0,0.5849609375
-0.09059512,reentrant_bowtie,0.5018581,train,88.0,50.0,8.0,0.0,8.722751193357778,2.9434013689565766,256.0,1.0,0.501220703125
-0.53092843,hourglass,0.6029132,train,180.0,102.0,5.0,0.0,8.500290242587571,2.510270258202123,399.0,1.0,0.591796875
-0.2531766,four_circle,0.572822,train,325.0,188.0,15.0,0.0,5.177908504314566,1.5928998145801394,543.0,1.0,0.560302734375
-0.50030935,hourglass,0.39012676,train,102.0,52.0,8.0,0.0,7.517533270481272,1.895562556481358,263.0,1.0,0.384765625
-0.54298997,hourglass,0.5238561,train,127.0,71.0,4.0,0.0,8.393215151163114,2.6894147638408175,324.0,1.0,0.5205078125
-0.5145852,hourglass,0.47954056,train,121.0,65.0,8.0,0.0,9.228538796438794,2.3601125316768097,269.0,1.0,0.47705078125
-0.59189093,hourglass,0.56151116,train,168.0,95.0,5.0,0.0,8.171372221367681,2.668671165740163,393.0,1.0,0.550048828125
-0.36561912,circle,0.631596,train,252.0,138.0,15.0,0.0,8.17618197068381,3.2598294699019013,382.0,1.0,0.62109375
-0.14156173,square,0.571842,train,183.0,104.0,15.0,0.0,8.206941724460371,2.686858192483575,342.0,1.0,0.57861328125
-0.40653005,hexagonal,0.5369373,train,298.0,164.0,13.0,0.0,5.117014061340603,2.3272660131670695,550.0,1.0,0.528564453125
-0.4212974,hourglass,0.3625907,train,92.0,46.0,8.0,0.0,6.855512496498117,1.6793243369105226,264.0,1.0,0.354736328125
-0.44131327,small_square_cross,0.45895,train,275.0,151.0,22.0,0.0,5.298981278824856,2.425852710002743,444.0,1.0,0.46044921875
-0.6022381,hourglass,0.507333,train,234.0,132.0,5.0,0.0,6.979784340772416,3.137715460401928,423.0,1.0,0.5087890625
-0.34284297,grid_circular_voids,0.666552,train,254.0,154.0,0.0,0.0,7.386393487132637,3.331298341722147,582.0,1.0,0.65966796875
-0.6842329,hourglass,0.501828,train,268.0,148.0,6.0,0.0,6.274057371062389,3.0205610000015843,443.0,1.0,0.49951171875
-0.13066436,hexagonal,0.54149,train,271.0,157.0,2.0,0.0,6.170357049132827,2.4707896496658446,539.0,1.0,0.540771484375
-0.04138695,reentrant_bowtie,0.5015921,train,107.0,58.0,6.0,0.0,10.234687132592011,6.4864172857207985,214.0,1.0,0.5078125
-0.28340274,circle_half_quarter,0.686166,train,335.0,195.0,9.0,0.0,6.465713746201595,2.777426655162192,537.0,1.0,0.6240234375
-0.58137596,hourglass,0.50580084,train,113.0,61.0,7.0,0.0,9.399009149337907,2.3533648800775895,266.0,1.0,0.50390625
-0.5195456,hourglass,0.37330234,train,96.0,48.0,8.0,0.0,6.818606224647734,1.5699630754059586,263.0,1.0,0.359375
-0.54139024,hourglass,0.6099239,train,172.0,99.0,3.0,0.0,8.332887938539624,2.7342512628698037,403.0,1.0,0.6044921875
-0.4546792,hourglass,0.40529895,train,105.0,52.0,8.0,0.0,7.554242817592499,1.9977203801383105,261.0,1.0,0.39208984375
-0.40654692,hourglass,0.6408946,train,168.0,97.0,8.0,0.0,8.088043831498172,2.539217330136843,412.0,1.0,0.607666015625
-0.5800812,hourglass,0.63810074,train,188.0,110.0,5.0,0.0,8.432157623490502,2.398261659844813,408.0,1.0,0.61328125
-0.41874442,hourglass,0.36504677,train,92.0,46.0,8.0,0.0,6.855512496498117,1.6793243369105226,264.0,1.0,0.354736328125
-0.27127692,nine_circle,0.588959,train,211.0,127.0,3.0,0.0,8.047102419567908,2.1442556322449873,393.0,1.0,0.58935546875
-0.4822105,hourglass,0.47063676,train,103.0,55.0,8.0,0.0,9.038515499709138,2.041268238878991,260.0,1.0,0.464599609375
-0.5359458,hourglass,0.6000089,train,173.0,100.0,4.0,0.0,8.25283425005601,2.628826133676868,400.0,1.0,0.588134765625
-1.5093883,reentrant_bowtie,0.565173,train,128.0,75.0,4.0,0.0,10.494651379878077,8.423679589352618,281.0,1.0,0.5625
-0.535243,hourglass,0.46734756,train,103.0,55.0,8.0,0.0,9.024623105175886,2.0462030789476366,260.0,1.0,0.4609375
-0.22053279,circle_half_quarter,0.491382,train,337.0,180.0,10.0,0.0,4.641672005690383,2.1895441549398367,566.0,1.0,0.489990234375
-0.39568752,circle,0.497575,train,173.0,99.0,15.0,0.0,5.2746089444110416,1.3015064293892973,454.0,1.0,0.49609375
-0.49611586,nine_circle,0.523139,train,330.0,188.0,11.0,0.0,4.901491873540147,1.760064315078215,588.0,1.0,0.524658203125
-0.41740078,hexagonal,0.52142,train,177.0,102.0,7.0,0.0,7.644790894058178,3.6577854513827583,360.0,1.0,0.526123046875
-0.54937226,hourglass,0.4647409,train,103.0,55.0,8.0,0.0,8.924066607458773,2.0919474924372685,263.0,1.0,0.459228515625
-0.5000058,hourglass,0.46358117,train,115.0,61.0,8.0,0.0,8.94324835996089,2.106233420069594,268.0,1.0,0.459228515625
-0.52865887,hourglass,0.50030214,train,132.0,73.0,8.0,0.0,9.642666655590608,2.0947078703095303,263.0,1.0,0.49658203125
-0.1191625,four_circle,0.549534,train,539.0,300.0,19.0,0.0,4.407841179212027,1.7179243311901695,610.0,1.0,0.55810546875
-0.46049124,hourglass,0.38416067,train,96.0,48.0,8.0,0.0,7.055368599908697,1.5212105744209394,260.0,1.0,0.373291015625
-0.4915333,hourglass,0.39906004,train,102.0,52.0,8.0,0.0,7.576370590374686,1.8738079426191603,263.0,1.0,0.3896484375
-0.68907624,hourglass,0.6669448,train,156.0,92.0,4.0,0.0,8.574687626943943,2.5760320588735937,397.0,1.0,0.6171875
-0.5834557,hourglass,0.58696145,train,169.0,99.0,4.0,0.0,8.334021955971762,2.5887368256238874,381.0,1.0,0.572998046875
-0.42765975,small_square_cross,0.559966,val,535.0,303.0,15.0,0.0,4.203664677284053,2.845571942390009,733.0,1.0,0.5537109375
-0.41985,hourglass,0.56453526,train,174.0,94.0,3.0,0.0,8.1279858071846,2.644179321010108,394.0,1.0,0.552001953125
-0.548994,hourglass,0.48023298,test,121.0,65.0,8.0,0.0,9.26527275506128,2.3346522062465476,267.0,1.0,0.47705078125
-0.54006356,hourglass,0.41839704,train,112.0,58.0,8.0,0.0,7.973508861037025,1.885798581734752,263.0,1.0,0.407958984375
-0.55313385,hourglass,0.464082,train,115.0,61.0,8.0,0.0,8.94324835996089,2.106233420069594,268.0,1.0,0.459228515625
-0.27047515,hexagonal,0.5262686,train,190.0,107.0,6.0,0.0,7.2288372886227155,3.336197359941527,365.0,1.0,0.51904296875
-0.43415913,hourglass,0.43434173,train,98.0,52.0,8.0,0.0,8.125051326336289,1.7768753805897894,259.0,1.0,0.42919921875
-0.71914506,hexagonal,0.5588551,train,76.0,44.0,8.0,0.0,8.93493629068334,2.579497018257171,267.0,1.0,0.5517578125
-0.44746405,hexagonal,0.529603,train,376.0,204.0,9.0,0.0,5.849740915599274,3.4103274904186636,506.0,1.0,0.525146484375
-0.50939786,hourglass,0.37792948,train,96.0,48.0,8.0,0.0,6.929780140009546,1.5838087767885047,264.0,1.0,0.36962890625
-0.59803635,hourglass,0.6402298,train,161.0,93.0,6.0,0.0,8.237650778731568,2.5007157146137127,409.0,1.0,0.60693359375
-0.39906847,hexagonal,0.51772004,train,299.0,166.0,16.0,0.0,5.104003552191411,2.3433165539555008,524.0,1.0,0.510009765625
-0.362075,cross_rectangular,0.50267,train,144.0,84.0,12.0,0.0,7.5867188049688945,2.4438990158634875,307.0,1.0,0.499755859375
-0.3818902,hourglass,0.67084426,train,163.0,97.0,4.0,0.0,8.513813583802216,2.345195229885968,399.0,1.0,0.620849609375
-0.552219,hourglass,0.57452047,train,151.0,86.0,4.0,0.0,8.111456718087453,2.5235634477255546,390.0,1.0,0.562744140625
-0.13265185,reentrant_bowtie,0.529878,test,107.0,61.0,8.0,0.0,8.42344397000353,2.8504099647647223,265.0,1.0,0.524169921875
-0.40530184,hourglass,0.31744134,train,73.0,39.0,8.0,0.0,6.4376451854492,1.0260840595538405,258.0,1.0,0.308837890625
-0.058143698,reentrant_bowtie,0.581664,train,209.0,117.0,4.0,0.0,10.385096948468973,7.259909304532037,345.0,1.0,0.575439453125
-0.40162718,hourglass,0.32584187,train,78.0,37.0,8.0,0.0,6.609535493472827,1.2115637475465586,260.0,1.0,0.318603515625
-0.38454095,hexagonal,0.5400701,train,364.0,211.0,17.0,0.0,4.531923016848087,1.9520058148521835,631.0,1.0,0.521240234375
-0.0880986,hexagonal,0.505553,train,222.0,126.0,6.0,0.0,6.516640544538146,2.233802049678014,471.0,1.0,0.50537109375
-0.44921577,hourglass,0.43891534,train,98.0,52.0,8.0,0.0,8.14627569528683,1.7590142107717803,261.0,1.0,0.43115234375
-0.5935841,hourglass,0.6360453,train,146.0,89.0,4.0,0.0,8.409737365763588,2.654676968162399,393.0,1.0,0.6181640625
-0.37641695,hexagonal,0.561778,train,422.0,237.0,9.0,0.0,5.669845043676262,3.335154746139934,625.0,1.0,0.5673828125
-0.6051318,hourglass,0.6471918,train,176.0,101.0,5.0,0.0,8.445739131153234,2.683077019619994,408.0,1.0,0.614990234375
-0.4136274,hexagonal,0.5761507,train,73.0,41.0,8.0,0.0,9.076783061361253,2.3176297705254907,266.0,1.0,0.550537109375
-0.1294808,hexagonal,0.57941896,test,163.0,88.0,12.0,0.0,9.980876565100095,3.7610185969990337,304.0,1.0,0.57666015625
-0.41757125,hourglass,0.6638552,train,142.0,84.0,4.0,0.0,8.56834508753167,2.3215479555571283,392.0,1.0,0.612548828125
-0.5726295,hourglass,0.440762,train,106.0,55.0,8.0,0.0,8.239911342028758,1.8193317305359118,262.0,1.0,0.4326171875
-0.9096261,hexagonal,0.5352148,train,185.0,99.0,12.0,0.0,8.04856706446005,3.52322505564715,322.0,1.0,0.532470703125
-0.6814974,hexagonal,0.5582233,train,160.0,86.0,5.0,0.0,8.897481713778433,3.6465489374171836,320.0,1.0,0.551025390625
-0.5889746,hourglass,0.5478352,train,156.0,86.0,10.0,0.0,8.239161508290847,2.903355068252366,332.0,1.0,0.5380859375
-1.4567729,reentrant_bowtie,0.543452,train,309.0,177.0,6.0,0.0,6.498970088150656,4.044057905345373,423.0,1.0,0.536865234375
-0.42143852,hourglass,0.3622988,train,92.0,46.0,8.0,0.0,6.855512496498117,1.6793243369105226,264.0,1.0,0.354736328125
-0.47502512,hourglass,0.68211466,train,164.0,94.0,6.0,0.0,9.804973816919336,2.894721321034084,325.0,1.0,0.636474609375
-0.5428891,small_square_cross,0.491874,train,308.0,161.0,16.0,1.0,5.587788225590644,2.3406293646952387,416.0,1.0,0.498046875
-0.402574,hourglass,0.3157838,train,60.0,33.0,8.0,0.0,6.382600316616105,0.9029697529832236,255.0,1.0,0.3076171875
-0.68493134,hourglass,0.67271906,train,161.0,94.0,6.0,0.0,8.281123771075649,2.4437895727814083,397.0,1.0,0.616455078125
-0.70200694,hourglass,0.67789453,train,163.0,98.0,3.0,0.0,8.433813581715745,2.5358999327392695,400.0,1.0,0.62060546875
-0.05549276,reentrant_bowtie,0.51958495,train,114.0,61.0,6.0,0.0,10.117933231586042,7.302593214043981,227.0,1.0,0.52001953125
-0.2527323,hexagonal,0.512197,train,375.0,218.0,4.0,0.0,5.661873775182371,2.284059625023372,537.0,1.0,0.517822265625
-0.5940759,hourglass,0.63594455,train,178.0,106.0,3.0,0.0,8.591133502268438,2.5813955704353004,399.0,1.0,0.618896484375
-0.55142236,hexagonal,0.5075649,train,50.0,29.0,2.0,0.0,9.976384577530458,2.224561493448881,260.0,1.0,0.507568359375
-0.36283925,grid_circular_voids,0.611531,train,276.0,160.0,8.0,0.0,7.062183246721981,2.986594479318906,481.0,1.0,0.620361328125
-0.39988354,hourglass,0.5928877,train,170.0,100.0,4.0,0.0,8.427256134038007,2.421446950352218,390.0,1.0,0.57275390625
-0.51772803,hourglass,0.52330387,train,137.0,75.0,7.0,0.0,9.368384659619103,2.1756306831384458,272.0,1.0,0.512451171875
-0.38549086,cross_rectangular,0.58387,train,363.0,205.0,16.0,0.0,5.396170617882566,2.245692026951289,581.0,1.0,0.5849609375
-0.63474834,hourglass,0.6608426,train,164.0,98.0,4.0,0.0,8.271816841809231,2.541849081445454,405.0,1.0,0.6083984375
-0.3118596,hexagonal,0.51449,train,199.0,113.0,13.0,0.0,7.204964734257876,2.8116013389659456,349.0,1.0,0.5185546875
-0.57375056,hourglass,0.45314512,train,134.0,69.0,8.0,0.0,8.569041435517368,1.9305658320663381,270.0,1.0,0.447998046875
-0.4254482,circle,0.504913,train,299.0,168.0,20.0,0.0,4.752614025848353,1.9792616999764128,519.0,1.0,0.496337890625
-0.38589072,circle,0.547946,train,399.0,227.0,16.0,0.0,4.6215197326279,2.1227852022911513,665.0,1.0,0.54541015625
-0.4475848,grid_circular_voids,0.571569,train,211.0,122.0,2.0,0.0,7.892975969338597,2.7798812922349696,373.0,1.0,0.578369140625
-0.64331347,hourglass,0.66721904,train,155.0,91.0,4.0,0.0,8.671575870175547,2.5948149947697883,396.0,1.0,0.622802734375
-0.5120436,hexagonal,0.54312724,train,220.0,119.0,8.0,0.0,8.663036525716219,3.080913507251399,348.0,1.0,0.547119140625
-0.6031452,hourglass,0.56556004,val,158.0,86.0,4.0,0.0,8.13563915697749,2.7022563083002633,381.0,1.0,0.552490234375
-0.054239396,reentrant_bowtie,0.554676,train,222.0,123.0,4.0,0.0,9.658113019360634,7.331750184671129,356.0,1.0,0.551025390625
-0.50030935,hourglass,0.39012676,train,97.0,48.0,8.0,0.0,7.467524306206303,1.9200162539956216,262.0,1.0,0.384765625
-0.2301388,hexagonal,0.511584,train,196.0,115.0,11.0,0.0,6.137664791524611,2.585801496987866,459.0,1.0,0.51611328125
-0.5281944,hourglass,0.5164752,train,148.0,81.0,9.0,0.0,9.176941463354298,2.4212803275877954,279.0,1.0,0.505126953125
-0.44961676,grid_circular_voids,0.504103,train,291.0,162.0,6.0,0.0,5.590582270123827,2.7600936856752525,440.0,1.0,0.504150390625
-0.3979244,nine_circle,0.645424,train,204.0,113.0,7.0,0.0,8.199705265530158,2.902064164621427,420.0,1.0,0.642822265625
-0.7646143,hexagonal,0.584048,train,232.0,136.0,9.0,0.0,6.785359400727972,2.7157037524876544,483.0,1.0,0.594970703125
-0.36869973,grid_circular_voids,0.530575,train,136.0,77.0,11.0,0.0,6.080003908380683,2.149513185390943,426.0,1.0,0.532958984375
-0.08680028,reentrant_bowtie,0.50206155,train,78.0,44.0,8.0,0.0,8.727209475461766,2.9870435123443864,254.0,1.0,0.501708984375
-0.45101523,grid_circular_voids,0.514738,train,152.0,87.0,7.0,0.0,7.348360212525784,2.3184539159953954,364.0,1.0,0.521728515625
-0.46791995,hourglass,0.3347868,train,77.0,40.0,8.0,0.0,6.5738096446874605,1.2228865302385308,259.0,1.0,0.322998046875
-0.52624524,hourglass,0.53659195,train,205.0,109.0,9.0,0.0,7.045757719442346,3.0774418410204247,397.0,1.0,0.51953125
-0.34517744,hexagonal,0.583967,train,229.0,130.0,7.0,0.0,7.48103934262348,3.1661314752187497,414.0,1.0,0.586669921875
-0.19987069,square,0.516394,train,181.0,101.0,14.0,0.0,7.923050879770044,2.6845700089068103,327.0,1.0,0.518798828125
-0.44807792,hexagonal,0.5684333,train,197.0,112.0,9.0,0.0,8.488812186958082,3.4887637657527963,363.0,1.0,0.57470703125
-0.43677986,hourglass,0.37748012,train,92.0,46.0,8.0,0.0,6.912939819741713,1.5911862667998073,262.0,1.0,0.36962890625
-0.54691,hexagonal,0.5256624,train,201.0,116.0,9.0,0.0,7.1530831314788115,3.003810146857455,380.0,1.0,0.5224609375
-0.5641758,hourglass,0.59449506,train,166.0,93.0,2.0,0.0,8.374628734818566,2.2801155425294803,390.0,1.0,0.57421875
-0.1768462,circle_half_quarter,0.532624,train,224.0,130.0,12.0,0.0,6.015420825658365,2.205456788172402,446.0,1.0,0.534423828125
-0.40132722,hourglass,0.5848717,train,160.0,93.0,3.0,0.0,8.104968980340173,2.3772631619886457,389.0,1.0,0.5703125
-0.62131673,hourglass,0.526806,train,216.0,118.0,8.0,0.0,6.7825190187544715,3.0265142823734283,425.0,1.0,0.521728515625
-0.63094544,hourglass,0.57842,train,158.0,91.0,4.0,0.0,8.28825613312054,2.6950819287248224,387.0,1.0,0.573486328125
-0.05274192,reentrant_bowtie,0.520319,train,117.0,63.0,6.0,0.0,10.064438368883378,7.225294296828076,227.0,1.0,0.52099609375
-0.0609495,circle_half_quarter,0.537009,train,274.0,154.0,18.0,0.0,5.409321712572783,2.1192865219279367,468.0,1.0,0.5107421875
-0.25197402,circle,0.506829,train,446.0,252.0,14.0,0.0,5.824073240771137,2.715927147699004,537.0,1.0,0.5166015625
-0.46315202,hourglass,0.36504677,train,92.0,46.0,8.0,0.0,6.855512496498117,1.6793243369105226,264.0,1.0,0.354736328125
-0.5483062,hourglass,0.4776675,train,121.0,65.0,8.0,0.0,9.227819571540682,2.338604028375196,267.0,1.0,0.47509765625
-0.5351506,hourglass,0.4692574,train,115.0,61.0,8.0,0.0,9.090882192583727,2.011933440670833,263.0,1.0,0.4609375
-0.42865026,hexagonal,0.5753068,train,105.0,58.0,9.0,0.0,8.88405947788321,2.6863254338018403,280.0,1.0,0.54931640625
-0.45278797,hourglass,0.5050754,train,120.0,66.0,8.0,0.0,9.49000173896664,2.205208361467699,260.0,1.0,0.505615234375
-0.38369584,four_circle,0.609883,train,709.0,381.0,21.0,0.0,4.54284029455287,1.8585727326632677,698.0,1.0,0.61572265625
-0.50582516,hourglass,0.34772766,train,92.0,46.0,8.0,0.0,6.978871220345159,1.5787102922347012,264.0,1.0,0.34521484375
-0.62507874,hourglass,0.51209426,train,161.0,84.0,10.0,0.0,8.602808474012319,2.5669220784559186,308.0,1.0,0.50537109375
-0.40938398,hourglass,0.531267,train,198.0,108.0,3.0,0.0,7.667866139864206,2.839185044738519,413.0,1.0,0.534912109375
-0.42623544,hourglass,0.6028602,train,180.0,102.0,5.0,0.0,8.500410974978672,2.5098613973496113,399.0,1.0,0.592041015625
-0.6286838,hourglass,0.655658,train,153.0,92.0,4.0,0.0,8.360140347500247,2.592665569686354,404.0,1.0,0.611572265625
-0.53486854,hourglass,0.46747807,train,103.0,55.0,8.0,0.0,9.024623105175886,2.0462030789476366,260.0,1.0,0.4609375
-0.6576169,hourglass,0.6836176,test,148.0,86.0,11.0,0.0,10.001409217774134,2.744414993878041,300.0,1.0,0.620361328125
-0.49464306,hourglass,0.39719903,train,97.0,48.0,8.0,0.0,7.55015869163603,1.8908348428322979,262.0,1.0,0.388916015625
-0.5477791,reentrant_bowtie,0.526383,train,184.0,103.0,8.0,0.0,8.343675570910928,3.77637975699996,295.0,1.0,0.533203125
-0.41626254,hourglass,0.6561318,train,190.0,110.0,7.0,0.0,8.476406541378093,2.560533000516093,414.0,1.0,0.61376953125
-0.48535806,hourglass,0.4669644,train,115.0,61.0,8.0,0.0,9.090882192583727,2.011933440670833,263.0,1.0,0.4609375
-0.62751836,hourglass,0.6638507,train,146.0,86.0,4.0,0.0,8.453475128808249,2.3915308537061604,393.0,1.0,0.61181640625
-0.5500235,hourglass,0.4782071,train,117.0,63.0,8.0,0.0,9.277252899989316,2.312166184387766,266.0,1.0,0.4755859375
-0.049234003,four_circle,0.4582,train,173.0,102.0,6.0,0.0,5.852100853782672,1.8288664062336506,392.0,1.0,0.477294921875
-0.5995556,hourglass,0.5709739,train,161.0,88.0,4.0,0.0,8.196747756564061,2.7317651573566653,382.0,1.0,0.557861328125
-0.39487255,hourglass,0.65349007,train,174.0,103.0,5.0,0.0,8.421582501986391,2.4365853488512648,400.0,1.0,0.613037109375
-0.51616853,hourglass,0.52833635,train,225.0,124.0,7.0,0.0,8.747584903464823,2.8407956284212785,332.0,1.0,0.51513671875
-0.47826716,hexagonal,0.5551993,train,234.0,137.0,13.0,0.0,5.409809650890592,2.0747431538105676,517.0,1.0,0.5576171875
-0.19408843,square,0.58789,val,228.0,125.0,15.0,0.0,8.558127006223884,3.3233963836340483,363.0,1.0,0.586181640625
-0.67286974,hourglass,0.557217,train,175.0,99.0,8.0,0.0,7.711278552396054,3.1078915851265565,399.0,1.0,0.555908203125
-0.53588486,hourglass,0.4222097,train,109.0,56.0,8.0,0.0,8.03155706847288,1.937429493064499,262.0,1.0,0.41162109375
-0.15869562,circle_half_quarter,0.573198,train,276.0,160.0,12.0,0.0,5.529566276551668,2.3999530528362327,524.0,1.0,0.547607421875
-0.4382552,hourglass,0.37609595,train,96.0,48.0,8.0,0.0,6.947384156114682,1.595200363019488,259.0,1.0,0.3681640625
-0.66400087,hourglass,0.6966692,train,141.0,78.0,8.0,0.0,10.386626759587793,2.783316463572942,291.0,1.0,0.609130859375
-0.5918961,hourglass,0.62697905,train,167.0,97.0,7.0,0.0,8.438039803239443,2.4778398787076354,388.0,1.0,0.609375
-0.24573658,four_circle,0.657064,train,318.0,183.0,19.0,0.0,7.000183119720305,2.7174064113141987,548.0,1.0,0.660400390625
-0.15774925,small_square_cross,0.569971,train,115.0,66.0,8.0,0.0,9.09260915758746,2.027477645723462,290.0,1.0,0.56591796875
-0.2650627,square,0.543629,train,203.0,118.0,10.0,0.0,7.508999718211599,2.961057988011838,340.0,1.0,0.543701171875
-0.48693028,grid_circular_voids,0.61861,train,241.0,136.0,9.0,0.0,7.549980157833407,3.019095274375726,461.0,1.0,0.62255859375
-0.62716854,hourglass,0.50445,train,121.0,66.0,6.0,0.0,8.100906914993965,3.090656245718867,311.0,1.0,0.497802734375
-0.52960277,hourglass,0.47171557,train,141.0,72.0,10.0,0.0,8.763244879331834,2.0727875616602573,275.0,1.0,0.46533203125
-0.6052334,hourglass,0.64175403,train,201.0,118.0,6.0,0.0,8.231635791536142,2.4970734935983727,417.0,1.0,0.607177734375
-0.5491132,hourglass,0.48014015,train,117.0,63.0,8.0,0.0,9.307328087959242,2.308361124505887,266.0,1.0,0.47705078125
-0.69011116,hourglass,0.69611406,train,163.0,91.0,12.0,0.0,10.218106113711755,3.1075672342836165,300.0,1.0,0.614501953125
-0.52947104,hourglass,0.4979314,train,127.0,68.0,8.0,0.0,9.467071742339558,2.1329457490432455,263.0,1.0,0.49365234375
-0.39514637,hourglass,0.61086446,train,164.0,90.0,2.0,0.0,8.523011159925383,2.659972271464322,396.0,1.0,0.60595703125
-0.18742949,square,0.527889,train,192.0,100.0,14.0,0.0,7.572152582186243,3.4747011694353636,326.0,1.0,0.528564453125
-0.118165076,hexagonal,0.529842,train,184.0,108.0,6.0,0.0,6.510403536875542,2.8736146763445367,451.0,1.0,0.529052734375
-0.16349757,circle_half_quarter,0.538933,train,222.0,132.0,14.0,0.0,5.6039323433974255,2.411241348189838,463.0,1.0,0.51611328125
-0.4327057,circle,0.573928,train,167.0,92.0,14.0,0.0,7.846438660013577,2.760028604298115,358.0,1.0,0.573974609375
-0.36039293,hexagonal,0.561121,train,186.0,100.0,4.0,0.0,8.333585311405365,3.004669664930336,386.0,1.0,0.56201171875
-0.38418686,nine_circle,0.509729,train,185.0,103.0,8.0,0.0,7.3014427130421495,2.3702101292496374,366.0,1.0,0.51708984375
-0.06758434,reentrant_bowtie,0.53842,train,159.0,89.0,6.0,0.0,9.836085779031414,7.2609093302862595,245.0,1.0,0.53955078125
-0.4439779,hexagonal,0.531372,train,346.0,180.0,13.0,0.0,5.783453069888503,2.8350281963521167,525.0,1.0,0.526123046875
-0.18222955,four_circle,0.554294,train,190.0,107.0,14.0,0.0,5.818697160846965,2.643846614764907,458.0,1.0,0.523193359375
-0.52960277,hourglass,0.47171557,train,122.0,63.0,10.0,0.0,8.684258629171456,2.127062011884426,270.0,1.0,0.46533203125
-0.5281583,hourglass,0.37258595,train,96.0,48.0,8.0,0.0,6.8461947755902015,1.5628046606734771,259.0,1.0,0.359375
-0.5815928,hourglass,0.5975785,train,154.0,90.0,4.0,0.0,8.419256318650328,2.43447106301472,380.0,1.0,0.570556640625
-0.554129,hourglass,0.6290625,train,137.0,76.0,10.0,0.0,10.189624133510348,2.4638485985899,297.0,1.0,0.615234375
-0.032737114,square,0.633875,train,214.0,120.0,3.0,0.0,9.564241855500939,4.7638299385524,391.0,1.0,0.626953125
-0.40185612,cross_rectangular,0.51891,train,275.0,157.0,15.0,0.0,5.2273028791730045,1.8516054344010269,478.0,1.0,0.5185546875
-0.41294512,hourglass,0.503954,train,130.0,71.0,5.0,0.0,7.217029828728951,3.1603354074933723,355.0,1.0,0.490966796875
-0.6592357,hourglass,0.6942602,train,139.0,80.0,10.0,0.0,10.278691216762772,2.880072151053871,298.0,1.0,0.624755859375
-0.3139167,circle_half_quarter,0.551433,train,244.0,132.0,13.0,0.0,6.7841572280422,2.8891700760700427,430.0,1.0,0.559326171875
-0.68148464,hourglass,0.508503,train,249.0,138.0,6.0,0.0,6.87388024497403,2.994114835603973,428.0,1.0,0.507568359375
-0.564301,hourglass,0.54535615,train,116.0,63.0,7.0,1.0,8.184838918404372,2.4446557853668685,343.0,1.0,0.539306640625
-0.39226994,hourglass,0.61190444,train,161.0,89.0,2.0,0.0,8.530158101751276,2.635602921368672,400.0,1.0,0.607177734375
-0.57728124,hourglass,0.5962067,train,166.0,98.0,3.0,0.0,8.368514847855412,2.5439762739370466,389.0,1.0,0.575927734375
-0.5299279,hexagonal,0.572991,train,372.0,205.0,15.0,0.0,5.638856085977679,3.366392472263404,611.0,1.0,0.565185546875
-0.5815896,hourglass,0.6361345,train,174.0,103.0,3.0,0.0,8.631625871406701,2.627074153233252,401.0,1.0,0.61962890625
-0.38713154,hourglass,0.6429561,train,191.0,111.0,5.0,0.0,8.585403223748845,2.6282539746992577,415.0,1.0,0.6162109375
-0.47766072,hourglass,0.34471372,train,87.0,47.0,8.0,0.0,6.891966880676514,1.571705495477123,262.0,1.0,0.3349609375
-0.54678917,hourglass,0.5679797,train,171.0,95.0,3.0,0.0,8.068416079593607,2.508904414379858,396.0,1.0,0.555908203125
-0.5287546,small_square_cross,0.50076,val,359.0,205.0,19.0,0.0,4.516020467948104,1.9166602056593491,588.0,1.0,0.495849609375
-0.5408952,hourglass,0.34478918,train,87.0,47.0,8.0,0.0,6.891966880676515,1.5717054954771232,262.0,1.0,0.3349609375
-0.38084075,grid_circular_voids,0.620299,train,147.0,84.0,5.0,0.0,8.163767468709347,2.895713863861398,434.0,1.0,0.635498046875
-0.34692675,cross_rectangular,0.630495,train,329.0,182.0,14.0,0.0,7.396284686417401,3.4081316270035713,412.0,1.0,0.6357421875
-0.88406205,hexagonal,0.577354,train,245.0,138.0,10.0,0.0,6.703917714366747,2.672769009015081,464.0,1.0,0.573486328125
-0.5565689,hourglass,0.513792,train,173.0,94.0,5.0,0.0,7.553224159367601,2.4384704492117457,375.0,1.0,0.51220703125
-0.3815548,hexagonal,0.53515583,train,205.0,116.0,9.0,0.0,7.38239388535165,3.1027801482713353,378.0,1.0,0.517578125
-0.24729732,small_square_cross,0.563768,train,406.0,233.0,10.0,0.0,5.178768005981313,2.3559481765001116,616.0,1.0,0.567626953125
-0.43923312,hourglass,0.43361822,train,108.0,59.0,8.0,0.0,8.213440656714846,1.7028052840323775,261.0,1.0,0.427978515625
-0.08950818,reentrant_bowtie,0.5034528,train,98.0,54.0,8.0,0.0,8.791773258695557,2.977943433344451,257.0,1.0,0.505126953125
-0.5765826,hexagonal,0.5033579,train,203.0,114.0,7.0,0.0,6.789610598780211,2.9699124290327736,396.0,1.0,0.495849609375
-0.37342644,hexagonal,0.50310504,train,71.0,40.0,7.0,0.0,8.466121989794367,2.4547765436405067,261.0,1.0,0.49609375
-0.24230067,nine_circle,0.585578,train,122.0,76.0,6.0,0.0,8.167269244048391,2.451815525224322,408.0,1.0,0.595458984375
-0.5583425,hourglass,0.61221546,train,192.0,107.0,3.0,0.0,8.392191405991033,2.7130894671121655,409.0,1.0,0.60791015625
-0.6679819,hourglass,0.6818247,train,211.0,118.0,7.0,0.0,8.14717021764116,3.1102843440853296,398.0,1.0,0.6162109375
-0.5390786,hourglass,0.3453894,train,92.0,46.0,8.0,0.0,6.8962880348420725,1.5769165754562278,264.0,1.0,0.336181640625
-0.6123372,hourglass,0.6493365,train,226.0,131.0,8.0,0.0,8.004090918961504,2.5770576284946123,433.0,1.0,0.609130859375
-0.47932786,small_square_cross,0.557046,train,217.0,127.0,14.0,0.0,5.9067090901907795,2.09717525393008,522.0,1.0,0.554443359375
-0.1031959,reentrant_bowtie,0.509699,train,97.0,56.0,8.0,0.0,8.712106885719052,2.6041052502620405,258.0,1.0,0.509765625
-0.54427165,hourglass,0.47726092,train,117.0,63.0,8.0,0.0,9.245745507799585,2.3180450517940057,266.0,1.0,0.474365234375
-0.43094748,hexagonal,0.5742775,train,82.0,46.0,8.0,0.0,9.032395132186414,2.5593293133678925,268.0,1.0,0.5498046875
-0.39001146,hourglass,0.5985966,train,155.0,91.0,5.0,0.0,8.387508027060818,2.4977702822341468,387.0,1.0,0.578857421875
-0.099438764,small_square_cross,0.580389,train,107.0,60.0,9.0,0.0,8.974250374388477,2.790890781191561,282.0,1.0,0.583251953125
-0.4216626,hourglass,0.3584416,train,92.0,46.0,8.0,0.0,6.855512496498117,1.6793243369105226,264.0,1.0,0.349365234375
-0.35174385,circle_half_quarter,0.617696,train,250.0,142.0,7.0,0.0,8.13473735901754,3.8628390448915937,398.0,1.0,0.630126953125
-0.60248303,hourglass,0.50947773,train,157.0,81.0,10.0,0.0,8.45026751117049,2.410117271870051,306.0,1.0,0.501220703125
-1.0865165,reentrant_bowtie,0.546875,train,218.0,125.0,7.0,0.0,9.364256067456457,7.214776865702253,357.0,1.0,0.541748046875
-0.59787697,hourglass,0.507729,train,258.0,144.0,8.0,0.0,6.597724160752576,2.9214210627094674,433.0,1.0,0.5048828125
-0.2733478,circle_half_quarter,0.506526,train,252.0,145.0,15.0,0.0,5.961121174164472,2.543543002578665,437.0,1.0,0.508544921875
-0.5287762,hourglass,0.3495522,train,90.0,45.0,8.0,0.0,6.876026868241582,1.5762338222335368,263.0,1.0,0.33837890625
-0.29341686,square,0.534861,train,397.0,229.0,9.0,0.0,4.525080165827547,2.1462897787398467,591.0,1.0,0.543701171875
-0.51617694,hourglass,0.52835095,train,215.0,118.0,8.0,0.0,8.767945598124799,2.8501105221243557,328.0,1.0,0.51513671875
-0.4641392,hourglass,0.44662046,train,111.0,56.0,8.0,0.0,8.485552936753024,1.9685249822347741,266.0,1.0,0.44140625
-0.5064814,hourglass,0.39854857,train,102.0,52.0,8.0,0.0,7.588580105777454,1.8690371550463887,263.0,1.0,0.388916015625
-0.31806794,grid_circular_voids,0.540129,train,131.0,79.0,3.0,0.0,7.999997874677696,2.3230332992220286,338.0,1.0,0.54638671875
-0.49788168,hourglass,0.37878144,test,92.0,46.0,8.0,0.0,7.016405458908948,1.5389964375034528,259.0,1.0,0.37255859375
-0.3851351,hourglass,0.6453726,train,207.0,122.0,6.0,0.0,8.453092294300031,2.6079023821189216,422.0,1.0,0.614990234375
-0.58137596,hourglass,0.50580084,train,117.0,63.0,7.0,0.0,9.422758586791515,2.2926833044382233,268.0,1.0,0.50390625
-0.17694862,hexagonal,0.53145564,train,144.0,80.0,12.0,0.0,7.966005850400273,3.5707902485557472,308.0,1.0,0.52734375
-0.52020913,hourglass,0.50347334,train,116.0,62.0,8.0,0.0,9.555432617561232,2.1270817384426235,260.0,1.0,0.50244140625
-0.196466,hexagonal,0.57791245,train,164.0,96.0,6.0,0.0,7.589638252091865,3.2353078120625423,401.0,1.0,0.581787109375
-0.5755537,hourglass,0.44182712,train,123.0,62.0,8.0,0.0,8.444865566269952,1.9213674752726237,270.0,1.0,0.4326171875
-0.19703364,circle_half_quarter,0.544109,train,280.0,156.0,8.0,0.0,5.581443137936,2.3429807764152377,542.0,1.0,0.555419921875
-0.4934754,hourglass,0.4657719,train,103.0,55.0,8.0,0.0,8.989793381752804,2.0453887047193398,260.0,1.0,0.4599609375
-0.43208444,hourglass,0.37379515,train,92.0,46.0,8.0,0.0,6.808890073924646,1.5840596481332432,262.0,1.0,0.359375
-0.5589423,hourglass,0.44978675,train,115.0,58.0,8.0,0.0,8.547586433219674,1.9452632689450713,265.0,1.0,0.447021484375
-0.37212422,cross_rectangular,0.623471,train,448.0,247.0,17.0,0.0,5.116026541914404,2.1510278288865847,617.0,1.0,0.611328125
-0.385189,hourglass,0.6701059,train,173.0,103.0,4.0,0.0,8.649118396575387,2.3663682834335087,403.0,1.0,0.625
-0.5790684,hourglass,0.5881735,test,167.0,98.0,4.0,0.0,8.35138316808313,2.581443007070928,381.0,1.0,0.575927734375
-0.49528754,hourglass,0.3934361,train,102.0,52.0,8.0,0.0,7.547951521431843,1.886994229389616,263.0,1.0,0.38671875
-0.47337002,circle,0.531676,train,393.0,229.0,9.0,0.0,4.358487121684927,2.037939231017263,635.0,1.0,0.533447265625
-0.17689654,reentrant_bowtie,0.511763,train,123.0,69.0,8.0,0.0,8.647513391066225,3.081700145649146,275.0,1.0,0.507080078125
-0.52825284,hourglass,0.519003,train,181.0,98.0,6.0,0.0,7.788868903298996,2.6560686798136,373.0,1.0,0.517578125
-0.371917,nine_circle,0.591922,train,219.0,125.0,8.0,0.0,7.183043472993479,2.643863880573427,447.0,1.0,0.60009765625
-0.45105073,small_square_cross,0.635158,train,203.0,114.0,12.0,0.0,9.101368296175332,3.9120801248685138,359.0,1.0,0.6376953125
-0.528711,hexagonal,0.50790024,train,143.0,83.0,14.0,0.0,7.559547015684912,2.588789168566976,317.0,1.0,0.505859375
-0.34707418,square,0.542805,train,389.0,217.0,21.0,0.0,4.679480137377305,1.6129741512777047,641.0,1.0,0.543212890625
-0.51614165,hourglass,0.37699232,train,92.0,46.0,8.0,0.0,6.9093113241392015,1.587133511616949,264.0,1.0,0.36962890625
-0.47665843,hourglass,0.36064425,train,84.0,42.0,8.0,0.0,6.855259642546965,1.7114553325764181,262.0,1.0,0.354736328125
-0.40902916,grid_circular_voids,0.451167,train,180.0,104.0,8.0,0.0,5.012562726740378,1.8228350162056433,437.0,1.0,0.4462890625
-0.35577005,hexagonal,0.54529446,train,178.0,100.0,4.0,0.0,8.042879946231723,2.834870653014433,381.0,1.0,0.546630859375
-0.54270256,hourglass,0.484623,train,129.0,70.0,9.0,0.0,8.92216693557597,2.1924191842796064,272.0,1.0,0.480224609375
-0.65761924,hexagonal,0.583457,train,234.0,132.0,7.0,0.0,7.466968142802732,3.2079094517559903,432.0,1.0,0.5859375
-0.6543172,hourglass,0.6670099,train,156.0,92.0,4.0,0.0,8.6895564399707,2.595238659333428,394.0,1.0,0.61865234375
-0.68864787,reentrant_bowtie,0.529519,train,300.0,171.0,4.0,0.0,6.9973280977216445,3.3236980715500657,418.0,1.0,0.532958984375
-0.22201772,square,0.578376,train,385.0,215.0,14.0,0.0,5.018611165731302,1.7970926429088467,625.0,1.0,0.582275390625
-0.21804139,cross_rectangular,0.503774,train,183.0,97.0,17.0,0.0,7.282497954683644,2.6868196766947126,331.0,1.0,0.5087890625
-0.28502616,hexagonal,0.563079,train,243.0,137.0,10.0,0.0,5.9105344315287045,2.0503766171548086,520.0,1.0,0.56640625
-0.568067,hourglass,0.61971354,train,175.0,99.0,3.0,0.0,8.374388220963464,2.416530969093584,400.0,1.0,0.602294921875
-0.40257683,hourglass,0.65073913,train,170.0,100.0,4.0,0.0,8.323934562165833,2.497043804183708,411.0,1.0,0.614990234375
-0.6706178,hourglass,0.544958,train,219.0,118.0,6.0,0.0,7.441165458453098,2.8925925887356008,397.0,1.0,0.52880859375
-0.47244033,square,0.526759,train,386.0,222.0,17.0,0.0,4.442145349683074,1.7057392904988222,654.0,1.0,0.527099609375
-0.43459833,grid_circular_voids,0.505859,train,380.0,218.0,12.0,0.0,3.9981877897581906,1.562624107420787,674.0,1.0,0.51171875
-0.110072516,square,0.56559,train,371.0,221.0,7.0,0.0,5.999318331070702,2.943165695795827,581.0,1.0,0.569580078125
-0.425328,reentrant_bowtie,0.521175,train,132.0,70.0,8.0,0.0,7.823731197393621,2.5949324837795333,288.0,1.0,0.510986328125
-0.39108807,hourglass,0.6208788,train,190.0,107.0,3.0,0.0,8.340845298752864,2.419038256479657,401.0,1.0,0.594970703125
-0.08062965,reentrant_bowtie,0.50934035,train,110.0,58.0,6.0,0.0,10.453375255562472,6.857653771514151,213.0,1.0,0.513916015625
-0.17366916,circle_half_quarter,0.56966,train,470.0,275.0,21.0,0.0,4.742354569684205,2.0914576908940608,655.0,1.0,0.568115234375
-0.22375311,hexagonal,0.57561517,train,227.0,129.0,8.0,0.0,7.2485401105689204,4.037421395969385,456.0,1.0,0.5771484375
-0.5566503,hourglass,0.6458889,train,167.0,95.0,5.0,0.0,8.564989942364255,2.683494707912748,407.0,1.0,0.622802734375
-0.42573872,hourglass,0.580419,train,264.0,153.0,3.0,0.0,7.414830812251825,3.358423875133232,487.0,1.0,0.58154296875
-0.5775992,hourglass,0.6377334,train,168.0,99.0,3.0,0.0,8.526206744073038,2.3751484255661897,397.0,1.0,0.617431640625
-0.5597739,hourglass,0.61119443,train,185.0,103.0,2.0,0.0,8.43651191610995,2.6549184076670875,403.0,1.0,0.605712890625
-0.6342601,hourglass,0.41287482,train,112.0,58.0,8.0,0.0,7.690596118527096,2.11986534620878,266.0,1.0,0.3994140625
-0.36455414,hexagonal,0.5683212,train,112.0,65.0,12.0,0.0,8.504957654924135,2.4799872834699364,293.0,1.0,0.542236328125
-0.09621522,reentrant_bowtie,0.541389,train,189.0,111.0,8.0,0.0,7.073430546754206,4.599439570091579,409.0,1.0,0.542724609375
-0.52871776,hourglass,0.37467358,train,96.0,48.0,8.0,0.0,6.951432678591163,1.5934623235437175,260.0,1.0,0.3681640625
-0.5655288,hourglass,0.44892284,train,115.0,58.0,8.0,0.0,8.49431456503649,1.9650674183561225,269.0,1.0,0.445068359375
-0.595486,hourglass,0.6523635,train,170.0,100.0,6.0,0.0,8.401209764354986,2.490395668026665,409.0,1.0,0.615234375
-0.6051318,hourglass,0.6471918,train,210.0,121.0,5.0,0.0,8.577997614369052,2.620633071116425,418.0,1.0,0.614990234375
-0.41656336,four_circle,0.557585,train,300.0,170.0,18.0,0.0,5.598845812818351,2.3286123649370243,551.0,1.0,0.564453125
-0.7558977,hexagonal,0.559492,train,242.0,141.0,10.0,0.0,6.120800884761269,3.1207294576182183,507.0,1.0,0.55712890625
-0.40751678,nine_circle,0.575396,train,231.0,133.0,4.0,0.0,6.887761494253974,2.4555466479396695,465.0,1.0,0.581298828125
-0.50425184,hourglass,0.38826042,train,96.0,50.0,8.0,0.0,7.511642110957535,1.9307782246064982,262.0,1.0,0.38427734375
-0.52665085,hexagonal,0.54348487,train,146.0,81.0,12.0,0.0,8.043055029076674,3.1521059346634916,332.0,1.0,0.5400390625
-0.3464489,square,0.550344,train,581.0,331.0,15.0,0.0,3.845235014485381,2.476029881638415,755.0,1.0,0.531494140625
-0.032385934,reentrant_bowtie,0.51107717,train,113.0,60.0,6.0,0.0,10.467903474136145,6.779224186962591,215.0,1.0,0.51513671875
-0.40285245,hourglass,0.31570777,train,60.0,33.0,8.0,0.0,6.382600316616105,0.9029697529832236,255.0,1.0,0.3076171875
-0.3097631,square,0.561578,train,338.0,195.0,6.0,0.0,5.56210401942578,2.5561456806387852,601.0,1.0,0.557861328125
-0.17174344,circle,0.506699,train,182.0,109.0,4.0,0.0,5.98972169986915,2.236651825837728,514.0,1.0,0.50927734375
-0.4913579,hourglass,0.5483216,train,153.0,81.0,6.0,0.0,8.648137616000088,2.740330265556829,327.0,1.0,0.54150390625
-0.52367073,hourglass,0.40621424,train,102.0,52.0,8.0,0.0,7.6014043347938065,1.958069650028451,260.0,1.0,0.393310546875
-0.6592357,hourglass,0.6942602,train,114.0,66.0,9.0,0.0,10.193636987510812,2.8776537746426274,293.0,1.0,0.624755859375
-0.3793974,hourglass,0.64816207,train,223.0,128.0,5.0,0.0,8.60575000804509,2.621484920532755,421.0,1.0,0.615234375
-0.53785104,hourglass,0.42197385,test,109.0,56.0,8.0,0.0,8.03155706847288,1.937429493064499,262.0,1.0,0.41162109375
-0.3410224,hexagonal,0.5148771,train,240.0,138.0,12.0,0.0,5.384388280060636,2.5595351125551695,490.0,1.0,0.50341796875
-0.414715,hourglass,0.368441,train,84.0,42.0,8.0,0.0,6.91993243609658,1.7364614705305363,262.0,1.0,0.3583984375
-0.42592564,grid_circular_voids,0.574514,test,192.0,107.0,6.0,0.0,7.243918389999003,2.9034157923403194,407.0,1.0,0.5810546875
-0.360249,four_circle,0.53179,train,515.0,291.0,20.0,0.0,4.227333020257286,1.588257347581077,733.0,1.0,0.53955078125
-0.27760813,hexagonal,0.51172864,train,140.0,78.0,13.0,0.0,7.999588746084084,2.827309085989436,310.0,1.0,0.509521484375
-0.25692835,four_circle,0.582168,train,308.0,174.0,28.0,0.0,6.037282346072105,2.4190541697553836,499.0,1.0,0.570556640625
-0.41938427,hourglass,0.5604816,train,160.0,86.0,4.0,0.0,8.138829425924726,2.729791799388644,390.0,1.0,0.549072265625
-0.0273465,small_square_cross,0.527904,train,142.0,80.0,14.0,0.0,7.789062204879871,2.0310617802683653,302.0,1.0,0.506591796875
-0.4954689,hourglass,0.5545491,train,129.0,71.0,3.0,0.0,8.389880156906363,2.268820257612092,372.0,1.0,0.551025390625
-0.6462062,hourglass,0.6527711,test,184.0,109.0,5.0,0.0,8.494449846302556,2.326949113973242,405.0,1.0,0.6103515625
-0.63785106,hexagonal,0.5442293,train,214.0,116.0,4.0,0.0,7.83869762394483,2.871505042629424,388.0,1.0,0.54248046875
-0.59234387,hourglass,0.56326395,test,162.0,87.0,4.0,0.0,8.09473438691761,2.69309650985472,391.0,1.0,0.552490234375
-0.43252835,hexagonal,0.583457,train,203.0,117.0,7.0,0.0,7.450193182281667,3.1751340139870736,426.0,1.0,0.5859375
-0.29141432,hexagonal,0.5737203,train,255.0,140.0,15.0,0.0,6.01488821913399,2.1367942310386683,478.0,1.0,0.564697265625
-0.5946406,hourglass,0.569864,train,173.0,100.0,6.0,0.0,7.945963762545657,3.0671755071249676,403.0,1.0,0.56787109375
-0.14695883,small_square_cross,0.545556,train,208.0,116.0,6.0,0.0,5.676303614394173,3.4567945639360933,471.0,1.0,0.5400390625
-0.43323416,nine_circle,0.615292,train,183.0,110.0,4.0,0.0,7.619114937914778,2.7664843012261704,460.0,1.0,0.62353515625
-0.3647423,hourglass,0.3077255,test,58.0,30.0,8.0,0.0,5.9483913571180675,1.3002192982926297,257.0,1.0,0.301513671875
-0.5792482,hourglass,0.507677,train,270.0,151.0,8.0,0.0,6.916306009005323,2.9665173534783937,428.0,1.0,0.50732421875
-0.03242146,reentrant_bowtie,0.549332,train,118.0,67.0,5.0,0.0,10.221425928880087,8.318363976957555,275.0,1.0,0.544677734375
-0.40579534,hourglass,0.32827863,test,77.0,40.0,8.0,0.0,6.6562183890405,1.2475156187148724,260.0,1.0,0.319580078125
-0.40707722,grid_circular_voids,0.5488,train,153.0,89.0,3.0,0.0,7.169242912769896,2.3756525628693406,407.0,1.0,0.553466796875
-0.3403846,square,0.600151,train,343.0,194.0,19.0,0.0,6.275779332035487,2.504001694729198,534.0,1.0,0.600341796875
-0.079991415,reentrant_bowtie,0.540886,train,384.0,209.0,8.0,0.0,6.406900030797166,4.393807171507626,486.0,1.0,0.55078125
-0.3044372,circle_half_quarter,0.545577,train,156.0,89.0,8.0,0.0,8.815418926494539,2.8846823829898267,303.0,1.0,0.551513671875
-0.44131327,small_square_cross,0.45895,train,275.0,151.0,22.0,0.0,5.298250298373647,2.4255924494313774,444.0,1.0,0.46044921875
-0.42683578,hourglass,0.5763536,train,154.0,89.0,3.0,0.0,8.05482135873278,2.5305612711279886,391.0,1.0,0.56396484375
-0.568309,hourglass,0.54354686,train,169.0,98.0,3.0,0.0,8.025130405396654,2.5762103588002563,379.0,1.0,0.540283203125
-0.2272957,reentrant_bowtie,0.503552,train,138.0,77.0,8.0,0.0,7.802782595091944,2.459093192476812,288.0,1.0,0.497802734375
-0.586903,hourglass,0.5906957,train,171.0,101.0,4.0,0.0,8.289528315524182,2.5863607381484233,397.0,1.0,0.577880859375
-0.27025914,circle,0.494721,train,112.0,63.0,9.0,0.0,7.93934584650468,2.1433683008195437,279.0,1.0,0.495361328125
-0.13166536,hexagonal,0.57547426,test,129.0,76.0,9.0,0.0,7.657633128978074,2.5317988686560597,385.0,1.0,0.56298828125
-0.43462434,hourglass,0.41022232,train,107.0,54.0,8.0,0.0,7.448202580222632,2.000472510249375,268.0,1.0,0.3974609375
-0.5375267,hourglass,0.3462251,train,98.0,49.0,8.0,0.0,6.937623213940839,1.5508814261551247,265.0,1.0,0.34375
-0.082122,circle,0.537216,train,107.0,60.0,14.0,0.0,8.779490916614755,2.3336958916498918,293.0,1.0,0.537841796875
-0.5435171,hourglass,0.50806797,train,125.0,68.0,9.0,0.0,9.362063377523013,2.376015490824957,269.0,1.0,0.503662109375
-0.5164688,hourglass,0.5286984,train,220.0,121.0,8.0,0.0,8.742552967321043,2.831539446644202,329.0,1.0,0.51513671875
-0.43406725,hourglass,0.3724991,train,92.0,46.0,8.0,0.0,6.808890073924646,1.5840596481332432,262.0,1.0,0.359375
-0.5113299,hourglass,0.54984564,train,145.0,76.0,9.0,0.0,8.19367259364323,2.396144237302425,360.0,1.0,0.547119140625
-0.5839686,hourglass,0.4152628,train,113.0,58.0,8.0,0.0,7.746458360794591,2.0903926317899275,265.0,1.0,0.402099609375
-0.59535736,hourglass,0.5599456,train,180.0,100.0,6.0,0.0,7.71556629675266,2.926027985828152,393.0,1.0,0.544189453125
-0.35576314,hexagonal,0.5363571,train,193.0,107.0,4.0,0.0,7.9781109872673355,2.720175257209653,383.0,1.0,0.531982421875
-0.44879177,circle,0.533691,train,239.0,132.0,12.0,0.0,7.158020376747101,2.895478702676334,380.0,1.0,0.54296875
-0.086542875,square,0.54783,train,312.0,178.0,12.0,0.0,7.094646532420563,2.6484725540593477,442.0,1.0,0.559326171875
-0.3950633,grid_circular_voids,0.632006,train,185.0,107.0,4.0,0.0,8.085083106506383,2.263942569291052,417.0,1.0,0.632080078125
-0.36948788,hexagonal,0.51238286,train,154.0,87.0,6.0,0.0,7.365355756148307,2.2366977079290455,390.0,1.0,0.516845703125
-0.39088494,hourglass,0.62073606,train,184.0,103.0,4.0,0.0,8.273379432106537,2.4162670433520934,397.0,1.0,0.594482421875
-0.12451981,reentrant_bowtie,0.5157831,train,139.0,74.0,7.0,0.0,9.874868817711855,6.737659589358382,231.0,1.0,0.51416015625
-0.40860742,hourglass,0.31257167,train,68.0,37.0,8.0,0.0,6.33696894005318,0.8359759453512757,257.0,1.0,0.30517578125
-0.49184072,hourglass,0.33338773,train,77.0,40.0,8.0,0.0,6.5738096446874605,1.2228865302385306,259.0,1.0,0.322265625
-0.28199872,circle,0.678301,train,213.0,118.0,13.0,0.0,9.455069973201391,3.0792290921374157,350.0,1.0,0.659912109375
-0.48945317,hexagonal,0.56245863,train,142.0,76.0,7.0,0.0,10.274129256732433,2.4384252399840296,274.0,1.0,0.55712890625
-0.3651782,small_square_cross,0.503402,train,166.0,95.0,15.0,0.0,5.824543309705952,1.8759370132827158,432.0,1.0,0.50830078125
-0.5603353,hourglass,0.54688877,train,142.0,78.0,7.0,0.0,8.133672534736538,2.570772208882695,371.0,1.0,0.54150390625
-0.051074862,reentrant_bowtie,0.5372222,train,196.0,110.0,6.0,0.0,9.02240719402816,6.327648792990179,377.0,1.0,0.54345703125
-0.54352367,four_circle,0.580051,train,413.0,229.0,24.0,0.0,5.025553494147974,2.1964943709743574,619.0,1.0,0.57666015625
-0.5373833,hourglass,0.4882804,train,130.0,69.0,9.0,0.0,9.092122075077114,2.3189294553638935,272.0,1.0,0.486328125
-0.40937623,hourglass,0.6628973,train,140.0,83.0,6.0,0.0,8.309297460434182,2.558231448696495,399.0,1.0,0.615234375
-0.08927967,reentrant_bowtie,0.557971,train,192.0,111.0,10.0,0.0,7.640929159674426,4.076953417739763,374.0,1.0,0.555908203125
-0.52504885,hourglass,0.4050041,train,93.0,48.0,8.0,0.0,7.522311259381194,1.9736903181668777,258.0,1.0,0.39208984375
-0.07311065,reentrant_bowtie,0.53447884,train,138.0,81.0,6.0,0.0,7.222500473816292,4.242058624513402,376.0,1.0,0.530517578125
-0.62131673,hourglass,0.526806,train,210.0,114.0,9.0,0.0,6.8224275733772375,3.0109560630479026,422.0,1.0,0.521728515625
-0.38369584,four_circle,0.609883,train,709.0,381.0,21.0,0.0,4.54181940294901,1.857984321074029,698.0,1.0,0.61572265625
-0.59466654,hexagonal,0.537188,train,283.0,157.0,7.0,0.0,6.814566996174797,3.455075501960958,431.0,1.0,0.529052734375
-0.5752563,hourglass,0.6136133,train,163.0,91.0,2.0,0.0,8.501563834946634,2.608933840866836,397.0,1.0,0.608154296875
-0.5069538,hourglass,0.33821413,train,77.0,40.0,8.0,0.0,6.58793803766117,1.2240495162119247,258.0,1.0,0.3271484375
-0.23415035,hexagonal,0.5708722,train,58.0,34.0,4.0,0.0,10.51832081410037,1.811429562955413,263.0,1.0,0.570556640625
-0.544358,hourglass,0.42742085,train,119.0,61.0,10.0,0.0,7.729661513161434,1.8375038729732713,274.0,1.0,0.412841796875
-0.3691179,hourglass,0.67063415,train,151.0,90.0,4.0,0.0,8.676299039263558,2.3252899862849494,397.0,1.0,0.62451171875
-0.47738943,hourglass,0.35161456,train,84.0,44.0,8.0,0.0,6.587828980813507,1.3722070061201692,262.0,1.0,0.344482421875
-0.31546235,four_circle,0.545355,train,285.0,167.0,18.0,0.0,5.509308105263748,1.8439481409054181,477.0,1.0,0.53515625
-0.6675452,hourglass,0.584144,train,223.0,122.0,4.0,0.0,7.7458911104491515,3.2150899037154246,435.0,1.0,0.577880859375
-0.44502294,hexagonal,0.5504075,train,372.0,214.0,15.0,0.0,4.749825266022201,1.7569800810657952,619.0,1.0,0.537353515625
-0.36847576,cross_rectangular,0.50072,train,258.0,150.0,9.0,0.0,5.255480166462415,1.4230784909695444,513.0,1.0,0.519287109375
-0.2515354,hexagonal,0.56720614,train,322.0,168.0,14.0,0.0,7.149304389341822,3.03234876889682,494.0,1.0,0.5546875
-0.5859738,hexagonal,0.50220543,train,198.0,114.0,6.0,0.0,6.708457256412906,3.145007726650296,398.0,1.0,0.4990234375
-0.29955018,circle,0.536967,train,187.0,107.0,9.0,0.0,7.668688848092341,2.6268631795737964,337.0,1.0,0.539306640625
-0.18129164,circle_half_quarter,0.617094,train,232.0,135.0,8.0,0.0,4.875989946352137,1.8489021933460412,382.0,1.0,0.3818359375
-0.29080644,circle,0.460153,train,112.0,62.0,7.0,0.0,7.456117732872762,2.4282719023971993,306.0,1.0,0.469970703125
-0.32634935,cross_rectangular,0.590522,train,199.0,114.0,6.0,0.0,7.362789079152841,3.1699394697007084,463.0,1.0,0.59765625
-0.49873617,hourglass,0.46436083,train,103.0,55.0,8.0,0.0,8.915157308027185,2.10806179837145,263.0,1.0,0.459228515625
-0.40371916,hourglass,0.509934,train,226.0,118.0,11.0,0.0,7.312950233862304,2.876418869260151,413.0,1.0,0.510009765625
-0.4299175,circle,0.49538,train,358.0,202.0,18.0,0.0,4.260932471232984,1.5581360046304409,624.0,1.0,0.499267578125
-0.2830548,hexagonal,0.5294456,train,205.0,117.0,11.0,0.0,6.452681743854578,2.6991162275110026,412.0,1.0,0.52001953125
-0.21475257,circle,0.500251,val,212.0,113.0,10.0,0.0,7.150326551112818,2.5495759207709137,349.0,1.0,0.5048828125
-0.42228022,nine_circle,0.55429,train,301.0,175.0,11.0,0.0,6.2275389504869265,2.4563387804467456,505.0,1.0,0.565673828125
-0.49960548,hourglass,0.4576968,train,122.0,67.0,9.0,0.0,8.698898447127283,2.318865301450555,271.0,1.0,0.451416015625
-0.52441883,hourglass,0.385635,train,93.0,48.0,8.0,0.0,7.116524926195527,1.7852546158853744,262.0,1.0,0.376708984375
-0.43571028,hourglass,0.33764318,train,77.0,40.0,8.0,0.0,6.58793803766117,1.2240495162119247,258.0,1.0,0.3271484375
-0.05333653,reentrant_bowtie,0.5178017,train,126.0,67.0,6.0,0.0,10.132197154645572,6.70296142988331,225.0,1.0,0.519287109375
-0.47204825,hourglass,0.68272585,train,221.0,127.0,6.0,0.0,9.473118322535244,3.2755614771003443,358.0,1.0,0.64599609375
-0.6277525,hourglass,0.65745944,train,178.0,103.0,7.0,0.0,8.329895571114857,2.586601955700511,412.0,1.0,0.615234375
-0.5376342,hourglass,0.48382518,train,119.0,63.0,8.0,0.0,9.05276805739267,2.129854311435368,270.0,1.0,0.47900390625
-0.63568676,hourglass,0.530661,val,214.0,115.0,7.0,0.0,7.047226750991482,3.117061125554675,419.0,1.0,0.52587890625
-0.37866324,hexagonal,0.5176991,train,172.0,96.0,4.0,0.0,7.360362807697174,2.3084316770098727,395.0,1.0,0.51904296875
-0.24203087,hexagonal,0.5794012,train,212.0,125.0,10.0,0.0,6.820286295274577,3.562429235465174,444.0,1.0,0.580810546875
-0.30853158,square,0.556325,train,257.0,147.0,13.0,0.0,7.166287554155176,2.9929314422575044,383.0,1.0,0.55712890625
-0.036234055,reentrant_bowtie,0.5485141,train,149.0,87.0,6.0,0.0,9.89446635332383,7.907084028083112,303.0,1.0,0.546630859375
-0.62290287,hexagonal,0.52376974,train,211.0,117.0,9.0,0.0,6.451040638215911,3.1833150390250635,431.0,1.0,0.517333984375
-0.060743157,reentrant_bowtie,0.577704,train,202.0,113.0,4.0,0.0,10.253472318723114,7.055240447265379,356.0,1.0,0.581787109375
-0.4954782,hourglass,0.4020238,train,102.0,52.0,8.0,0.0,7.547420012654662,1.8850892336278398,263.0,1.0,0.3916015625
-0.66395324,hourglass,0.6829792,train,148.0,85.0,6.0,0.0,10.233078262674793,3.0375321039870844,313.0,1.0,0.64306640625
-0.07599157,circle,0.598249,train,189.0,104.0,17.0,0.0,9.600221361880736,2.5745295945235265,318.0,1.0,0.60205078125
-0.06624126,circle,0.577817,train,210.0,112.0,16.0,0.0,8.41375697627668,2.923720760510466,327.0,1.0,0.57177734375
-0.39049107,hourglass,0.51766,train,228.0,129.0,10.0,0.0,7.143480084807034,2.91212915227569,408.0,1.0,0.51611328125
-0.48991793,hourglass,0.6247871,train,157.0,89.0,8.0,0.0,8.98915124478574,2.7766490202054515,342.0,1.0,0.609375
-0.07065851,reentrant_bowtie,0.53516936,train,194.0,111.0,11.0,0.0,7.371915764818574,4.196981885997873,398.0,1.0,0.532470703125
-0.5186649,hourglass,0.5758389,train,168.0,94.0,2.0,0.0,8.072872158236567,2.5040685857721834,394.0,1.0,0.564208984375
-0.54435605,hourglass,0.41464624,train,108.0,54.0,8.0,0.0,7.647353533851114,1.863379296218925,262.0,1.0,0.40283203125
-0.5860931,hourglass,0.526667,train,207.0,114.0,8.0,0.0,8.650273640342894,2.9015455459274855,329.0,1.0,0.514892578125
-0.3514533,hexagonal,0.559194,train,127.0,71.0,9.0,0.0,9.028292914569539,2.8002282764240545,296.0,1.0,0.553955078125
-0.529448,hourglass,0.49793038,train,127.0,68.0,8.0,0.0,9.467071742339558,2.1329457490432455,263.0,1.0,0.49365234375
-0.563532,hourglass,0.58421165,train,181.0,104.0,4.0,0.0,8.139045302076092,2.3014686392136023,392.0,1.0,0.56787109375
-0.36995915,nine_circle,0.520203,train,159.0,100.0,0.0,0.0,7.092064201020346,1.8727172271995838,450.0,1.0,0.5322265625
-0.4197047,cross_rectangular,0.576108,train,401.0,223.0,25.0,0.0,4.770673190424979,1.7306251110718998,627.0,1.0,0.57861328125
-0.33520588,cross_rectangular,0.533042,train,132.0,72.0,12.0,0.0,8.111828039284319,2.686755296700098,294.0,1.0,0.52685546875
-0.38487235,grid_circular_voids,0.544961,train,229.0,135.0,8.0,0.0,5.928801535381561,2.385102258252834,467.0,1.0,0.54638671875
-0.15746455,hourglass,0.30171004,train,59.0,30.0,8.0,0.0,5.65191260214028,1.3449431161118488,251.0,1.0,0.29443359375
-0.40148965,hourglass,0.32542086,train,78.0,37.0,8.0,0.0,6.61909426798913,1.2290923458188046,260.0,1.0,0.31787109375
-0.2941136,square,0.504432,train,293.0,169.0,16.0,0.0,4.243031677348252,1.6291475167663785,578.0,1.0,0.512451171875
-0.40579128,hourglass,0.32838586,train,75.0,39.0,8.0,0.0,6.66404868631413,1.2641902998191836,259.0,1.0,0.319580078125
-0.6869358,hexagonal,0.511068,train,69.0,40.0,8.0,0.0,8.410453324185198,2.6491736514521507,260.0,1.0,0.51220703125
-0.3118186,reentrant_bowtie,0.507199,train,130.0,69.0,8.0,0.0,7.857067513086004,2.4423595623484364,292.0,1.0,0.501220703125
-0.35433903,hexagonal,0.5592381,train,210.0,118.0,4.0,0.0,7.850897616214692,3.1506637481581006,403.0,1.0,0.562744140625
-0.4956999,reentrant_bowtie,0.500788,train,115.0,62.0,4.0,0.0,7.797850379324747,2.1990710692529163,302.0,1.0,0.499267578125
-0.043548837,reentrant_bowtie,0.5023194,train,122.0,67.0,9.0,0.0,9.650830597092895,6.497804920603234,225.0,1.0,0.508056640625
-0.6396897,hourglass,0.54507,train,195.0,109.0,7.0,0.0,7.444349187915566,2.824650437311489,398.0,1.0,0.535400390625
-0.5730087,hourglass,0.582657,train,177.0,103.0,6.0,0.0,8.371350363786604,2.4521012986900828,390.0,1.0,0.5712890625
-0.5805066,hexagonal,0.5178083,train,148.0,84.0,4.0,0.0,7.49830910081144,2.4779828871684395,389.0,1.0,0.52197265625
-0.49341235,hourglass,0.37013108,train,92.0,46.0,8.0,0.0,6.956965312751566,1.5718977844647184,262.0,1.0,0.36279296875
-0.41628742,hourglass,0.5683832,train,156.0,87.0,4.0,0.0,8.10709652286444,2.4225474131499087,384.0,1.0,0.555908203125
-0.53565574,hourglass,0.419183,train,112.0,58.0,8.0,0.0,7.9509134421153425,1.896487186594544,263.0,1.0,0.407958984375
-0.3870894,hourglass,0.6224387,train,139.0,81.0,4.0,0.0,8.3012906503826,2.344070158597818,394.0,1.0,0.59326171875
-0.42363304,nine_circle,0.524931,train,196.0,112.0,2.0,0.0,7.191099244359643,2.4205623930067777,359.0,1.0,0.525634765625
-0.33850038,cross_rectangular,0.58419,train,355.0,215.0,7.0,0.0,5.115975458838163,2.2645498758283815,647.0,1.0,0.584716796875
-0.2880047,small_square_cross,0.602399,train,401.0,223.0,14.0,0.0,6.371523264227436,3.221346818308579,526.0,1.0,0.603759765625
-0.67348045,hourglass,0.566795,train,239.0,130.0,7.0,0.0,7.412436387428663,3.098927331743664,431.0,1.0,0.55615234375
-0.4254578,hourglass,0.329608,train,72.0,37.0,8.0,0.0,6.510228398680893,1.4033590483068665,261.0,1.0,0.321044921875
-0.100543946,circle_half_quarter,0.518338,train,264.0,149.0,16.0,0.0,5.615838609714006,2.7518223418620034,472.0,1.0,0.507568359375
-0.19393732,circle_half_quarter,0.526647,train,283.0,162.0,10.0,0.0,5.460151015727442,2.152588519047944,546.0,1.0,0.543212890625
-0.38274667,four_circle,0.699774,train,369.0,208.0,10.0,0.0,7.843604844935285,3.977304150781727,516.0,1.0,0.70068359375
-0.40583485,hourglass,0.32110983,train,79.0,39.0,8.0,0.0,6.600027515386693,1.2268960272882148,259.0,1.0,0.31396484375
-0.40882298,small_square_cross,0.631635,train,466.0,260.0,10.0,0.0,5.011212704517889,2.2909393199697425,610.0,1.0,0.603759765625
-0.3160089,nine_circle,0.507618,train,397.0,227.0,18.0,0.0,3.943871787067777,1.67029897047983,686.0,1.0,0.506103515625
-0.5984091,hourglass,0.5720563,train,154.0,82.0,4.0,0.0,8.349037069166961,2.6944041612033103,385.0,1.0,0.558837890625
-0.5776273,hourglass,0.4540563,train,122.0,63.0,9.0,0.0,8.475356639974216,2.0988965820835497,270.0,1.0,0.4482421875
-1.1728556,reentrant_bowtie,0.5327597,train,150.0,90.0,6.0,0.0,7.5223042704864636,4.7993194384803495,367.0,1.0,0.52734375
-0.08927967,reentrant_bowtie,0.557971,train,195.0,111.0,9.0,0.0,7.636232846779007,4.0632781195584124,377.0,1.0,0.555908203125
-0.4821153,hourglass,0.4691214,train,103.0,55.0,8.0,0.0,9.024623105175886,2.0462030789476366,260.0,1.0,0.4609375
-0.28175616,hexagonal,0.5032111,train,181.0,107.0,8.0,0.0,5.670723699703995,2.303814405683289,467.0,1.0,0.50927734375
-0.59606403,hourglass,0.6348479,train,184.0,112.0,3.0,0.0,8.528181986117124,2.675940820599173,402.0,1.0,0.619140625
-0.18237333,small_square_cross,0.553952,train,650.0,364.0,18.0,0.0,4.261280303682946,2.3533118732299907,791.0,1.0,0.5537109375
-0.72808164,hexagonal,0.525506,train,180.0,107.0,8.0,0.0,6.2511286583062615,2.8318334887950365,438.0,1.0,0.528076171875
-0.40139788,circle_half_quarter,0.58511,train,421.0,233.0,10.0,0.0,6.063682438047164,2.5671167920162374,480.0,1.0,0.5966796875
-0.40062127,grid_circular_voids,0.58023,train,195.0,116.0,6.0,0.0,6.702735617497239,2.3034960088143337,464.0,1.0,0.589111328125
-0.45208493,hourglass,0.43726695,train,106.0,57.0,8.0,0.0,8.265501364887719,1.6594368120078782,263.0,1.0,0.43017578125
-0.69076025,hourglass,0.6773519,train,148.0,88.0,4.0,0.0,8.577124792329851,2.5102359903364353,395.0,1.0,0.62060546875
-0.57625926,hourglass,0.612878,train,170.0,98.0,3.0,0.0,8.47373790110348,2.5854266516008373,397.0,1.0,0.607177734375
-0.5814185,hourglass,0.50577855,val,117.0,63.0,7.0,0.0,9.422758586791515,2.2926833044382233,268.0,1.0,0.50390625
-0.606203,hourglass,0.6407345,train,186.0,110.0,6.0,0.0,8.03321840226608,2.49822431523489,411.0,1.0,0.605712890625
-0.3127208,circle_half_quarter,0.576681,test,317.0,186.0,6.0,0.0,6.25008229519549,2.2767234324831835,583.0,1.0,0.59716796875
-0.41958103,hexagonal,0.542571,train,153.0,84.0,8.0,0.0,8.227529713681596,3.1568041542268794,333.0,1.0,0.5341796875
-0.1519503,cross_rectangular,0.5594,train,370.0,202.0,16.0,0.0,5.556017961367683,2.3188668107933954,568.0,1.0,0.565673828125
-0.4293168,hourglass,0.528814,train,189.0,103.0,8.0,0.0,7.504773744984259,2.9634134562117733,406.0,1.0,0.5234375
-0.25846165,cross_rectangular,0.550733,train,164.0,91.0,16.0,0.0,7.694378078713987,3.0627002151607123,329.0,1.0,0.551513671875
-1.3098109,reentrant_bowtie,0.54718024,train,116.0,66.0,8.0,0.0,10.334382298879436,8.335600316800972,284.0,1.0,0.54150390625
-0.39041975,four_circle,0.563927,train,387.0,208.0,14.0,0.0,5.417506495543939,2.6900777848010113,553.0,1.0,0.56787109375
-0.5894509,hourglass,0.63599926,train,173.0,103.0,3.0,0.0,8.610918245245886,2.562353373929424,398.0,1.0,0.618896484375
-0.41692984,hourglass,0.5827906,train,179.0,103.0,6.0,0.0,8.310071023140587,2.513882259070565,398.0,1.0,0.5712890625
-0.57456017,hourglass,0.4321148,train,114.0,59.0,9.0,0.0,7.97775702611517,1.8378288969575687,270.0,1.0,0.422607421875
-0.63643795,hexagonal,0.5447719,train,142.0,75.0,9.0,0.0,9.855299280103694,3.051398417769657,274.0,1.0,0.538818359375
-0.31793433,hexagonal,0.530156,train,199.0,104.0,16.0,0.0,7.366071212936144,3.110786859615012,375.0,1.0,0.52392578125
-0.23675768,hexagonal,0.50669795,train,226.0,132.0,13.0,0.0,5.890641977914806,2.469220862353828,487.0,1.0,0.498779296875
-0.5294906,hourglass,0.47155496,test,134.0,70.0,10.0,0.0,8.693606719523686,2.120014688513432,273.0,1.0,0.46533203125
-0.5407268,hourglass,0.41752082,train,108.0,54.0,8.0,0.0,7.787847304691319,1.7004173286686404,262.0,1.0,0.406494140625
-0.31121436,circle_half_quarter,0.593682,train,219.0,114.0,12.0,0.0,8.903810955788073,4.270433389088313,346.0,1.0,0.604736328125
-0.4848267,hourglass,0.3308328,train,77.0,40.0,8.0,0.0,6.545602952124273,1.412365621795768,262.0,1.0,0.321044921875
-0.3973557,nine_circle,0.604134,train,338.0,194.0,6.0,0.0,6.333665725136004,3.1006777149135036,525.0,1.0,0.611083984375
-0.42489937,hourglass,0.33023345,train,72.0,37.0,8.0,0.0,6.510228398680893,1.4033590483068665,261.0,1.0,0.321044921875
-0.341268,nine_circle,0.560468,train,458.0,251.0,7.0,0.0,5.224299880408697,2.4351711350860294,582.0,1.0,0.57177734375
-0.6323724,hourglass,0.6616655,train,167.0,100.0,4.0,0.0,8.299451663481056,2.5266198700822513,408.0,1.0,0.611328125
-1.4900061,reentrant_bowtie,0.558891,train,195.0,109.0,10.0,0.0,8.484551109981142,4.696297043179366,327.0,1.0,0.55859375
-0.33747864,hexagonal,0.5288219,train,156.0,85.0,8.0,0.0,7.788112568644579,2.8333614927607225,334.0,1.0,0.52197265625
-0.14094785,hexagonal,0.57535285,train,136.0,75.0,12.0,0.0,10.181740941842726,5.128938252928567,306.0,1.0,0.570068359375
-0.5758962,hourglass,0.5836495,train,177.0,101.0,5.0,0.0,8.33772627471267,2.5480639407825882,388.0,1.0,0.572021484375
-0.30964306,circle,0.481186,train,102.0,56.0,12.0,0.0,7.879414142307527,2.179431231606626,285.0,1.0,0.48388671875
-0.6174454,hourglass,0.66450244,train,150.0,88.0,3.0,0.0,8.794043255573042,2.4859514746393985,396.0,1.0,0.619140625
-0.53173596,hourglass,0.6032162,val,173.0,97.0,4.0,0.0,8.404626289339568,2.587583867215815,396.0,1.0,0.59423828125
-0.31127045,four_circle,0.494971,train,567.0,304.0,16.0,0.0,3.5473937553431205,1.29102432711756,670.0,1.0,0.48828125
-0.17588618,cross_rectangular,0.602379,train,474.0,276.0,16.0,1.0,4.834869939022879,1.642262273043753,685.0,1.0,0.606201171875
-0.12754145,hexagonal,0.50911725,train,289.0,165.0,17.0,0.0,5.408039116933121,2.149832743998854,533.0,1.0,0.508544921875
-0.33413583,hexagonal,0.50982,train,228.0,133.0,10.0,0.0,5.735128036104456,2.7436023816391955,525.0,1.0,0.50048828125
-0.40945107,hourglass,0.31198943,train,74.0,38.0,8.0,0.0,6.302362913303882,0.798004295914899,258.0,1.0,0.3037109375
-0.34740555,reentrant_bowtie,0.508881,train,160.0,93.0,8.0,0.0,7.982589052007724,3.5570850378597556,299.0,1.0,0.51318359375
-0.542355,hourglass,0.6178062,train,191.0,110.0,2.0,0.0,8.470041878526036,2.5946495018329108,401.0,1.0,0.609619140625
-0.46950874,hourglass,0.35084772,train,96.0,48.0,8.0,0.0,6.838278132880909,1.6529645489254459,265.0,1.0,0.34326171875
-0.39621133,four_circle,0.601161,train,355.0,206.0,11.0,0.0,5.908278273213257,2.9825968902807745,550.0,1.0,0.59521484375
-0.31739956,hexagonal,0.51910216,train,135.0,74.0,11.0,0.0,8.066535512202375,2.9775946274539993,308.0,1.0,0.51416015625
-0.49346265,hourglass,0.6988651,train,119.0,65.0,8.0,0.0,10.72686787591137,2.5895025168780648,271.0,1.0,0.61376953125
-0.45282927,hourglass,0.45079753,train,119.0,61.0,8.0,0.0,8.665967854929324,1.857584307088731,262.0,1.0,0.448486328125
-1.0865165,reentrant_bowtie,0.546875,train,222.0,126.0,5.0,0.0,9.33482795329155,7.173042337684987,355.0,1.0,0.541748046875
-0.10274565,reentrant_bowtie,0.50048375,val,95.0,53.0,9.0,0.0,8.594587262875686,2.842433804694794,261.0,1.0,0.499755859375
-0.57570964,hourglass,0.6129767,train,153.0,87.0,3.0,0.0,8.550240504555092,2.5963634280096635,394.0,1.0,0.607421875
-0.44448894,hourglass,0.4067215,train,105.0,52.0,8.0,0.0,7.707499522573342,1.9487216947607784,261.0,1.0,0.3955078125
-0.5297412,hourglass,0.47194254,train,122.0,63.0,10.0,0.0,8.684258629171456,2.127062011884426,270.0,1.0,0.46533203125
-0.5998857,hourglass,0.57097524,train,167.0,89.0,4.0,0.0,8.341490733200686,2.6721075913557217,383.0,1.0,0.558349609375
-0.55458736,hexagonal,0.502937,train,193.0,107.0,9.0,0.0,6.717325847834283,2.5994677728599993,399.0,1.0,0.500244140625
-0.41524386,hourglass,0.57029545,train,160.0,85.0,4.0,0.0,8.314717124974099,2.6361427816357583,382.0,1.0,0.558349609375
-0.59328187,hourglass,0.5635771,train,161.0,86.0,4.0,0.0,8.09612578932861,2.6911876175978127,390.0,1.0,0.552490234375
-0.21466596,hexagonal,0.518579,train,129.0,74.0,10.0,0.0,7.3083545171357285,2.4458557043569473,383.0,1.0,0.518798828125
-0.31425932,hexagonal,0.559997,train,302.0,173.0,6.0,0.0,5.201194804797761,2.2185240881892567,622.0,1.0,0.55712890625
-0.39696878,hexagonal,0.53312224,train,276.0,157.0,6.0,0.0,6.682637400026503,3.061324465748252,477.0,1.0,0.536865234375
-0.6142074,hourglass,0.5141796,test,156.0,81.0,10.0,0.0,8.53150682662715,2.566706859205115,307.0,1.0,0.50732421875
-0.22296739,nine_circle,0.558919,train,134.0,80.0,2.0,0.0,8.165535112080088,2.1223487466106215,366.0,1.0,0.56298828125
-0.407247,grid_circular_voids,0.549678,train,698.0,377.0,24.0,0.0,4.313721333147087,2.7617473021294203,807.0,1.0,0.548095703125
-0.5333307,hourglass,0.34298855,train,81.0,42.0,8.0,0.0,6.63124931340782,1.2968056744252086,261.0,1.0,0.33154296875
-0.49276426,hourglass,0.3947696,train,102.0,52.0,8.0,0.0,7.547951521431843,1.886994229389616,263.0,1.0,0.38671875
-0.25121233,circle_half_quarter,0.581906,train,187.0,102.0,11.0,0.0,8.976918074270444,4.09658766480489,316.0,1.0,0.5908203125
-0.24266864,cross_rectangular,0.633962,train,607.0,345.0,12.0,0.0,5.376032909131666,3.1553448614083477,725.0,1.0,0.644775390625
-0.26412305,four_circle,0.525661,train,217.0,124.0,9.0,0.0,5.523296713196652,2.3196915676643886,499.0,1.0,0.529052734375
-0.35373184,nine_circle,0.563572,train,134.0,78.0,9.0,0.0,7.416737825046953,1.965140937514828,407.0,1.0,0.566650390625
-0.31461823,nine_circle,0.60226,train,436.0,245.0,2.0,0.0,6.008071136528748,2.744535332193078,626.0,1.0,0.614501953125
-0.23353717,cross_rectangular,0.68739,train,256.0,145.0,15.0,0.0,9.469657035767373,3.4809858218051044,384.0,1.0,0.68310546875
-0.33066073,hexagonal,0.5424198,train,144.0,85.0,12.0,0.0,8.359177517526755,3.0684345309915906,316.0,1.0,0.5419921875
-0.4196582,hourglass,0.42270634,train,108.0,56.0,8.0,0.0,8.043891748829212,1.9176769598736583,262.0,1.0,0.41162109375
-0.4280192,hourglass,0.41620377,train,112.0,58.0,8.0,0.0,7.771557713035516,2.116214169471368,265.0,1.0,0.402099609375
-0.1600099,hexagonal,0.56994176,train,115.0,61.0,9.0,0.0,9.583295230517754,3.2785191502953457,289.0,1.0,0.560302734375
-0.6194149,hourglass,0.578141,train,185.0,102.0,4.0,0.0,7.888282499649122,2.854449257153051,413.0,1.0,0.580810546875
-0.59676135,hourglass,0.62412125,train,237.0,137.0,6.0,0.0,7.887439695524626,2.7798721173565384,429.0,1.0,0.60888671875
-0.37109926,hexagonal,0.51636034,train,157.0,88.0,4.0,0.0,7.437993265941603,2.2521534721465533,394.0,1.0,0.52197265625
-0.5236799,hourglass,0.5024924,train,116.0,62.0,8.0,0.0,9.634003965700837,2.1089111053809315,260.0,1.0,0.501708984375
-0.60475767,hourglass,0.565606,train,244.0,138.0,7.0,0.0,7.0314176576057195,3.267703656315504,438.0,1.0,0.5625
-0.5861135,hourglass,0.6393098,train,162.0,97.0,6.0,0.0,8.25506922800937,2.5630373598381406,411.0,1.0,0.6142578125
-0.6409993,hourglass,0.6586986,train,161.0,95.0,6.0,0.0,8.468427466667968,2.4032761476333837,400.0,1.0,0.613525390625
-0.3088782,small_square_cross,0.593411,train,270.0,150.0,8.0,0.0,7.8066474393553085,3.124342957407516,380.0,1.0,0.603759765625
-0.25907028,hexagonal,0.5436916,train,296.0,169.0,18.0,0.0,5.9178452419045975,2.634678235528374,479.0,1.0,0.533447265625
-0.42700857,hourglass,0.567222,train,249.0,135.0,6.0,0.0,7.518115431693415,3.309584595051005,427.0,1.0,0.566162109375
-0.239404,square,0.653249,train,442.0,238.0,19.0,0.0,5.80679608810668,2.6447180994002566,656.0,1.0,0.661376953125
-0.40543967,hourglass,0.32393888,train,79.0,39.0,8.0,0.0,6.642713724228397,1.2604126674361147,259.0,1.0,0.3154296875
-0.24512194,small_square_cross,0.523032,train,134.0,77.0,6.0,0.0,8.70968824674406,2.2470273836711687,282.0,1.0,0.526123046875
-0.62711054,hourglass,0.6546382,train,178.0,106.0,4.0,0.0,8.428452810183787,2.4640917874685866,407.0,1.0,0.614990234375
-0.47591484,hourglass,0.39099264,train,102.0,52.0,8.0,0.0,7.517533270481272,1.895562556481358,263.0,1.0,0.38525390625
-0.42058372,hourglass,0.6616655,train,176.0,104.0,7.0,0.0,8.421722259732373,2.4225424303790972,408.0,1.0,0.611328125
-0.4390492,cross_rectangular,0.503028,train,254.0,148.0,19.0,0.0,5.194658749514354,2.1283069601398656,494.0,1.0,0.506103515625
-0.3988461,hourglass,0.6376315,train,164.0,100.0,6.0,0.0,8.379793978405884,2.4909426837504554,404.0,1.0,0.6181640625
-0.2711417,circle,0.684126,train,155.0,84.0,15.0,0.0,9.750271844803592,3.3432339429726716,351.0,1.0,0.65966796875
-0.14179324,cross_rectangular,0.538728,val,131.0,76.0,11.0,0.0,8.404710047717339,2.978479230125454,286.0,1.0,0.540283203125
-0.46379942,hexagonal,0.553695,train,241.0,133.0,12.0,0.0,7.138151884092643,2.9873792424879992,425.0,1.0,0.542724609375
-0.54729,hourglass,0.5683723,train,160.0,88.0,4.0,0.0,8.085860252035117,2.4220418379893833,388.0,1.0,0.555908203125
-0.56541073,hourglass,0.4489707,train,116.0,59.0,8.0,0.0,8.559733249972037,1.9451473641527808,266.0,1.0,0.44580078125
-0.42752683,circle,0.578296,val,440.0,244.0,19.0,0.0,4.624566492352071,1.5060367401150525,672.0,1.0,0.577392578125
-0.65759134,hourglass,0.6851968,train,129.0,74.0,10.0,0.0,10.023905611263718,2.6369961564075526,296.0,1.0,0.625244140625
-0.5255196,hourglass,0.5031577,val,116.0,62.0,8.0,0.0,9.714757033397927,2.077451196623692,260.0,1.0,0.503173828125
-1.2722566,reentrant_bowtie,0.560882,train,133.0,75.0,4.0,0.0,9.48850353261381,8.085329679779557,282.0,1.0,0.563720703125
-0.5761552,hexagonal,0.563577,train,320.0,179.0,14.0,0.0,6.234360535454412,3.36561520248442,483.0,1.0,0.556884765625
-0.60412854,hourglass,0.5778098,train,160.0,94.0,4.0,0.0,8.335811486709932,2.4922629867996595,383.0,1.0,0.5634765625
-0.4501056,cross_rectangular,0.557597,train,342.0,194.0,19.0,0.0,4.782329898062714,1.4767759267566827,582.0,1.0,0.546142578125
-0.4943803,hourglass,0.39726886,train,93.0,48.0,8.0,0.0,7.549246248099712,1.8747341710197711,261.0,1.0,0.388916015625
-0.3681982,circle_half_quarter,0.59091,train,331.0,189.0,14.0,0.0,5.467846269352935,2.2354648545663283,579.0,1.0,0.591552734375
-0.5631699,hourglass,0.4118406,train,107.0,54.0,8.0,0.0,7.63901490174562,1.868897957402479,262.0,1.0,0.40185546875
-0.6114653,hourglass,0.533485,test,198.0,105.0,9.0,0.0,7.1981460734470915,3.0024949514697017,396.0,1.0,0.53173828125
-0.40029097,hourglass,0.31287858,train,62.0,32.0,8.0,0.0,6.318302823460554,0.8574960239268662,256.0,1.0,0.30517578125
-0.22012477,cross_rectangular,0.633962,train,591.0,337.0,11.0,0.0,5.5034768040909325,3.3328073955448687,725.0,1.0,0.644775390625
-0.57815695,hourglass,0.52750766,train,207.0,114.0,8.0,0.0,8.653608995158091,2.9080087299650796,328.0,1.0,0.514892578125
-0.51635605,hourglass,0.5231517,train,137.0,75.0,7.0,0.0,9.335579118686764,2.191539384013179,272.0,1.0,0.512939453125
-0.27233627,small_square_cross,0.484237,train,116.0,68.0,9.0,0.0,7.759626244194381,2.233115944635834,287.0,1.0,0.4853515625
-0.5044444,hourglass,0.48491824,train,140.0,75.0,11.0,0.0,8.83004304417498,2.3390596514562922,279.0,1.0,0.482421875
-0.07058423,reentrant_bowtie,0.52254605,train,122.0,64.0,6.0,0.0,10.347871625679804,6.823276952755644,225.0,1.0,0.529541015625
-0.4932926,hourglass,0.5379081,train,228.0,124.0,9.0,0.0,7.06575254917321,3.1599628720532493,401.0,1.0,0.521240234375
-0.26547268,square,0.489541,train,191.0,110.0,11.0,0.0,5.414297716765525,1.7557538069489957,443.0,1.0,0.493896484375
-0.3456484,hexagonal,0.54926753,train,203.0,110.0,7.0,0.0,8.196174841745883,3.221532790316966,360.0,1.0,0.547119140625
-0.5684164,hourglass,0.5324434,train,209.0,121.0,7.0,0.0,6.58947723199633,2.4072685408994907,421.0,1.0,0.510498046875
-0.57680196,hourglass,0.5796956,train,168.0,99.0,4.0,0.0,8.369412959181977,2.4878566226207446,389.0,1.0,0.56884765625
-0.54344916,hourglass,0.6100763,train,181.0,101.0,3.0,0.0,8.423296614717842,2.695136437175812,408.0,1.0,0.604248046875
-0.5732068,hourglass,0.44634867,train,111.0,56.0,8.0,0.0,8.431334120580635,2.0100807187784695,266.0,1.0,0.43994140625
-0.50377285,hourglass,0.5536003,train,130.0,69.0,3.0,0.0,8.544959424935236,2.25689134344137,364.0,1.0,0.550048828125
-0.5421965,hourglass,0.524697,train,170.0,91.0,6.0,0.0,7.562063115890876,2.5388257549291295,368.0,1.0,0.521728515625
-0.6164731,hourglass,0.62305033,train,148.0,87.0,4.0,0.0,8.241084792342729,2.3833651364837367,391.0,1.0,0.597900390625
-0.59742486,hourglass,0.45537478,train,128.0,69.0,9.0,0.0,8.644684876115635,2.266510633436592,272.0,1.0,0.449462890625
-0.38775557,grid_circular_voids,0.567822,train,116.0,70.0,3.0,0.0,7.646486080702183,2.021585064542999,432.0,1.0,0.571044921875
-0.3398735,circle_half_quarter,0.552826,train,391.0,215.0,14.0,0.0,5.615753333799164,2.7188514937808628,534.0,1.0,0.56591796875
-0.57782286,hourglass,0.44396317,train,118.0,59.0,8.0,0.0,8.432667796723097,2.0379577338222954,266.0,1.0,0.437744140625
-0.4924471,hourglass,0.39500645,train,102.0,52.0,8.0,0.0,7.547951521431843,1.886994229389616,263.0,1.0,0.38671875
-0.44518164,reentrant_bowtie,0.523023,train,383.0,214.0,8.0,0.0,6.281288271630134,3.3457715438484126,447.0,1.0,0.51953125
-0.659517,hourglass,0.69494736,train,129.0,75.0,9.0,0.0,9.997656872893245,3.0777588641977593,303.0,1.0,0.63232421875
-0.5932177,hourglass,0.641928,train,178.0,103.0,5.0,0.0,8.411066730035179,2.4541419907136346,411.0,1.0,0.614990234375
-0.18370387,circle_half_quarter,0.565287,train,356.0,201.0,16.0,0.0,5.047661811401962,1.8127706860269535,549.0,1.0,0.55322265625
-0.50570303,hourglass,0.39971814,train,97.0,48.0,8.0,0.0,7.537902575029435,1.8953201602427585,262.0,1.0,0.390380859375
-0.4950235,hourglass,0.397803,train,97.0,48.0,8.0,0.0,7.55015869163603,1.8908348428322979,262.0,1.0,0.388916015625
-0.6042761,hourglass,0.6517321,train,181.0,109.0,3.0,0.0,8.454301099917563,2.3710862004128046,401.0,1.0,0.6162109375
-0.19694588,nine_circle,0.504448,train,225.0,127.0,3.0,0.0,6.1231573730848075,2.3814912862453363,474.0,1.0,0.5
-0.40158522,hourglass,0.5958443,train,142.0,84.0,2.0,0.0,8.433661469438784,2.563449021449486,384.0,1.0,0.575439453125
-0.40535966,hourglass,0.31728926,val,59.0,30.0,8.0,0.0,6.4207344190650835,1.0163626563607724,255.0,1.0,0.308837890625
-0.17276569,hexagonal,0.50477374,train,110.0,61.0,8.0,0.0,8.478184163372141,2.1991322756100966,285.0,1.0,0.49951171875
-0.5841932,hourglass,0.5087263,train,155.0,80.0,10.0,0.0,8.591383421843092,2.5498737986566606,306.0,1.0,0.504150390625
-0.5330529,hourglass,0.6031296,train,173.0,97.0,4.0,0.0,8.409676794390073,2.580925143768316,396.0,1.0,0.594482421875
-0.45465994,hourglass,0.5362621,train,183.0,99.0,8.0,0.0,7.008156306326631,3.006460778154947,392.0,1.0,0.51953125
-0.25451574,hexagonal,0.5457852,train,318.0,185.0,14.0,0.0,4.699662754217224,1.6116390796140316,608.0,1.0,0.533447265625
-0.41346988,nine_circle,0.609885,train,237.0,133.0,10.0,0.0,7.521787439342742,2.2773130170358225,465.0,1.0,0.62109375
-0.36796474,hexagonal,0.538634,test,560.0,313.0,14.0,0.0,5.045911539079392,2.94428390267273,646.0,1.0,0.53466796875
-0.05338349,reentrant_bowtie,0.5053329,train,125.0,72.0,5.0,0.0,9.227403821049727,3.76249765266247,292.0,1.0,0.51416015625
-0.64873767,hexagonal,0.5558494,train,163.0,85.0,8.0,0.0,10.053904711117593,2.882759859508519,276.0,1.0,0.541259765625
-0.41159254,hourglass,0.5720439,train,168.0,91.0,3.0,0.0,8.231020742751108,2.7602996713044696,393.0,1.0,0.558837890625
-0.59796053,hourglass,0.5577463,test,210.0,115.0,8.0,0.0,7.317940434565888,3.183032895436299,405.0,1.0,0.5400390625
-0.034573957,reentrant_bowtie,0.5503191,train,133.0,77.0,6.0,0.0,10.254014590520871,8.179970804717922,282.0,1.0,0.5478515625
-0.2663226,hexagonal,0.558262,train,231.0,126.0,9.0,0.0,8.55445560636831,3.2648318664996587,370.0,1.0,0.559814453125
-0.4507911,hourglass,0.33649695,train,77.0,40.0,8.0,0.0,6.58793803766117,1.2240495162119247,258.0,1.0,0.3271484375
-0.2391142,circle_half_quarter,0.554684,train,445.0,257.0,12.0,0.0,5.24839782761775,2.8414178838195028,662.0,1.0,0.5625
-0.49134088,hourglass,0.5482642,train,152.0,82.0,6.0,0.0,8.598491895279249,2.7630284444007813,329.0,1.0,0.54150390625
-0.21765225,cross_rectangular,0.628026,train,218.0,128.0,7.0,0.0,6.892065488376163,2.012345783761575,489.0,1.0,0.626953125
-0.659263,hourglass,0.6655258,train,141.0,83.0,3.0,0.0,8.56695035508469,2.5901514349848136,394.0,1.0,0.617431640625
-0.3285546,nine_circle,0.535064,train,140.0,82.0,5.0,0.0,7.385846810979918,2.156215871553169,435.0,1.0,0.55224609375
-0.3198165,nine_circle,0.523147,train,420.0,240.0,5.0,0.0,4.5040786368518635,1.8113098024971404,592.0,1.0,0.523681640625
-0.514671,hexagonal,0.5156997,train,133.0,77.0,12.0,0.0,7.944237611707373,2.8980624886445687,310.0,1.0,0.509521484375
-0.5146754,hourglass,0.52309805,train,130.0,72.0,7.0,0.0,9.291222563781101,2.14810608231371,272.0,1.0,0.512451171875
-0.6190845,hourglass,0.66382223,train,138.0,81.0,4.0,0.0,8.587329388004784,2.302493383572522,389.0,1.0,0.614501953125
-0.21863028,four_circle,0.457532,train,204.0,110.0,16.0,0.0,5.0639362979828615,1.7366317483313176,455.0,1.0,0.46044921875
-0.41731688,four_circle,0.599862,train,811.0,438.0,32.0,0.0,4.0711416805030645,1.9426811337570733,919.0,1.0,0.609375
-0.42767978,hourglass,0.4186087,train,112.0,58.0,8.0,0.0,7.973508861037025,1.8857985817347522,263.0,1.0,0.407958984375
-0.3098595,square,0.647283,train,170.0,96.0,11.0,0.0,9.347786543114546,3.494384563705098,343.0,1.0,0.65283203125
-0.5905241,hourglass,0.568396,train,184.0,102.0,5.0,0.0,7.769423953238942,2.8995654857694677,420.0,1.0,0.566162109375
-0.5303196,hourglass,0.6028602,train,176.0,100.0,5.0,0.0,8.336569781525538,2.6251865224694506,400.0,1.0,0.592041015625
-0.39950523,hourglass,0.567013,train,208.0,118.0,7.0,0.0,7.750588894141438,2.99219775681721,402.0,1.0,0.564697265625
-0.23151492,hexagonal,0.502686,train,251.0,141.0,12.0,0.0,6.714965339588566,3.1993055930307603,475.0,1.0,0.4990234375
-0.40453392,cross_rectangular,0.513665,train,190.0,109.0,17.0,0.0,5.4659600254381795,2.0571989721926527,478.0,1.0,0.520263671875
-0.4620494,hourglass,0.36569643,train,84.0,42.0,8.0,0.0,6.843775961463484,1.6948906316977226,262.0,1.0,0.354736328125
-0.38264203,square,0.509012,train,445.0,259.0,12.0,0.0,3.8041468055617913,1.7809384985268844,684.0,1.0,0.515869140625
-0.56549335,hourglass,0.64379734,test,165.0,95.0,3.0,0.0,8.83195130445619,2.4832712610012226,400.0,1.0,0.630126953125
-0.7485258,hexagonal,0.51647455,train,241.0,137.0,8.0,0.0,6.403803688536575,3.4434689438627357,411.0,1.0,0.509033203125
-0.56400764,hourglass,0.44938317,test,116.0,59.0,8.0,0.0,8.568167883668773,1.943952660806234,265.0,1.0,0.4462890625
-0.47204745,grid_circular_voids,0.510803,train,176.0,104.0,6.0,0.0,6.2931142272819045,2.393751586049691,447.0,1.0,0.51318359375
-0.7216401,hourglass,0.6759933,train,155.0,93.0,3.0,0.0,8.486787607568324,2.5580667750149297,397.0,1.0,0.61865234375
-0.49694955,circle,0.502444,train,524.0,299.0,13.0,0.0,4.310723709349857,1.8260818843185929,674.0,1.0,0.510498046875
-0.62313545,hourglass,0.6225581,train,141.0,82.0,4.0,0.0,8.305617094269412,2.3747651449156653,395.0,1.0,0.59375
-0.032458242,reentrant_bowtie,0.5105157,train,119.0,63.0,6.0,0.0,10.26202042014178,6.616656162634368,213.0,1.0,0.51513671875
-0.40740755,hourglass,0.514866,train,166.0,92.0,5.0,0.0,7.5656812596680965,2.6043361005486156,362.0,1.0,0.511962890625
-0.5916033,hourglass,0.580626,train,179.0,101.0,4.0,0.0,8.200454151579487,2.93674528859906,406.0,1.0,0.578125
-0.31835645,hourglass,0.30873868,train,61.0,33.0,8.0,0.0,6.08590524393135,1.3061176855094307,258.0,1.0,0.301513671875
-0.42987975,cross_rectangular,0.578598,train,368.0,202.0,16.0,0.0,6.442556726232467,2.7800220485156197,502.0,1.0,0.576416015625
-0.4207563,four_circle,0.56262,train,422.0,239.0,22.0,0.0,5.173117310610934,2.783804176416588,607.0,1.0,0.561767578125
-0.057995614,circle_half_quarter,0.536571,train,301.0,165.0,16.0,0.0,4.642419429576798,1.8077770587233493,517.0,1.0,0.50048828125
-0.5605927,reentrant_bowtie,0.534793,train,208.0,119.0,10.0,0.0,7.308919467875352,4.270387091049656,361.0,1.0,0.526123046875
-0.37134576,square,0.510848,train,113.0,62.0,12.0,0.0,8.057967994767962,2.069591578858596,313.0,1.0,0.52099609375
-0.4333321,hourglass,0.535847,train,231.0,123.0,6.0,0.0,7.096157459881519,3.0811695682551203,424.0,1.0,0.5341796875
-0.4143578,grid_circular_voids,0.528808,train,160.0,93.0,4.0,0.0,6.72290076187155,2.0021208002935573,408.0,1.0,0.535400390625
-0.40083894,hourglass,0.5930796,train,154.0,91.0,2.0,0.0,8.234608894284094,2.495437050979435,389.0,1.0,0.57373046875
-0.68430173,hourglass,0.67030066,train,134.0,80.0,3.0,0.0,8.680177678213658,2.411808271725353,382.0,1.0,0.6259765625
-0.44879177,circle,0.533691,train,248.0,137.0,11.0,0.0,7.123250413117433,2.8921560659682704,380.0,1.0,0.54296875
-0.42275488,cross_rectangular,0.516762,train,313.0,179.0,8.0,0.0,5.505658227239803,2.251929424170131,532.0,1.0,0.525390625
-0.5756946,hourglass,0.59670377,test,176.0,103.0,4.0,0.0,8.396760998797847,2.559686768357422,382.0,1.0,0.576416015625
-0.44405717,grid_circular_voids,0.534451,train,141.0,81.0,4.0,0.0,6.937334923213687,2.041800838873078,406.0,1.0,0.532958984375
-0.29724222,hexagonal,0.56803924,train,270.0,153.0,13.0,0.0,6.551046481315947,2.4283598751865814,487.0,1.0,0.561767578125
-0.2761326,small_square_cross,0.694238,train,146.0,80.0,8.0,0.0,9.488122715075693,3.0331737055895784,325.0,1.0,0.64013671875
-0.37246057,square,0.58103,train,503.0,288.0,14.0,0.0,4.490438383109158,1.7948322097365241,729.0,1.0,0.578369140625
-0.30948493,small_square_cross,0.694642,train,206.0,111.0,12.0,0.0,10.10932447966638,3.4329197581946334,361.0,1.0,0.692626953125
-0.2748696,small_square_cross,0.558171,train,123.0,71.0,9.0,0.0,8.662718439022985,2.555680495405921,310.0,1.0,0.563720703125
-0.5655288,hourglass,0.44892284,train,119.0,61.0,8.0,0.0,8.564773614246894,1.916899497357344,268.0,1.0,0.445068359375
-0.4949278,hexagonal,0.51054,train,266.0,146.0,7.0,0.0,5.604059031984709,3.1931285214992586,517.0,1.0,0.494384765625
-0.5757533,hourglass,0.5795813,train,173.0,100.0,6.0,0.0,8.302319973980822,2.5492338111800623,391.0,1.0,0.5693359375
-0.6239585,hourglass,0.579999,train,174.0,100.0,4.0,0.0,8.196123838666477,2.948647446402939,403.0,1.0,0.578125
-0.5711561,hourglass,0.46108148,train,121.0,65.0,8.0,0.0,8.85578589888364,2.1844966949170175,264.0,1.0,0.45556640625
-0.320668,four_circle,0.515019,train,336.0,184.0,25.0,0.0,4.539741017392156,1.4475009525137108,599.0,1.0,0.5283203125
-0.48691833,hourglass,0.55775845,train,218.0,117.0,8.0,0.0,7.352052974912527,3.1927452878046942,406.0,1.0,0.5400390625
-0.42014,hexagonal,0.57031834,train,226.0,132.0,10.0,0.0,5.2667848086908,1.4799372547553225,537.0,1.0,0.553466796875
-0.5426116,hourglass,0.5920887,train,164.0,98.0,2.0,0.0,8.181028402188236,2.425083646566813,390.0,1.0,0.570556640625
-0.5603331,hourglass,0.5468069,train,142.0,78.0,7.0,0.0,8.133672534736538,2.570772208882695,371.0,1.0,0.54150390625
-0.4682173,hourglass,0.36265367,train,84.0,42.0,8.0,0.0,6.855259642546965,1.7114553325764181,262.0,1.0,0.354736328125
-0.55987805,hourglass,0.53249526,train,209.0,121.0,7.0,0.0,6.58947723199633,2.4072685408994907,421.0,1.0,0.510498046875
-0.5492996,hourglass,0.45085004,test,116.0,59.0,8.0,0.0,8.60587927296592,1.9318243676409723,261.0,1.0,0.447021484375
-0.57784766,hourglass,0.6140724,train,172.0,100.0,3.0,0.0,8.533313606798133,2.5945001577346187,399.0,1.0,0.610107421875
-0.54677284,hourglass,0.5677648,train,171.0,95.0,3.0,0.0,8.068416079593607,2.508904414379858,396.0,1.0,0.555908203125
-0.5368782,hourglass,0.34717548,train,98.0,49.0,8.0,0.0,6.937623213940839,1.5508814261551247,265.0,1.0,0.34375
-0.5368629,hourglass,0.34785217,train,88.0,44.0,8.0,0.0,6.917170904478199,1.5843488021611458,263.0,1.0,0.33837890625
-0.4668736,four_circle,0.569889,train,718.0,382.0,26.0,0.0,4.041018189939097,1.6418138442714052,788.0,1.0,0.572265625
-0.5982987,hourglass,0.6412163,test,183.0,107.0,6.0,0.0,8.290143242424977,2.514372428538756,412.0,1.0,0.607666015625
-0.5565689,hourglass,0.513792,train,169.0,93.0,5.0,0.0,7.713956626297843,2.392659543616634,374.0,1.0,0.51220703125
-0.6250888,hourglass,0.542155,train,236.0,134.0,4.0,0.0,7.263457802669477,3.089118034716054,426.0,1.0,0.541259765625
-0.3884161,hourglass,0.60763884,train,160.0,89.0,2.0,0.0,8.496008815699883,2.6282758994348137,400.0,1.0,0.601806640625
-0.080973245,reentrant_bowtie,0.5025508,val,90.0,51.0,8.0,0.0,8.81493030875005,2.9646360896311053,252.0,1.0,0.505859375
-0.50187683,hourglass,0.4565744,train,128.0,69.0,9.0,0.0,8.746803847716233,2.278341375594581,271.0,1.0,0.45068359375
-0.29612404,four_circle,0.654492,train,357.0,202.0,19.0,0.0,6.94763212699772,3.213868070393451,548.0,1.0,0.658447265625
-0.54044646,hourglass,0.48647264,train,123.0,64.0,9.0,0.0,9.119969013650676,2.2925520320553554,270.0,1.0,0.48486328125
-0.3037106,circle,0.628205,train,305.0,182.0,13.0,0.0,6.512153837930724,2.5540300159436398,567.0,1.0,0.647216796875
-0.57360303,hourglass,0.50370973,train,122.0,66.0,8.0,0.0,9.521883321657292,2.183274650683131,261.0,1.0,0.504150390625
-0.43693265,hourglass,0.541637,train,257.0,142.0,7.0,0.0,7.088492034365256,2.9739898408289656,427.0,1.0,0.542236328125
-0.48911875,hourglass,0.357324,train,92.0,46.0,8.0,0.0,6.855512496498117,1.6793243369105226,264.0,1.0,0.349365234375
-0.5097936,hourglass,0.69353837,train,106.0,60.0,9.0,0.0,10.10476498253257,2.789870932533856,290.0,1.0,0.622314453125
-0.53871584,hourglass,0.4873204,train,130.0,68.0,9.0,0.0,9.115031886198327,2.323347915919026,274.0,1.0,0.48486328125
-0.48163295,hourglass,0.62580514,train,142.0,80.0,7.0,0.0,8.817766540836391,2.689266895652787,337.0,1.0,0.598876953125
-0.49571538,hourglass,0.551363,train,127.0,66.0,4.0,0.0,8.267927836158709,2.3659360619166,366.0,1.0,0.54833984375
-0.3979244,nine_circle,0.645424,train,198.0,112.0,6.0,0.0,8.209966353498151,2.8791488391497655,417.0,1.0,0.642822265625
-0.6365466,hourglass,0.507401,train,152.0,84.0,7.0,0.0,7.138404918998008,2.9167886599378394,366.0,1.0,0.494384765625
-0.23852685,reentrant_bowtie,0.507542,train,123.0,67.0,8.0,0.0,8.064898522437916,2.074796434311415,285.0,1.0,0.502685546875
-0.557006,hourglass,0.64586264,train,209.0,121.0,5.0,0.0,8.396478269731478,2.7775852829493104,417.0,1.0,0.621337890625
-0.54659015,hourglass,0.47641662,train,123.0,66.0,8.0,0.0,9.29900079570346,2.273253603509143,266.0,1.0,0.47412109375
-0.48198345,hourglass,0.46920577,train,103.0,55.0,8.0,0.0,9.024623105175886,2.0462030789476366,260.0,1.0,0.4609375
-0.57780313,hourglass,0.596003,train,171.0,101.0,4.0,0.0,8.480509847075073,2.4617529008943393,386.0,1.0,0.57568359375
-0.50114167,hourglass,0.33263665,train,84.0,40.0,8.0,0.0,6.419746555092366,1.3647753456658283,264.0,1.0,0.324462890625
-0.4259382,hourglass,0.37977153,train,92.0,46.0,8.0,0.0,7.016405458908947,1.5389964375034528,259.0,1.0,0.37255859375
-0.57903284,hourglass,0.43667933,train,98.0,52.0,8.0,0.0,8.142536382493402,1.7619610282797575,259.0,1.0,0.4296875
-0.4527971,hourglass,0.50515306,train,120.0,66.0,8.0,0.0,9.49000173896664,2.205208361467699,260.0,1.0,0.505615234375
-0.59124017,hexagonal,0.561121,train,178.0,98.0,4.0,0.0,8.086348632864878,3.0402005811566317,383.0,1.0,0.56201171875
-0.5918961,hourglass,0.62697905,train,175.0,101.0,4.0,0.0,8.457427953590702,2.462468100202815,392.0,1.0,0.609375
-0.70067966,hexagonal,0.511989,train,140.0,76.0,8.0,0.0,9.023507726594696,2.8415737758561774,283.0,1.0,0.504638671875
-0.47721446,hourglass,0.34379295,train,73.0,39.0,8.0,0.0,6.816266040323511,1.545295478849688,259.0,1.0,0.3349609375
-0.5833483,hourglass,0.6287357,test,159.0,88.0,6.0,0.0,9.677382072172973,2.7556413496776093,318.0,1.0,0.61865234375
-0.16432956,circle_half_quarter,0.538933,train,200.0,117.0,16.0,0.0,5.580697101964669,2.4009385300216954,449.0,1.0,0.51611328125
-0.5760533,hourglass,0.43561143,train,98.0,52.0,8.0,0.0,8.125051326336287,1.7768753805897894,259.0,1.0,0.42919921875
-0.23500077,hexagonal,0.531903,val,154.0,86.0,12.0,0.0,8.656992338320938,2.73773507331734,310.0,1.0,0.53369140625
-0.53664076,hourglass,0.46714246,train,103.0,55.0,8.0,0.0,9.024623105175886,2.0462030789476366,260.0,1.0,0.4609375
-0.34679094,reentrant_bowtie,0.510429,train,123.0,69.0,8.0,0.0,7.652150327310571,2.5669966290061734,283.0,1.0,0.4990234375
-0.42865026,hexagonal,0.5753068,train,84.0,49.0,9.0,0.0,8.890671068038593,2.666006847080101,277.0,1.0,0.54931640625
-0.4232227,hourglass,0.34164342,val,77.0,40.0,8.0,0.0,6.595148166310787,1.2232206368529577,258.0,1.0,0.329345703125
-0.4119934,hexagonal,0.512369,train,237.0,132.0,11.0,0.0,5.913929805695693,2.869777924527724,471.0,1.0,0.498291015625
-0.5707761,hourglass,0.5430454,train,166.0,93.0,4.0,0.0,7.87357520047246,2.6202008140523416,382.0,1.0,0.540283203125
-0.6426174,hourglass,0.6617855,train,166.0,98.0,6.0,0.0,8.288986815087878,2.50557762884652,406.0,1.0,0.60986328125
-0.43081594,small_square_cross,0.577511,train,346.0,197.0,13.0,0.0,5.563805470368197,2.046072098007123,555.0,1.0,0.57177734375
-0.35206765,square,0.564498,train,429.0,246.0,16.0,0.0,4.456752087009471,2.0861096779795445,690.0,1.0,0.57275390625
-0.6991741,hourglass,0.67718,train,164.0,97.0,4.0,0.0,8.583007514440101,2.461694884586177,397.0,1.0,0.61865234375
-0.22550702,small_square_cross,0.635692,test,139.0,79.0,10.0,0.0,9.65014285256363,2.652124494031705,327.0,1.0,0.63525390625
-0.29853344,hexagonal,0.5138025,train,150.0,84.0,14.0,0.0,7.943601319442843,2.8773155741400647,316.0,1.0,0.5107421875
-0.6388183,hexagonal,0.524814,train,189.0,102.0,12.0,0.0,8.627662348975223,3.329377399377423,305.0,1.0,0.51513671875
-0.2991389,square,0.613334,val,530.0,294.0,21.0,0.0,4.8188268764543905,2.1719900387948714,717.0,1.0,0.6044921875
-0.13922107,hexagonal,0.5784954,train,173.0,96.0,10.0,0.0,9.528317412096165,3.427406454852319,306.0,1.0,0.572021484375
-0.5973567,hourglass,0.54957825,train,145.0,76.0,9.0,0.0,8.222807686134487,2.4099078777143745,360.0,1.0,0.5498046875
-0.43456253,hourglass,0.567617,train,266.0,147.0,6.0,0.0,7.385178464291069,3.040994047626177,435.0,1.0,0.568359375
-0.5534596,hourglass,0.56406903,train,137.0,76.0,3.0,0.0,8.030541283632685,2.4006328896394113,380.0,1.0,0.549560546875
-0.5712058,hourglass,0.5302391,train,227.0,122.0,7.0,0.0,7.647226176570063,3.0445490738149137,383.0,1.0,0.518798828125
-0.39217898,hexagonal,0.50124,train,228.0,122.0,10.0,0.0,7.223567433445477,3.4209724140761764,376.0,1.0,0.492919921875
-0.3936911,hourglass,0.5986661,train,161.0,95.0,4.0,0.0,8.470701296648508,2.474046028974318,380.0,1.0,0.578125
-0.39430302,square,0.499551,train,283.0,164.0,16.0,0.0,4.465665091991945,1.4379121613386368,615.0,1.0,0.503662109375
-0.24678728,hexagonal,0.522285,train,133.0,75.0,8.0,0.0,8.73878068706012,3.2717173836803686,284.0,1.0,0.52587890625
-0.716853,hourglass,0.6998231,train,124.0,70.0,7.0,0.0,10.55212658769502,2.7948695969536184,271.0,1.0,0.619873046875
-0.42698783,hourglass,0.37902236,train,96.0,48.0,8.0,0.0,7.0534746672068875,1.5198794625262748,260.0,1.0,0.37255859375
-0.2918191,grid_circular_voids,0.499257,train,551.0,314.0,17.0,0.0,3.6342432382432555,1.2661306789166704,703.0,1.0,0.505859375
-0.6533614,hourglass,0.68866026,train,125.0,71.0,10.0,0.0,9.790099828862315,2.801466197696067,314.0,1.0,0.615234375
-0.4567027,hourglass,0.43064877,train,109.0,56.0,8.0,0.0,8.147422314236112,1.9422104389619224,262.0,1.0,0.417236328125
-0.46593603,hourglass,0.36353508,train,84.0,42.0,8.0,0.0,6.855259642546965,1.7114553325764181,262.0,1.0,0.354736328125
-0.3679356,cross_rectangular,0.524916,train,176.0,102.0,11.0,0.0,7.567811983147812,2.649093330166934,304.0,1.0,0.5185546875
-0.4382555,hourglass,0.341803,train,80.0,43.0,9.0,0.0,6.530169554183285,1.2833401456728215,262.0,1.0,0.330810546875
-0.4431561,square,0.536569,train,541.0,304.0,12.0,0.0,4.222642863760821,1.998017030772361,711.0,1.0,0.541259765625
-0.65749735,hourglass,0.687495,test,137.0,78.0,12.0,0.0,9.955693571645092,2.6584153256126597,306.0,1.0,0.614013671875
-0.3426208,hexagonal,0.52446073,train,141.0,78.0,7.0,0.0,9.029325744630043,3.329498807875874,280.0,1.0,0.512939453125
-0.5005504,hexagonal,0.5060422,train,208.0,119.0,6.0,0.0,6.1437634994140495,2.2213920037673813,485.0,1.0,0.50634765625
-0.096085146,circle,0.607906,train,120.0,68.0,7.0,0.0,10.239550033861304,2.255251772773147,275.0,1.0,0.613525390625
-0.34019926,four_circle,0.539374,train,402.0,220.0,16.0,0.0,5.132120114052767,3.590004396543673,657.0,1.0,0.560302734375
-0.52323693,hourglass,0.5009709,train,139.0,77.0,9.0,0.0,9.369787644242237,2.275352446443591,268.0,1.0,0.498779296875
-0.5459138,hourglass,0.47546867,train,107.0,59.0,8.0,0.0,9.270446034407188,2.1188675168384736,260.0,1.0,0.473876953125
-0.63799083,hourglass,0.6514123,train,173.0,105.0,2.0,0.0,8.394223954993455,2.3826464684073523,400.0,1.0,0.612548828125
-0.49599862,hourglass,0.5346434,train,205.0,114.0,8.0,0.0,7.415145719580093,2.9593718925863506,388.0,1.0,0.51708984375
-0.31048745,hexagonal,0.5200045,train,168.0,96.0,8.0,0.0,8.295746466290764,3.587882141226492,312.0,1.0,0.508056640625
-0.29504102,cross_rectangular,0.649217,train,231.0,128.0,21.0,0.0,7.939872887111588,3.399421361839958,425.0,1.0,0.646484375
-0.5371574,cross_rectangular,0.552654,train,343.0,200.0,13.0,0.0,4.657336148082761,1.6113346924028906,585.0,1.0,0.55224609375
-0.464036,hexagonal,0.560205,train,276.0,158.0,14.0,0.0,5.859473516201262,2.576004829608591,520.0,1.0,0.55126953125
-0.5414456,hourglass,0.6101638,train,188.0,106.0,4.0,0.0,8.398105501999796,2.6961741118626406,405.0,1.0,0.6044921875
-0.56845987,hourglass,0.547213,train,140.0,76.0,10.0,0.0,8.286532104183763,2.416994055144319,354.0,1.0,0.5400390625
-0.48607174,hourglass,0.49854574,train,127.0,68.0,8.0,0.0,9.595524644235477,2.093365846221857,263.0,1.0,0.492919921875
-0.38891572,grid_circular_voids,0.572075,train,343.0,201.0,3.0,0.0,5.976682809309261,2.1891650500223414,569.0,1.0,0.58740234375
-0.5535477,reentrant_bowtie,0.539947,train,447.0,240.0,8.0,0.0,6.593725278688467,3.8474987614422473,435.0,1.0,0.5458984375
-0.3696969,cross_rectangular,0.54762,val,321.0,188.0,5.0,0.0,4.805970151666616,2.8189924969569775,590.0,1.0,0.547607421875
-0.58331144,hourglass,0.4609625,train,121.0,67.0,8.0,0.0,8.779320274734006,2.215513015005647,266.0,1.0,0.456298828125
-0.3858735,grid_circular_voids,0.594394,val,187.0,111.0,4.0,0.0,7.26835088572905,2.5898224716656717,457.0,1.0,0.59765625
-0.23561564,circle,0.583967,train,362.0,211.0,7.0,0.0,5.65598136491635,2.1115680628877267,606.0,1.0,0.58642578125
-0.034012478,reentrant_bowtie,0.50268877,train,124.0,67.0,8.0,0.0,10.221395196708581,6.905242375767916,226.0,1.0,0.50830078125
-0.5582071,hourglass,0.58529794,train,161.0,91.0,5.0,0.0,8.254415748804927,2.30148771663457,391.0,1.0,0.571044921875
-0.341139,hexagonal,0.50220543,train,195.0,111.0,9.0,0.0,6.719159905130746,3.122244794589799,402.0,1.0,0.4990234375
-0.4615956,hourglass,0.6902441,train,154.0,88.0,11.0,0.0,9.697887908375277,2.8583921797517062,319.0,1.0,0.614013671875
-0.5864681,hourglass,0.458891,train,109.0,59.0,8.0,0.0,8.776365515062839,2.2030140583835673,262.0,1.0,0.454833984375
-0.40675637,hourglass,0.32046008,train,78.0,37.0,8.0,0.0,6.574632919589273,1.185314811947551,260.0,1.0,0.313232421875
-0.40259504,hourglass,0.5897355,train,154.0,90.0,4.0,0.0,8.386771120309904,2.5046894297030793,386.0,1.0,0.576904296875
-0.6836546,hourglass,0.68248844,train,206.0,116.0,6.0,0.0,8.949866262300612,3.1209484806462555,376.0,1.0,0.632568359375
-0.5967847,hourglass,0.50577,train,158.0,89.0,4.0,0.0,7.407849772251423,2.210845272464506,373.0,1.0,0.5078125
-0.54284173,hourglass,0.49139297,train,127.0,68.0,8.0,0.0,9.430073682044755,2.136399926929604,263.0,1.0,0.49072265625
-0.8034579,reentrant_bowtie,0.532315,train,167.0,91.0,8.0,0.0,8.259897335808716,3.2196941619777446,287.0,1.0,0.536376953125
-0.43310177,grid_circular_voids,0.527394,train,254.0,147.0,8.0,0.0,6.3318638608631055,2.0175703646344347,466.0,1.0,0.533935546875
-0.08372703,small_square_cross,0.547056,train,370.0,216.0,7.0,0.0,5.251270307292596,2.806670192562544,556.0,1.0,0.544677734375
-0.38087973,circle,0.513147,train,429.0,248.0,10.0,0.0,4.345190429890245,1.9587606441895742,683.0,1.0,0.518310546875
-0.08560614,cross_rectangular,0.652869,train,286.0,158.0,9.0,0.0,7.484156094138441,3.800689264313994,498.0,1.0,0.651123046875
-0.15171711,grid_circular_voids,0.460372,train,98.0,57.0,7.0,0.0,6.704066718266727,2.171706276290301,342.0,1.0,0.47021484375
-0.33864957,hexagonal,0.5538474,train,276.0,156.0,12.0,0.0,5.532803377078391,2.2555598236269994,559.0,1.0,0.552490234375
-0.4010282,hourglass,0.6547736,train,177.0,103.0,7.0,0.0,8.398234220458097,2.5004115793897084,409.0,1.0,0.614501953125
-0.17296077,reentrant_bowtie,0.555146,train,168.0,95.0,4.0,0.0,10.20730195577797,8.059642667663647,286.0,1.0,0.556640625
-0.20226417,square,0.593238,test,135.0,76.0,11.0,0.0,8.479003611098166,2.294045322653033,301.0,1.0,0.53076171875
-0.39897814,hourglass,0.65167433,train,164.0,98.0,3.0,0.0,8.485931779774756,2.3380224044440254,398.0,1.0,0.61669921875
-0.40228444,hourglass,0.59159243,train,175.0,101.0,4.0,0.0,8.42827726144239,2.3805429593926912,387.0,1.0,0.574951171875
-0.6004486,hourglass,0.6425071,train,176.0,101.0,6.0,0.0,8.409641833116595,2.6693800940220553,407.0,1.0,0.615234375
-0.6592651,hourglass,0.6656835,train,162.0,95.0,3.0,0.0,8.668371651414128,2.537168177357596,398.0,1.0,0.617431640625
-0.5020317,grid_circular_voids,0.636676,train,225.0,131.0,10.0,0.0,7.113279825173066,2.754720343581001,470.0,1.0,0.634033203125
-0.59839517,hourglass,0.45512843,train,123.0,67.0,9.0,0.0,8.63365536059602,2.2950822472972514,270.0,1.0,0.449462890625
-0.52662617,hourglass,0.47089887,train,112.0,57.0,8.0,0.0,8.878181138871366,1.8581466103873752,262.0,1.0,0.461669921875
-0.3959895,hourglass,0.31499517,train,64.0,35.0,8.0,0.0,6.356862511452495,0.8640306768222268,256.0,1.0,0.30615234375
-0.6751751,hexagonal,0.56504846,train,130.0,73.0,8.0,0.0,9.328491894835512,2.8744784901157283,307.0,1.0,0.55859375
-0.04088514,circle,0.484965,train,119.0,69.0,5.0,0.0,8.318539462712957,2.212637345606297,277.0,1.0,0.4912109375
-0.5838344,hourglass,0.5592409,train,211.0,114.0,9.0,0.0,7.407035843752633,3.13939803296169,400.0,1.0,0.54150390625
-0.50996476,hourglass,0.515524,train,166.0,92.0,5.0,0.0,7.501117285962705,2.4634071115766947,370.0,1.0,0.50927734375
-0.30742395,square,0.559836,train,359.0,205.0,7.0,0.0,5.043584808053869,2.038123594313731,578.0,1.0,0.5615234375
-0.081097245,reentrant_bowtie,0.564287,val,199.0,114.0,9.0,0.0,7.833191343757526,4.20338384833621,366.0,1.0,0.562255859375
-0.45307153,hourglass,0.50390285,train,120.0,66.0,8.0,0.0,9.48621387356302,2.207551767583024,260.0,1.0,0.504150390625
-0.27633724,circle,0.628205,train,291.0,171.0,14.0,0.0,6.483814506727083,2.492903207805344,566.0,1.0,0.647216796875
-0.85143584,hexagonal,0.54380864,train,182.0,104.0,10.0,0.0,7.6035297307285195,2.956882448753361,352.0,1.0,0.54541015625
-0.38004628,nine_circle,0.68667,train,354.0,210.0,6.0,0.0,7.119378768550133,3.500067554482988,594.0,1.0,0.693359375
-0.31888703,hexagonal,0.5269011,train,182.0,106.0,6.0,0.0,7.257708850133651,2.998117029896026,368.0,1.0,0.52392578125
-0.5161187,hourglass,0.5282246,train,215.0,118.0,8.0,0.0,8.767945598124799,2.8501105221243557,328.0,1.0,0.51513671875
-0.6156941,hourglass,0.649689,train,195.0,115.0,7.0,0.0,8.098575018953028,2.5732495930393458,422.0,1.0,0.6103515625
-0.052540544,reentrant_bowtie,0.5162778,train,107.0,57.0,6.0,0.0,10.148974857864362,7.0367724474573,224.0,1.0,0.516357421875
-0.39235282,cross_rectangular,0.529253,train,492.0,275.0,18.0,0.0,4.1600671175568085,1.8849341801071258,717.0,1.0,0.525146484375
-0.81184775,hexagonal,0.5045105,test,82.0,47.0,8.0,0.0,8.02155777134626,2.0129018956525986,282.0,1.0,0.494384765625
-0.82554775,reentrant_bowtie,0.53593117,train,206.0,120.0,9.0,0.0,7.413547311591365,4.426262808130779,362.0,1.0,0.53369140625
-0.55819845,hourglass,0.61867255,train,171.0,96.0,3.0,0.0,8.659120273169913,2.838949822518494,400.0,1.0,0.608642578125
-0.516317,hourglass,0.37696442,train,96.0,48.0,8.0,0.0,6.957584153569209,1.565675041429811,263.0,1.0,0.36962890625
-0.24224536,four_circle,0.553089,train,575.0,323.0,18.0,0.0,3.8771005235640295,1.3635361273856517,790.0,1.0,0.550537109375
-0.48337188,hourglass,0.35933566,train,88.0,44.0,8.0,0.0,6.849565924773447,1.705444721829673,263.0,1.0,0.35107421875
-0.4730568,hourglass,0.36137483,train,84.0,42.0,8.0,0.0,6.843775961463484,1.6948906316977226,262.0,1.0,0.354736328125
-0.33526263,grid_circular_voids,0.501048,train,150.0,84.0,10.0,0.0,5.524759557915633,2.410469904510983,456.0,1.0,0.49951171875
-0.42259085,hourglass,0.357324,train,84.0,42.0,8.0,0.0,6.865713713523792,1.7141502506472257,262.0,1.0,0.349365234375
-0.32311672,nine_circle,0.529882,train,284.0,161.0,12.0,0.0,5.695584595760073,2.7962244626675496,526.0,1.0,0.54052734375
-0.54040974,hourglass,0.528473,train,196.0,108.0,5.0,0.0,7.439318542343742,2.5730787004952105,391.0,1.0,0.52490234375
-0.6462062,hourglass,0.65291244,train,184.0,112.0,2.0,0.0,8.339924870359061,2.394550836408538,399.0,1.0,0.6103515625
-0.5544273,hourglass,0.45038396,train,116.0,59.0,8.0,0.0,8.628867778713046,1.9124809505517752,261.0,1.0,0.448486328125
-0.63241154,hexagonal,0.5235752,train,195.0,113.0,9.0,0.0,7.007352789782109,2.968247443294099,393.0,1.0,0.521240234375
-0.5108778,hourglass,0.53971744,train,145.0,79.0,6.0,0.0,7.43271011864055,3.198473093262465,366.0,1.0,0.52197265625
-0.48530972,hourglass,0.4970657,train,126.0,68.0,8.0,0.0,9.46496607426904,2.1064735700096175,263.0,1.0,0.490966796875
-0.20618016,circle_half_quarter,0.545029,train,409.0,227.0,14.0,0.0,4.754953793174413,1.8393602056136025,558.0,1.0,0.53515625
-0.38036123,hexagonal,0.560493,train,89.0,52.0,7.0,0.0,8.798976412487976,3.0553489080010294,280.0,1.0,0.5556640625
-0.4017652,hourglass,0.32157302,train,77.0,38.0,8.0,0.0,6.600027515386693,1.2142429044007517,259.0,1.0,0.314208984375
-0.5676352,hourglass,0.6276922,train,170.0,94.0,8.0,0.0,9.641670901591246,2.7016757375055285,322.0,1.0,0.616455078125
-0.24035752,cross_rectangular,0.585856,train,149.0,85.0,12.0,0.0,8.887941382670608,2.600289853844315,321.0,1.0,0.58984375
-0.43798226,circle,0.573928,train,167.0,92.0,14.0,0.0,7.846438660013577,2.7600286042981144,358.0,1.0,0.573974609375
-0.33711258,grid_circular_voids,0.685786,test,87.0,51.0,0.0,0.0,8.586404653738427,2.5176318112611096,432.0,1.0,0.65185546875
-0.31853968,nine_circle,0.612807,train,111.0,68.0,7.0,0.0,8.37677549519038,2.469983551333067,413.0,1.0,0.61865234375
-0.23596567,small_square_cross,0.660144,train,203.0,112.0,11.0,0.0,9.598272353994304,3.16540603786166,341.0,1.0,0.64794921875
-0.042652827,reentrant_bowtie,0.5025248,train,122.0,65.0,9.0,0.0,9.877148556304931,6.839352173912233,227.0,1.0,0.508544921875
-0.36536893,hourglass,0.6317971,train,146.0,87.0,6.0,0.0,8.45037252453962,2.757010189789824,404.0,1.0,0.621826171875
-0.38287196,hourglass,0.6712704,train,178.0,106.0,4.0,0.0,8.577637325014077,2.3811332362477287,403.0,1.0,0.622802734375
-1.1029282,hexagonal,0.558865,train,218.0,126.0,8.0,0.0,6.6434517087338945,2.524987645431106,454.0,1.0,0.542236328125
-0.65580356,hourglass,0.69072014,train,144.0,82.0,12.0,0.0,9.752903283744978,2.9023670823611485,315.0,1.0,0.6162109375
-0.4152026,hourglass,0.65871125,train,153.0,90.0,5.0,0.0,8.541303415123066,2.305024618024444,397.0,1.0,0.61083984375
-0.46238276,hourglass,0.44145516,train,116.0,58.0,8.0,0.0,8.401008555533382,2.007435384486546,267.0,1.0,0.433349609375
-0.6299833,hourglass,0.522077,train,149.0,84.0,4.0,0.0,7.839130583243566,2.1992479379710295,388.0,1.0,0.521484375
-0.47415662,hourglass,0.39117408,train,97.0,50.0,8.0,0.0,7.484657415197817,1.876669419463308,262.0,1.0,0.38525390625
-0.33922166,grid_circular_voids,0.55674,train,319.0,187.0,2.0,0.0,5.204937463116268,2.652299142441189,587.0,1.0,0.558349609375
-0.42252433,hourglass,0.38331908,train,92.0,46.0,8.0,0.0,7.016405458908947,1.5389964375034528,259.0,1.0,0.37255859375
-0.62584144,hourglass,0.6570335,train,177.0,103.0,8.0,0.0,8.211281944649185,2.6802135134448184,414.0,1.0,0.609619140625
-0.67320704,hourglass,0.6811301,train,228.0,128.0,8.0,0.0,9.063851114958062,3.260000859569813,379.0,1.0,0.63671875
-0.0793153,small_square_cross,0.583113,train,166.0,90.0,16.0,0.0,9.008572542356614,2.4415170211331927,312.0,1.0,0.5810546875
-0.31227723,small_square_cross,0.473158,train,117.0,63.0,12.0,0.0,7.759852843212444,2.9754138805353665,307.0,1.0,0.477294921875
-0.6659491,hourglass,0.6653219,train,159.0,93.0,3.0,0.0,8.61575011560596,2.517990968384205,399.0,1.0,0.616943359375
-0.51297224,hourglass,0.5748937,train,162.0,91.0,2.0,0.0,7.965003301478928,2.568916414460696,394.0,1.0,0.562255859375
-0.46956354,hourglass,0.35077778,train,96.0,48.0,8.0,0.0,6.838278132880909,1.6529645489254459,265.0,1.0,0.34326171875
-0.8618944,hexagonal,0.56889856,train,102.0,60.0,4.0,0.0,8.60629987568734,2.3780129077078924,347.0,1.0,0.56591796875
-0.63891745,hourglass,0.6637908,train,140.0,83.0,4.0,0.0,8.44609740239197,2.426505401853864,392.0,1.0,0.611083984375
-0.31475803,hexagonal,0.538146,train,143.0,79.0,12.0,0.0,8.453633423931814,2.831952136164172,310.0,1.0,0.54248046875
-0.5719186,hourglass,0.54260486,train,166.0,93.0,4.0,0.0,7.87357520047246,2.6202008140523416,382.0,1.0,0.540283203125
-0.19599782,hourglass,0.30051377,train,48.0,26.0,8.0,0.0,5.9477873802574965,0.6926942177105704,250.0,1.0,0.292236328125
-0.05262832,reentrant_bowtie,0.51620924,train,123.0,65.0,7.0,0.0,10.054504911732492,7.0072549008462595,226.0,1.0,0.516357421875
-0.40676087,hourglass,0.32045266,train,83.0,41.0,8.0,0.0,6.581436184442789,1.1929624003164037,260.0,1.0,0.313232421875
-0.40378976,hourglass,0.3106129,train,64.0,32.0,8.0,0.0,6.258397363475649,0.7431734648234487,257.0,1.0,0.30322265625
-0.5878504,hourglass,0.5605344,test,153.0,82.0,4.0,0.0,8.099826038513456,2.7151794764100563,388.0,1.0,0.548095703125
-0.47658965,nine_circle,0.556187,train,174.0,102.0,10.0,1.0,6.04156338936328,2.065397528925651,428.0,1.0,0.546875
-0.2346059,circle,0.553666,train,182.0,102.0,14.0,0.0,8.163385903385388,2.7387349367814346,325.0,1.0,0.55078125
-0.42266265,small_square_cross,0.510539,train,327.0,181.0,16.0,0.0,5.380308589846572,2.517423293820925,498.0,1.0,0.516357421875
-0.51972646,hourglass,0.4866247,train,130.0,68.0,9.0,0.0,9.115031886198327,2.3233479159190265,274.0,1.0,0.48486328125
-0.14697485,hexagonal,0.56866586,train,141.0,78.0,8.0,0.0,9.408220752482348,3.3045008256775885,297.0,1.0,0.561767578125
-0.40061942,cross_rectangular,0.569942,train,126.0,72.0,10.0,0.0,9.005275095082375,2.849685374984215,306.0,1.0,0.572509765625
-0.5467314,hourglass,0.47634205,train,117.0,63.0,8.0,0.0,9.287556242266938,2.2889731116909195,263.0,1.0,0.47412109375
-0.55279016,hourglass,0.53972083,train,161.0,88.0,8.0,0.0,7.469433293807849,3.196610542047136,372.0,1.0,0.52197265625
-0.51574683,hourglass,0.52278084,train,136.0,74.0,7.0,0.0,9.305991620046862,2.194214748327561,274.0,1.0,0.512451171875
-0.64083254,hourglass,0.66236466,train,158.0,92.0,7.0,0.0,8.430562716465197,2.4393119574213684,406.0,1.0,0.609619140625
-0.65421724,hourglass,0.6888733,train,143.0,82.0,13.0,0.0,9.844693846518219,2.7862862525133036,317.0,1.0,0.617431640625
-0.57142067,hourglass,0.44710374,train,111.0,56.0,8.0,0.0,8.431334120580635,2.0100807187784695,266.0,1.0,0.43994140625
-0.48316446,hourglass,0.5375437,train,218.0,118.0,8.0,0.0,7.06146599888678,3.1678774155575398,399.0,1.0,0.5205078125
-0.24471608,circle,0.59857,train,110.0,62.0,14.0,0.0,9.153462779698941,2.6693809301975215,305.0,1.0,0.6015625
-0.27556628,cross_rectangular,0.550275,train,382.0,221.0,17.0,0.0,4.6313761069492205,1.6578020311273372,586.0,1.0,0.546630859375
-0.6236954,hexagonal,0.51742244,train,190.0,108.0,8.0,0.0,6.897244907988874,3.3329962110766522,376.0,1.0,0.506591796875
-0.6631525,hexagonal,0.528207,train,152.0,83.0,12.0,0.0,8.180950721928753,2.7841354788764296,315.0,1.0,0.53271484375
-0.31816712,hourglass,0.30674687,test,60.0,31.0,8.0,0.0,6.068831521094502,1.2263418441708396,257.0,1.0,0.300048828125
-0.10064999,hexagonal,0.5294126,train,192.0,110.0,11.0,0.0,6.131305931330635,2.817721616643012,462.0,1.0,0.533203125
-0.576603,hourglass,0.43542162,train,95.0,51.0,8.0,0.0,8.143842304798525,1.766265263115966,258.0,1.0,0.42919921875
-0.65421724,hourglass,0.6888733,train,125.0,72.0,10.0,0.0,10.015159570819746,2.6965403022358885,301.0,1.0,0.617431640625
-0.14002499,cross_rectangular,0.57562,train,229.0,136.0,5.0,0.0,6.387403318067599,2.6879686080535237,498.0,1.0,0.582763671875
-0.4293285,hourglass,0.5621533,train,155.0,81.0,4.0,0.0,8.158898969703364,2.608970405453534,390.0,1.0,0.55126953125
-0.65934587,hourglass,0.69471025,train,97.0,56.0,8.0,0.0,10.635791470888622,2.3737140818454945,273.0,1.0,0.630126953125
-0.6505292,hourglass,0.525637,test,236.0,128.0,6.0,0.0,6.955816500648389,3.0312343220526428,425.0,1.0,0.521728515625
-0.55313385,hourglass,0.464082,train,115.0,61.0,8.0,0.0,8.978640693663603,2.073958660911701,266.0,1.0,0.459228515625
-0.6605995,hourglass,0.68669367,train,129.0,75.0,9.0,0.0,9.871049987033937,2.8222277647409513,308.0,1.0,0.620361328125
-0.5171607,hourglass,0.38796982,train,96.0,50.0,8.0,0.0,7.511642110957535,1.9307782246064977,262.0,1.0,0.38427734375
-0.6531887,hourglass,0.568878,test,171.0,97.0,4.0,0.0,7.871081955044668,3.0355844599433275,409.0,1.0,0.56640625
-0.59854144,hourglass,0.540179,train,131.0,68.0,4.0,0.0,8.487463233137303,2.609715175168616,361.0,1.0,0.531982421875
-0.25200918,circle,0.586797,train,274.0,164.0,4.0,0.0,6.731935982623427,2.642240182643689,506.0,1.0,0.59375
-0.27418187,circle,0.501262,val,182.0,104.0,6.0,0.0,7.7135696689732285,2.6772205042847887,324.0,1.0,0.5048828125
-0.0924996,reentrant_bowtie,0.5243555,train,208.0,118.0,6.0,0.0,9.01788854390685,6.950013396366486,256.0,1.0,0.523193359375
-0.44018474,hourglass,0.516274,train,135.0,70.0,6.0,0.0,8.371243113175629,2.4712151109777922,325.0,1.0,0.510498046875
-0.31053874,hexagonal,0.5262828,train,290.0,160.0,17.0,0.0,6.696273031490697,2.7937588976239485,434.0,1.0,0.522216796875
-0.53111196,hourglass,0.5733811,val,169.0,95.0,4.0,0.0,7.980709670161619,2.5066081153048736,397.0,1.0,0.561767578125
-0.60136646,hourglass,0.6473638,train,199.0,115.0,5.0,0.0,8.632338814581466,2.6156763436726185,415.0,1.0,0.6162109375
-0.43833226,hourglass,0.3759739,train,96.0,48.0,8.0,0.0,6.947384156114682,1.595200363019488,259.0,1.0,0.3681640625
-0.42498457,four_circle,0.544008,train,273.0,152.0,2.0,0.0,6.049503896354468,3.0764718556457393,425.0,1.0,0.541748046875
-0.32186943,reentrant_bowtie,0.519477,train,203.0,118.0,4.0,0.0,7.140527501053458,3.3763304545306223,362.0,1.0,0.51171875
-1.3227624,reentrant_bowtie,0.5488599,train,136.0,78.0,8.0,0.0,10.248798142564256,8.172298388904787,296.0,1.0,0.545166015625
-0.4283478,hourglass,0.4181206,train,105.0,54.0,8.0,0.0,7.919966006212796,1.9184026502882485,261.0,1.0,0.407958984375
-0.4677072,hexagonal,0.548316,train,148.0,82.0,8.0,0.0,9.066634945475128,3.2137991328346365,278.0,1.0,0.548583984375
-0.39013907,nine_circle,0.566064,train,126.0,74.0,8.0,0.0,7.626863024697915,2.5088478185196976,423.0,1.0,0.575439453125
-0.56105566,hourglass,0.6161473,train,169.0,95.0,3.0,0.0,8.60795119796129,2.8299186086196078,399.0,1.0,0.611572265625
-0.5328033,hourglass,0.40831813,train,99.0,51.0,8.0,0.0,7.550912820483056,1.8649193204192807,259.0,1.0,0.39453125
-0.3883567,four_circle,0.542661,train,445.0,253.0,21.0,0.0,4.209985227359541,1.4527282229904674,628.0,1.0,0.548095703125
-0.5641758,hourglass,0.59449506,train,158.0,92.0,2.0,0.0,8.271849086297573,2.3592689544046195,386.0,1.0,0.57421875
-0.42467192,small_square_cross,0.582068,train,425.0,240.0,14.0,0.0,4.763085167122693,1.9437604986008392,675.0,1.0,0.584228515625
-0.59206814,hourglass,0.6452108,train,194.0,114.0,6.0,0.0,8.329983057822426,2.6480817416252997,419.0,1.0,0.6181640625
-0.22424664,circle,0.4648,train,117.0,66.0,14.0,0.0,7.1502479723063885,2.076452170178634,313.0,1.0,0.470947265625
-0.50400573,hourglass,0.40374902,train,97.0,50.0,8.0,0.0,7.512778753705951,1.8659634294384941,262.0,1.0,0.39306640625
-0.3164301,nine_circle,0.503344,train,300.0,174.0,3.0,0.0,5.147616191072683,2.48029575736266,554.0,1.0,0.515380859375
-0.5351385,small_square_cross,0.584947,train,364.0,206.0,12.0,0.0,5.9075727048549105,2.573720438286125,533.0,1.0,0.5830078125
-0.50002766,circle,0.539596,train,293.0,161.0,18.0,0.0,5.995903421623887,2.5954511800768842,454.0,1.0,0.542236328125
-0.4377728,grid_circular_voids,0.499555,train,345.0,200.0,10.0,0.0,4.8974307202479235,2.0394048985848547,500.0,1.0,0.495361328125
-0.39391735,hexagonal,0.56099355,train,289.0,165.0,12.0,0.0,5.164664373821889,1.8152261746736578,577.0,1.0,0.559326171875
-0.27380866,hexagonal,0.52626497,train,176.0,100.0,6.0,0.0,7.341408136475189,3.3388876917531,360.0,1.0,0.5185546875
-0.06671976,hexagonal,0.502686,train,254.0,143.0,12.0,0.0,6.771282220831869,3.294786706114285,476.0,1.0,0.4990234375
-0.68979675,hourglass,0.499937,train,187.0,100.0,8.0,0.0,6.72058679780346,3.0595044228009693,391.0,1.0,0.491455078125
-0.6280783,hexagonal,0.543991,train,122.0,68.0,10.0,0.0,8.300345834522995,2.568248006580244,299.0,1.0,0.540283203125
-0.574605,hourglass,0.5836105,train,179.0,101.0,5.0,0.0,8.334743739414261,2.559817445638615,388.0,1.0,0.572021484375
-0.68816763,hourglass,0.6711809,train,144.0,86.0,4.0,0.0,8.656891024556892,2.3345214426656895,388.0,1.0,0.62451171875
-0.41953567,hourglass,0.42744178,train,118.0,62.0,10.0,0.0,7.71666811041654,1.8473603420522422,273.0,1.0,0.412841796875
-0.38252655,nine_circle,0.576268,train,163.0,98.0,6.0,0.0,6.578795264826828,2.483794380153225,458.0,1.0,0.586181640625
-0.4155474,hourglass,0.5837185,train,161.0,94.0,6.0,0.0,8.29809207790323,2.505299965579027,393.0,1.0,0.571533203125
-0.38782933,hourglass,0.67276895,train,151.0,89.0,6.0,0.0,8.239443304567544,2.3920076532267904,395.0,1.0,0.6162109375
-0.5128166,small_square_cross,0.494724,train,386.0,216.0,17.0,0.0,4.056609348566991,1.9131746477675307,619.0,1.0,0.47900390625
-0.5387912,hourglass,0.34569937,train,92.0,46.0,8.0,0.0,6.991983320820624,1.6068186615368791,264.0,1.0,0.3408203125
-0.4567523,circle_half_quarter,0.508782,train,313.0,180.0,10.0,0.0,4.9302249413800565,1.9981325269706898,574.0,1.0,0.515625
-0.55677456,hourglass,0.41223386,train,107.0,54.0,8.0,0.0,7.639646676786065,1.8703994422900594,262.0,1.0,0.40185546875
-0.16531143,small_square_cross,0.596545,train,361.0,209.0,11.0,0.0,5.599689491278059,2.4401537852364794,653.0,1.0,0.61279296875
-0.25298065,cross_rectangular,0.699818,train,376.0,209.0,21.0,0.0,7.923733757854165,3.5671368920125897,449.0,1.0,0.636474609375
-0.307236,reentrant_bowtie,0.504846,train,206.0,112.0,5.0,0.0,7.666281627861358,3.508275674286195,313.0,1.0,0.5068359375
-0.663271,hourglass,0.6826111,train,195.0,113.0,5.0,0.0,9.70595336444211,3.0802085362046405,339.0,1.0,0.649658203125
-0.45497572,hexagonal,0.52064,train,175.0,97.0,5.0,0.0,8.715831522312133,3.7927628591093634,325.0,1.0,0.522216796875
-0.44553724,hourglass,0.33694422,train,77.0,40.0,8.0,0.0,6.58793803766117,1.2240495162119247,258.0,1.0,0.3271484375
-0.49772123,hourglass,0.550692,train,125.0,64.0,4.0,0.0,8.518673751486723,2.247150162879401,366.0,1.0,0.548583984375
-0.43365672,hexagonal,0.54441607,train,232.0,127.0,13.0,0.0,7.558212347333144,3.1174621841453316,381.0,1.0,0.536376953125
-0.4690323,small_square_cross,0.515883,train,210.0,113.0,20.0,0.0,6.335957521865548,2.490200157933079,440.0,1.0,0.51806640625
-0.5660182,hourglass,0.4487347,train,128.0,65.0,8.0,0.0,8.539644016146475,1.8872108913267787,271.0,1.0,0.445068359375
-0.62246144,hourglass,0.6401702,train,151.0,88.0,7.0,0.0,8.205623080523326,2.5601112502134127,405.0,1.0,0.608154296875
-0.48971564,hourglass,0.35109043,train,84.0,44.0,8.0,0.0,6.749903590279319,1.6002933876369374,262.0,1.0,0.34326171875
-0.12458973,reentrant_bowtie,0.5154412,train,135.0,72.0,7.0,0.0,10.082975623877036,6.67864843560283,229.0,1.0,0.51904296875
-0.5426116,hourglass,0.5920887,train,157.0,91.0,4.0,0.0,8.20752500101641,2.4086265404372713,388.0,1.0,0.570556640625
-0.39291057,hourglass,0.583005,train,169.0,95.0,4.0,0.0,8.102257745716651,3.0498889111535648,407.0,1.0,0.57763671875
-0.524649,hourglass,0.42626145,train,109.0,56.0,8.0,0.0,8.03155706847288,1.937429493064499,262.0,1.0,0.41162109375
-0.4651865,cross_rectangular,0.563161,train,158.0,92.0,15.0,0.0,7.051441164849821,2.3149452896152964,379.0,1.0,0.5556640625
-0.25857547,hexagonal,0.54884297,train,168.0,91.0,11.0,0.0,8.343912821330818,3.971131836240195,325.0,1.0,0.54345703125
-0.516696,hourglass,0.5289631,train,225.0,124.0,7.0,0.0,8.747584903464823,2.8407956284212785,332.0,1.0,0.51513671875
-0.4093963,hourglass,0.66692126,train,163.0,96.0,4.0,0.0,8.609556690074715,2.6056168529056714,394.0,1.0,0.6220703125
-0.41516468,hexagonal,0.51404923,train,114.0,62.0,6.0,0.0,7.721398231574537,2.249037631738925,348.0,1.0,0.52392578125
-0.60412854,hourglass,0.5778098,train,166.0,97.0,4.0,0.0,8.241931823487423,2.5584674395894873,383.0,1.0,0.5634765625
-0.5329167,hourglass,0.47352323,train,143.0,78.0,11.0,0.0,8.746774201442307,2.3592124777193066,278.0,1.0,0.46875
-0.4422943,nine_circle,0.551127,train,217.0,130.0,4.0,0.0,6.046156469315863,2.4703093252752186,486.0,1.0,0.5537109375
-0.36197865,four_circle,0.541531,train,435.0,238.0,26.0,0.0,4.588571241095111,2.02714903601614,639.0,1.0,0.53857421875
-0.43774775,cross_rectangular,0.528947,train,393.0,211.0,24.0,0.0,4.335081124465609,1.5768077924556283,641.0,1.0,0.513671875
-0.5340625,hourglass,0.5482642,train,160.0,85.0,8.0,0.0,8.638935974070204,2.7389995562703224,330.0,1.0,0.54150390625
-0.4956173,hourglass,0.5545211,test,132.0,73.0,5.0,0.0,8.415378090781697,2.2427795785230518,370.0,1.0,0.55126953125
-0.25348052,nine_circle,0.585578,train,122.0,76.0,6.0,0.0,8.167269244048391,2.451815525224322,408.0,1.0,0.595458984375
-0.2965631,grid_circular_voids,0.693278,train,482.0,282.0,10.0,0.0,5.424893415361483,2.9069797783898714,700.0,1.0,0.61474609375
-0.52002686,hexagonal,0.551293,train,153.0,79.0,8.0,0.0,10.247600422226048,2.5259032822827368,277.0,1.0,0.536865234375
-0.64140904,hourglass,0.657206,train,171.0,98.0,7.0,0.0,8.340248608220586,2.547288617961389,413.0,1.0,0.615966796875
-0.5894949,hexagonal,0.552609,train,203.0,107.0,7.0,0.0,9.266749583956338,3.3315634115333066,321.0,1.0,0.543212890625
-0.59206754,hourglass,0.6452536,train,177.0,103.0,7.0,0.0,8.313510794885003,2.6332645048781056,412.0,1.0,0.6181640625
-0.48371804,hourglass,0.5379081,train,223.0,121.0,9.0,0.0,7.070567337981533,3.1618155415945335,400.0,1.0,0.521240234375
-0.49313927,hourglass,0.53803116,train,216.0,117.0,8.0,0.0,7.074301203387213,3.162971355709285,399.0,1.0,0.521240234375
-0.40974098,hourglass,0.31171748,train,72.0,37.0,8.0,0.0,6.278201213575088,0.7541124888869654,258.0,1.0,0.30322265625
-0.31180122,nine_circle,0.680714,train,235.0,134.0,6.0,0.0,8.618758321763261,3.033799739274149,421.0,1.0,0.674560546875
-0.52281016,hexagonal,0.54638296,train,181.0,102.0,13.0,0.0,7.279216330860222,3.1042108798255468,398.0,1.0,0.54150390625
-0.20895062,small_square_cross,0.532633,train,257.0,156.0,6.0,0.0,5.843462275583676,2.6491749165179845,536.0,1.0,0.54541015625
-0.3338129,circle,0.464807,train,133.0,74.0,12.0,0.0,7.2258788048236315,2.018478931608405,306.0,1.0,0.461181640625
-0.33973312,hexagonal,0.546143,train,182.0,102.0,4.0,0.0,7.3405177833897834,2.4845479361483935,356.0,1.0,0.54443359375
-0.29536402,cross_rectangular,0.583838,train,229.0,121.0,16.0,0.0,7.451907867264525,3.2543226790112616,362.0,1.0,0.58642578125
-0.04847047,square,0.56063,train,342.0,197.0,13.0,0.0,4.921782141798544,2.3768111579131093,615.0,1.0,0.56640625
-0.82818884,reentrant_bowtie,0.526816,train,144.0,75.0,8.0,0.0,8.110115471240901,3.282285097944971,285.0,1.0,0.5302734375
-0.49282515,hourglass,0.4609625,train,124.0,69.0,8.0,0.0,8.748840360775409,2.231631779969243,268.0,1.0,0.456298828125
-0.47235477,hourglass,0.68754375,train,131.0,73.0,12.0,0.0,9.830628113496479,2.813750602412058,308.0,1.0,0.614501953125
-0.55801725,hourglass,0.5856211,train,187.0,106.0,6.0,0.0,8.151735161317665,2.3855037206324754,396.0,1.0,0.572021484375
-0.377081,hexagonal,0.5341725,train,127.0,70.0,13.0,0.0,8.71696991885797,3.214066724168849,285.0,1.0,0.529541015625
-0.58757347,hexagonal,0.5655159,train,203.0,113.0,6.0,0.0,7.664322370486919,3.120103883851088,411.0,1.0,0.560302734375
-0.15114066,square,0.68231,train,312.0,180.0,5.0,0.0,8.262099659715414,3.802371778840142,497.0,1.0,0.67822265625
-0.54389364,hourglass,0.42802382,train,118.0,62.0,10.0,0.0,7.732458399507581,1.8447835358176417,273.0,1.0,0.414306640625
-0.69819266,hourglass,0.6733106,train,137.0,82.0,5.0,0.0,8.325994046515355,2.4055418157966657,386.0,1.0,0.615966796875
-0.34746534,small_square_cross,0.618102,test,253.0,141.0,8.0,0.0,8.124323736078672,3.3118479440278716,370.0,1.0,0.61474609375
-0.59622484,hexagonal,0.50791746,train,128.0,72.0,6.0,0.0,8.509728271011559,2.633250030362622,289.0,1.0,0.5087890625
-0.25938395,nine_circle,0.499537,train,101.0,60.0,5.0,0.0,6.940306801760454,1.6701758796610497,422.0,1.0,0.511474609375
-0.53283304,hourglass,0.629063,train,138.0,77.0,8.0,0.0,10.274416504558914,2.3723714533700755,292.0,1.0,0.615234375
-0.5710581,hourglass,0.45348886,train,132.0,69.0,9.0,0.0,8.575001193790369,2.022417456995446,269.0,1.0,0.448486328125
-0.4190229,hexagonal,0.51742244,train,211.0,120.0,8.0,0.0,6.917863545123325,3.3456383392672806,379.0,1.0,0.506591796875
-0.32908446,nine_circle,0.503656,train,256.0,142.0,12.0,0.0,5.313337306022976,2.21804129281359,476.0,1.0,0.49951171875
-0.102793455,reentrant_bowtie,0.51518434,train,118.0,65.0,8.0,0.0,9.247958677856607,3.898862528805728,259.0,1.0,0.5185546875
-0.13461918,four_circle,0.47085,train,171.0,97.0,9.0,0.0,6.217135994301512,1.8417070996136966,403.0,1.0,0.489501953125
-0.42301148,hourglass,0.3845652,train,92.0,47.0,8.0,0.0,7.023826214842185,1.5352475353555861,259.0,1.0,0.373779296875
-0.42429376,hourglass,0.4096221,train,103.0,52.0,8.0,0.0,7.5974629342917135,1.8720605230361238,261.0,1.0,0.39892578125
-0.5377558,hourglass,0.40858427,train,104.0,54.0,8.0,0.0,7.5660063196860285,1.8443704119902031,260.0,1.0,0.397705078125
-0.57495576,hourglass,0.5038118,test,122.0,66.0,8.0,0.0,9.521564306545773,2.163517812474837,261.0,1.0,0.504150390625
-0.40536788,hexagonal,0.5609828,train,270.0,153.0,10.0,0.0,5.702994127756545,2.5230830483486772,555.0,1.0,0.556884765625
-0.3993429,hexagonal,0.572494,test,332.0,188.0,5.0,0.0,6.436635141164369,3.5189981715273078,558.0,1.0,0.577392578125
-0.1885089,square,0.583219,train,209.0,125.0,5.0,0.0,6.762031629755452,2.078721261819553,520.0,1.0,0.596923828125
-0.5503652,hexagonal,0.55276775,train,229.0,136.0,9.0,0.0,6.820100673325954,2.7921248752470236,452.0,1.0,0.556396484375
-0.382028,square,0.514117,train,397.0,224.0,11.0,0.0,4.49652429702929,1.6875218023928964,647.0,1.0,0.516357421875
-0.49525827,hourglass,0.5518236,train,129.0,68.0,3.0,0.0,8.519556225418258,2.279240992022297,369.0,1.0,0.54833984375
-0.30928522,hexagonal,0.5217213,train,123.0,70.0,10.0,0.0,7.982587054286147,2.632774691070598,297.0,1.0,0.52392578125
-0.4020137,hourglass,0.59457767,train,148.0,86.0,2.0,0.0,8.280527720729,2.3619259089929003,384.0,1.0,0.573486328125
-0.4991258,cross_rectangular,0.582363,train,542.0,302.0,26.0,0.0,4.492646142941767,1.4696232871526815,710.0,1.0,0.577392578125
-0.03386795,reentrant_bowtie,0.5256004,train,204.0,116.0,7.0,0.0,9.469044931270314,7.370344562102147,263.0,1.0,0.523681640625
-0.42823768,hourglass,0.41447234,train,111.0,56.0,8.0,0.0,7.6562259669884,1.8370082688096183,263.0,1.0,0.40283203125
-0.5697449,hourglass,0.45373562,train,141.0,73.0,9.0,0.0,8.555238430680575,1.9971748051495795,271.0,1.0,0.448974609375
-0.4656626,hourglass,0.3819937,train,92.0,46.0,8.0,0.0,7.016405458908948,1.5389964375034528,259.0,1.0,0.37255859375
-0.50187683,hourglass,0.4565744,train,122.0,67.0,9.0,0.0,8.672862550116209,2.314541194977819,271.0,1.0,0.45068359375
-0.49042383,hourglass,0.46076807,train,127.0,69.0,8.0,0.0,8.864087567529365,2.203262737285537,265.0,1.0,0.455078125
-0.28249642,hexagonal,0.565459,train,157.0,94.0,5.0,0.0,8.022165687906227,2.50237466267059,376.0,1.0,0.560546875
-0.5513953,reentrant_bowtie,0.54878,train,242.0,133.0,8.0,0.0,7.218762367723975,2.7105848796599417,391.0,1.0,0.5517578125
-0.3220773,hourglass,0.3080285,test,53.0,28.0,8.0,0.0,6.050560422025288,1.2500374312080313,256.0,1.0,0.301513671875
-0.5536196,hourglass,0.6073261,test,161.0,89.0,3.0,0.0,8.618355931916971,2.614712792197029,399.0,1.0,0.6025390625
-0.34414724,grid_circular_voids,0.577131,train,444.0,248.0,10.0,0.0,5.519748208004513,2.6434861107967493,665.0,1.0,0.577880859375
-0.56602716,hourglass,0.5499365,train,138.0,73.0,5.0,0.0,8.167775861881887,2.4040416135510743,374.0,1.0,0.547119140625
-0.40254194,hourglass,0.67847854,train,202.0,117.0,8.0,0.0,7.861067651663432,3.0397552082915724,411.0,1.0,0.611572265625
-0.08453317,reentrant_bowtie,0.5237437,test,120.0,69.0,8.0,0.0,8.658461559873011,3.5322423897711976,267.0,1.0,0.519287109375
-0.08042036,reentrant_bowtie,0.5011885,train,95.0,54.0,8.0,0.0,8.886594847667926,3.0744042390626753,255.0,1.0,0.50927734375
-0.66672564,hourglass,0.6814289,train,234.0,131.0,6.0,0.0,8.853412385602576,3.1835866323197157,386.0,1.0,0.6337890625
-0.3981375,hourglass,0.65296656,train,166.0,99.0,5.0,0.0,8.343209647458025,2.4043404040533334,400.0,1.0,0.6103515625
-0.16688117,reentrant_bowtie,0.5208542,train,135.0,74.0,6.0,0.0,10.201939970754847,7.300666488611998,232.0,1.0,0.52099609375
-0.44692606,hexagonal,0.529842,train,166.0,98.0,6.0,0.0,6.52015820647662,2.8851734784145835,447.0,1.0,0.529052734375
-0.6132179,hourglass,0.56822,train,245.0,135.0,9.0,0.0,7.0376028186017665,3.1879547767365763,440.0,1.0,0.56396484375
-0.17373866,hexagonal,0.5235478,train,203.0,107.0,14.0,0.0,7.307055640534854,3.0692828459041803,354.0,1.0,0.52294921875
-0.5947678,hourglass,0.5704783,val,149.0,80.0,4.0,0.0,8.186163978324476,2.6679491966271214,381.0,1.0,0.557373046875
-0.054660223,reentrant_bowtie,0.50630456,test,129.0,69.0,5.0,0.0,8.461510860923577,4.197807040643051,256.0,1.0,0.51318359375
-0.523644,hourglass,0.3729317,test,92.0,46.0,8.0,0.0,6.831740723305572,1.5780080440868134,258.0,1.0,0.359375
-0.6387379,hourglass,0.520055,train,246.0,139.0,4.0,0.0,6.62211869847151,3.0689692049183477,428.0,1.0,0.509033203125
-0.20821153,small_square_cross,0.550991,train,333.0,197.0,5.0,0.0,6.038871118925727,2.4281004865205027,572.0,1.0,0.560791015625
-0.5296815,hourglass,0.3505059,train,88.0,44.0,8.0,0.0,6.893835791310346,1.5659547867788266,263.0,1.0,0.33935546875
-0.54087657,hourglass,0.34476784,train,84.0,46.0,8.0,0.0,6.865281942097345,1.583587887932687,261.0,1.0,0.3349609375
-0.36969608,hexagonal,0.50213164,train,201.0,110.0,8.0,0.0,7.574156774340107,3.95301166258101,342.0,1.0,0.49365234375
-0.36134624,circle,0.52498,train,180.0,104.0,15.0,0.0,5.541128997321422,1.6206536453817382,493.0,1.0,0.52783203125
-0.5531946,hourglass,0.45077777,train,119.0,61.0,8.0,0.0,8.665967854929324,1.8575843070887306,262.0,1.0,0.448486328125
-0.6592638,hourglass,0.6656,val,155.0,92.0,3.0,0.0,8.598663217118137,2.591258372154593,399.0,1.0,0.617431640625
-0.2314161,circle,0.571578,train,416.0,233.0,16.0,0.0,6.531492835220536,2.9470929807260213,483.0,1.0,0.57177734375
-0.20217735,circle_half_quarter,0.563774,train,305.0,172.0,15.0,0.0,5.153334465376343,2.2922780764796644,509.0,1.0,0.554443359375
-0.45358387,hourglass,0.55587524,train,183.0,102.0,7.0,0.0,7.707414010501478,2.160369839206727,392.0,1.0,0.547119140625
-0.4858239,hourglass,0.49897465,train,121.0,65.0,8.0,0.0,9.647237463153164,2.0563363667450423,262.0,1.0,0.497314453125
-0.48260176,hourglass,0.6830545,train,93.0,53.0,7.0,0.0,11.065188698593643,2.6618430810859346,273.0,1.0,0.646240234375
-0.5281184,hourglass,0.49555913,train,127.0,68.0,8.0,0.0,9.430073682044755,2.136399926929604,263.0,1.0,0.49072265625
-0.24576169,hexagonal,0.53762716,train,255.0,144.0,13.0,0.0,6.028830521914748,2.612928641661738,465.0,1.0,0.5361328125
-0.12480947,square,0.56909,train,141.0,79.0,14.0,0.0,9.022670710087285,2.5574318843950254,314.0,1.0,0.57080078125
-0.6732003,hourglass,0.571269,train,264.0,146.0,7.0,0.0,7.4871123201186105,3.1823805977677617,423.0,1.0,0.5673828125
-0.2500928,reentrant_bowtie,0.523212,train,123.0,68.0,8.0,0.0,7.920649627155878,2.7546722547569744,277.0,1.0,0.51025390625
-0.5776134,hourglass,0.4350843,train,98.0,52.0,8.0,0.0,8.125051326336287,1.7768753805897894,259.0,1.0,0.42919921875
-0.57137436,hourglass,0.4534138,train,131.0,68.0,9.0,0.0,8.548160149327053,2.044022674391636,269.0,1.0,0.448486328125
-0.6685451,hourglass,0.501552,train,217.0,116.0,7.0,0.0,6.914160566500582,2.92681447261878,398.0,1.0,0.49169921875
-0.48826545,hourglass,0.49235606,train,121.0,65.0,8.0,0.0,9.462923960048691,2.110229875235488,262.0,1.0,0.49072265625
-0.32812342,nine_circle,0.527075,train,168.0,97.0,10.0,0.0,6.2561370522983495,2.323656715058848,453.0,1.0,0.5439453125
-0.565424,hourglass,0.5939982,train,182.0,103.0,2.0,0.0,8.287746450715655,2.317161714774335,393.0,1.0,0.573486328125
-0.37847933,grid_circular_voids,0.500714,train,122.0,72.0,6.0,0.0,6.643742532255137,1.91825172748286,442.0,1.0,0.515625
-0.5882344,hourglass,0.557321,test,212.0,116.0,8.0,0.0,7.35518161621681,3.1419335992697217,406.0,1.0,0.541015625
-0.54838216,hourglass,0.4815413,train,121.0,65.0,8.0,0.0,9.221769774229877,2.353027838525934,270.0,1.0,0.478515625
-0.39588588,hourglass,0.5961219,train,166.0,98.0,3.0,0.0,8.368514847855412,2.543976273937046,389.0,1.0,0.575927734375
-0.65915686,hourglass,0.6945529,test,111.0,64.0,9.0,0.0,10.516853089242295,2.5494595018600648,279.0,1.0,0.62646484375
-0.57523435,hourglass,0.5969013,train,169.0,100.0,3.0,0.0,8.344164042989842,2.510603822167198,390.0,1.0,0.573974609375
-0.43391034,hourglass,0.38481793,train,94.0,49.0,8.0,0.0,7.191665638094349,1.6742228862758721,260.0,1.0,0.3759765625
-0.5067557,hourglass,0.48382518,train,112.0,60.0,8.0,0.0,9.095314289974363,2.08035803301631,266.0,1.0,0.47900390625
-0.42845792,hourglass,0.41799295,train,112.0,58.0,8.0,0.0,7.973508861037025,1.8857985817347522,263.0,1.0,0.407958984375
-0.5859799,hourglass,0.62863535,train,163.0,91.0,7.0,0.0,9.634059448039059,2.918601015038319,321.0,1.0,0.618896484375
-0.42371106,hexagonal,0.512679,train,133.0,70.0,7.0,0.0,9.90591338322008,2.888735044357797,267.0,1.0,0.511962890625
-0.7277214,hexagonal,0.5745955,train,110.0,63.0,9.0,0.0,9.260341356328134,2.6054179139637803,273.0,1.0,0.56884765625
-0.41490895,hourglass,0.42565826,train,109.0,56.0,8.0,0.0,8.008875407494246,1.9485497183658937,262.0,1.0,0.41162109375
-0.61606187,hourglass,0.4574793,val,110.0,59.0,9.0,0.0,8.720612268767418,2.3117482745293656,267.0,1.0,0.451171875
-0.21544062,grid_circular_voids,0.496705,train,308.0,174.0,11.0,0.0,4.805353987090065,2.284261677057398,582.0,1.0,0.50341796875
-0.6179453,hourglass,0.501239,train,146.0,76.0,8.0,0.0,8.176082030053768,3.291690590202746,316.0,1.0,0.488525390625
-0.5430829,hourglass,0.61001,train,190.0,107.0,4.0,0.0,8.394454475345075,2.7056955450210385,405.0,1.0,0.60400390625
-0.39012334,cross_rectangular,0.515337,train,366.0,209.0,11.0,0.0,4.570125312431741,1.9648231399127083,584.0,1.0,0.5166015625
-0.6188073,hourglass,0.52536,train,349.0,200.0,5.0,0.0,6.17470420532358,3.281319087152473,519.0,1.0,0.522705078125
-0.6593765,hourglass,0.694307,train,112.0,64.0,8.0,0.0,10.60735699430344,2.6280245064819083,284.0,1.0,0.6279296875
-0.19372953,hexagonal,0.55935824,train,243.0,142.0,8.0,0.0,7.150259962870462,4.13802426635745,465.0,1.0,0.56298828125
-0.3231171,hexagonal,0.5442272,train,142.0,82.0,14.0,0.0,8.40907445421098,2.9741934108237453,317.0,1.0,0.54833984375
-0.12847182,reentrant_bowtie,0.51465327,train,125.0,67.0,6.0,0.0,9.93662494867025,6.809236877336999,225.0,1.0,0.516357421875
-0.23964903,small_square_cross,0.600936,train,407.0,234.0,11.0,0.0,5.073183062766179,2.1706946832914,668.0,1.0,0.6083984375
-0.4787375,hourglass,0.5571208,train,211.0,114.0,9.0,0.0,7.35464795753726,3.1621083127859886,401.0,1.0,0.5390625
-0.27980518,hourglass,0.30464822,train,65.0,31.0,8.0,0.0,6.1108003091227845,1.0788679983669789,257.0,1.0,0.2978515625
-0.6015712,hourglass,0.564365,train,232.0,131.0,4.0,0.0,7.524745924900663,2.8300687717668356,431.0,1.0,0.553466796875
-0.56964904,hourglass,0.5434755,train,166.0,93.0,4.0,0.0,7.87357520047246,2.6202008140523416,382.0,1.0,0.540283203125
-0.44885078,hourglass,0.559062,train,246.0,136.0,8.0,0.0,7.207966420173011,3.0857504111118503,428.0,1.0,0.543212890625
-0.5815896,hourglass,0.6361345,train,147.0,90.0,3.0,0.0,8.444950383512856,2.6682131180541635,394.0,1.0,0.61962890625
-0.52895355,hourglass,0.3490964,train,88.0,44.0,8.0,0.0,6.870724216903116,1.5752338439157876,263.0,1.0,0.33837890625
-0.11421562,hexagonal,0.56758267,train,195.0,111.0,9.0,0.0,7.0641219027420314,3.498811155385187,446.0,1.0,0.559326171875
-0.07903518,reentrant_bowtie,0.5326709,train,179.0,106.0,6.0,0.0,7.000188698987423,4.133593717785183,381.0,1.0,0.522705078125
-0.33818153,hexagonal,0.537641,train,361.0,200.0,12.0,0.0,6.404235052229695,3.1691730194688703,501.0,1.0,0.54541015625
-0.44400346,circle_half_quarter,0.519714,train,180.0,104.0,4.0,0.0,6.3785546048177295,2.090653313396397,405.0,1.0,0.53369140625
-0.64969265,hexagonal,0.55457413,train,181.0,101.0,4.0,0.0,7.5030275930640125,3.1989016864305855,405.0,1.0,0.5498046875
-0.358838,four_circle,0.558255,train,225.0,127.0,4.0,0.0,6.963875786860908,3.1016731056250713,414.0,1.0,0.562255859375
-0.36158195,hexagonal,0.5338521,train,220.0,124.0,12.0,0.0,6.873051768971742,3.3213989194314797,414.0,1.0,0.524658203125
-0.4597616,hourglass,0.6899898,train,127.0,71.0,11.0,0.0,9.986802845000964,2.6908201577078965,301.0,1.0,0.61474609375
-0.54363084,hourglass,0.41447234,train,111.0,56.0,8.0,0.0,7.656225966988399,1.8370082688096183,263.0,1.0,0.40283203125
-0.70598286,hourglass,0.578761,train,224.0,124.0,5.0,0.0,7.94345496275552,2.945534101313144,426.0,1.0,0.572509765625
-0.21078488,square,0.524785,train,365.0,204.0,13.0,0.0,4.834945893434799,3.1176505429675063,591.0,1.0,0.52099609375
-0.653931,hourglass,0.562905,val,222.0,126.0,5.0,0.0,7.286748163386124,3.266610332417086,430.0,1.0,0.56201171875
-0.5246997,hourglass,0.52718973,train,221.0,122.0,7.0,0.0,8.63736596057895,2.8903275065928726,334.0,1.0,0.51513671875
-0.23268628,reentrant_bowtie,0.50629,train,129.0,70.0,8.0,0.0,7.793683195680354,2.1223046402093395,289.0,1.0,0.50244140625
-0.49189267,hourglass,0.5482453,val,152.0,82.0,6.0,0.0,8.5993866778789,2.7624438232805533,329.0,1.0,0.541015625
-0.5145031,hourglass,0.33656663,train,77.0,40.0,8.0,0.0,6.58793803766117,1.2240495162119247,258.0,1.0,0.3271484375
-0.048454914,reentrant_bowtie,0.51742387,train,121.0,64.0,6.0,0.0,10.028682946633708,6.893069508193509,225.0,1.0,0.5185546875
-0.584283,hourglass,0.62664366,train,196.0,114.0,9.0,0.0,8.47653959216888,2.5350793001121947,388.0,1.0,0.6083984375
-0.04427498,reentrant_bowtie,0.5019854,train,107.0,57.0,8.0,0.0,9.670936340632181,6.472542373370592,221.0,1.0,0.507080078125
-0.4630448,hourglass,0.4429395,train,123.0,62.0,8.0,0.0,8.457180015768278,1.9479796455323048,270.0,1.0,0.435546875
-0.28829753,cross_rectangular,0.583838,train,225.0,121.0,17.0,0.0,7.425937938251669,3.223162898546687,360.0,1.0,0.58642578125
-0.2723695,cross_rectangular,0.541935,train,213.0,128.0,7.0,0.0,6.02032766193285,2.153684893456359,503.0,1.0,0.538330078125
-0.46580616,hourglass,0.4418665,train,123.0,62.0,8.0,0.0,8.444865566269952,1.9213674752726237,270.0,1.0,0.4326171875
-0.44066933,hourglass,0.549903,train,178.0,97.0,6.0,0.0,8.04580546591832,2.324984934389774,370.0,1.0,0.54296875
-0.3205772,grid_circular_voids,0.489699,val,166.0,96.0,16.0,0.0,5.402930861966103,2.286526330623296,443.0,1.0,0.481689453125
-0.63425535,hexagonal,0.54014564,train,214.0,125.0,11.0,0.0,6.012132461246681,2.7556467682053447,445.0,1.0,0.52783203125
-0.06547462,reentrant_bowtie,0.53914416,train,197.0,108.0,14.0,0.0,7.790576474540515,4.619290641363391,388.0,1.0,0.534912109375
-0.03608349,hexagonal,0.548897,train,183.0,104.0,0.0,0.0,8.154292420672304,5.5217061091445405,383.0,1.0,0.556396484375
-0.07171651,reentrant_bowtie,0.556211,train,214.0,123.0,10.0,0.0,7.760690413177525,4.653460289651177,359.0,1.0,0.55517578125
-0.49346265,hourglass,0.6987948,train,122.0,68.0,7.0,0.0,10.671616077528196,2.599113995923165,263.0,1.0,0.61376953125
-0.35857996,hexagonal,0.5470135,train,176.0,97.0,4.0,0.0,8.188597398637063,2.6826987611422832,384.0,1.0,0.55078125
-0.1219925,hexagonal,0.5295176,train,177.0,105.0,10.0,0.0,5.991195167873848,2.3213356776583547,477.0,1.0,0.515380859375
-0.6000001,hourglass,0.5708497,train,167.0,89.0,4.0,0.0,8.318012219812722,2.6553496169677593,383.0,1.0,0.557861328125
-0.52972966,hourglass,0.3502574,train,88.0,44.0,8.0,0.0,6.898966458016869,1.572483028778681,263.0,1.0,0.33935546875
-0.50093746,hourglass,0.5500214,train,138.0,73.0,5.0,0.0,8.167775861881887,2.4040416135510743,374.0,1.0,0.547119140625
-0.264888,hexagonal,0.528017,train,208.0,117.0,13.0,0.0,5.7785813055303175,1.923855097027472,472.0,1.0,0.521240234375
-0.6623177,hourglass,0.66824555,train,138.0,79.0,4.0,0.0,8.711423724600197,2.3703984893188603,390.0,1.0,0.619873046875
-0.55429745,hourglass,0.6290457,train,138.0,77.0,8.0,0.0,10.274416504558912,2.3723714533700755,292.0,1.0,0.615234375
-0.5430442,hourglass,0.46571073,train,115.0,61.0,8.0,0.0,9.056449766386004,2.012252144629412,263.0,1.0,0.4599609375
-0.5136379,hourglass,0.3368268,train,77.0,40.0,8.0,0.0,6.58793803766117,1.2240495162119247,258.0,1.0,0.3271484375
-0.26285565,hexagonal,0.559194,train,139.0,77.0,11.0,0.0,8.979572131990473,2.836773576861588,300.0,1.0,0.553955078125
-0.6621651,hourglass,0.688023,train,161.0,92.0,13.0,0.0,9.588214890676316,3.0213631377596673,320.0,1.0,0.60888671875
-0.060214173,hexagonal,0.566905,train,160.0,90.0,5.0,0.0,9.167821552176054,6.05482511245253,355.0,1.0,0.565673828125
-0.6258875,hourglass,0.66212875,train,170.0,101.0,6.0,0.0,8.330437467512649,2.497674818925799,405.0,1.0,0.61181640625
-0.04347695,reentrant_bowtie,0.5256496,train,180.0,101.0,7.0,0.0,9.248685379736033,7.272958632756598,258.0,1.0,0.523193359375
-0.35047206,four_circle,0.539374,train,433.0,237.0,17.0,0.0,5.104649865383844,3.5695025634723248,666.0,1.0,0.560302734375
-0.06918958,reentrant_bowtie,0.5362184,val,185.0,108.0,10.0,0.0,7.2088094025311,4.28652240715718,381.0,1.0,0.532958984375
-0.5784057,hourglass,0.6376838,train,167.0,99.0,4.0,0.0,8.540351939823369,2.3858146755080516,397.0,1.0,0.617919921875
-0.6667102,hourglass,0.6848234,train,119.0,68.0,9.0,0.0,10.10938792618789,2.6196077422705355,290.0,1.0,0.618408203125
-0.6848638,hexagonal,0.5109083,train,125.0,66.0,7.0,0.0,9.309737959208645,2.4044977270833376,265.0,1.0,0.496337890625
-0.46247777,hexagonal,0.533505,train,100.0,55.0,8.0,0.0,10.151359517051793,2.8416368444194258,256.0,1.0,0.53271484375
-0.58800673,hourglass,0.54343,train,168.0,92.0,6.0,0.0,7.780414888935724,2.815583376038642,372.0,1.0,0.53173828125
-0.67869484,hourglass,0.6930085,train,146.0,84.0,6.0,0.0,9.545474735826168,3.098024890402029,325.0,1.0,0.621337890625
-0.15051971,small_square_cross,0.509937,train,187.0,105.0,12.0,0.0,7.793779180092264,2.581462018905536,317.0,1.0,0.513671875
-0.6484716,hourglass,0.6558996,test,171.0,99.0,8.0,0.0,8.247275857653637,2.654713010614762,415.0,1.0,0.611572265625
-0.4578466,grid_circular_voids,0.523326,train,153.0,91.0,8.0,0.0,6.690214519094982,1.939685026775595,445.0,1.0,0.535888671875
-0.39530995,grid_circular_voids,0.532296,train,165.0,100.0,6.0,0.0,6.585960931351352,2.3876851801708168,461.0,1.0,0.55078125
-0.7567692,hexagonal,0.5280781,train,95.0,52.0,7.0,0.0,8.937216479531896,2.722573589665363,269.0,1.0,0.51904296875
-0.54343444,hourglass,0.428092,train,112.0,59.0,10.0,0.0,7.727750269832542,1.8548712499305564,271.0,1.0,0.414306640625
-0.577829,hourglass,0.41567498,train,112.0,58.0,8.0,0.0,7.766282083353484,2.0709022639150167,265.0,1.0,0.405517578125
-0.3410224,hexagonal,0.5148771,train,239.0,135.0,15.0,0.0,5.3810846589075965,2.5645106314685484,488.0,1.0,0.50341796875
-0.49647963,hourglass,0.570794,train,201.0,105.0,9.0,0.0,7.720506583653756,2.9809797723763216,398.0,1.0,0.55517578125
-0.5022003,hourglass,0.51321733,train,166.0,87.0,10.0,0.0,8.661426794694137,2.4605120477478613,309.0,1.0,0.509033203125
-0.42448816,hourglass,0.40981784,train,101.0,52.0,8.0,0.0,7.580420545429193,1.87255310302959,260.0,1.0,0.39892578125
-0.511904,hourglass,0.47660747,train,118.0,64.0,8.0,0.0,9.293917257511882,2.287061254171852,265.0,1.0,0.474365234375
-0.29754698,nine_circle,0.474004,train,192.0,115.0,6.0,1.0,5.632000458572404,2.1755980152100083,433.0,1.0,0.481201171875
-0.6830161,hourglass,0.67134875,train,145.0,86.0,4.0,0.0,8.499137460218185,2.440670035978601,385.0,1.0,0.625244140625
-0.5708747,hourglass,0.50451016,train,122.0,66.0,8.0,0.0,9.524394320927788,2.1616859160283073,261.0,1.0,0.505126953125
-0.3211846,nine_circle,0.552853,train,403.0,228.0,13.0,0.0,5.3315979068659365,3.0100960005838866,635.0,1.0,0.559326171875
-0.40412074,small_square_cross,0.570284,train,236.0,133.0,9.0,0.0,7.3761627237685135,3.3255438565962203,379.0,1.0,0.578125
-0.4287539,hourglass,0.56158894,train,158.0,85.0,4.0,0.0,8.073372855499725,2.6930516784428753,389.0,1.0,0.550537109375
-0.13183826,hexagonal,0.514121,train,179.0,101.0,13.0,0.0,7.63984175556745,2.790137045650945,342.0,1.0,0.517578125
-0.645422,hourglass,0.531592,train,243.0,134.0,6.0,0.0,7.006742875636739,3.0618683581742903,426.0,1.0,0.5263671875
-0.36123323,hexagonal,0.5734236,train,254.0,147.0,13.0,0.0,6.1085531535397255,2.7044684873282034,490.0,1.0,0.566650390625
-0.5014069,hourglass,0.4009877,train,97.0,48.0,8.0,0.0,7.523168936893551,1.9014914159614886,262.0,1.0,0.392822265625
-0.554265,hourglass,0.61925,train,169.0,96.0,2.0,0.0,8.596263524707416,2.725974450642448,401.0,1.0,0.606201171875
-0.3076381,square,0.64065,train,220.0,118.0,14.0,0.0,8.099908360103676,3.4818049973259657,432.0,1.0,0.658203125
-0.0890669,reentrant_bowtie,0.501389,train,83.0,47.0,8.0,0.0,8.961344822118148,2.686653774289826,252.0,1.0,0.509033203125
-0.57525265,hourglass,0.4417063,train,123.0,62.0,8.0,0.0,8.432972593859107,1.9388262700137093,270.0,1.0,0.433349609375
-0.36561912,circle,0.631596,train,286.0,157.0,8.0,0.0,8.208966683509031,3.2698021570913207,381.0,1.0,0.62109375
-0.45857584,hourglass,0.5035576,train,116.0,62.0,8.0,0.0,9.495229605942404,2.200139707026546,260.0,1.0,0.502197265625
-0.2673835,nine_circle,0.478141,train,118.0,68.0,7.0,0.0,6.796920283911148,2.312429285321337,352.0,1.0,0.488037109375
-0.41704834,hourglass,0.6641644,train,140.0,82.0,4.0,0.0,8.454789289789112,2.4479307664387693,393.0,1.0,0.617431640625
-0.37514055,small_square_cross,0.499044,train,193.0,109.0,14.0,0.0,6.72115179965682,2.661817690140961,355.0,1.0,0.49853515625
-0.4924168,hourglass,0.45943987,train,115.0,63.0,8.0,0.0,8.82864685495564,2.193757157950176,264.0,1.0,0.45458984375
-0.27634308,circle,0.574507,val,183.0,107.0,13.0,0.0,8.687067230488648,2.5077114440708823,333.0,1.0,0.585205078125
-1.1924626,reentrant_bowtie,0.53516936,train,194.0,111.0,11.0,0.0,7.371915764818574,4.1969818859978725,398.0,1.0,0.532470703125
-0.17588618,cross_rectangular,0.602379,train,446.0,259.0,19.0,0.0,4.850481449466322,1.6243491563564365,676.0,1.0,0.606201171875
-0.4056986,hourglass,0.32136667,val,79.0,39.0,8.0,0.0,6.600027515386693,1.2268960272882148,259.0,1.0,0.31396484375
-0.36373028,nine_circle,0.507316,train,162.0,100.0,2.0,0.0,6.8421136122140735,1.809631739288577,448.0,1.0,0.5205078125
-0.2510686,square,0.629317,train,161.0,93.0,13.0,0.0,9.003351817745743,2.955827518626049,365.0,1.0,0.626220703125
-0.5655167,hourglass,0.643769,train,139.0,81.0,4.0,0.0,8.677411626298253,2.584005064848561,393.0,1.0,0.630126953125
-0.24710041,hexagonal,0.5721004,train,203.0,119.0,6.0,0.0,6.844818231170994,2.959678104750763,463.0,1.0,0.5673828125
-0.42232805,square,0.522132,train,402.0,238.0,18.0,0.0,4.177142735176724,1.4180754667575979,666.0,1.0,0.52197265625
-0.62673306,hourglass,0.5123425,train,172.0,91.0,10.0,0.0,8.536304166296427,2.561626805849042,309.0,1.0,0.506591796875
-0.57772636,hourglass,0.5594019,train,166.0,94.0,4.0,0.0,8.180008745689834,2.6330244482685874,388.0,1.0,0.5498046875
-0.43703848,hourglass,0.60049206,train,189.0,108.0,5.0,0.0,8.48115207194106,2.524737399038989,401.0,1.0,0.58837890625
-0.47524345,hourglass,0.39104468,train,97.0,50.0,8.0,0.0,7.484657415197817,1.876669419463308,262.0,1.0,0.38525390625
-0.61410743,hexagonal,0.5449663,train,273.0,158.0,15.0,0.0,5.5747107161084,2.0155991365938664,507.0,1.0,0.54443359375
-0.24816625,square,0.604458,train,230.0,122.0,15.0,0.0,8.5696843432876,3.155667525126602,352.0,1.0,0.609375
-0.38046765,small_square_cross,0.501561,train,306.0,176.0,21.0,0.0,4.817509270182653,1.569108828601569,522.0,1.0,0.502197265625
-0.02592505,reentrant_bowtie,0.51254153,train,187.0,106.0,6.0,0.0,9.75207403676946,7.413109660494024,245.0,1.0,0.51806640625
-0.21358046,hexagonal,0.55632836,train,224.0,127.0,8.0,0.0,6.751581549528252,3.6240541746432395,471.0,1.0,0.561767578125
-0.22644438,four_circle,0.526693,train,384.0,215.0,20.0,0.0,4.7210183747240935,1.6187761456553635,568.0,1.0,0.519287109375
-0.26412305,four_circle,0.525661,train,213.0,120.0,8.0,0.0,5.560644492754095,2.273001190607946,504.0,1.0,0.529052734375
-0.5097936,hourglass,0.69359106,train,106.0,60.0,9.0,0.0,10.10476498253257,2.789870932533856,290.0,1.0,0.622314453125
-0.43634242,four_circle,0.530037,train,387.0,215.0,15.0,0.0,4.545529649661319,1.79556850170588,596.0,1.0,0.533203125
-0.26022118,hexagonal,0.57983077,val,243.0,138.0,14.0,0.0,6.889999028093518,2.9448357402433354,444.0,1.0,0.577392578125
-0.5827681,hourglass,0.6265591,train,171.0,100.0,7.0,0.0,8.452774031229048,2.5050521953953733,385.0,1.0,0.609619140625
-0.4845987,hourglass,0.3590894,train,84.0,42.0,8.0,0.0,6.848795368946213,1.7150306815260508,262.0,1.0,0.35107421875
-0.2568544,hexagonal,0.57139015,train,96.0,54.0,7.0,0.0,10.356619922116067,2.520805204006818,285.0,1.0,0.569091796875
-0.607711,hourglass,0.6332838,train,215.0,126.0,5.0,0.0,8.439323338545131,2.787596760069704,421.0,1.0,0.620361328125
-0.054234564,reentrant_bowtie,0.51668084,train,112.0,60.0,6.0,0.0,10.201413758161502,6.962745859297529,226.0,1.0,0.5146484375
-0.42556658,hourglass,0.35502085,train,80.0,42.0,8.0,0.0,6.764550337829571,1.6340065792144733,261.0,1.0,0.346923828125
-0.51319957,hourglass,0.5130016,train,162.0,87.0,10.0,0.0,8.551407763998391,2.5048107153288255,307.0,1.0,0.51123046875
-0.465377,hourglass,0.39499143,train,97.0,50.0,8.0,0.0,7.513312291142586,1.8679051671526756,262.0,1.0,0.38671875
-0.48312533,hourglass,0.5589899,train,211.0,114.0,9.0,0.0,7.370456895582003,3.1630244006840864,402.0,1.0,0.542236328125
-0.086542875,square,0.54783,train,314.0,175.0,11.0,0.0,7.048107186258579,2.665376229068629,441.0,1.0,0.559326171875
-0.3852075,hexagonal,0.565662,train,316.0,182.0,5.0,0.0,6.03289209006688,3.135238642836974,541.0,1.0,0.566162109375
-0.42570344,hourglass,0.37994412,train,96.0,48.0,8.0,0.0,7.0534746672068875,1.5198794625262748,260.0,1.0,0.37255859375
-0.4026458,circle,0.501791,train,252.0,144.0,12.0,0.0,5.867339404447055,2.265574366307609,453.0,1.0,0.515869140625
-0.34849715,hexagonal,0.52192384,train,197.0,108.0,7.0,0.0,8.575309174576967,3.5582155580067822,315.0,1.0,0.510986328125
-0.33686244,circle,0.574626,train,424.0,232.0,21.0,0.0,4.808653286617669,1.9969889033773325,630.0,1.0,0.5732421875
-0.045708098,reentrant_bowtie,0.542284,train,212.0,117.0,6.0,0.0,9.48663145247929,7.680219602544868,277.0,1.0,0.5380859375
-0.1255383,circle,0.534486,train,344.0,205.0,5.0,0.0,5.710431493196582,2.175103143382238,591.0,1.0,0.540283203125
-0.42432767,cross_rectangular,0.576108,train,395.0,220.0,24.0,0.0,4.737447047703293,1.6786131082005271,628.0,1.0,0.57861328125
-0.6459277,hourglass,0.51292413,train,176.0,97.0,10.0,0.0,8.631061254962146,2.514550343753944,308.0,1.0,0.51123046875
-0.22655737,circle_half_quarter,0.516284,train,345.0,196.0,11.0,0.0,4.659609263978594,2.22248344629928,611.0,1.0,0.5048828125
-0.617402,hourglass,0.45715803,train,128.0,69.0,9.0,0.0,8.746803847716235,2.278341375594581,271.0,1.0,0.45068359375
-0.37478623,hourglass,0.64671314,train,186.0,106.0,5.0,0.0,8.59226384458454,2.644291801877969,415.0,1.0,0.616943359375
-0.4746349,hourglass,0.36106327,train,84.0,42.0,8.0,0.0,6.855259642546965,1.7114553325764181,262.0,1.0,0.354736328125
-0.45070446,hourglass,0.43841052,train,98.0,52.0,8.0,0.0,8.15151149956034,1.7555106953513755,259.0,1.0,0.43017578125
-0.6565667,hourglass,0.67187905,train,160.0,95.0,4.0,0.0,8.497540435546604,2.4518985595351257,400.0,1.0,0.62646484375
-0.49933732,hourglass,0.45783043,train,128.0,69.0,9.0,0.0,8.768944069118447,2.280693068363643,271.0,1.0,0.451416015625
-0.716853,hourglass,0.6998231,train,143.0,80.0,9.0,0.0,10.600450597492696,2.767474820302156,281.0,1.0,0.619873046875
-0.54469055,hourglass,0.47711927,val,121.0,65.0,8.0,0.0,9.24280084494892,2.337096127334467,267.0,1.0,0.474365234375
-0.57636654,hexagonal,0.521705,train,375.0,204.0,10.0,0.0,5.059012223891683,2.5074084375905916,570.0,1.0,0.52783203125
-0.03876564,reentrant_bowtie,0.5141732,train,120.0,65.0,7.0,0.0,10.535165517452345,7.017907683962778,216.0,1.0,0.52294921875
-0.55338717,hourglass,0.60736424,train,177.0,99.0,2.0,0.0,8.473033649777818,2.660110359005824,403.0,1.0,0.6025390625
-0.6255501,hourglass,0.6224387,train,153.0,89.0,4.0,0.0,8.251650572086094,2.3347546258058585,392.0,1.0,0.59326171875
-0.42694584,hourglass,0.60246533,train,180.0,102.0,5.0,0.0,8.495846396820196,2.513331375513594,399.0,1.0,0.59130859375
-0.39275414,nine_circle,0.522722,val,208.0,121.0,10.0,0.0,5.76351456649569,3.178467328567831,477.0,1.0,0.519287109375
-0.5045726,hourglass,0.40359938,train,97.0,50.0,8.0,0.0,7.512778753705951,1.8659634294384941,262.0,1.0,0.39306640625
-0.57014966,hourglass,0.54328454,val,154.0,89.0,4.0,0.0,8.005379852871917,2.577046010164573,374.0,1.0,0.540283203125
-1.0200231,reentrant_bowtie,0.5387994,train,228.0,130.0,13.0,0.0,7.353152538758945,4.225716466664144,376.0,1.0,0.53125
-0.43509597,hourglass,0.41528478,train,117.0,61.0,8.0,0.0,7.752123128152907,2.0725743532056513,266.0,1.0,0.402099609375
-0.60066414,hourglass,0.5707832,val,161.0,88.0,4.0,0.0,8.196747756564061,2.7317651573566653,382.0,1.0,0.557861328125
-0.2746686,small_square_cross,0.57469,train,254.0,147.0,14.0,0.0,6.795083679833126,2.887773273351005,484.0,1.0,0.572021484375
-0.5353017,hourglass,0.47375795,train,119.0,64.0,9.0,0.0,9.04996258277953,2.1024449168926163,267.0,1.0,0.47021484375
-0.21774395,square,0.56351,train,312.0,173.0,20.0,0.0,6.196954211398996,2.397350873798958,535.0,1.0,0.56591796875
-0.5918273,hourglass,0.4601619,train,127.0,69.0,8.0,0.0,8.822490840283312,2.210168537509106,269.0,1.0,0.455078125
-0.42029506,hourglass,0.529907,train,220.0,123.0,4.0,0.0,7.354397769089993,2.7548813113137096,439.0,1.0,0.529052734375
-0.3286243,square,0.559552,train,435.0,244.0,15.0,0.0,4.990111425899687,2.2383941234073195,611.0,1.0,0.555908203125
-0.04339714,reentrant_bowtie,0.5253538,train,195.0,110.0,6.0,0.0,9.123636939024063,7.044438506349564,259.0,1.0,0.5224609375
-0.53747463,hourglass,0.48396358,train,119.0,63.0,8.0,0.0,9.05276805739267,2.129854311435368,270.0,1.0,0.47900390625
-0.49562138,hourglass,0.55145246,train,127.0,66.0,4.0,0.0,8.267927836158709,2.3659360619166,366.0,1.0,0.54833984375
-0.16850261,square,0.591143,test,381.0,220.0,18.0,0.0,5.417013463128746,2.2892537535745867,602.0,1.0,0.59326171875
-0.5114618,hourglass,0.48916805,train,130.0,68.0,9.0,0.0,9.144228966490298,2.3091084248880183,274.0,1.0,0.486328125
-0.30592015,hexagonal,0.504505,train,230.0,131.0,12.0,0.0,5.936537803175142,2.846362803044339,427.0,1.0,0.504150390625
-0.535893,hourglass,0.47046062,val,103.0,55.0,8.0,0.0,9.038515499709138,2.041268238878991,260.0,1.0,0.464599609375
-0.5782869,hourglass,0.4368902,train,105.0,56.0,8.0,0.0,8.220976661041204,1.6679193482768464,262.0,1.0,0.43017578125
-0.36020446,grid_circular_voids,0.554118,train,266.0,148.0,8.0,0.0,5.462214530460725,2.4552971063212605,501.0,1.0,0.55126953125
-0.3187869,circle,0.52984,train,341.0,192.0,8.0,0.0,6.621157722646055,2.674608165472241,445.0,1.0,0.53955078125
-0.43441546,hourglass,0.38707992,train,97.0,50.0,8.0,0.0,7.261971594373353,1.7547516000560177,260.0,1.0,0.38134765625
-0.7016943,hourglass,0.67692035,train,156.0,96.0,4.0,0.0,8.374228462110173,2.4647168823119445,395.0,1.0,0.616455078125
-0.5680128,hourglass,0.54688877,train,142.0,78.0,7.0,0.0,8.133672534736538,2.570772208882695,371.0,1.0,0.54150390625
-0.54644,hourglass,0.49003595,test,121.0,65.0,8.0,0.0,9.413943747338777,2.123071858017891,262.0,1.0,0.487060546875
-0.5481075,hourglass,0.48215798,test,121.0,65.0,8.0,0.0,9.283391096681134,2.326833763731085,267.0,1.0,0.47900390625
-0.6660163,hourglass,0.69718593,train,133.0,74.0,8.0,0.0,10.512209938199787,2.7320770733860487,274.0,1.0,0.614990234375
-0.44077536,hourglass,0.37034315,train,103.0,52.0,9.0,0.0,6.861874751001705,1.664388238828335,263.0,1.0,0.362548828125
-0.5875431,hourglass,0.517068,train,166.0,91.0,5.0,0.0,7.816505862576314,2.7004592207158282,369.0,1.0,0.51171875
-0.36171436,hexagonal,0.5619203,train,189.0,102.0,4.0,0.0,8.32662625758017,3.0060150258120157,385.0,1.0,0.561767578125
-0.23768881,reentrant_bowtie,0.516462,train,97.0,51.0,8.0,0.0,8.454372908541275,3.058553179935271,231.0,1.0,0.511962890625
-0.5735323,hourglass,0.43239042,test,102.0,55.0,9.0,0.0,7.9343547418626965,1.895476538942562,267.0,1.0,0.422607421875
-0.5507118,hourglass,0.53193367,train,181.0,94.0,8.0,0.0,7.344659731988977,2.8889809428790083,379.0,1.0,0.51416015625
-0.67074215,hourglass,0.569926,train,232.0,124.0,8.0,0.0,7.53403498964729,3.137066717200558,418.0,1.0,0.567626953125
-0.69003594,hexagonal,0.5487758,train,157.0,88.0,11.0,0.0,8.685986175078675,3.2729763709920507,315.0,1.0,0.5478515625
-1.005451,hexagonal,0.54284,train,107.0,62.0,9.0,0.0,7.3620858443024915,2.5202728730147848,384.0,1.0,0.543701171875
-0.44209248,circle,0.543119,train,277.0,144.0,16.0,0.0,6.350007820328333,2.9162735279876495,411.0,1.0,0.538818359375
-0.32268202,square,0.559552,train,435.0,244.0,15.0,0.0,4.990111425899686,2.2383941234073195,611.0,1.0,0.555908203125
-0.5995556,hourglass,0.5709739,train,167.0,89.0,4.0,0.0,8.318012219812722,2.6553496169677593,383.0,1.0,0.557861328125
-0.6483353,hourglass,0.6637282,val,137.0,81.0,4.0,0.0,8.428644056155742,2.4536624410522516,384.0,1.0,0.60986328125
-0.53870547,hourglass,0.48732972,test,123.0,64.0,9.0,0.0,9.119969013650676,2.2925520320553554,270.0,1.0,0.48486328125
-0.20384945,small_square_cross,0.550991,train,333.0,197.0,5.0,0.0,6.038871118925728,2.4281004865205023,572.0,1.0,0.560791015625
-0.49101225,hexagonal,0.54435915,train,206.0,112.0,7.0,0.0,7.730066877305786,3.2388612067416274,385.0,1.0,0.5380859375
-0.5668887,hourglass,0.54454803,train,169.0,98.0,3.0,0.0,8.025130405396654,2.5762103588002563,379.0,1.0,0.540283203125
-0.29483005,circle_half_quarter,0.530882,train,357.0,207.0,9.0,0.0,5.332485231650923,1.8091253653514856,576.0,1.0,0.55615234375
-0.40961415,hexagonal,0.5088186,train,239.0,138.0,12.0,0.0,5.630815957188156,2.0892050636563892,508.0,1.0,0.506103515625
-0.57505405,hourglass,0.45226732,train,116.0,59.0,8.0,0.0,8.585150727430976,1.9774431286168523,265.0,1.0,0.446533203125
-0.3719397,small_square_cross,0.611275,train,360.0,201.0,17.0,0.0,5.874473385599645,2.1266159067849326,595.0,1.0,0.632568359375
-0.64475554,hourglass,0.6648258,test,148.0,87.0,4.0,0.0,8.538219268264566,2.635699715987862,395.0,1.0,0.614013671875
-0.568773,hourglass,0.5465425,train,124.0,66.0,12.0,0.0,8.070323063510584,2.5411866092752153,359.0,1.0,0.54150390625
-0.2895425,reentrant_bowtie,0.518992,train,134.0,73.0,8.0,0.0,7.7559166972418385,2.4930090582545703,287.0,1.0,0.507080078125
-0.2391142,circle_half_quarter,0.554684,train,437.0,255.0,12.0,0.0,5.227903625396584,2.8064623444422803,666.0,1.0,0.5625
-0.58002216,hourglass,0.59868866,train,167.0,99.0,4.0,0.0,8.371370973516688,2.561689537574789,380.0,1.0,0.578125
-0.62607574,hourglass,0.538183,train,185.0,104.0,4.0,0.0,7.5784682123227,2.8025504174383165,407.0,1.0,0.535400390625
-0.4621054,hourglass,0.44945633,train,115.0,58.0,8.0,0.0,8.529317780691816,1.9424536688621226,268.0,1.0,0.4462890625
-0.29658645,square,0.65092,train,202.0,120.0,7.0,0.0,7.400467069581637,2.5441802675732537,513.0,1.0,0.6669921875
-0.5138395,hourglass,0.523057,train,136.0,74.0,7.0,0.0,9.321100331026418,2.1732298624392223,274.0,1.0,0.5126953125
-0.5483025,hourglass,0.4812059,train,117.0,63.0,8.0,0.0,9.308150817883101,2.3148063313249647,266.0,1.0,0.47705078125
-0.534028,hourglass,0.4696949,train,103.0,55.0,8.0,0.0,9.024623105175886,2.0462030789476366,260.0,1.0,0.4609375
-0.4053007,hourglass,0.31756,test,59.0,30.0,8.0,0.0,6.4207344190650835,1.0163626563607724,255.0,1.0,0.308837890625
-0.4485114,hourglass,0.4311678,train,114.0,59.0,8.0,0.0,8.229335103774108,1.924132577041816,264.0,1.0,0.419189453125
-0.42543715,hourglass,0.32966363,train,72.0,37.0,8.0,0.0,6.510228398680893,1.4033590483068665,261.0,1.0,0.321044921875
-0.371917,nine_circle,0.591922,train,250.0,146.0,4.0,1.0,7.1271846879140455,2.5999538771859037,460.0,1.0,0.60009765625
-0.52109385,hourglass,0.5751077,train,159.0,90.0,3.0,0.0,8.146296683392563,2.5003321954962936,391.0,1.0,0.564208984375
-0.6791992,reentrant_bowtie,0.531964,train,329.0,187.0,8.0,0.0,6.408641819571631,3.24309680996697,447.0,1.0,0.532470703125
-0.57672054,hourglass,0.5803463,train,158.0,94.0,2.0,0.0,8.299035714379372,2.5948490040028385,387.0,1.0,0.56982421875
-0.07329332,reentrant_bowtie,0.5341437,train,157.0,94.0,6.0,0.0,7.2498655046985805,4.252218242059691,377.0,1.0,0.530517578125
-0.5668314,hourglass,0.4862392,train,126.0,68.0,7.0,0.0,9.319857358826741,2.237616025548114,270.0,1.0,0.484619140625
-0.4529296,hourglass,0.4367943,train,98.0,52.0,8.0,0.0,8.15151149956034,1.7555106953513755,259.0,1.0,0.43017578125
-0.5356209,hourglass,0.4703534,train,115.0,61.0,8.0,0.0,9.104616118738273,2.00651873194994,263.0,1.0,0.464599609375
-0.62751836,hourglass,0.6638507,train,145.0,85.0,4.0,0.0,8.549576783708055,2.3393400256357832,391.0,1.0,0.61181640625
-0.6498571,hourglass,0.50382,train,219.0,124.0,9.0,0.0,6.622657518960057,3.081081691775267,414.0,1.0,0.49755859375
-0.028495744,reentrant_bowtie,0.5433887,train,139.0,77.0,4.0,0.0,11.292939942420995,8.277386956842017,263.0,1.0,0.539794921875
-0.31300148,circle,0.564911,train,399.0,221.0,9.0,0.0,5.559695813998995,3.0576202699258315,540.0,1.0,0.564697265625
-0.5545954,hourglass,0.6185114,train,170.0,95.0,3.0,0.0,8.656870986268771,2.8246388666691464,400.0,1.0,0.6083984375
-0.37903386,circle,0.572516,train,363.0,202.0,10.0,0.0,7.0856770062209105,3.202462552087983,441.0,1.0,0.578857421875
-0.19987069,square,0.516394,train,200.0,109.0,13.0,0.0,7.9250573466248575,2.675317079225211,332.0,1.0,0.518798828125
-0.2608299,hexagonal,0.570559,train,163.0,98.0,4.0,0.0,7.463567310638217,2.880132462157358,407.0,1.0,0.571044921875
-1.0447714,reentrant_bowtie,0.566205,train,246.0,134.0,10.0,0.0,6.1629036840159035,4.657250227751417,426.0,1.0,0.557861328125
-0.5511125,hourglass,0.6093216,val,168.0,96.0,3.0,0.0,8.522773210082388,2.6191266190636697,398.0,1.0,0.6044921875
-0.40224463,hourglass,0.3128254,train,64.0,34.0,8.0,0.0,6.315932323485777,0.8369220835080846,257.0,1.0,0.30517578125
-0.525946,hourglass,0.33398652,train,77.0,40.0,8.0,0.0,6.58793803766117,1.2240495162119247,258.0,1.0,0.32568359375
-0.69848824,hourglass,0.574746,test,219.0,121.0,9.0,0.0,7.874356164523014,3.2470809355606685,408.0,1.0,0.570556640625
-0.39940518,hexagonal,0.54623127,train,302.0,168.0,21.0,0.0,5.0654521462764,2.104317246881501,552.0,1.0,0.53955078125
-0.4421369,hourglass,0.33719212,train,77.0,40.0,8.0,0.0,6.58793803766117,1.2240495162119247,258.0,1.0,0.3271484375
-0.085476816,reentrant_bowtie,0.57942,train,141.0,80.0,10.0,0.0,8.573738686423543,4.373614630591534,320.0,1.0,0.58154296875
-0.4814165,hourglass,0.50159276,train,128.0,69.0,8.0,0.0,9.580232268466057,2.123234105385486,263.0,1.0,0.497802734375
-0.36774868,hourglass,0.6332838,train,193.0,112.0,6.0,0.0,8.51462552766046,2.702152324184423,421.0,1.0,0.620361328125
-0.8116016,hexagonal,0.53289,train,291.0,155.0,8.0,0.0,6.921175612179749,3.1060327596377477,449.0,1.0,0.540771484375
-0.5683757,hourglass,0.5036009,train,116.0,62.0,8.0,0.0,9.495229605942404,2.2001397070265463,260.0,1.0,0.502197265625
-0.53659356,hourglass,0.48887345,train,130.0,68.0,9.0,0.0,9.144228966490298,2.3091084248880187,274.0,1.0,0.486328125
-0.399327,hourglass,0.59665513,train,166.0,99.0,3.0,0.0,8.360188466393579,2.559181156036672,389.0,1.0,0.575439453125
-0.44256064,hexagonal,0.554698,train,373.0,197.0,8.0,0.0,8.114174094504136,3.9189537591120116,404.0,1.0,0.559326171875
-0.3013124,hexagonal,0.5658899,train,171.0,98.0,6.0,0.0,7.507086642377655,2.440730148408156,370.0,1.0,0.55908203125
-0.5470901,hourglass,0.47558856,train,127.0,68.0,9.0,0.0,9.126635254474687,2.36122375904251,271.0,1.0,0.473876953125
-0.24834709,cross_rectangular,0.615184,train,417.0,227.0,17.0,0.0,6.269850732113691,3.3677075387445607,564.0,1.0,0.609619140625
-0.3092046,hexagonal,0.525876,val,148.0,85.0,7.0,0.0,7.949186588202782,2.574609563432647,330.0,1.0,0.5263671875
-0.5800812,hourglass,0.63810074,train,146.0,86.0,7.0,0.0,8.20828420516246,2.4845703884421564,408.0,1.0,0.61328125
-0.5310038,hourglass,0.514866,train,166.0,92.0,5.0,0.0,7.5656812596680965,2.6043361005486156,362.0,1.0,0.511962890625
-0.66695446,hexagonal,0.5606757,train,142.0,75.0,8.0,0.0,9.964960617022193,3.0175084097059193,276.0,1.0,0.548828125
-0.40348068,circle,0.550103,val,247.0,142.0,13.0,0.0,6.914549975356434,2.747758722937241,407.0,1.0,0.552490234375
-0.42491823,hourglass,0.56149,train,246.0,133.0,8.0,0.0,7.294796842080859,3.135419635463544,423.0,1.0,0.5537109375
-0.451356,hourglass,0.6012751,train,193.0,109.0,5.0,0.0,8.43769018646834,2.517943165069937,404.0,1.0,0.58984375
-0.5805066,hexagonal,0.5178083,train,144.0,83.0,2.0,0.0,7.729890934747872,2.4209893096992103,387.0,1.0,0.52197265625
-0.3633554,circle_half_quarter,0.578678,train,363.0,204.0,18.0,0.0,5.308851712412096,2.039298363633215,537.0,1.0,0.5625
-0.22815251,circle,0.590768,train,235.0,128.0,7.0,0.0,7.937514175781164,3.521176736643807,355.0,1.0,0.5947265625
-0.4546091,hourglass,0.5363465,train,198.0,107.0,9.0,0.0,7.022042948173996,3.0408006165408836,396.0,1.0,0.51953125
-0.3577777,hexagonal,0.547785,train,184.0,102.0,4.0,0.0,8.24452910485856,2.9079096052938933,383.0,1.0,0.552734375
-0.35313416,nine_circle,0.51779,train,145.0,82.0,8.0,0.0,6.768847006521403,1.9932185009466568,429.0,1.0,0.518798828125
-0.49464306,hourglass,0.39719903,train,97.0,50.0,8.0,0.0,7.555035684020949,1.8507437983316992,262.0,1.0,0.388916015625
-0.37528047,hexagonal,0.53292096,train,216.0,124.0,4.0,0.0,7.02455539849672,2.830302077963145,431.0,1.0,0.5302734375
-0.1411945,reentrant_bowtie,0.531308,train,283.0,154.0,8.0,0.0,7.535252390379945,3.7533323701486645,385.0,1.0,0.52783203125
-0.42683706,hourglass,0.525072,train,219.0,115.0,8.0,0.0,7.095243069576797,3.2231180944277398,394.0,1.0,0.513916015625
-0.5306132,hourglass,0.57347983,train,178.0,99.0,4.0,0.0,8.047478036039543,2.4588977342585774,396.0,1.0,0.5615234375
-0.4160454,four_circle,0.639378,train,514.0,283.0,18.0,0.0,5.424252455989975,1.7481915851178602,610.0,1.0,0.629638671875
-0.39443237,hourglass,0.528531,train,185.0,98.0,9.0,0.0,7.140961033230233,2.8723159363046378,386.0,1.0,0.521484375
-0.501389,hourglass,0.40129814,train,97.0,50.0,8.0,0.0,7.528045929278469,1.8617005846339876,262.0,1.0,0.392822265625
-0.4409364,grid_circular_voids,0.504617,train,163.0,94.0,7.0,0.0,6.42470147717682,2.5424302684444924,432.0,1.0,0.5107421875
-0.5619376,nine_circle,0.529146,train,216.0,126.0,2.0,0.0,5.708834204203895,2.1911744731738323,477.0,1.0,0.53466796875
-0.24685492,nine_circle,0.517026,train,138.0,81.0,6.0,0.0,7.528983864491747,2.4192241719785397,353.0,1.0,0.527099609375
-0.520928,hourglass,0.48573396,train,149.0,79.0,12.0,0.0,8.671650144958905,2.6940037448428504,290.0,1.0,0.480712890625
-0.64861184,hourglass,0.556852,train,203.0,110.0,7.0,0.0,7.620719235713295,2.9454893253859136,394.0,1.0,0.53955078125
-0.62250596,hourglass,0.66383815,train,147.0,86.0,4.0,0.0,8.567347284569763,2.3258806527676,393.0,1.0,0.612548828125
-0.28409415,reentrant_bowtie,0.545286,train,129.0,66.0,8.0,0.0,7.676142110649124,2.8407480159504144,286.0,1.0,0.538818359375
-0.49892762,hexagonal,0.5243743,train,287.0,155.0,16.0,0.0,6.562974513192055,2.7456984160801543,435.0,1.0,0.5146484375
-0.1046824,small_square_cross,0.66962,train,128.0,76.0,6.0,0.0,10.503713073995465,2.5877737657464333,285.0,1.0,0.630615234375
-0.3630375,circle_half_quarter,0.670538,train,213.0,123.0,14.0,0.0,7.074433033193485,3.013058808750163,444.0,1.0,0.596923828125
-0.57219946,hourglass,0.534823,test,164.0,90.0,6.0,0.0,7.905852467627906,2.7667089351642082,369.0,1.0,0.529052734375
-0.38403562,hourglass,0.61818,train,189.0,106.0,2.0,0.0,8.618457928363075,2.653114136294168,404.0,1.0,0.609130859375
-0.38604742,cross_rectangular,0.510359,train,213.0,127.0,16.0,0.0,5.282256740533601,1.5413487616628552,518.0,1.0,0.5107421875
-0.0447651,reentrant_bowtie,0.50925404,train,116.0,63.0,6.0,0.0,10.111344307211027,6.830497307662228,219.0,1.0,0.515380859375
-0.39429668,hourglass,0.6733106,train,137.0,82.0,5.0,0.0,8.325994046515353,2.4055418157966653,386.0,1.0,0.615966796875
-0.46956354,hourglass,0.35077778,train,92.0,46.0,8.0,0.0,6.806236608966467,1.6585839739133605,264.0,1.0,0.34326171875
-0.43425116,hourglass,0.43582594,train,98.0,52.0,8.0,0.0,8.163121647539382,1.7499390464572255,259.0,1.0,0.43017578125
-0.6700711,hourglass,0.519771,train,258.0,146.0,7.0,0.0,6.988651395984712,2.792556141570976,419.0,1.0,0.5185546875
-0.5676684,hourglass,0.54743403,train,138.0,76.0,7.0,0.0,8.273550031321534,2.4242318656814614,347.0,1.0,0.5400390625
-0.6502438,hexagonal,0.572924,train,232.0,130.0,13.0,0.0,6.712627180437885,2.448538529742288,457.0,1.0,0.578857421875
-0.40213376,hourglass,0.31316552,train,58.0,29.0,8.0,0.0,6.32648258035506,0.8626967088405801,255.0,1.0,0.3056640625
-0.6125293,hourglass,0.45830834,train,122.0,67.0,9.0,0.0,8.70627852092802,2.319811657041473,271.0,1.0,0.45166015625
-0.5338875,hourglass,0.41948035,train,112.0,58.0,8.0,0.0,7.9509134421153425,1.896487186594544,263.0,1.0,0.407958984375
-0.575476,hourglass,0.57957304,train,173.0,100.0,6.0,0.0,8.313624714510146,2.542480435742356,391.0,1.0,0.5703125
-0.35669443,hexagonal,0.540338,train,239.0,133.0,7.0,0.0,7.783605181231003,3.5039731798419282,385.0,1.0,0.543701171875
-0.5446178,hourglass,0.4291258,train,104.0,56.0,10.0,0.0,7.780407056501244,1.9164220418668385,270.0,1.0,0.417236328125
-0.15913658,reentrant_bowtie,0.508634,train,86.0,48.0,9.0,0.0,8.788470059811218,3.040915817282977,256.0,1.0,0.509765625
-0.4287449,grid_circular_voids,0.585133,train,250.0,147.0,4.0,0.0,6.343074168353169,2.3337133876247176,495.0,1.0,0.594482421875
-0.5344479,hourglass,0.41938028,train,112.0,58.0,8.0,0.0,7.9509134421153425,1.896487186594544,263.0,1.0,0.407958984375
-0.48409855,hourglass,0.47179666,train,141.0,72.0,10.0,0.0,8.763244879331834,2.0727875616602573,275.0,1.0,0.46533203125
-0.427049,hourglass,0.505706,train,132.0,72.0,6.0,0.0,7.226703311412655,3.459392115635905,353.0,1.0,0.494873046875
-0.27980518,hourglass,0.30464822,train,66.0,32.0,8.0,0.0,6.120268242886822,1.0900601047640512,257.0,1.0,0.2978515625
-0.629329,hourglass,0.505065,train,141.0,79.0,5.0,0.0,7.226369159911582,2.9062442139891522,366.0,1.0,0.497314453125
-0.63714844,hourglass,0.65898454,train,166.0,98.0,5.0,0.0,8.571387925986437,2.303297281939001,398.0,1.0,0.611328125
-0.3191374,hexagonal,0.50591373,train,104.0,57.0,8.0,0.0,8.516226231751332,2.9950270559590613,270.0,1.0,0.499755859375
-0.38304573,hourglass,0.67134875,train,167.0,100.0,4.0,0.0,8.62616322509519,2.370492185401115,401.0,1.0,0.625244140625
-0.40705347,hexagonal,0.5607035,train,91.0,51.0,7.0,0.0,8.677413151656062,3.039671605447641,283.0,1.0,0.55419921875
-0.5773303,hourglass,0.41570684,train,119.0,62.0,9.0,0.0,7.66328148695917,2.1528380448068716,269.0,1.0,0.404541015625
-0.29639497,hexagonal,0.5744646,train,145.0,87.0,4.0,0.0,7.945731661588753,2.868363736381455,370.0,1.0,0.568603515625
-0.54089606,hourglass,0.34473592,train,84.0,45.0,8.0,0.0,6.873152621551928,1.5881514877786513,261.0,1.0,0.3349609375
-0.25348213,reentrant_bowtie,0.502429,train,138.0,72.0,8.0,0.0,7.4847911419581985,2.462075881279894,286.0,1.0,0.501708984375
-0.5524648,hourglass,0.4858895,train,142.0,75.0,11.0,0.0,8.790196323650173,2.610987216628452,283.0,1.0,0.482177734375
-0.06911035,reentrant_bowtie,0.5389649,train,182.0,103.0,13.0,0.0,7.613499426480925,4.332956366736019,346.0,1.0,0.53369140625
-0.21070147,cross_rectangular,0.543384,train,294.0,165.0,16.0,0.0,5.02689944295471,2.324169127844608,554.0,1.0,0.531982421875
-0.4321901,reentrant_bowtie,0.505428,train,141.0,77.0,8.0,0.0,7.592880772788345,2.7657786305550136,292.0,1.0,0.494140625
-0.11625216,hexagonal,0.580888,train,136.0,79.0,9.0,0.0,7.623497037119793,2.9462213742632484,386.0,1.0,0.57666015625
-0.47700298,hourglass,0.39090785,train,97.0,48.0,8.0,0.0,7.467524306206303,1.9200162539956216,262.0,1.0,0.38525390625
-0.15758929,reentrant_bowtie,0.5040086,train,96.0,54.0,8.0,0.0,9.069718829301719,3.68342929045774,255.0,1.0,0.51416015625
-0.11681158,hexagonal,0.50001925,train,95.0,53.0,7.0,0.0,8.697902374214536,2.533670655267387,274.0,1.0,0.50341796875
-0.52922255,hourglass,0.4208764,train,105.0,54.0,8.0,0.0,7.998397166432487,1.9521996263270798,261.0,1.0,0.409423828125
-0.03397591,reentrant_bowtie,0.54629403,train,133.0,77.0,6.0,0.0,10.005395020850807,8.180248206542165,287.0,1.0,0.540283203125
-0.3367901,grid_circular_voids,0.526057,train,247.0,142.0,8.0,0.0,5.349380555706592,2.844530190528656,526.0,1.0,0.529052734375
-0.5591302,hourglass,0.54697454,train,126.0,68.0,9.0,0.0,8.093528516976233,2.4585049713887184,364.0,1.0,0.542236328125
-0.37522653,circle_half_quarter,0.589247,train,379.0,217.0,14.0,0.0,6.022408500301675,2.34339639656491,527.0,1.0,0.597412109375
-0.40847176,hourglass,0.3111409,train,68.0,35.0,8.0,0.0,6.261871371945882,0.7459281343867544,258.0,1.0,0.302978515625
-0.30071715,reentrant_bowtie,0.511366,train,142.0,76.0,8.0,0.0,7.643400884960331,2.4874524018722455,289.0,1.0,0.50537109375
-0.56931967,hourglass,0.59528756,train,144.0,85.0,2.0,0.0,8.366516439253795,2.595970918434631,385.0,1.0,0.574462890625
-0.7195399,hourglass,0.6795123,train,214.0,121.0,7.0,0.0,8.68398395442624,3.089711542540777,380.0,1.0,0.6220703125
-0.30384642,four_circle,0.464034,train,183.0,107.0,9.0,0.0,5.748752898219377,1.687585260458923,385.0,1.0,0.46142578125
-0.63900447,hexagonal,0.564967,train,129.0,75.0,8.0,0.0,7.8875650775908355,3.1502090639780524,320.0,1.0,0.558837890625
-0.12884542,hexagonal,0.504815,train,207.0,116.0,10.0,0.0,6.0971616923318575,2.5650294673934755,473.0,1.0,0.501708984375
-0.6017233,hexagonal,0.51356995,train,265.0,146.0,9.0,0.0,6.54508500057257,3.194954443323565,436.0,1.0,0.51025390625
-0.49374133,hourglass,0.45918122,train,118.0,65.0,8.0,0.0,8.765768040009098,2.2351503606962253,266.0,1.0,0.455078125
-0.38446993,four_circle,0.676137,train,640.0,351.0,26.0,0.0,5.111818861410135,1.7115540358834946,732.0,1.0,0.673095703125
-0.21442355,reentrant_bowtie,0.561871,train,297.0,172.0,11.0,0.0,6.523891467797677,4.502835679261236,447.0,1.0,0.562744140625
-0.48070168,hourglass,0.5586691,train,218.0,117.0,8.0,0.0,7.418426377656051,3.1950476349565995,406.0,1.0,0.542724609375
-0.5927485,hourglass,0.5635111,train,161.0,86.0,4.0,0.0,8.1051715945722,2.6810902082159074,390.0,1.0,0.552978515625
-0.42158324,hourglass,0.42158076,train,109.0,56.0,8.0,0.0,8.008875407494246,1.9485497183658937,262.0,1.0,0.41162109375
-0.53470445,hourglass,0.60879564,train,158.0,89.0,3.0,0.0,8.546814939798178,2.5942806163421923,397.0,1.0,0.601318359375
-0.6322699,hourglass,0.65917414,train,157.0,93.0,5.0,0.0,8.489855864007458,2.3674811626987324,397.0,1.0,0.61181640625
-0.33973312,hexagonal,0.546143,train,193.0,108.0,5.0,0.0,7.253896089051598,2.41507855616908,372.0,1.0,0.54443359375
-0.47162777,hourglass,0.68741494,train,115.0,64.0,10.0,0.0,10.144458415565419,2.4992851057648355,294.0,1.0,0.614013671875
-0.12598787,reentrant_bowtie,0.51702803,train,125.0,66.0,7.0,0.0,10.298641017660037,6.859521662416252,226.0,1.0,0.522705078125
-0.45568797,hexagonal,0.54272074,train,214.0,126.0,12.0,0.0,5.989707075613004,2.1756090225965523,446.0,1.0,0.53564453125
-0.47879833,four_circle,0.593581,train,484.0,263.0,20.0,0.0,4.7940172410213275,1.6352062546842479,623.0,1.0,0.59814453125
-0.45264003,hexagonal,0.540485,train,193.0,109.0,12.0,0.0,6.107941881024119,2.5969007365817167,472.0,1.0,0.53662109375
-0.57518077,hourglass,0.58356,train,174.0,99.0,5.0,0.0,8.42572261864555,2.4404204477696534,388.0,1.0,0.57177734375
-0.33254418,cross_rectangular,0.611884,train,337.0,192.0,12.0,0.0,5.753883453791297,2.3095896844529684,580.0,1.0,0.6103515625
-0.3839221,hourglass,0.64359224,train,161.0,94.0,5.0,0.0,8.54717553931419,2.5992814614063104,401.0,1.0,0.6259765625
-0.5766678,hourglass,0.43737772,train,105.0,56.0,8.0,0.0,8.220976661041204,1.6679193482768464,262.0,1.0,0.43017578125
-0.54222965,hexagonal,0.512312,train,130.0,72.0,13.0,0.0,7.928448064876982,2.9847850930643567,312.0,1.0,0.50634765625
-0.34598857,grid_circular_voids,0.495375,train,202.0,117.0,6.0,1.0,5.6316061154275365,1.7826580444763684,448.0,1.0,0.50390625
-0.54159576,hourglass,0.41368425,train,108.0,54.0,8.0,0.0,7.647353533851114,1.863379296218925,262.0,1.0,0.40283203125
-0.5174507,square,0.547021,train,430.0,243.0,16.0,0.0,4.752503244599047,1.9693381657878737,607.0,1.0,0.546142578125
-0.5281298,hourglass,0.60618335,train,166.0,94.0,3.0,0.0,8.48687041135211,2.6109867342527258,398.0,1.0,0.597900390625
-0.5668887,hourglass,0.54454803,train,150.0,84.0,4.0,0.0,7.8217457049725025,2.625712893828699,378.0,1.0,0.540283203125
-0.56138396,hourglass,0.6173824,train,203.0,116.0,5.0,0.0,8.268164329069656,2.7910284090064486,420.0,1.0,0.611572265625
-0.5408186,hourglass,0.34421656,train,79.0,42.0,8.0,0.0,6.871245786808858,1.549634135093228,260.0,1.0,0.335205078125
-1.0859252,reentrant_bowtie,0.572688,train,212.0,123.0,10.0,0.0,8.059650831163259,3.888255548696592,366.0,1.0,0.57275390625
-0.31679398,hourglass,0.30813634,train,65.0,34.0,8.0,0.0,6.056674480351433,1.2815130254541007,258.0,1.0,0.30126953125
-0.5790557,hourglass,0.43666962,train,98.0,52.0,8.0,0.0,8.142536382493402,1.7619610282797575,259.0,1.0,0.4296875
-0.5649859,hourglass,0.55072147,train,127.0,66.0,4.0,0.0,8.279336627736345,2.367612820776283,366.0,1.0,0.549072265625
-0.55253875,hourglass,0.5643895,train,149.0,83.0,3.0,0.0,7.967997668968824,2.506598067639879,386.0,1.0,0.5517578125
-0.4240788,hourglass,0.3308328,train,72.0,37.0,8.0,0.0,6.510228398680893,1.4033590483068665,261.0,1.0,0.321044921875
-0.4946519,hourglass,0.6974792,train,120.0,66.0,8.0,0.0,10.450818419827831,2.826246111551513,275.0,1.0,0.615966796875
-0.30648115,hexagonal,0.5723882,train,233.0,133.0,13.0,0.0,6.427348282347794,2.5571632099115074,453.0,1.0,0.57275390625
-0.56700593,hexagonal,0.581004,train,360.0,201.0,6.0,0.0,6.400766002267252,3.214178971980085,532.0,1.0,0.58154296875
-0.37342644,hexagonal,0.50310504,train,76.0,43.0,6.0,0.0,8.534950202888682,2.4222445608095344,261.0,1.0,0.49609375
-0.23855458,circle_half_quarter,0.55263,train,319.0,177.0,15.0,0.0,5.734659446681693,2.1344182149759963,466.0,1.0,0.55810546875
-0.42408675,hourglass,0.3392986,train,77.0,40.0,8.0,0.0,6.58793803766117,1.2240495162119247,258.0,1.0,0.3271484375
-0.40526083,hourglass,0.5903875,train,171.0,101.0,4.0,0.0,8.275225057584771,2.59514085162482,397.0,1.0,0.577880859375
-0.38177872,hourglass,0.6151333,train,186.0,105.0,3.0,0.0,8.571342392126843,2.7462684841486835,404.0,1.0,0.610107421875
-0.6098501,hourglass,0.65811795,train,178.0,105.0,3.0,0.0,8.6143249985291,2.331159062639785,401.0,1.0,0.616943359375
-0.5045192,hourglass,0.37833002,train,92.0,46.0,8.0,0.0,6.9093113241392015,1.587133511616949,264.0,1.0,0.36962890625
-0.40568256,hourglass,0.3235184,train,79.0,39.0,8.0,0.0,6.642713724228397,1.2604126674361147,259.0,1.0,0.3154296875
-0.52895355,hourglass,0.34909573,train,88.0,44.0,8.0,0.0,6.872138594556788,1.5738910986580312,263.0,1.0,0.33837890625
-0.5419269,hourglass,0.5666402,train,182.0,102.0,3.0,0.0,8.034967084061607,2.5026834720079107,398.0,1.0,0.5546875
-0.4283861,hourglass,0.417785,train,108.0,54.0,8.0,0.0,7.845742579860862,1.8538311095598599,262.0,1.0,0.4072265625
-0.4057523,hourglass,0.3256541,train,78.0,37.0,8.0,0.0,6.622128488947099,1.2315214350980586,260.0,1.0,0.318603515625
-0.069200784,reentrant_bowtie,0.5361772,train,219.0,126.0,11.0,0.0,7.211207227438798,4.154845247129868,386.0,1.0,0.53271484375
-0.41749093,hourglass,0.560817,train,207.0,117.0,4.0,0.0,7.6547735380808355,2.9818413686312657,421.0,1.0,0.55615234375
-0.54917854,hourglass,0.6084804,train,166.0,93.0,3.0,0.0,8.441009689895731,2.671621568129136,407.0,1.0,0.603271484375
-1.3251243,reentrant_bowtie,0.548396,train,166.0,94.0,9.0,0.0,10.026579167068174,8.148147051351547,305.0,1.0,0.544921875
-0.45964703,hourglass,0.36825743,train,88.0,44.0,8.0,0.0,6.896788209412559,1.6844447808114593,263.0,1.0,0.3583984375
-0.2406024,reentrant_bowtie,0.502834,train,109.0,61.0,8.0,0.0,8.381233937715592,3.3598738469994025,266.0,1.0,0.501953125
-0.45964703,hourglass,0.36825743,train,84.0,42.0,8.0,0.0,6.91993243609658,1.7364614705305363,262.0,1.0,0.3583984375
-0.43156642,hexagonal,0.544815,train,397.0,220.0,17.0,0.0,4.674404023682453,2.713004329501018,651.0,1.0,0.54052734375
-0.43714106,hourglass,0.37721446,train,96.0,48.0,8.0,0.0,6.957584153569209,1.565675041429811,263.0,1.0,0.36962890625
-0.5089623,hexagonal,0.553763,train,175.0,94.0,11.0,0.0,10.036606434415514,3.2136825870712604,294.0,1.0,0.545654296875
-0.34801278,four_circle,0.526918,train,310.0,170.0,8.0,0.0,5.5869753076551625,2.6644610210758874,491.0,1.0,0.534912109375
-0.04520746,reentrant_bowtie,0.546484,train,213.0,120.0,4.0,0.0,9.183901196580504,7.1213854380028865,361.0,1.0,0.54150390625
-0.6433173,hexagonal,0.5798678,train,80.0,44.0,9.0,0.0,8.951831390648401,3.0424753319202655,273.0,1.0,0.573486328125
-0.27633724,circle,0.628205,train,316.0,184.0,16.0,0.0,6.503747688885094,2.5122092025418556,564.0,1.0,0.647216796875
-0.5182789,hourglass,0.48760998,train,130.0,69.0,9.0,0.0,9.092663197003322,2.3231455825294334,272.0,1.0,0.4853515625
-0.5467003,hexagonal,0.51597357,train,181.0,108.0,3.0,0.0,7.161372638336188,2.2885268187671315,398.0,1.0,0.521728515625
-0.27549377,cross_rectangular,0.545638,train,251.0,136.0,11.0,0.0,7.1981033914681385,2.962408382388479,367.0,1.0,0.54296875
-0.37155604,circle,0.530663,train,453.0,262.0,19.0,0.0,4.323558908719547,2.116470864240733,701.0,1.0,0.52783203125
-0.26107776,nine_circle,0.554546,train,179.0,102.0,9.0,0.0,7.995263246956827,2.5689899326064314,355.0,1.0,0.546630859375
-0.5549983,hourglass,0.45019946,train,128.0,65.0,8.0,0.0,8.644991937789053,1.8316723196225315,264.0,1.0,0.448486328125
-0.22775003,circle,0.554275,train,273.0,149.0,10.0,0.0,7.893603665267221,2.7381513450836,372.0,1.0,0.560546875
-0.0793153,small_square_cross,0.583113,train,159.0,89.0,16.0,0.0,8.98394962767367,2.394238708015373,311.0,1.0,0.5810546875
-0.31118387,hexagonal,0.532925,val,274.0,159.0,10.0,0.0,6.248152921210891,3.133325378939547,504.0,1.0,0.533935546875
-0.37223932,nine_circle,0.571089,train,160.0,98.0,0.0,0.0,7.054793370405786,1.9446741939964094,482.0,1.0,0.577392578125
-0.39485773,circle,0.554207,train,429.0,257.0,4.0,0.0,5.116973929539194,2.3594422688459353,641.0,1.0,0.551513671875
-0.58758134,hourglass,0.46090415,train,127.0,69.0,8.0,0.0,8.864087567529365,2.203262737285537,265.0,1.0,0.455078125
-0.25311708,hexagonal,0.5672822,train,267.0,150.0,11.0,0.0,7.039840841650617,3.353719573761295,471.0,1.0,0.559326171875
-0.43554395,hexagonal,0.51939327,test,278.0,161.0,9.0,0.0,6.13230724276519,3.1061272936648554,466.0,1.0,0.503173828125
-0.49707642,hourglass,0.4040896,train,93.0,48.0,8.0,0.0,7.548164185672673,1.8790860950380044,261.0,1.0,0.3955078125
-0.35007763,hexagonal,0.56407845,train,224.0,126.0,4.0,0.0,7.609345389575193,3.0849228419359154,413.0,1.0,0.5595703125
-0.61427855,hourglass,0.559558,train,144.0,84.0,4.0,0.0,8.417597268004227,2.6099046740887406,379.0,1.0,0.55712890625
-1.1854469,reentrant_bowtie,0.5492691,train,124.0,71.0,6.0,0.0,10.35572475203431,8.11715569400909,294.0,1.0,0.545166015625
-0.5428169,hourglass,0.6067114,train,160.0,90.0,4.0,0.0,8.451300643249969,2.682313698564018,394.0,1.0,0.601806640625
-0.10628607,reentrant_bowtie,0.5253924,train,194.0,108.0,7.0,0.0,9.554101139990944,7.424851366599208,259.0,1.0,0.524658203125
-0.4632075,hexagonal,0.5658423,train,98.0,56.0,6.0,0.0,9.272596397809686,2.856974055399257,293.0,1.0,0.558349609375
-0.51454514,hourglass,0.4783861,train,121.0,65.0,8.0,0.0,9.228538796438794,2.3601125316768097,269.0,1.0,0.47705078125
-0.53286946,hourglass,0.40836865,train,99.0,51.0,8.0,0.0,7.550912820483056,1.8649193204192807,259.0,1.0,0.39453125
-0.51286346,hourglass,0.47726092,train,121.0,65.0,8.0,0.0,9.20623396372504,2.3621661025130876,269.0,1.0,0.474365234375
-0.3975352,circle,0.610048,train,445.0,263.0,7.0,0.0,4.734428328032597,1.9833592402515943,746.0,1.0,0.62060546875
-0.843063,reentrant_bowtie,0.5377825,train,188.0,108.0,8.0,0.0,7.4728081863733165,4.217581274162041,363.0,1.0,0.53466796875
-0.5366637,hourglass,0.48916805,train,130.0,68.0,9.0,0.0,9.140325106461729,2.3140496865615114,271.0,1.0,0.486328125
-0.2642153,hourglass,0.3052101,train,58.0,29.0,8.0,0.0,6.098284822421446,1.185188687350766,256.0,1.0,0.29638671875
-0.62874734,hourglass,0.529211,train,180.0,104.0,5.0,0.0,7.71907166423748,2.9540111627827725,361.0,1.0,0.528564453125
-0.42232758,hourglass,0.3602948,train,88.0,44.0,8.0,0.0,6.867060701045278,1.701972169961375,263.0,1.0,0.3525390625
-0.6173417,hourglass,0.45717493,train,122.0,67.0,9.0,0.0,8.680242623916946,2.315572299628388,271.0,1.0,0.450927734375
-0.24715863,cross_rectangular,0.574044,train,161.0,90.0,12.0,0.0,8.676369887404848,3.197668398829792,335.0,1.0,0.579345703125
-0.28440353,reentrant_bowtie,0.532533,train,389.0,218.0,4.0,0.0,6.487275926055172,3.416749863635555,448.0,1.0,0.5302734375
-0.24162933,circle_half_quarter,0.60898,train,180.0,103.0,12.0,0.0,9.925207522090627,4.444407231952943,320.0,1.0,0.6123046875
-0.5166372,hourglass,0.3769263,train,96.0,48.0,8.0,0.0,6.957584153569209,1.565675041429811,263.0,1.0,0.36962890625
-0.3975322,hourglass,0.6749048,train,160.0,96.0,4.0,0.0,8.366904267179764,2.260639483264914,398.0,1.0,0.61376953125
-0.42354327,small_square_cross,0.510539,train,369.0,204.0,15.0,0.0,5.389727816755918,2.487680663368691,509.0,1.0,0.516357421875
-0.052606877,reentrant_bowtie,0.556062,train,231.0,134.0,4.0,0.0,9.055211879405002,6.860265819099141,366.0,1.0,0.549560546875
-0.58387434,hourglass,0.6440559,train,177.0,103.0,3.0,0.0,8.560997532595692,2.584467159903913,402.0,1.0,0.626953125
-0.58577,hourglass,0.6444477,train,177.0,105.0,4.0,0.0,8.45969490745077,2.424860019207655,401.0,1.0,0.616943359375
-0.48408172,hourglass,0.4718411,train,141.0,72.0,10.0,0.0,8.763244879331834,2.0727875616602573,275.0,1.0,0.46533203125
-0.46018618,hourglass,0.3845652,train,92.0,47.0,8.0,0.0,7.04587303996332,1.5145616669327087,259.0,1.0,0.373779296875
-0.44670254,cross_rectangular,0.561727,train,455.0,264.0,16.0,0.0,4.563628959494786,1.738363568471403,687.0,1.0,0.560302734375
-0.46720636,hourglass,0.68028575,train,225.0,127.0,7.0,0.0,9.124773369997587,3.0891517884801045,368.0,1.0,0.63134765625
-0.33140877,hexagonal,0.56583107,train,188.0,106.0,8.0,0.0,7.717593769717143,3.234061621071627,392.0,1.0,0.566162109375
-0.48904648,hourglass,0.3584416,train,92.0,46.0,8.0,0.0,6.855512496498117,1.6793243369105226,264.0,1.0,0.349365234375
-0.30699188,circle,0.502908,train,375.0,212.0,22.0,0.0,4.01637132387873,1.192593060644108,654.0,1.0,0.5087890625
-0.34331155,hexagonal,0.511068,train,64.0,37.0,8.0,0.0,8.372273155643137,2.6175574669514887,262.0,1.0,0.51220703125
-0.092919305,small_square_cross,0.547711,train,168.0,89.0,16.0,0.0,8.161578508693484,2.8715464655086986,315.0,1.0,0.5537109375
-0.5338927,hourglass,0.47363055,train,121.0,65.0,9.0,0.0,8.975291891536902,2.140727035550817,267.0,1.0,0.468994140625
-0.5683441,hourglass,0.54332775,train,150.0,84.0,4.0,0.0,7.8217457049725025,2.625712893828699,378.0,1.0,0.540283203125
-0.085476816,reentrant_bowtie,0.57942,train,147.0,83.0,9.0,0.0,8.605147877268957,4.426263498621549,317.0,1.0,0.58154296875
-0.36650398,hexagonal,0.5631161,train,292.0,166.0,13.0,0.0,5.683869030010831,2.579231348253018,534.0,1.0,0.551025390625
-0.4175897,hourglass,0.5822383,train,180.0,103.0,5.0,0.0,8.413054156886174,2.4309392770541254,389.0,1.0,0.57080078125
-0.15279095,reentrant_bowtie,0.52369237,train,125.0,67.0,6.0,0.0,10.114374616004794,7.08426574071732,238.0,1.0,0.51904296875
-0.49123842,hourglass,0.46042773,train,118.0,65.0,8.0,0.0,8.765768040009098,2.2351503606962253,266.0,1.0,0.455078125
-0.6187199,hourglass,0.6222323,train,142.0,81.0,5.0,0.0,8.377552853764493,2.3582845760353193,392.0,1.0,0.595703125
-0.15891467,small_square_cross,0.600013,train,189.0,108.0,20.0,0.0,7.642873583128279,2.6067747507429786,364.0,1.0,0.569091796875
-0.036234055,reentrant_bowtie,0.5485141,train,199.0,112.0,7.0,0.0,9.905491198242903,7.811449553158006,320.0,1.0,0.546630859375
-0.40026715,nine_circle,0.615292,train,183.0,110.0,4.0,0.0,7.619114937914778,2.7664843012261704,460.0,1.0,0.62353515625
-0.26492545,circle,0.494721,train,91.0,51.0,10.0,0.0,7.920166388650417,2.1883086785337422,282.0,1.0,0.495361328125
-0.41924077,hexagonal,0.526076,test,167.0,91.0,7.0,0.0,7.888660187674049,2.6971345811621883,364.0,1.0,0.522216796875
-0.4932792,hourglass,0.53793013,train,216.0,117.0,8.0,0.0,7.0773365481263815,3.1625200313143202,399.0,1.0,0.521240234375
-0.43224263,square,0.535402,train,427.0,243.0,15.0,0.0,4.409961591358166,1.595736087235748,682.0,1.0,0.541748046875
-0.54565793,hourglass,0.476757,train,117.0,63.0,8.0,0.0,9.324133302201583,2.2596826191306754,263.0,1.0,0.474853515625
-0.46378618,hourglass,0.36465147,train,88.0,44.0,8.0,0.0,6.878112084780079,1.6930679526138412,263.0,1.0,0.354736328125
-0.515266,hourglass,0.57547563,train,161.0,88.0,3.0,0.0,7.986156253159702,2.582570622562177,397.0,1.0,0.562744140625
-0.09628746,reentrant_bowtie,0.567921,train,250.0,150.0,6.0,0.0,6.057529076438893,4.135981321052764,480.0,1.0,0.56005859375
-0.17343001,hexagonal,0.507393,train,175.0,103.0,8.0,0.0,7.020862279210545,2.520823611419081,408.0,1.0,0.510986328125
-0.058846023,hexagonal,0.5578,train,249.0,141.0,6.0,0.0,6.883018271831509,2.6785291085276475,436.0,1.0,0.553466796875
-0.530315,hourglass,0.6021082,train,180.0,102.0,5.0,0.0,8.505732341739952,2.513798718542451,399.0,1.0,0.592041015625
-0.40493375,hourglass,0.3152273,train,64.0,35.0,8.0,0.0,6.365281942940491,0.8743201855588818,256.0,1.0,0.30615234375
-0.1308207,reentrant_bowtie,0.527424,train,259.0,146.0,8.0,0.0,7.973719319657291,3.930526679391191,342.0,1.0,0.534423828125
-0.53726,hourglass,0.48415446,train,116.0,62.0,8.0,0.0,9.104113149582693,2.0830276898328615,268.0,1.0,0.479736328125
-0.5617291,hourglass,0.53208756,train,196.0,108.0,7.0,0.0,6.969449428653461,2.6583405841693666,400.0,1.0,0.51171875
-0.28122723,square,0.558736,train,258.0,142.0,16.0,0.0,6.76899412896355,2.824430701820384,423.0,1.0,0.56689453125
-0.5901034,hourglass,0.5896544,train,169.0,99.0,5.0,0.0,8.326424342855038,2.522647873141842,391.0,1.0,0.573974609375
-0.6623102,hourglass,0.69620603,train,162.0,90.0,12.0,0.0,9.987852183821783,3.125750605013353,309.0,1.0,0.60595703125
-0.46892774,hourglass,0.6917058,train,150.0,84.0,13.0,0.0,9.795835876054756,2.9323303897608413,316.0,1.0,0.616455078125
-0.66433764,reentrant_bowtie,0.5400047,train,209.0,117.0,9.0,0.0,7.746432851990332,4.944840213421624,375.0,1.0,0.533447265625
-0.44111884,hexagonal,0.503117,train,104.0,57.0,7.0,0.0,9.143360043899893,2.408887853869626,265.0,1.0,0.487060546875
-0.79723215,hexagonal,0.5214009,train,169.0,97.0,13.0,0.0,7.071938505326338,4.2824448774655615,364.0,1.0,0.515625
-0.37100834,hexagonal,0.54733735,train,164.0,93.0,4.0,0.0,8.060126754199432,2.597522408697436,376.0,1.0,0.544921875
-0.27096355,hexagonal,0.50476235,test,118.0,67.0,12.0,0.0,7.899681037414107,2.690117714561004,307.0,1.0,0.501953125
-0.4319509,square,0.533406,train,435.0,244.0,17.0,1.0,4.628344125356991,1.8261108009300642,640.0,1.0,0.53369140625
-0.52415985,hourglass,0.42566696,train,108.0,56.0,8.0,0.0,8.021210087850582,1.9290560979023297,262.0,1.0,0.41162109375
-0.39237663,grid_circular_voids,0.583551,train,366.0,224.0,3.0,0.0,5.964181111905804,3.042388842880313,609.0,1.0,0.595458984375
-0.40078005,cross_rectangular,0.511254,train,244.0,137.0,14.0,0.0,5.680370767855251,2.1231065654089623,465.0,1.0,0.517822265625
-0.46707904,hourglass,0.686646,train,145.0,83.0,10.0,0.0,9.771528337382884,2.876797544224037,315.0,1.0,0.61962890625
-0.6480556,hourglass,0.6561638,train,190.0,110.0,7.0,0.0,8.476406541378093,2.560533000516093,414.0,1.0,0.61376953125
-0.49073285,hourglass,0.6252739,train,139.0,78.0,4.0,0.0,9.037582021097528,2.9487624348105754,327.0,1.0,0.608154296875
-0.4880317,hourglass,0.32994744,train,77.0,40.0,8.0,0.0,6.545602952124273,1.412365621795768,262.0,1.0,0.321044921875
-0.36846295,hexagonal,0.516516,train,396.0,220.0,7.0,0.0,5.116292044891006,3.160470251882648,606.0,1.0,0.515380859375
-0.5756323,hourglass,0.44221193,train,123.0,62.0,8.0,0.0,8.410460208417991,1.956303157892603,270.0,1.0,0.432861328125
-0.23622201,circle_half_quarter,0.561314,train,297.0,172.0,6.0,0.0,5.991582890816494,2.1834837139630197,504.0,1.0,0.577880859375
-0.06553172,reentrant_bowtie,0.53869206,train,197.0,108.0,14.0,0.0,7.795702714143523,4.631827211415236,388.0,1.0,0.53515625
-0.3764196,hourglass,0.6472569,train,174.0,100.0,5.0,0.0,8.445135672204128,2.683149515253035,408.0,1.0,0.61376953125
-0.25135964,small_square_cross,0.565436,train,204.0,115.0,12.0,0.0,7.8539695448448175,2.913929745974372,364.0,1.0,0.57080078125
-0.42884678,square,0.553855,train,431.0,245.0,16.0,0.0,4.283414723681146,1.497254738758278,699.0,1.0,0.54150390625
-0.514631,hourglass,0.47978368,train,117.0,63.0,8.0,0.0,9.308150817883101,2.3148063313249647,266.0,1.0,0.47705078125
-0.4224722,hourglass,0.35981974,train,84.0,42.0,8.0,0.0,6.86635691917328,1.711571948935777,262.0,1.0,0.3525390625
-0.3683506,hexagonal,0.565927,train,239.0,128.0,15.0,0.0,6.407165683788265,2.1443730766465845,463.0,1.0,0.561279296875
-0.39086065,hexagonal,0.56864184,train,88.0,51.0,9.0,0.0,9.253337347664928,2.4239942100403966,272.0,1.0,0.55859375
-0.36946294,reentrant_bowtie,0.510698,train,134.0,70.0,8.0,0.0,7.839085590008758,2.5508960084351484,288.0,1.0,0.5029296875
-0.6108492,hourglass,0.579297,train,244.0,135.0,7.0,0.0,7.611132299336914,2.9039659197667658,425.0,1.0,0.574462890625
-0.2353685,reentrant_bowtie,0.535093,test,304.0,174.0,4.0,0.0,6.796197235386077,3.540274313974895,435.0,1.0,0.53662109375
-0.56972784,hourglass,0.53238744,train,180.0,96.0,8.0,0.0,7.161006935749191,2.736642182562923,390.0,1.0,0.51220703125
-0.5829183,hourglass,0.64356494,train,190.0,110.0,3.0,0.0,8.724021407027285,2.5118003319173456,407.0,1.0,0.6259765625
-0.5303038,hourglass,0.37438136,val,99.0,50.0,9.0,0.0,6.816865114110973,1.6771382662465206,262.0,1.0,0.36669921875
-0.35534948,hexagonal,0.5228195,train,176.0,101.0,7.0,0.0,7.021160766040357,3.213069298650184,390.0,1.0,0.50830078125
-0.64929724,hourglass,0.653597,train,176.0,106.0,2.0,0.0,8.516161218642718,2.4093563659379607,400.0,1.0,0.613037109375
-0.12250774,circle_half_quarter,0.547953,train,275.0,159.0,14.0,0.0,5.228421058039571,2.0922033054512688,489.0,1.0,0.529296875
-0.6287327,hourglass,0.65056837,val,180.0,104.0,7.0,0.0,8.236711980704289,2.5891680600707403,413.0,1.0,0.60888671875
-0.55867785,hexagonal,0.51672673,train,213.0,123.0,3.0,0.0,7.377607443973186,2.3077717312194794,408.0,1.0,0.521240234375
-0.38005477,four_circle,0.561658,train,362.0,204.0,11.0,0.0,5.382916687747673,2.644199883123178,617.0,1.0,0.56396484375
-0.49382797,hexagonal,0.5109083,train,117.0,62.0,6.0,0.0,9.318136683205418,2.401266072950168,256.0,1.0,0.496337890625
-0.661304,hourglass,0.6842251,test,149.0,85.0,13.0,0.0,9.847342526509744,2.7513702207514203,311.0,1.0,0.61767578125
-0.40579206,hourglass,0.32837242,train,75.0,39.0,8.0,0.0,6.66404868631413,1.2641902998191836,259.0,1.0,0.319580078125
-0.5918961,hourglass,0.6269799,train,175.0,101.0,4.0,0.0,8.457427953590702,2.462468100202815,392.0,1.0,0.609375
-0.55707014,hourglass,0.5334118,train,171.0,87.0,8.0,0.0,7.493193587542474,2.9039102983568004,372.0,1.0,0.517333984375
-0.4967899,hourglass,0.45972636,train,103.0,55.0,8.0,0.0,8.808500858843189,2.207756994498034,263.0,1.0,0.455322265625
-0.41246054,hexagonal,0.52883023,train,109.0,61.0,8.0,0.0,8.93918246828094,2.5995544744139094,276.0,1.0,0.51904296875
-0.08358199,square,0.518497,train,322.0,176.0,9.0,0.0,7.207617878983319,2.8540291879723476,420.0,1.0,0.533935546875
-0.36180985,cross_rectangular,0.504163,train,118.0,69.0,9.0,0.0,8.15470731352335,2.2645827071814666,290.0,1.0,0.504638671875
-0.5704951,hourglass,0.530618,train,234.0,125.0,7.0,0.0,7.6020199548392196,3.05047479949109,385.0,1.0,0.51904296875
-0.42832047,four_circle,0.511207,train,680.0,369.0,24.0,0.0,3.870063786722695,1.581337492352463,728.0,1.0,0.513427734375
-0.3307172,nine_circle,0.5995,train,202.0,113.0,7.0,0.0,7.53801319310299,3.067898622904342,428.0,1.0,0.6044921875
-0.67509586,hourglass,0.56149,train,236.0,129.0,7.0,0.0,7.265205995228074,3.115089000788879,423.0,1.0,0.5537109375
-0.5812271,hourglass,0.509358,train,200.0,115.0,4.0,0.0,7.19287776817225,2.6953579353971637,409.0,1.0,0.506103515625
-0.605247,hexagonal,0.52659583,train,235.0,129.0,9.0,0.0,6.74437238108674,3.1539365712092526,431.0,1.0,0.520263671875
-0.3952462,circle_half_quarter,0.57571,train,253.0,142.0,14.0,0.0,7.361941312095879,4.093545435793167,425.0,1.0,0.58447265625
-0.7270279,hexagonal,0.5722673,train,58.0,34.0,4.0,0.0,10.387930922651002,1.926681932090307,264.0,1.0,0.572509765625
-0.21033345,hexagonal,0.5538474,train,309.0,178.0,11.0,0.0,5.505214364678831,2.1890421601868937,564.0,1.0,0.552490234375
-0.5760807,hourglass,0.6464705,train,169.0,97.0,5.0,0.0,8.425458873628589,2.785643377742743,409.0,1.0,0.617431640625
-0.36383778,four_circle,0.589927,train,383.0,219.0,13.0,0.0,5.774567228911796,2.403175490815653,546.0,1.0,0.598388671875
-0.38603446,nine_circle,0.677838,train,113.0,67.0,0.0,0.0,8.747344218240134,2.851731220522883,438.0,1.0,0.662109375
-0.27258965,reentrant_bowtie,0.517155,train,180.0,87.0,8.0,0.0,8.064638628887979,3.6342478770168762,260.0,1.0,0.5224609375
-0.46818614,hourglass,0.68819064,train,144.0,80.0,14.0,0.0,9.645381288007517,2.9713834839943627,320.0,1.0,0.60888671875
-0.60566735,hourglass,0.63356334,train,193.0,111.0,7.0,0.0,8.450901631214222,2.751877115220927,424.0,1.0,0.619384765625
-0.25658593,hexagonal,0.53058904,train,222.0,128.0,14.0,0.0,6.148023268792434,2.5792468109389803,426.0,1.0,0.529052734375
-0.214878,four_circle,0.672566,val,358.0,203.0,8.0,0.0,8.134921353756909,3.6338916314783076,492.0,1.0,0.667236328125
-0.11378916,circle,0.531077,train,176.0,98.0,12.0,0.0,8.463294995568429,2.5649735731366943,310.0,1.0,0.528076171875
-0.28911895,nine_circle,0.576748,train,353.0,207.0,11.0,0.0,5.068923000408213,1.8018904210902522,608.0,1.0,0.58740234375
-0.54135317,hourglass,0.5345871,train,205.0,114.0,7.0,0.0,7.583779150086895,3.0368711251723766,383.0,1.0,0.517822265625
-0.5470491,hexagonal,0.5186944,train,111.0,67.0,3.0,0.0,7.198027431267135,2.34909430007887,382.0,1.0,0.521484375
-0.20125274,hexagonal,0.5040481,train,209.0,123.0,11.0,0.0,5.918886498230365,2.2286279682949073,464.0,1.0,0.49951171875
-0.46342432,nine_circle,0.519837,train,317.0,185.0,3.0,0.0,5.47311808034092,2.293484863317822,530.0,1.0,0.52197265625
-0.70037216,hourglass,0.6696592,train,163.0,98.0,3.0,0.0,8.580248425025378,2.415439880916096,389.0,1.0,0.6201171875
-0.6170708,hexagonal,0.5536686,train,355.0,204.0,19.0,0.0,5.005944440383642,1.7952362521318954,595.0,1.0,0.5595703125
-0.52964467,hourglass,0.51620144,train,136.0,74.0,8.0,0.0,9.27428441758853,2.3398350430861674,273.0,1.0,0.506103515625
-0.09777242,circle,0.528653,train,166.0,89.0,16.0,0.0,8.443295299793167,2.6110050847501136,319.0,1.0,0.53173828125
-0.20888004,circle_half_quarter,0.562985,train,504.0,298.0,6.0,0.0,4.97783272150707,2.3866674248192856,640.0,1.0,0.57275390625
-0.6125279,hourglass,0.64947087,train,226.0,131.0,8.0,0.0,8.004090918961504,2.5770576284946123,433.0,1.0,0.609130859375
-0.40336782,hourglass,0.31558314,train,60.0,33.0,8.0,0.0,6.382600316616105,0.9029697529832236,255.0,1.0,0.3076171875
-0.62012535,hourglass,0.581654,train,140.0,80.0,4.0,0.0,8.58560086632315,2.785072111273862,373.0,1.0,0.5771484375
-0.4571343,hourglass,0.5034283,train,116.0,62.0,8.0,0.0,9.572875357375217,2.1354290885342717,260.0,1.0,0.50244140625
-0.5297769,hourglass,0.34998745,train,88.0,44.0,8.0,0.0,6.895250168964019,1.5645831856005716,263.0,1.0,0.33935546875
-0.20203532,circle_half_quarter,0.525547,train,171.0,101.0,10.0,0.0,6.622596948548798,2.505716312199929,393.0,1.0,0.5361328125
-0.2643834,circle_half_quarter,0.598298,train,251.0,137.0,15.0,0.0,8.22867897237761,3.606829843015884,422.0,1.0,0.61181640625
-0.6626106,hourglass,0.561829,train,247.0,134.0,7.0,0.0,7.373139899824249,3.075519804706503,427.0,1.0,0.560546875
-0.64083254,hourglass,0.66236466,train,147.0,86.0,6.0,0.0,8.26440010420149,2.548668440219696,402.0,1.0,0.609619140625
-0.14602973,cross_rectangular,0.57328,val,371.0,209.0,19.0,0.0,5.644677177436402,2.1791582488749484,576.0,1.0,0.57958984375
-0.5253146,hourglass,0.40469727,test,93.0,48.0,8.0,0.0,7.522311259381194,1.9736903181668777,258.0,1.0,0.39208984375
-0.6785638,hourglass,0.6801342,train,203.0,114.0,6.0,0.0,9.158477420809035,3.1875770574081264,365.0,1.0,0.63427734375
-0.41970995,four_circle,0.527711,train,399.0,228.0,12.0,0.0,4.003845686020038,1.5777601088709994,746.0,1.0,0.5224609375
-0.3494182,hexagonal,0.5469021,train,182.0,100.0,4.0,0.0,7.867442000675899,2.810450489966329,381.0,1.0,0.548095703125
-0.54774755,hexagonal,0.54138154,train,133.0,72.0,7.0,0.0,10.376668763796848,2.9183261101634956,271.0,1.0,0.53271484375
-0.25384462,hexagonal,0.5480122,train,179.0,92.0,13.0,0.0,8.50680153285202,4.058873374782227,319.0,1.0,0.540771484375
-0.27096877,hexagonal,0.54930323,train,168.0,92.0,12.0,0.0,8.65975911398185,4.096071637195695,312.0,1.0,0.54248046875
-0.39864624,grid_circular_voids,0.646827,train,247.0,140.0,10.0,0.0,7.518475334966606,2.9433156126988886,467.0,1.0,0.638427734375
-0.21300736,small_square_cross,0.562913,train,324.0,180.0,16.0,0.0,5.1668213081637555,2.31085669234106,554.0,1.0,0.551513671875
-0.48284143,hourglass,0.35935414,train,84.0,42.0,8.0,0.0,6.848795368946213,1.7150306815260508,262.0,1.0,0.35107421875
-0.35801074,hourglass,0.30776623,train,58.0,30.0,8.0,0.0,5.995917254184276,1.2670424280340151,257.0,1.0,0.301025390625
-0.56959695,hexagonal,0.552649,train,516.0,290.0,11.0,0.0,5.319733400708102,3.2791110452091154,633.0,1.0,0.546142578125
-0.18482688,circle_half_quarter,0.569678,train,266.0,155.0,10.0,0.0,5.9006869192910365,2.186570894643309,499.0,1.0,0.56884765625
-0.51408064,hourglass,0.4776675,train,117.0,63.0,8.0,0.0,9.263038035928213,2.320365546580796,266.0,1.0,0.47509765625
-0.40682778,hourglass,0.31809092,train,75.0,38.0,8.0,0.0,6.489516771825838,1.0554483862275714,259.0,1.0,0.310302734375
-0.5816664,hourglass,0.43376577,train,105.0,56.0,8.0,0.0,8.221041421335018,1.674897771923725,261.0,1.0,0.42919921875
-0.55435973,hourglass,0.5930934,train,155.0,92.0,2.0,0.0,8.245186162301405,2.495536428137355,389.0,1.0,0.573974609375
-0.6442017,hourglass,0.575192,train,159.0,91.0,5.0,0.0,8.531436034285555,2.7948166704046264,389.0,1.0,0.570068359375
-0.27498895,square,0.575373,train,392.0,232.0,4.0,0.0,5.198954491700249,2.4384234463991965,681.0,1.0,0.583984375
-0.32657212,square,0.543459,train,434.0,250.0,20.0,0.0,4.42643731218549,1.8202980578544679,644.0,1.0,0.54248046875
-0.25760537,small_square_cross,0.527737,train,350.0,190.0,21.0,0.0,7.068640666155435,3.03452352996106,431.0,1.0,0.541748046875
-0.38603446,nine_circle,0.677838,train,113.0,67.0,0.0,0.0,8.747344218240134,2.851731220522883,438.0,1.0,0.662109375
-0.4205023,hourglass,0.36354107,train,84.0,42.0,8.0,0.0,6.855259642546965,1.7114553325764184,262.0,1.0,0.354736328125
-0.29950556,hexagonal,0.5182665,train,133.0,74.0,11.0,0.0,7.958353432497694,2.9544395758848605,312.0,1.0,0.5078125
-0.49955484,hexagonal,0.5400816,train,129.0,70.0,9.0,0.0,9.740592361206625,2.698855945723316,270.0,1.0,0.531005859375
-0.56961846,hourglass,0.4398813,train,106.0,57.0,8.0,0.0,8.289415492234617,1.6448216089731373,262.0,1.0,0.43115234375
-0.60009855,hourglass,0.5619423,train,147.0,78.0,3.0,0.0,8.132339996174679,2.618155249076554,388.0,1.0,0.55078125
-0.5946406,hourglass,0.569864,train,173.0,99.0,5.0,0.0,7.982298419732201,3.0646081037271196,404.0,1.0,0.56787109375
-0.27980518,hourglass,0.30464822,train,62.0,30.0,8.0,0.0,6.102226452445254,1.0884426135894445,256.0,1.0,0.2978515625
-0.49810916,hourglass,0.39079142,train,97.0,48.0,8.0,0.0,7.467524306206303,1.9200162539956216,262.0,1.0,0.38525390625
-0.4891251,hourglass,0.3563212,train,77.0,40.0,8.0,0.0,6.817517313008365,1.682007727248457,260.0,1.0,0.348876953125
-0.33659786,four_circle,0.5335,train,397.0,218.0,28.0,0.0,4.354631479583024,1.5019612321182738,663.0,1.0,0.53076171875
-0.60966104,hourglass,0.63202924,train,218.0,127.0,6.0,0.0,8.563096279663222,2.728247634812696,426.0,1.0,0.616943359375
-0.7178314,hourglass,0.6790495,train,226.0,126.0,6.0,0.0,8.709263421643312,3.1185654120357023,378.0,1.0,0.623779296875
-0.55463004,hourglass,0.4123738,train,107.0,54.0,8.0,0.0,7.639646676786065,1.8703994422900594,262.0,1.0,0.40185546875
-0.10277472,reentrant_bowtie,0.537643,train,116.0,67.0,8.0,0.0,8.53708017673919,3.1200646482581407,266.0,1.0,0.5380859375
-1.2754405,reentrant_bowtie,0.562946,train,175.0,96.0,10.0,0.0,8.004188146742836,4.206947136619013,324.0,1.0,0.5693359375
-0.72067976,hourglass,0.67922133,train,211.0,121.0,6.0,0.0,8.611883640149708,3.122627753009592,378.0,1.0,0.62158203125
-0.24684256,hexagonal,0.5777194,train,186.0,111.0,6.0,0.0,7.312157232994036,3.5896096969508515,425.0,1.0,0.576416015625
-0.67113864,hourglass,0.69861054,train,136.0,75.0,9.0,0.0,10.492822087675773,2.7587917620231455,283.0,1.0,0.619873046875
-0.5014689,hexagonal,0.5433408,test,153.0,79.0,12.0,0.0,8.619141363040962,3.161396184054676,338.0,1.0,0.5380859375
-0.60642964,hourglass,0.6472569,train,197.0,114.0,5.0,0.0,8.569758241372615,2.600317927288958,415.0,1.0,0.61376953125
-0.071354054,reentrant_bowtie,0.5214621,train,122.0,64.0,6.0,0.0,10.319783698132548,6.823782772510606,226.0,1.0,0.52880859375
-0.4573041,hourglass,0.43091747,train,112.0,58.0,8.0,0.0,8.166897003404879,1.9161431722423934,265.0,1.0,0.4169921875
-0.59313077,hexagonal,0.56583,train,213.0,113.0,12.0,0.0,8.287645089798872,3.2736219872480907,361.0,1.0,0.567626953125
-0.05848302,circle,0.57449,train,481.0,262.0,15.0,0.0,5.8011461400821105,2.9505654692525316,646.0,1.0,0.58154296875
-0.40152943,hourglass,0.3255304,train,78.0,37.0,8.0,0.0,6.630196372722172,1.219282537107618,260.0,1.0,0.318603515625
-0.1352331,hexagonal,0.57112336,val,85.0,48.0,6.0,0.0,10.586156416407755,4.939403992690249,267.0,1.0,0.56298828125
-0.43039548,hourglass,0.5747037,train,165.0,93.0,2.0,0.0,7.991514379840095,2.5970820111514628,394.0,1.0,0.563232421875
-0.6623177,hourglass,0.6682243,train,139.0,81.0,4.0,0.0,8.559580653756635,2.4905755934998575,392.0,1.0,0.619873046875
-0.37233698,hexagonal,0.53360087,train,282.0,163.0,5.0,0.0,6.758230407605574,3.03535023455586,478.0,1.0,0.537109375
-0.49525827,hourglass,0.5518236,train,132.0,68.0,4.0,0.0,8.304836930934728,2.390494961148905,368.0,1.0,0.54833984375
-0.26943877,circle,0.546492,train,188.0,110.0,6.0,0.0,6.101942883735754,1.843455363078049,462.0,1.0,0.549560546875
-0.68447155,hourglass,0.533562,train,224.0,121.0,10.0,0.0,6.986864091081921,2.9758930086409805,421.0,1.0,0.529052734375
-0.5971577,hourglass,0.549665,train,136.0,71.0,9.0,0.0,8.345297175771837,2.371026881482395,365.0,1.0,0.5498046875
-0.67393404,hexagonal,0.561297,train,198.0,112.0,8.0,0.0,7.202865308030037,3.326501701708182,433.0,1.0,0.56298828125
-1.1954976,hexagonal,0.504285,train,136.0,79.0,9.0,0.0,7.033711113692698,3.0970700725122255,385.0,1.0,0.506103515625
-0.10758865,square,0.568569,train,206.0,123.0,8.0,0.0,6.230890511785725,1.9687042415764608,483.0,1.0,0.56201171875
-0.3132985,hexagonal,0.501512,train,252.0,140.0,17.0,0.0,5.369964494883337,2.4183491953276017,511.0,1.0,0.508544921875
-0.5927485,hourglass,0.5635111,train,162.0,87.0,4.0,0.0,8.103757057109428,2.683036857134178,391.0,1.0,0.552978515625
-0.5890269,hourglass,0.526595,test,158.0,83.0,4.0,0.0,7.913959946542615,2.467972335553072,388.0,1.0,0.522705078125
-0.1404079,reentrant_bowtie,0.5206353,train,125.0,67.0,7.0,0.0,10.188320622262337,7.191194227187547,231.0,1.0,0.52099609375
-0.39529815,hourglass,0.6773519,train,153.0,92.0,3.0,0.0,8.560373678789356,2.4647852254202793,397.0,1.0,0.62060546875
-0.28517842,square,0.525194,train,336.0,195.0,4.0,0.0,4.849953334310664,2.0018402582910437,578.0,1.0,0.52001953125
-0.25158483,grid_circular_voids,0.451547,train,90.0,48.0,8.0,0.0,8.337873583070365,2.2475081054727983,252.0,1.0,0.460205078125
-0.044866383,reentrant_bowtie,0.562622,train,193.0,111.0,4.0,0.0,9.290575229442224,8.48463372069938,316.0,1.0,0.561279296875
-0.41015488,hexagonal,0.548002,train,84.0,47.0,8.0,0.0,8.655198804916145,2.9726437960430205,271.0,1.0,0.543701171875
-0.40952423,hourglass,0.31154594,train,72.0,37.0,8.0,0.0,6.278201213575088,0.7541124888869654,258.0,1.0,0.30322265625
-0.6608665,hourglass,0.6916613,train,139.0,80.0,11.0,0.0,10.011275583850127,2.651275758006058,306.0,1.0,0.61474609375
-0.5713181,hourglass,0.44685727,train,121.0,63.0,6.0,0.0,8.506757975142207,1.9181629740871582,271.0,1.0,0.44140625
-0.30549985,four_circle,0.565024,train,328.0,192.0,18.0,0.0,5.351451129518937,1.7457620382184895,560.0,1.0,0.57470703125
-0.02516871,circle,0.530742,train,220.0,124.0,2.0,0.0,7.22722810185924,3.525522015669518,441.0,1.0,0.542236328125
-0.46822092,small_square_cross,0.511046,train,199.0,109.0,20.0,0.0,6.002288834912216,2.389578478178556,442.0,1.0,0.5205078125
-0.41001663,hexagonal,0.5585076,train,96.0,54.0,9.0,0.0,9.220278572295127,2.533633531150638,268.0,1.0,0.5498046875
-0.57350975,hourglass,0.4325484,train,112.0,59.0,9.0,0.0,7.9537494805995435,1.845138441019847,270.0,1.0,0.422607421875
-0.09589751,reentrant_bowtie,0.546343,val,333.0,174.0,10.0,0.0,6.504621723243208,3.9237454798258447,408.0,1.0,0.5419921875
-0.2758452,square,0.652448,train,205.0,114.0,14.0,0.0,8.855522470042143,3.2885702759975084,366.0,1.0,0.644775390625
-0.13446686,circle_half_quarter,0.511219,train,257.0,146.0,7.0,0.0,5.394095187833951,2.54400574104952,491.0,1.0,0.50732421875
-0.27594644,reentrant_bowtie,0.502643,train,114.0,63.0,8.0,0.0,7.768362182720517,2.5347804983810738,277.0,1.0,0.50048828125
-0.38976055,small_square_cross,0.542076,train,322.0,181.0,25.0,0.0,4.713052861961066,1.620132419106271,573.0,1.0,0.539794921875
-0.5687979,hourglass,0.62827015,train,162.0,91.0,6.0,0.0,9.55506517414361,2.8864335690670564,325.0,1.0,0.61767578125
-0.70957774,hourglass,0.680681,train,215.0,122.0,7.0,0.0,8.937655990356944,3.0475735110314295,366.0,1.0,0.62841796875
-0.5535373,hourglass,0.4506789,train,119.0,61.0,8.0,0.0,8.665967854929324,1.8575843070887306,262.0,1.0,0.448486328125
-0.6592651,hourglass,0.6656835,train,155.0,92.0,3.0,0.0,8.598663217118137,2.591258372154593,399.0,1.0,0.617431640625
-0.48260823,hourglass,0.38024655,train,92.0,46.0,8.0,0.0,7.016405458908948,1.5389964375034528,259.0,1.0,0.37255859375
-0.5854745,hourglass,0.55737156,train,216.0,117.0,9.0,0.0,7.362953987626753,3.142683696285276,402.0,1.0,0.541015625
-0.57359934,hourglass,0.44616246,train,111.0,56.0,8.0,0.0,8.431334120580635,2.0100807187784695,266.0,1.0,0.43994140625
-0.34200066,hexagonal,0.56516063,train,273.0,155.0,9.0,0.0,6.621087123536338,2.474195801261667,455.0,1.0,0.5615234375
-0.42014,hexagonal,0.57031834,train,237.0,138.0,10.0,0.0,5.2690426179258,1.5018675363503742,543.0,1.0,0.553466796875
-0.387303,hourglass,0.571029,train,154.0,89.0,4.0,0.0,8.273527563633133,2.9560929017110364,390.0,1.0,0.571044921875
-0.5542735,hourglass,0.6290592,train,142.0,80.0,8.0,0.0,10.232057088542057,2.436137418595958,289.0,1.0,0.615234375
-0.34592885,hexagonal,0.54197884,train,258.0,151.0,9.0,0.0,5.674956293377528,2.065181386958126,485.0,1.0,0.552490234375
-0.55492955,hourglass,0.4123533,train,104.0,52.0,8.0,0.0,7.63131092310187,1.897939423352653,261.0,1.0,0.40185546875
-0.39954364,cross_rectangular,0.618913,train,325.0,182.0,11.0,0.0,5.645785179199205,2.1347518496217606,574.0,1.0,0.626708984375
-0.44241396,square,0.614267,train,257.0,142.0,10.0,0.0,7.323314135167437,3.160534698420386,442.0,1.0,0.6279296875
-0.1935446,circle_half_quarter,0.526647,train,305.0,171.0,8.0,0.0,5.451168281423114,2.1320492332082686,552.0,1.0,0.543212890625
-0.057706416,reentrant_bowtie,0.50738966,train,98.0,57.0,4.0,0.0,9.5630801221062,4.118830509407692,278.0,1.0,0.51708984375
-0.5118153,hourglass,0.60392946,test,159.0,92.0,4.0,0.0,8.395518498411988,2.6306648110221684,390.0,1.0,0.59326171875
-0.5393908,hourglass,0.4216969,train,109.0,56.0,8.0,0.0,8.008875407494248,1.9485497183658937,262.0,1.0,0.41162109375
-0.58873516,hourglass,0.5729916,train,158.0,86.0,4.0,0.0,8.136613979073143,2.6953479758008165,392.0,1.0,0.559326171875
-0.4284592,hourglass,0.41799718,train,112.0,58.0,8.0,0.0,7.973508861037025,1.8857985817347522,263.0,1.0,0.407958984375
-0.5184685,hourglass,0.529052,train,164.0,88.0,5.0,0.0,7.876963163818071,2.471294695033228,364.0,1.0,0.5263671875
-0.6532943,hourglass,0.68685067,train,107.0,61.0,9.0,0.0,10.1403651762471,2.688454688646073,292.0,1.0,0.622314453125
-0.4530866,hourglass,0.45077777,train,119.0,61.0,8.0,0.0,8.665967854929324,1.857584307088731,262.0,1.0,0.448486328125
-0.48362544,hourglass,0.506256,train,114.0,62.0,8.0,0.0,9.338699693977654,2.384158219112435,268.0,1.0,0.50390625
-0.54435605,hourglass,0.41464624,train,108.0,54.0,8.0,0.0,7.647985308891557,1.8648823994648753,262.0,1.0,0.40283203125
-0.092919305,small_square_cross,0.547711,train,162.0,86.0,16.0,0.0,8.158955182269525,2.8761458003598257,314.0,1.0,0.5537109375
-0.3549006,reentrant_bowtie,0.503552,train,138.0,77.0,8.0,0.0,7.8027825950919425,2.459093192476812,288.0,1.0,0.497802734375
-0.1664068,grid_circular_voids,0.56851,train,141.0,85.0,8.0,0.0,7.898187662931874,2.601921675488856,403.0,1.0,0.5625
-0.5238372,hourglass,0.40609142,train,105.0,52.0,8.0,0.0,7.59255699383771,1.9866927359626712,261.0,1.0,0.393310546875
-0.25336272,hourglass,0.3014587,train,42.0,22.0,8.0,0.0,5.631811267941062,0.9933286678094416,250.0,1.0,0.291015625
-0.67653406,hourglass,0.529907,train,220.0,123.0,4.0,0.0,7.354397769089993,2.75488131131371,439.0,1.0,0.529052734375
-0.61406755,hourglass,0.4579311,train,128.0,69.0,9.0,0.0,8.768944069118449,2.2806930683636435,271.0,1.0,0.451416015625
-0.04582759,reentrant_bowtie,0.5021032,train,113.0,61.0,9.0,0.0,9.711693960318522,6.496397447301855,223.0,1.0,0.5078125
-0.7000569,hourglass,0.6740587,train,161.0,95.0,6.0,0.0,8.284472899210389,2.349423981789576,394.0,1.0,0.6162109375
-0.17639464,square,0.58129,train,283.0,166.0,13.0,0.0,5.887378026580217,2.2535653804168376,538.0,1.0,0.591064453125
-0.09062576,reentrant_bowtie,0.559633,train,179.0,103.0,7.0,0.0,7.408363666352264,3.788950750151242,400.0,1.0,0.567626953125
-0.5577214,hourglass,0.6188728,train,173.0,98.0,2.0,0.0,8.570988087118645,2.7699262749537668,402.0,1.0,0.60693359375
-0.42927453,hourglass,0.4087972,train,107.0,53.0,8.0,0.0,7.5131560320556465,1.9166894790753075,264.0,1.0,0.393798828125
-0.38108975,four_circle,0.515705,train,429.0,235.0,31.0,0.0,4.275380501087144,1.759785246635633,692.0,1.0,0.5146484375
-0.4675395,hourglass,0.39183927,train,97.0,50.0,8.0,0.0,7.484657415197817,1.876669419463308,262.0,1.0,0.38525390625
-0.5312274,hourglass,0.49826455,train,121.0,65.0,8.0,0.0,9.625303197313933,2.069984557841403,262.0,1.0,0.492919921875
-0.27686375,hexagonal,0.50104976,train,118.0,63.0,10.0,0.0,7.956483776861693,2.8345320767463065,291.0,1.0,0.488037109375
-0.28905112,cross_rectangular,0.640264,train,201.0,115.0,6.0,0.0,7.0451277032991975,2.116064608906528,502.0,1.0,0.624267578125
-0.1846421,four_circle,0.604534,val,296.0,171.0,2.0,0.0,7.657434747461975,3.4009152788523824,474.0,1.0,0.61181640625
-0.6634671,hourglass,0.522487,train,275.0,156.0,10.0,0.0,6.615358628076974,3.2065048072738636,448.0,1.0,0.51611328125
-0.04696446,reentrant_bowtie,0.555439,train,121.0,71.0,4.0,0.0,9.928692692194929,7.984190789222588,282.0,1.0,0.54638671875
-0.4844927,hexagonal,0.55049396,train,169.0,91.0,7.0,0.0,8.9614260606657,2.9900751464202373,327.0,1.0,0.546875
-0.3260796,cross_rectangular,0.581269,train,319.0,181.0,5.0,0.0,5.799169219144376,3.060678540545711,531.0,1.0,0.58642578125
-0.38392022,hourglass,0.575546,train,200.0,116.0,8.0,0.0,8.038070766027554,3.162733737527997,401.0,1.0,0.577392578125
-0.56964904,hourglass,0.5434755,train,150.0,84.0,4.0,0.0,7.8217457049725025,2.625712893828699,378.0,1.0,0.540283203125
-0.5258739,hourglass,0.5732833,train,162.0,91.0,4.0,0.0,8.071280858695072,2.4216996885855178,392.0,1.0,0.56103515625
-0.69076025,hourglass,0.6773519,train,153.0,92.0,3.0,0.0,8.560373678789356,2.4647852254202793,397.0,1.0,0.62060546875
-0.3445224,square,0.621206,train,243.0,137.0,15.0,0.0,7.4395665505668145,2.8938602706256376,431.0,1.0,0.6357421875
-0.39356366,hexagonal,0.52637696,train,265.0,152.0,6.0,0.0,6.486353907234245,3.0944889139817082,444.0,1.0,0.520263671875
-0.60633504,hourglass,0.6504083,train,187.0,112.0,4.0,0.0,8.235623170229136,2.5266097324433514,411.0,1.0,0.60986328125
-0.5796054,hexagonal,0.54974073,train,161.0,87.0,7.0,0.0,8.91069133357658,3.055287621474466,321.0,1.0,0.543212890625
-0.51921296,hexagonal,0.5367732,train,263.0,150.0,7.0,0.0,6.813875297695537,3.3313714160633126,427.0,1.0,0.533203125
-0.6019802,hexagonal,0.539249,train,354.0,196.0,9.0,0.0,5.730268990633125,3.420704953172392,551.0,1.0,0.54052734375
-0.4821094,hourglass,0.6811218,train,234.0,131.0,6.0,0.0,9.086374034686642,3.22913000450321,380.0,1.0,0.63671875
-0.52922255,hourglass,0.4208764,train,109.0,56.0,8.0,0.0,8.00596469524007,1.9487583404727074,262.0,1.0,0.409423828125
-0.4804013,hourglass,0.38045463,train,92.0,46.0,8.0,0.0,7.016405458908948,1.5389964375034528,259.0,1.0,0.37255859375
-0.5366982,hexagonal,0.565927,train,239.0,128.0,15.0,0.0,6.407165683788265,2.144373076646584,463.0,1.0,0.561279296875
-0.71766204,hourglass,0.67889917,train,224.0,125.0,7.0,0.0,8.80098005174738,3.110470263645001,378.0,1.0,0.62548828125
-0.5406609,hourglass,0.46642828,train,103.0,55.0,8.0,0.0,9.024623105175886,2.0462030789476366,260.0,1.0,0.4609375
-0.49687174,circle,0.550199,train,638.0,360.0,18.0,0.0,4.115957572093689,1.9369580920999288,762.0,1.0,0.55615234375
-0.39878222,hexagonal,0.532602,train,121.0,66.0,8.0,0.0,9.395175836222187,2.2080757556521036,276.0,1.0,0.5390625
-0.62083614,hexagonal,0.560493,train,89.0,52.0,7.0,0.0,8.798976412487974,3.05534890800103,280.0,1.0,0.5556640625
-0.285074,circle_half_quarter,0.552758,train,144.0,81.0,6.0,0.0,6.30367498993364,1.6539624341697376,445.0,1.0,0.56005859375
-0.35315636,hexagonal,0.51597357,train,186.0,112.0,3.0,0.0,7.25052446067258,2.261553472555533,406.0,1.0,0.521728515625
-0.42259237,hourglass,0.35940272,train,88.0,44.0,8.0,0.0,6.849565924773446,1.7054447218296733,263.0,1.0,0.35107421875
-0.29939133,square,0.529172,train,423.0,246.0,3.0,0.0,4.781694256408672,1.5761709603736362,599.0,1.0,0.530517578125
-0.5333577,hourglass,0.34259272,train,81.0,42.0,8.0,0.0,6.631249313407819,1.2968056744252086,261.0,1.0,0.33154296875
-0.46188518,hourglass,0.45226732,train,127.0,66.0,8.0,0.0,8.53911527996495,1.9729417121430743,267.0,1.0,0.446533203125
-0.6258416,hourglass,0.6570236,train,177.0,103.0,8.0,0.0,8.211281944649185,2.6802135134448184,414.0,1.0,0.609619140625
-0.6052812,hourglass,0.63074714,train,174.0,104.0,4.0,0.0,8.3858469468306,2.4402456243387007,404.0,1.0,0.615478515625
-0.37389773,reentrant_bowtie,0.538991,train,392.0,217.0,8.0,0.0,6.782343990331542,3.206323712790019,456.0,1.0,0.542724609375
-0.60394,hourglass,0.5778688,train,150.0,88.0,4.0,0.0,8.333285074791466,2.47222883605328,378.0,1.0,0.563720703125
-0.53597236,hourglass,0.46722063,train,115.0,61.0,8.0,0.0,9.090882192583727,2.011933440670833,263.0,1.0,0.4609375
-0.5089134,hourglass,0.5405972,train,167.0,89.0,7.0,0.0,7.353304805164031,3.1678975849951723,375.0,1.0,0.524658203125
-0.60060686,hourglass,0.62567157,train,172.0,95.0,8.0,0.0,9.124783874355336,2.942265096395568,344.0,1.0,0.614501953125
-0.28232676,square,0.534861,train,396.0,230.0,9.0,0.0,4.504216027015804,2.1129553603555666,590.0,1.0,0.543701171875
-0.09148412,circle,0.567342,train,158.0,86.0,16.0,0.0,8.769406582988358,2.673661084777429,314.0,1.0,0.5634765625
-0.4249991,hexagonal,0.56089693,train,344.0,197.0,12.0,0.0,5.88078499756048,2.8826510428580745,553.0,1.0,0.560302734375
-0.49251714,reentrant_bowtie,0.528801,train,293.0,167.0,8.0,0.0,7.239652874849939,3.5059246832084243,392.0,1.0,0.535400390625
-0.21023561,small_square_cross,0.532633,train,282.0,166.0,4.0,0.0,5.799161942464133,2.568428895683478,546.0,1.0,0.54541015625
-0.48722112,hourglass,0.38990003,train,97.0,50.0,8.0,0.0,7.484657415197817,1.876669419463308,262.0,1.0,0.384765625
-0.41929743,hexagonal,0.5646488,train,199.0,115.0,11.0,0.0,7.298130716179796,2.417368616549075,376.0,1.0,0.561279296875
-0.5192637,hourglass,0.51493394,test,143.0,78.0,9.0,0.0,9.243387296023998,2.346409953770525,277.0,1.0,0.506591796875
-0.5147026,hourglass,0.37721446,train,92.0,46.0,8.0,0.0,6.9093113241392015,1.587133511616949,264.0,1.0,0.36962890625
-0.49243858,hourglass,0.39501733,train,102.0,52.0,8.0,0.0,7.547951521431843,1.886994229389616,263.0,1.0,0.38671875
-0.48980185,hourglass,0.577142,train,218.0,120.0,6.0,0.0,7.745265078542283,3.07887445293403,414.0,1.0,0.569580078125
-0.09676699,small_square_cross,0.542808,train,107.0,64.0,9.0,0.0,8.88536235209718,2.2410631057518238,286.0,1.0,0.548583984375
-0.4250801,hourglass,0.32994744,train,77.0,40.0,8.0,0.0,6.545602952124273,1.4123656217957683,262.0,1.0,0.321044921875
-0.34907907,grid_circular_voids,0.646694,train,292.0,172.0,5.0,0.0,7.1428731093483,2.7755885944490655,530.0,1.0,0.656005859375
-0.6176812,hourglass,0.66431916,test,139.0,83.0,3.0,0.0,8.593633475573379,2.572019920668331,395.0,1.0,0.619140625
-0.42107552,hourglass,0.5789303,train,165.0,97.0,6.0,0.0,8.305568591819668,2.536319179827978,390.0,1.0,0.56982421875
-0.0492573,reentrant_bowtie,0.519165,train,114.0,61.0,6.0,0.0,10.424715716920657,6.90287089157198,222.0,1.0,0.52197265625
-0.5479577,hourglass,0.47939408,train,117.0,63.0,8.0,0.0,9.290525432620543,2.184854607820341,263.0,1.0,0.476806640625
-0.7070986,hourglass,0.578649,train,159.0,89.0,4.0,0.0,8.329232258686996,2.837169541371992,390.0,1.0,0.573486328125
-0.12998116,reentrant_bowtie,0.5161052,train,130.0,69.0,6.0,0.0,9.96629422747647,6.673368634849014,230.0,1.0,0.515625
-0.5850048,hourglass,0.5860994,train,154.0,90.0,4.0,0.0,8.425329068203226,2.5032901692446967,380.0,1.0,0.57373046875
-0.56034005,hourglass,0.61994743,train,174.0,98.0,3.0,0.0,8.340595095833057,2.4722571288895883,397.0,1.0,0.59912109375
-0.4952478,hourglass,0.5512122,train,139.0,73.0,3.0,0.0,8.287925564676321,2.3850929149119224,370.0,1.0,0.54833984375
-0.42558438,nine_circle,0.683404,test,471.0,261.0,4.0,0.0,6.011796339261281,3.0176072769772375,638.0,1.0,0.6796875
-0.7178314,hourglass,0.6790092,train,213.0,121.0,6.0,0.0,8.675209195709357,3.1476744056518093,377.0,1.0,0.623779296875
-0.27288824,hexagonal,0.528539,train,331.0,179.0,14.0,0.0,5.740906630036959,2.659649807200885,504.0,1.0,0.5419921875
-0.1674827,cross_rectangular,0.558162,train,192.0,102.0,13.0,0.0,8.056713246969945,3.138351490122146,329.0,1.0,0.561279296875
-0.3291931,hourglass,0.308209,train,53.0,28.0,8.0,0.0,6.049292627805222,1.2499234789303664,256.0,1.0,0.3017578125
-0.46274567,hourglass,0.69039327,train,140.0,79.0,11.0,0.0,9.710318205309257,2.90745766869087,312.0,1.0,0.611083984375
-0.43967363,four_circle,0.50604,train,480.0,269.0,24.0,0.0,4.016768497351445,1.5750350343496924,699.0,1.0,0.49462890625
-0.45851338,reentrant_bowtie,0.525636,train,415.0,226.0,8.0,0.0,6.344310233083127,3.010353412208727,448.0,1.0,0.531494140625
-0.30799022,four_circle,0.564077,train,397.0,230.0,15.0,0.0,5.6259370126848145,2.2923254730187863,574.0,1.0,0.577392578125
-0.2116294,hexagonal,0.5079356,train,176.0,106.0,6.0,0.0,6.886965961753912,2.892488770158543,374.0,1.0,0.5068359375
-0.5495207,hourglass,0.4798909,train,117.0,63.0,8.0,0.0,9.307328087959242,2.308361124505887,266.0,1.0,0.47705078125
-0.45958516,square,0.590952,train,311.0,186.0,5.0,0.0,5.98662710191183,2.1781158279817068,596.0,1.0,0.601318359375
-0.38138798,circle,0.543725,train,171.0,96.0,15.0,0.0,7.228583037773031,3.3943897738572106,319.0,1.0,0.548095703125
-0.56807953,hourglass,0.54407144,train,169.0,98.0,3.0,0.0,8.025130405396654,2.5762103588002563,379.0,1.0,0.540283203125
-0.7262877,hexagonal,0.549892,train,173.0,95.0,12.0,0.0,8.018199217580214,3.26453660661264,312.0,1.0,0.546630859375
-0.23576763,square,0.579401,train,428.0,246.0,14.0,0.0,5.200655244219094,2.4582368926773555,624.0,1.0,0.586669921875
-0.4056834,hourglass,0.32527122,train,78.0,37.0,8.0,0.0,6.6410034369320785,1.2484437561199104,260.0,1.0,0.31640625
-0.07036131,reentrant_bowtie,0.53903687,train,230.0,129.0,15.0,0.0,7.459419622473699,4.36532793980795,412.0,1.0,0.53515625
-0.41963625,hourglass,0.539325,train,149.0,82.0,4.0,0.0,8.075049205320049,2.568302500535604,385.0,1.0,0.533447265625
-0.56254363,hourglass,0.5544384,train,129.0,71.0,3.0,0.0,8.406009189164429,2.2730962366187897,372.0,1.0,0.5517578125
-0.613401,hourglass,0.51395154,train,164.0,85.0,10.0,0.0,8.556608646230474,2.5594300618472974,308.0,1.0,0.5068359375
-0.5169664,hourglass,0.3881284,train,100.0,52.0,8.0,0.0,7.527828463694091,1.9423859709080316,263.0,1.0,0.38427734375
-0.64300424,hourglass,0.553311,train,186.0,105.0,9.0,0.0,7.468015313907127,2.797621385316198,388.0,1.0,0.54541015625
-0.35926405,nine_circle,0.498079,train,131.0,79.0,4.0,0.0,6.979990098459,1.492680485879698,426.0,1.0,0.517578125
-0.5067557,hourglass,0.48382518,train,119.0,63.0,8.0,0.0,9.05276805739267,2.129854311435368,270.0,1.0,0.47900390625
-0.4839675,hourglass,0.4719408,train,122.0,63.0,10.0,0.0,8.684258629171458,2.127062011884426,270.0,1.0,0.46533203125
-0.42860052,small_square_cross,0.565345,train,231.0,130.0,18.0,0.0,6.677883607795895,2.7031862333569805,446.0,1.0,0.562744140625
-0.5238372,hourglass,0.40609142,train,105.0,54.0,8.0,0.0,7.597452672017207,1.9483208862425476,261.0,1.0,0.393310546875
-0.50137615,hexagonal,0.51344943,train,129.0,69.0,8.0,0.0,9.168216098293755,2.678227862613289,275.0,1.0,0.498291015625
-0.11268178,hexagonal,0.5797449,train,155.0,84.0,9.0,0.0,9.840010610773914,3.4162732920538668,306.0,1.0,0.57177734375
-0.5654199,hourglass,0.53104526,train,183.0,94.0,10.0,0.0,7.401600020127825,3.014683589042768,375.0,1.0,0.51123046875
-0.52288395,hourglass,0.5551289,train,128.0,66.0,4.0,0.0,8.308870372380262,2.374925001636214,366.0,1.0,0.544921875
-0.52002686,hexagonal,0.551293,train,143.0,74.0,8.0,0.0,10.260026458749408,2.451788904140802,272.0,1.0,0.536865234375
-0.60737336,hourglass,0.56473386,train,158.0,84.0,5.0,0.0,8.157081818721819,2.6710940596327224,385.0,1.0,0.552490234375
-0.52822167,hourglass,0.51641214,train,143.0,78.0,9.0,0.0,9.110833096259542,2.453832048179579,280.0,1.0,0.505126953125
-0.51074815,hourglass,0.51717997,train,137.0,74.0,9.0,0.0,9.166780224719394,2.288142228347698,275.0,1.0,0.50927734375
-0.22918321,circle,0.610673,train,209.0,118.0,11.0,0.0,8.52271698697033,2.7420765457517535,334.0,1.0,0.60498046875
-0.5431384,hourglass,0.42816052,train,100.0,50.0,9.0,0.0,7.871612025344913,1.8401654737903939,264.0,1.0,0.4150390625
-0.40499303,hourglass,0.31231463,train,74.0,39.0,8.0,0.0,6.3318745487316574,0.8355012708206229,258.0,1.0,0.304931640625
-0.4605167,hourglass,0.38404712,train,92.0,46.0,8.0,0.0,7.017356081500591,1.5396795898258513,259.0,1.0,0.373046875
-0.4195404,four_circle,0.511207,train,674.0,364.0,24.0,0.0,3.874774711563681,1.5819622154495705,728.0,1.0,0.513427734375
-0.5888614,hourglass,0.41027436,train,107.0,54.0,8.0,0.0,7.470590639924125,1.9953246018624295,268.0,1.0,0.39892578125
-0.1918638,hexagonal,0.5202421,train,173.0,100.0,13.0,0.0,6.90478929358188,3.526028450941673,367.0,1.0,0.521484375
-0.5466019,hourglass,0.47645745,train,117.0,63.0,8.0,0.0,9.268539432405545,2.2910464358182616,265.0,1.0,0.47412109375
-1.2432429,reentrant_bowtie,0.557008,train,209.0,117.0,4.0,0.0,9.645403532869063,6.7069435733848,355.0,1.0,0.557373046875
-0.33835468,hexagonal,0.5101745,val,203.0,116.0,6.0,0.0,7.1083447647256435,2.3704889700289797,406.0,1.0,0.51708984375
-0.51081365,hourglass,0.5398618,train,163.0,91.0,6.0,0.0,7.443520810198816,3.19381698768614,371.0,1.0,0.52197265625
-0.36063668,hexagonal,0.553757,train,273.0,150.0,4.0,0.0,6.916303893941468,3.3023948696698158,448.0,1.0,0.544677734375
-0.55339694,hourglass,0.45072785,train,119.0,61.0,8.0,0.0,8.665967854929324,1.8575843070887306,262.0,1.0,0.448486328125
-0.7071207,hourglass,0.530299,train,268.0,147.0,8.0,0.0,6.676223158586618,2.976856169742804,452.0,1.0,0.526611328125
-0.4533317,grid_circular_voids,0.518317,train,129.0,74.0,2.0,0.0,7.013807664048686,2.6174787084448443,358.0,1.0,0.522705078125
-0.07287181,hexagonal,0.57045,train,191.0,111.0,3.0,0.0,9.626669821480991,5.652216291314595,374.0,1.0,0.577880859375
-0.48937628,hourglass,0.35892054,train,84.0,42.0,8.0,0.0,6.853457596917196,1.7142099970023683,262.0,1.0,0.35009765625
-0.47351685,hourglass,0.3912247,train,97.0,48.0,8.0,0.0,7.467524306206303,1.9200162539956216,262.0,1.0,0.38525390625
-0.6741358,hourglass,0.559468,train,276.0,151.0,10.0,0.0,7.1824777512992934,3.3111764875617236,453.0,1.0,0.547119140625
-0.52782685,hourglass,0.5002667,train,128.0,69.0,8.0,0.0,9.65671443442498,2.0989666526113124,263.0,1.0,0.49658203125
-0.61678934,hourglass,0.565412,train,202.0,108.0,8.0,0.0,7.479098546478442,3.018073924086664,394.0,1.0,0.55712890625
-0.5228309,hourglass,0.5152423,train,154.0,84.0,9.0,0.0,9.301851020618404,2.290453428737806,279.0,1.0,0.507568359375
-0.37832293,nine_circle,0.574088,train,133.0,84.0,1.0,0.0,7.530053960363176,1.9451685306023745,445.0,1.0,0.583984375
-1.3132652,reentrant_bowtie,0.5487526,train,136.0,78.0,8.0,0.0,10.2401700241274,8.164094033662044,296.0,1.0,0.543701171875
-0.56201774,hourglass,0.53238744,train,180.0,96.0,8.0,0.0,7.1610069357491914,2.736642182562923,390.0,1.0,0.51220703125
-0.30163628,four_circle,0.58002,train,340.0,201.0,9.0,0.0,5.822144974352597,2.4703497520838638,544.0,1.0,0.580322265625
-0.27341005,cross_rectangular,0.545638,train,257.0,138.0,11.0,0.0,7.184679055002251,2.9413244612995446,369.0,1.0,0.54296875
-0.35996142,square,0.564498,train,428.0,243.0,15.0,0.0,4.448555490936974,2.074490950787386,687.0,1.0,0.57275390625
-0.52002686,hexagonal,0.551293,train,157.0,81.0,6.0,0.0,10.254790171237941,2.5142181552862333,278.0,1.0,0.536865234375
-0.09923898,reentrant_bowtie,0.539196,test,176.0,101.0,8.0,0.0,7.444420661562253,4.08914924577785,370.0,1.0,0.54443359375
-0.4284071,hourglass,0.41464624,train,108.0,54.0,8.0,0.0,7.647353533851113,1.863379296218925,262.0,1.0,0.40283203125
-0.38247254,four_circle,0.573685,train,491.0,275.0,17.0,0.0,4.834946555793564,1.7498631377352105,661.0,1.0,0.5791015625
-0.52836335,hourglass,0.49956515,train,132.0,73.0,8.0,0.0,9.642666655590608,2.0947078703095303,263.0,1.0,0.49658203125
-0.2546793,reentrant_bowtie,0.530085,train,138.0,72.0,8.0,0.0,7.892144212497834,2.4502479265475876,290.0,1.0,0.51904296875
-0.45719087,hexagonal,0.5462639,train,170.0,94.0,13.0,0.0,7.3613648592977095,3.1108383244603215,391.0,1.0,0.545654296875
-0.5480469,hourglass,0.5346434,train,207.0,112.0,8.0,0.0,7.431108440488745,2.992304308999288,388.0,1.0,0.51708984375
-0.44256064,hexagonal,0.554698,train,374.0,198.0,8.0,0.0,8.032509081324386,3.9013758268477847,403.0,1.0,0.559326171875
-0.25708684,square,0.662522,train,294.0,169.0,14.0,0.0,6.643570709980087,2.4658542185617502,561.0,1.0,0.67626953125
-0.4559401,nine_circle,0.546913,train,298.0,167.0,4.0,0.0,5.585978718991708,2.0565426576000947,578.0,1.0,0.552978515625
-0.4137547,hourglass,0.577461,train,179.0,102.0,3.0,0.0,8.078428433690622,2.8290811094932966,408.0,1.0,0.576904296875
-0.5421893,hourglass,0.5238561,train,128.0,71.0,5.0,0.0,8.393351079930232,2.6919067032269597,321.0,1.0,0.5205078125
-0.49284977,hourglass,0.5383883,train,225.0,122.0,8.0,0.0,7.096245879343695,3.180140628949863,400.0,1.0,0.521240234375
-0.6535432,hourglass,0.6856113,train,145.0,82.0,12.0,0.0,9.947528912321058,2.8389239248978035,312.0,1.0,0.612548828125
-0.43577313,cross_rectangular,0.552278,train,322.0,182.0,12.0,0.0,6.100241348171397,2.6256945726617515,485.0,1.0,0.5537109375
-0.572279,hourglass,0.54247093,train,166.0,93.0,4.0,0.0,7.87357520047246,2.6202008140523416,382.0,1.0,0.540283203125
-0.19744337,hexagonal,0.5278837,train,145.0,80.0,10.0,0.0,7.999466071222758,3.2537079870598298,301.0,1.0,0.534912109375
-0.3656329,cross_rectangular,0.618404,train,273.0,159.0,11.0,0.0,6.010543320976208,2.5907200784974522,520.0,1.0,0.626220703125
-0.055434596,square,0.550591,train,308.0,183.0,3.0,0.0,6.882993649298168,3.158993056877222,496.0,1.0,0.5537109375
-0.9975127,hexagonal,0.5683902,train,206.0,123.0,5.0,0.0,6.712269451962856,2.1266489964001973,421.0,1.0,0.558349609375
-0.5037795,hourglass,0.51254183,train,159.0,84.0,10.0,0.0,8.491082004451854,2.5535110929497042,307.0,1.0,0.505859375
-0.44347087,hexagonal,0.5737203,train,255.0,140.0,15.0,0.0,6.014888219133988,2.1367942310386683,478.0,1.0,0.564697265625
-0.20675588,hourglass,0.30079687,train,51.0,27.0,8.0,0.0,5.983085187430545,0.7447762348176818,250.0,1.0,0.293212890625
-0.52387077,hourglass,0.5022035,train,116.0,62.0,8.0,0.0,9.634003965700837,2.1089111053809315,260.0,1.0,0.501708984375
-0.6782732,hourglass,0.551053,train,272.0,146.0,10.0,0.0,7.082242172287505,3.381789556062155,449.0,1.0,0.543212890625
-0.311813,hexagonal,0.5658028,train,283.0,158.0,13.0,0.0,6.213700954226389,2.112261917767767,474.0,1.0,0.5634765625
-0.30974358,cross_rectangular,0.592172,train,331.0,189.0,20.0,0.0,5.427415112664276,2.6354980095954943,596.0,1.0,0.600341796875
-0.504596,hourglass,0.38819447,train,96.0,50.0,8.0,0.0,7.511642110957535,1.9307782246064982,262.0,1.0,0.38427734375
-0.1547345,cross_rectangular,0.523937,train,190.0,107.0,5.0,0.0,5.277797985317624,3.168681119354635,441.0,1.0,0.51513671875
-0.41424826,reentrant_bowtie,0.545286,train,128.0,67.0,8.0,0.0,7.662255439200965,2.7142281714865772,285.0,1.0,0.538818359375
-0.5750343,hourglass,0.415554,train,109.0,56.0,8.0,0.0,7.728484322780766,2.1028659548452175,264.0,1.0,0.402099609375
-0.37997752,nine_circle,0.524805,train,128.0,78.0,3.0,0.0,7.321132135926658,1.9883499852458277,438.0,1.0,0.53759765625
-0.19293612,hourglass,0.30184397,train,63.0,33.0,8.0,0.0,5.6118437794667235,1.3114144348974865,254.0,1.0,0.291748046875
-0.17506728,hexagonal,0.5101252,train,208.0,121.0,13.0,0.0,5.861421769157902,2.375654613794238,481.0,1.0,0.510498046875
-1.2345098,reentrant_bowtie,0.570798,train,166.0,92.0,10.0,0.0,8.54969551220442,4.178840347344177,325.0,1.0,0.572021484375
-0.38676524,small_square_cross,0.587104,train,550.0,312.0,16.0,0.0,4.317779514004433,2.029083978081718,697.0,1.0,0.585205078125
-0.4410797,hourglass,0.37487143,train,96.0,48.0,8.0,0.0,6.947384156114682,1.595200363019488,259.0,1.0,0.3681640625
-0.5285987,hourglass,0.50027865,val,132.0,73.0,8.0,0.0,9.642666655590608,2.0947078703095303,263.0,1.0,0.49658203125
-0.42380255,hourglass,0.38119742,train,96.0,48.0,8.0,0.0,7.0534746672068875,1.5198794625262748,260.0,1.0,0.37255859375
-0.42232344,hourglass,0.36030862,train,84.0,42.0,8.0,0.0,6.86635691917328,1.711571948935777,262.0,1.0,0.3525390625
-0.49707642,hourglass,0.4040896,train,102.0,52.0,8.0,0.0,7.591739932682211,1.8724767569090626,263.0,1.0,0.3955078125
-0.56749874,hourglass,0.44821173,train,115.0,58.0,8.0,0.0,8.495889526043243,1.9932681370677543,261.0,1.0,0.44287109375
-0.18020436,hexagonal,0.55933285,train,272.0,156.0,7.0,0.0,5.726788373046865,2.121601335697291,555.0,1.0,0.571533203125
-0.453794,hourglass,0.33620796,train,77.0,40.0,8.0,0.0,6.58793803766117,1.2240495162119247,258.0,1.0,0.32666015625
-0.57858866,hourglass,0.43475783,train,106.0,57.0,8.0,0.0,8.269850528362468,1.6679286650353145,261.0,1.0,0.42919921875
-0.2520659,hexagonal,0.57020366,train,77.0,43.0,7.0,0.0,10.310271053627746,1.8121879280141049,280.0,1.0,0.56787109375
-0.49269155,hourglass,0.4658751,train,103.0,55.0,8.0,0.0,8.989793381752804,2.0453887047193398,260.0,1.0,0.4599609375
-0.2520659,hexagonal,0.57020366,train,78.0,44.0,7.0,0.0,10.316722996289572,1.7782994460968111,278.0,1.0,0.56787109375
-0.5807615,hourglass,0.5062188,train,114.0,62.0,8.0,0.0,9.338699693977654,2.384158219112435,268.0,1.0,0.50390625
-0.37608975,circle,0.518427,train,935.0,512.0,22.0,0.0,3.229437730629695,1.3504557947125804,917.0,1.0,0.527587890625
-0.43677986,hourglass,0.37748012,train,96.0,48.0,8.0,0.0,6.957584153569209,1.565675041429811,263.0,1.0,0.36962890625
-0.56691825,hourglass,0.54453456,train,154.0,89.0,4.0,0.0,8.005379852871917,2.577046010164573,374.0,1.0,0.540283203125
-0.4246526,hourglass,0.33048737,train,77.0,40.0,8.0,0.0,6.545602952124273,1.4123656217957683,262.0,1.0,0.321044921875
-0.5850048,hourglass,0.5860994,train,165.0,96.0,4.0,0.0,8.411742581153879,2.5372015968794974,385.0,1.0,0.57373046875
-0.32003942,square,0.614799,train,431.0,252.0,13.0,0.0,5.236535944971518,2.456264796712012,649.0,1.0,0.62109375
-0.51112723,hourglass,0.5214846,train,114.0,61.0,8.0,0.0,9.405598726668428,2.1567785526030967,265.0,1.0,0.512451171875
-0.43782052,small_square_cross,0.551222,train,165.0,91.0,15.0,0.0,7.592102997762358,2.7645217971685416,368.0,1.0,0.5595703125
-0.33468312,four_circle,0.588044,test,301.0,178.0,19.0,0.0,5.699161520162546,1.7620281360647223,540.0,1.0,0.592529296875
-0.5385631,hourglass,0.48745656,train,130.0,68.0,9.0,0.0,9.140868225147814,2.318278971430324,271.0,1.0,0.48486328125
-0.44025597,circle,0.525409,train,166.0,95.0,11.0,0.0,7.529435746049496,2.847770206373727,364.0,1.0,0.524658203125
-0.5880831,hourglass,0.5812288,train,161.0,95.0,5.0,0.0,8.24446203363352,2.6005812794768284,395.0,1.0,0.5712890625
-0.396233,grid_circular_voids,0.547952,train,381.0,227.0,4.0,0.0,5.568127404337032,2.180072009321642,592.0,1.0,0.56591796875
-0.049628224,reentrant_bowtie,0.50795996,train,134.0,72.0,7.0,0.0,9.904263315130011,6.829421219513299,223.0,1.0,0.5126953125
-0.6387379,hourglass,0.520055,train,243.0,139.0,4.0,0.0,6.635078011936134,3.0875312682839677,429.0,1.0,0.509033203125
-0.6044638,hourglass,0.57774234,train,166.0,97.0,4.0,0.0,8.241931823487423,2.5584674395894873,383.0,1.0,0.5634765625
-0.3994412,hourglass,0.5936428,train,154.0,91.0,2.0,0.0,8.239768503528786,2.512449118940578,388.0,1.0,0.573486328125
-0.4223418,hourglass,0.33188602,train,77.0,40.0,8.0,0.0,6.545602952124273,1.4123656217957683,262.0,1.0,0.321044921875
-0.46806625,hourglass,0.39366364,train,97.0,50.0,8.0,0.0,7.513312291142586,1.8679051671526756,262.0,1.0,0.38671875
-0.5701407,hourglass,0.46128425,val,103.0,55.0,8.0,0.0,8.784195684369754,2.204704031590796,263.0,1.0,0.45654296875
-0.5370881,hourglass,0.34822676,train,84.0,42.0,8.0,0.0,6.908242712472473,1.5486510356278202,262.0,1.0,0.339111328125
-0.39550084,hourglass,0.596003,train,166.0,98.0,4.0,0.0,8.496330905110133,2.4572510933250884,381.0,1.0,0.57568359375
-0.4692872,hourglass,0.39343163,train,102.0,52.0,8.0,0.0,7.547951521431843,1.886994229389616,263.0,1.0,0.38671875
-0.052686337,reentrant_bowtie,0.5175768,train,125.0,67.0,6.0,0.0,10.261101528761568,6.640982800708353,224.0,1.0,0.523193359375
-0.53386456,hourglass,0.41948608,train,112.0,58.0,8.0,0.0,7.9509134421153425,1.896487186594544,263.0,1.0,0.407958984375
-0.40521583,grid_circular_voids,0.527667,train,334.0,190.0,15.0,0.0,6.000603054467763,2.428245753737354,498.0,1.0,0.533447265625
-0.7988334,reentrant_bowtie,0.525431,train,185.0,95.0,8.0,0.0,7.347339497293836,2.905730369145188,300.0,1.0,0.5263671875
-0.3878474,hourglass,0.6133192,train,160.0,90.0,2.0,0.0,8.49782123212218,2.6051937177287785,396.0,1.0,0.6083984375
-0.4012256,hourglass,0.32482806,train,79.0,39.0,8.0,0.0,6.642713724228396,1.2604126674361145,259.0,1.0,0.31640625
-0.47224176,hourglass,0.39291507,train,97.0,50.0,8.0,0.0,7.513312291142586,1.8679051671526756,262.0,1.0,0.38671875
-0.46386743,hourglass,0.55572,train,287.0,156.0,7.0,0.0,7.034126546562754,3.202164463173051,494.0,1.0,0.5625
-0.14697485,hexagonal,0.56866586,train,142.0,80.0,8.0,0.0,9.453241439549874,3.3494787269858364,302.0,1.0,0.561767578125
-0.07419802,hexagonal,0.56918645,train,284.0,166.0,11.0,0.0,6.259458120462688,3.192980408301588,532.0,1.0,0.566650390625
-0.46720636,hourglass,0.68028575,train,217.0,122.0,6.0,0.0,9.08954128017789,3.170540338303442,369.0,1.0,0.63134765625
-0.54127866,hourglass,0.51101035,train,161.0,84.0,10.0,0.0,8.554928343239583,2.8753689322557388,308.0,1.0,0.500244140625
-0.40560707,hourglass,0.32488906,val,79.0,39.0,8.0,0.0,6.642713724228397,1.2604126674361147,259.0,1.0,0.31640625
-0.38467932,hourglass,0.6127317,train,222.0,127.0,6.0,0.0,8.151951041944256,2.7811070089473557,413.0,1.0,0.607666015625
-0.54137504,hourglass,0.417785,train,111.0,56.0,8.0,0.0,7.86421496441949,1.8193450825839033,263.0,1.0,0.4072265625
-0.24647996,small_square_cross,0.574827,train,190.0,106.0,14.0,0.0,7.795371813706829,2.6085446766521483,318.0,1.0,0.544921875
-0.5551348,hourglass,0.61987674,val,202.0,110.0,3.0,0.0,8.417743842836883,2.399369336256164,403.0,1.0,0.5986328125
-0.18625285,circle,0.546216,train,237.0,133.0,11.0,0.0,5.901812815280387,3.0201714656739997,424.0,1.0,0.543212890625
-0.5505041,hourglass,0.47886136,train,121.0,65.0,8.0,0.0,9.26527275506128,2.3346522062465476,267.0,1.0,0.47705078125
-0.5661985,hourglass,0.5450674,val,154.0,89.0,4.0,0.0,8.005379852871917,2.577046010164573,374.0,1.0,0.540283203125
-0.5283642,hourglass,0.49955526,train,128.0,69.0,8.0,0.0,9.65671443442498,2.0989666526113124,263.0,1.0,0.49658203125
-0.41793934,hourglass,0.508052,train,121.0,66.0,4.0,0.0,7.936122826772769,2.3641876088425744,357.0,1.0,0.50634765625
-0.57375056,hourglass,0.45314512,train,125.0,65.0,8.0,0.0,8.556737147999492,1.9843903183600486,270.0,1.0,0.447998046875
-0.5009002,hourglass,0.5500366,train,148.0,78.0,5.0,0.0,8.182889770598821,2.407412335094537,376.0,1.0,0.547119140625
-0.25942633,small_square_cross,0.618531,train,605.0,353.0,11.0,0.0,4.903704891427288,2.5847535791763243,770.0,1.0,0.626708984375
-0.669822,hourglass,0.6968253,train,137.0,75.0,9.0,0.0,10.597552654957218,2.5834968787714367,287.0,1.0,0.6103515625
-0.38535717,hourglass,0.6452536,train,208.0,123.0,6.0,0.0,8.477909772324976,2.5860575489446807,423.0,1.0,0.6181640625
-0.37109926,hexagonal,0.51636034,train,153.0,85.0,4.0,0.0,7.705993721287114,2.1840203825612474,394.0,1.0,0.52197265625
-0.4218522,hourglass,0.35816914,train,84.0,42.0,8.0,0.0,6.865713713523792,1.7141502506472257,262.0,1.0,0.349365234375
-0.5845929,hourglass,0.5903823,train,173.0,101.0,5.0,0.0,8.29248309432721,2.606254927528003,389.0,1.0,0.57568359375
-0.599141,hexagonal,0.56542283,train,168.0,95.0,4.0,0.0,7.8602814048239695,3.0366019431852838,402.0,1.0,0.564697265625
-0.42371905,hourglass,0.33984873,test,77.0,40.0,8.0,0.0,6.58793803766117,1.2240495162119247,258.0,1.0,0.3271484375
-0.8312682,hexagonal,0.523832,train,325.0,188.0,13.0,0.0,5.910627417511835,3.137373023017164,524.0,1.0,0.53076171875
-0.22389019,circle,0.455068,train,316.0,175.0,16.0,0.0,5.307339293957072,1.8334561307882797,459.0,1.0,0.45654296875
-0.5609854,hourglass,0.46216914,train,115.0,61.0,8.0,0.0,8.978640693663603,2.073958660911701,266.0,1.0,0.458251953125
-1.2373978,reentrant_bowtie,0.53373766,train,148.0,87.0,6.0,0.0,7.205791450686291,4.236695108481637,378.0,1.0,0.530029296875
-0.4065336,hourglass,0.32068837,train,78.0,37.0,8.0,0.0,6.574632919589273,1.185314811947551,260.0,1.0,0.313232421875
-0.41406447,grid_circular_voids,0.542842,train,238.0,141.0,2.0,0.0,6.293054891965577,2.066142800118911,498.0,1.0,0.54443359375
-0.3083205,small_square_cross,0.596258,train,108.0,63.0,10.0,0.0,9.14422289291787,2.515849043458079,298.0,1.0,0.599853515625
-0.5781844,hourglass,0.52749115,train,207.0,114.0,8.0,0.0,8.653608995158091,2.9080087299650796,328.0,1.0,0.514892578125
-0.42617404,reentrant_bowtie,0.518481,train,148.0,82.0,8.0,0.0,7.52156721025017,2.460056308669687,294.0,1.0,0.509033203125
-0.63326246,hexagonal,0.506183,train,308.0,169.0,10.0,0.0,6.934430018377951,3.5656248148422436,430.0,1.0,0.51123046875
-0.38719097,grid_circular_voids,0.597384,train,370.0,221.0,7.0,0.0,5.676607020241509,2.218313296747322,594.0,1.0,0.605224609375
-0.27324513,four_circle,0.522343,train,423.0,228.0,21.0,0.0,4.34711454726482,1.7076829948514645,633.0,1.0,0.526123046875
-0.68430173,hourglass,0.67030066,train,162.0,96.0,4.0,0.0,8.656545781657377,2.394972719691157,399.0,1.0,0.6259765625
-0.5973567,hourglass,0.54957825,train,136.0,71.0,9.0,0.0,8.345297175771837,2.371026881482395,365.0,1.0,0.5498046875
-0.46549076,hourglass,0.3950872,train,93.0,48.0,8.0,0.0,7.49600325869809,1.8961476099224022,261.0,1.0,0.38671875
-0.43579146,hourglass,0.5640052,train,150.0,84.0,3.0,0.0,8.03904151223283,2.420630341725344,383.0,1.0,0.550048828125
-0.30854726,grid_circular_voids,0.68257,train,102.0,61.0,2.0,0.0,9.145050982736867,2.67938471126816,434.0,1.0,0.68896484375
-0.18214823,circle_half_quarter,0.508602,test,162.0,94.0,12.0,0.0,5.704697353533705,2.2533471723271776,454.0,1.0,0.517333984375
-0.34801278,four_circle,0.526918,train,332.0,182.0,8.0,0.0,5.551026887755094,2.639764867547131,496.0,1.0,0.534912109375
-0.6239585,hourglass,0.579999,train,185.0,105.0,4.0,0.0,8.330978925388631,2.920825305042887,409.0,1.0,0.578125
-0.08952702,reentrant_bowtie,0.5043178,train,80.0,45.0,8.0,0.0,8.770504195567904,2.946426778099262,252.0,1.0,0.505126953125
-0.5822752,hourglass,0.5594549,train,152.0,83.0,4.0,0.0,8.101494231339968,2.629641423748245,386.0,1.0,0.548095703125
-0.4976863,hourglass,0.46513575,train,103.0,55.0,8.0,0.0,8.915157308027185,2.10806179837145,263.0,1.0,0.459228515625
-0.4223741,reentrant_bowtie,0.512148,train,138.0,77.0,8.0,0.0,7.598490219891153,2.5329279808151433,288.0,1.0,0.5009765625
-0.42390686,hourglass,0.33954653,train,77.0,40.0,8.0,0.0,6.58793803766117,1.2240495162119247,258.0,1.0,0.3271484375
-0.17493223,square,0.577015,train,182.0,101.0,14.0,0.0,8.6868555508065,2.848560726960172,330.0,1.0,0.572021484375
-0.3132985,hexagonal,0.501512,train,260.0,142.0,20.0,0.0,5.407214090618988,2.4072635480596816,517.0,1.0,0.508544921875
-0.4056465,hourglass,0.3290062,train,75.0,39.0,8.0,0.0,6.66404868631413,1.2641902998191836,259.0,1.0,0.319580078125
-0.4108665,hourglass,0.6407552,train,176.0,101.0,8.0,0.0,8.046772132225767,2.5296673113556,414.0,1.0,0.605712890625
-0.4891265,hourglass,0.3577903,train,88.0,44.0,8.0,0.0,6.878112084780079,1.6930679526138412,263.0,1.0,0.349365234375
-0.44352597,hexagonal,0.570503,train,303.0,164.0,9.0,0.0,6.688285671505744,3.502982066657907,494.0,1.0,0.565185546875
-0.39370865,hexagonal,0.573871,train,271.0,162.0,2.0,0.0,5.215062960803693,2.10921174664751,587.0,1.0,0.57470703125
-0.4094627,hourglass,0.3120042,train,66.0,35.0,8.0,0.0,6.288408901993786,0.7720047294783727,257.0,1.0,0.303955078125
-0.56727684,hourglass,0.5460517,train,135.0,73.0,10.0,0.0,8.255660114755882,2.431434284491028,354.0,1.0,0.5400390625
-0.06974169,reentrant_bowtie,0.5373091,train,202.0,115.0,10.0,0.0,7.476798088812252,4.139100990046039,375.0,1.0,0.533935546875
-0.5109933,hourglass,0.52196395,train,147.0,81.0,8.0,0.0,9.170705995305996,2.374166685116852,283.0,1.0,0.513427734375
-0.39202428,hourglass,0.568396,train,195.0,109.0,6.0,0.0,7.673264364239292,2.930905714841674,422.0,1.0,0.566162109375
-0.52653533,hourglass,0.37271154,train,96.0,48.0,8.0,0.0,6.818606224647734,1.5699630754059586,263.0,1.0,0.359375
-0.41664386,small_square_cross,0.530148,train,235.0,137.0,12.0,0.0,5.343758561348101,1.8597610018846502,553.0,1.0,0.52685546875
-0.51810354,circle,0.524502,train,415.0,234.0,14.0,0.0,4.914678409792548,2.291116500059216,610.0,1.0,0.53076171875
-0.58550495,hourglass,0.58109534,train,177.0,104.0,6.0,0.0,8.411804472351653,2.425360260313863,387.0,1.0,0.5703125
-0.037450906,reentrant_bowtie,0.52588904,train,194.0,112.0,6.0,0.0,9.039429066516774,7.160523524953441,256.0,1.0,0.523681640625
-0.6365466,hourglass,0.507401,train,152.0,85.0,7.0,0.0,7.117024606499518,2.9259315618412454,366.0,1.0,0.494384765625
-0.31634852,circle,0.498139,train,136.0,78.0,11.0,0.0,7.754479478319052,2.5010287472402704,310.0,1.0,0.501220703125
-0.51504254,hourglass,0.52956456,train,236.0,126.0,9.0,0.0,7.51265138632537,3.1543323758423267,390.0,1.0,0.515869140625
-0.4439779,hexagonal,0.531372,train,332.0,179.0,14.0,0.0,5.779121874823965,2.8356343069342147,517.0,1.0,0.526123046875
-0.51674366,hourglass,0.5290429,train,225.0,124.0,7.0,0.0,8.747584903464823,2.8407956284212785,332.0,1.0,0.51513671875
-0.6703379,hexagonal,0.529571,train,151.0,88.0,9.0,0.0,7.307419990660178,2.4620592558844927,326.0,1.0,0.517333984375
-0.07193776,hexagonal,0.50164676,train,147.0,86.0,9.0,0.0,6.50903412878007,3.341477163506307,394.0,1.0,0.497314453125
-0.62290394,hourglass,0.6646358,train,158.0,93.0,3.0,0.0,8.538989304323694,2.596579926983032,396.0,1.0,0.61572265625
-0.5273458,circle,0.580665,train,500.0,275.0,20.0,0.0,5.8512411460105795,3.03190437446043,638.0,1.0,0.582763671875
-0.02739575,reentrant_bowtie,0.5131514,test,153.0,85.0,6.0,0.0,9.869855875637509,7.248018424445421,230.0,1.0,0.517822265625
-0.18660276,reentrant_bowtie,0.557554,train,161.0,90.0,7.0,0.0,10.719203137069362,7.9830466803592515,257.0,1.0,0.557373046875
-0.6092616,hourglass,0.6320131,train,207.0,120.0,6.0,0.0,8.467411160297795,2.682641471337708,423.0,1.0,0.616943359375
-0.25628605,hexagonal,0.53101,test,163.0,96.0,6.0,0.0,6.481578861923086,2.49827694800318,444.0,1.0,0.53515625
-0.36597553,hexagonal,0.549892,train,183.0,99.0,12.0,0.0,7.970987296041458,3.222950846546853,316.0,1.0,0.546630859375
-0.33056486,hexagonal,0.499838,test,182.0,97.0,16.0,0.0,7.047533460457638,2.874134092101026,363.0,1.0,0.499755859375
-0.5036835,hourglass,0.5536193,train,130.0,69.0,3.0,0.0,8.544959424935236,2.25689134344137,364.0,1.0,0.550048828125
-0.24147779,hexagonal,0.508851,train,192.0,113.0,6.0,0.0,6.21955619642134,2.6049574324653517,463.0,1.0,0.50634765625
-0.2575131,hourglass,0.30428612,train,53.0,28.0,8.0,0.0,6.048011967936848,1.1030987382115172,254.0,1.0,0.2958984375
-0.5976227,hourglass,0.5703419,test,155.0,84.0,4.0,0.0,8.201656116474929,2.715065450884521,382.0,1.0,0.558349609375
-0.058951072,reentrant_bowtie,0.51343143,train,119.0,64.0,7.0,0.0,10.792834368841026,7.316630024172138,218.0,1.0,0.518310546875
-0.35240042,hexagonal,0.55580837,train,179.0,101.0,4.0,0.0,7.544451427779214,3.1060970059379387,413.0,1.0,0.55419921875
-0.36684084,grid_circular_voids,0.500714,train,122.0,72.0,6.0,0.0,6.643742532255136,1.91825172748286,442.0,1.0,0.515625
-0.16105503,reentrant_bowtie,0.5050427,train,84.0,48.0,8.0,0.0,8.821553237279762,2.9173459073713364,254.0,1.0,0.506103515625
-0.55847955,hourglass,0.53284305,train,235.0,123.0,6.0,0.0,7.94020393745733,3.2178841934197973,371.0,1.0,0.51318359375
-0.42432767,cross_rectangular,0.576108,train,401.0,223.0,25.0,0.0,4.77067319042498,1.7306251110718998,627.0,1.0,0.57861328125
-0.41859418,hourglass,0.57799274,train,151.0,90.0,3.0,0.0,8.209545980197976,2.5362989104906988,387.0,1.0,0.564208984375
-0.57309693,hourglass,0.43847236,train,105.0,56.0,8.0,0.0,8.220976661041204,1.6679193482768464,262.0,1.0,0.43017578125
-0.2351551,four_circle,0.681535,train,402.0,227.0,13.0,0.0,6.6362663671827375,2.3934861694291802,545.0,1.0,0.659912109375
-0.38551334,hourglass,0.6489706,train,200.0,114.0,7.0,0.0,8.274773883700757,2.596742275361946,428.0,1.0,0.61279296875
-0.51662934,hourglass,0.53484136,train,160.0,90.0,8.0,0.0,7.413696453064711,2.916878345420152,363.0,1.0,0.512451171875
-0.36154,circle_half_quarter,0.569357,train,185.0,113.0,6.0,0.0,6.760975517666335,1.796490011332397,469.0,1.0,0.5830078125
-0.4956978,hourglass,0.55140156,val,124.0,64.0,4.0,0.0,8.531672196526298,2.268258309921587,366.0,1.0,0.54833984375
-0.18855387,hexagonal,0.57587075,train,172.0,102.0,8.0,0.0,6.7555818536770085,2.318093066696669,437.0,1.0,0.57568359375
-0.40432885,hourglass,0.32000753,train,76.0,37.0,8.0,0.0,6.582850756304683,1.2323916173495446,258.0,1.0,0.3134765625
-0.5430442,hourglass,0.46571073,train,103.0,55.0,8.0,0.0,8.989793381752804,2.0453887047193398,260.0,1.0,0.4599609375
-0.43646896,four_circle,0.50604,train,480.0,269.0,24.0,0.0,4.016768497351445,1.5750350343496924,699.0,1.0,0.49462890625
-0.46571577,hourglass,0.44181928,train,116.0,58.0,8.0,0.0,8.381491317514925,2.0218016584490517,267.0,1.0,0.4326171875
-0.38252655,nine_circle,0.576268,train,184.0,108.0,6.0,0.0,6.602879224514079,2.507873966914254,462.0,1.0,0.586181640625
-0.53454846,hourglass,0.4701426,train,108.0,58.0,9.0,0.0,8.922715276408615,2.1719179468484566,265.0,1.0,0.461669921875
-0.3748513,cross_rectangular,0.57066,val,529.0,302.0,10.0,0.0,4.601072124747154,2.3061492317828574,762.0,1.0,0.577880859375
-0.4200974,hourglass,0.4294473,train,121.0,64.0,10.0,0.0,7.792801340780863,1.8801651485312991,274.0,1.0,0.417236328125
-0.40587083,nine_circle,0.57932,train,197.0,117.0,8.0,0.0,6.546338277662563,2.739702570694342,466.0,1.0,0.589111328125
-0.19697356,circle,0.510534,train,438.0,251.0,9.0,0.0,4.586964423002464,1.89788282487936,654.0,1.0,0.51513671875
-0.41958213,hourglass,0.42829344,train,117.0,61.0,9.0,0.0,7.85873557155208,1.7917657408694228,268.0,1.0,0.4150390625
-0.40906692,cross_rectangular,0.573457,train,717.0,385.0,20.0,0.0,4.295473013791485,2.2173887395666556,810.0,1.0,0.58251953125
-0.09834246,reentrant_bowtie,0.5234006,train,83.0,47.0,8.0,0.0,8.97452653716092,3.3274273917989614,259.0,1.0,0.5244140625
-0.38602364,hourglass,0.62199545,train,150.0,88.0,4.0,0.0,8.314494102625412,2.373708899561236,392.0,1.0,0.595458984375
-0.41983375,hourglass,0.5645399,train,174.0,94.0,3.0,0.0,8.1279858071846,2.644179321010108,394.0,1.0,0.552001953125
-0.41947302,small_square_cross,0.582068,train,425.0,240.0,14.0,0.0,4.763085167122693,1.9437604986008392,675.0,1.0,0.584228515625
-0.5776579,hourglass,0.5311228,train,175.0,89.0,8.0,0.0,7.3649890812935705,2.986716375289278,373.0,1.0,0.5126953125
-0.38717797,circle,0.589416,train,351.0,206.0,10.0,0.0,5.803037716386522,2.6230706057686093,583.0,1.0,0.584716796875
-0.45829782,hourglass,0.36974657,train,92.0,46.0,8.0,0.0,6.9540409506123355,1.7070564518884441,264.0,1.0,0.360595703125
-0.39955744,hourglass,0.545801,train,219.0,127.0,6.0,0.0,7.260132948746236,3.147356697597828,416.0,1.0,0.543701171875
-0.28146827,hexagonal,0.555055,train,311.0,181.0,8.0,0.0,6.802381645063375,3.4177032696446683,469.0,1.0,0.554443359375
-0.39135066,nine_circle,0.535677,test,169.0,100.0,4.0,0.0,6.864846606761325,2.1196529632666636,441.0,1.0,0.53466796875
-0.16188252,reentrant_bowtie,0.5018581,train,79.0,45.0,8.0,0.0,8.781197200391272,2.9379843768183513,255.0,1.0,0.501220703125
-0.6176812,hourglass,0.66431797,train,150.0,88.0,3.0,0.0,8.794043255573042,2.4859514746393985,396.0,1.0,0.619140625
-0.5010149,hourglass,0.3326816,train,84.0,40.0,8.0,0.0,6.419746555092366,1.3647753456658283,264.0,1.0,0.324462890625
-0.51411223,hourglass,0.5187208,train,123.0,66.0,9.0,0.0,9.266622436712087,2.2803112323827954,271.0,1.0,0.510986328125
-0.39505845,hourglass,0.62372696,train,150.0,88.0,5.0,0.0,8.180941872698563,2.4298704237116375,399.0,1.0,0.59912109375
-0.27594653,circle,0.577578,train,277.0,157.0,8.0,0.0,6.776877663738332,2.6317490465027187,460.0,1.0,0.587158203125
-0.53094965,hourglass,0.5137846,train,161.0,84.0,10.0,0.0,8.554149865839628,2.559864144359369,307.0,1.0,0.5068359375
-0.56961364,hourglass,0.53208756,train,196.0,108.0,7.0,0.0,6.969449428653461,2.6583405841693666,400.0,1.0,0.51171875
-0.4081125,hexagonal,0.5300141,train,234.0,128.0,9.0,0.0,7.381000855824262,3.3622117017331568,379.0,1.0,0.520751953125
-0.44883072,hexagonal,0.521564,train,301.0,167.0,7.0,0.0,6.237785201653933,3.103316986478781,481.0,1.0,0.515625
-0.3351225,grid_circular_voids,0.551921,train,70.0,38.0,8.0,0.0,7.5453817745505996,2.0706406881278325,413.0,1.0,0.560302734375
-0.48575047,hourglass,0.37994412,train,92.0,46.0,8.0,0.0,7.016405458908948,1.5389964375034528,259.0,1.0,0.37255859375
-0.3883429,hourglass,0.61317366,train,163.0,94.0,3.0,0.0,8.524440066845727,2.5982699963419655,398.0,1.0,0.6083984375
-0.5777244,hourglass,0.43504608,train,98.0,52.0,8.0,0.0,8.125051326336287,1.7768753805897894,259.0,1.0,0.42919921875
-0.5183747,hourglass,0.51170224,train,178.0,93.0,13.0,0.0,8.241388361556238,2.791418613179575,320.0,1.0,0.503173828125
-0.59408534,hourglass,0.5914625,test,180.0,105.0,5.0,0.0,8.269864996709757,2.5859286865232156,399.0,1.0,0.5771484375
-0.3226574,circle,0.577411,train,318.0,184.0,10.0,0.0,5.396670675354941,2.3637787642972863,565.0,1.0,0.584716796875
-0.46567768,hourglass,0.38199168,train,96.0,48.0,8.0,0.0,7.053474667206887,1.5198794625262748,260.0,1.0,0.37255859375
-0.36922517,hexagonal,0.5395602,train,384.0,220.0,23.0,0.0,4.346703589426804,1.7350277404977505,626.0,1.0,0.5185546875
-0.34173214,four_circle,0.541531,train,404.0,226.0,23.0,0.0,4.573783721156912,2.0390360041967743,635.0,1.0,0.53857421875
-0.52825326,hourglass,0.48311174,train,130.0,70.0,9.0,0.0,9.17830726140475,2.4516377520132697,270.0,1.0,0.479248046875
-0.40161845,hourglass,0.32838586,train,72.0,37.0,8.0,0.0,6.634729794851164,1.2410504055677145,259.0,1.0,0.319580078125
-0.092232645,reentrant_bowtie,0.5252925,train,211.0,118.0,7.0,0.0,9.103493694385627,7.094436958696184,259.0,1.0,0.523681640625
-0.12726916,circle,0.574215,train,108.0,63.0,9.0,0.0,9.120685629988095,2.6744053207085225,277.0,1.0,0.5712890625
-0.5217721,hourglass,0.5750888,train,153.0,87.0,3.0,0.0,8.02926957892211,2.590833014060405,391.0,1.0,0.564208984375
-0.088969626,reentrant_bowtie,0.5050427,train,84.0,48.0,8.0,0.0,8.821553237279762,2.9173459073713364,254.0,1.0,0.506103515625
-0.22208363,nine_circle,0.610951,train,186.0,111.0,9.0,0.0,7.483169706530007,2.672893990689256,429.0,1.0,0.614013671875
-0.4687095,hourglass,0.39352512,train,93.0,48.0,8.0,0.0,7.49600325869809,1.8961476099224022,261.0,1.0,0.38671875
-0.5857539,hourglass,0.6294897,train,159.0,93.0,5.0,0.0,8.499609401053581,2.471393345400429,393.0,1.0,0.62255859375
-0.67034984,hourglass,0.527839,val,279.0,155.0,10.0,0.0,6.630112025620883,2.9962638181030092,453.0,1.0,0.5185546875
-0.292273,reentrant_bowtie,0.530641,train,140.0,78.0,8.0,0.0,7.619869762453825,2.5930275162044882,290.0,1.0,0.5205078125
-0.4151558,square,0.490709,train,188.0,98.0,18.0,0.0,6.9098171287218575,2.4543561772776687,373.0,1.0,0.484130859375
-0.51420784,hourglass,0.5302391,train,231.0,123.0,8.0,0.0,7.610094161077897,3.0260474125629653,383.0,1.0,0.518798828125
-0.57017845,hourglass,0.5048372,train,118.0,64.0,8.0,0.0,9.500778442784197,2.2180677099093447,260.0,1.0,0.505615234375
-0.44953033,hourglass,0.3366368,train,77.0,40.0,8.0,0.0,6.58793803766117,1.2240495162119247,258.0,1.0,0.3271484375
-0.15769073,square,0.564964,train,333.0,190.0,15.0,0.0,7.132076073641491,2.9594747641753227,448.0,1.0,0.57177734375
-0.46710616,hourglass,0.39394948,train,102.0,52.0,8.0,0.0,7.547951521431843,1.886994229389616,263.0,1.0,0.38671875
-0.5763979,hexagonal,0.5226124,train,200.0,115.0,4.0,0.0,7.228744666693651,2.3571584200854905,402.0,1.0,0.52490234375
-0.5255699,hourglass,0.503064,train,116.0,62.0,8.0,0.0,9.725697831701092,2.0891739612322486,260.0,1.0,0.503173828125
-0.032723766,reentrant_bowtie,0.5252864,train,188.0,105.0,7.0,0.0,9.478900517741087,7.437719794668156,260.0,1.0,0.52392578125
-0.1968068,cross_rectangular,0.524732,train,266.0,152.0,6.0,0.0,5.646921857054244,2.517997403394336,535.0,1.0,0.531982421875
-0.62649125,hourglass,0.51148295,test,156.0,81.0,10.0,0.0,8.541944804794769,2.5652745461829576,308.0,1.0,0.5048828125
-0.4816571,hourglass,0.5013082,train,128.0,69.0,8.0,0.0,9.580232268466057,2.123234105385486,263.0,1.0,0.497802734375
-0.37185547,four_circle,0.589927,train,376.0,207.0,13.0,0.0,5.849289417201032,2.455383317625163,543.0,1.0,0.598388671875
-0.08062965,reentrant_bowtie,0.50934035,train,121.0,65.0,6.0,0.0,10.523466373557923,6.848708172549317,216.0,1.0,0.513916015625
-0.3311873,small_square_cross,0.511828,train,328.0,191.0,17.0,0.0,4.41252851944214,1.9706709403510572,582.0,1.0,0.500244140625
-0.30662176,grid_circular_voids,0.499257,train,573.0,327.0,18.0,0.0,3.628071297276793,1.2655258367732385,709.0,1.0,0.505859375
-0.16281177,hexagonal,0.575025,train,160.0,88.0,10.0,0.0,9.509499844321939,2.860821462837659,309.0,1.0,0.57275390625
-0.48064917,hexagonal,0.52056915,train,206.0,112.0,8.0,0.0,8.062849853601618,3.140931746835064,352.0,1.0,0.5068359375
-0.5279998,hourglass,0.49987623,train,122.0,66.0,8.0,0.0,9.649122796389657,2.1076816601422403,261.0,1.0,0.49658203125
-0.6609831,hourglass,0.6839746,train,128.0,73.0,10.0,0.0,9.950946524155878,2.5746511006137633,303.0,1.0,0.625
-0.5197656,hourglass,0.37644225,train,92.0,46.0,8.0,0.0,6.913969485781195,1.6096112398678515,259.0,1.0,0.3681640625
-0.5435999,hourglass,0.5922265,test,151.0,88.0,4.0,0.0,8.159457548908676,2.4116420475349054,387.0,1.0,0.568603515625
-0.5387164,hourglass,0.48732007,train,130.0,68.0,9.0,0.0,9.115031886198327,2.323347915919026,274.0,1.0,0.48486328125
-0.5245173,hourglass,0.38562098,train,97.0,50.0,8.0,0.0,7.134039548842093,1.7643934590375687,263.0,1.0,0.376708984375
-0.120358124,hexagonal,0.5067192,train,189.0,105.0,10.0,0.0,6.1782072306333005,2.327222016031587,464.0,1.0,0.504638671875
-0.5655871,hourglass,0.4488981,train,128.0,65.0,8.0,0.0,8.539644016146475,1.8872108913267787,271.0,1.0,0.445068359375
-0.41363677,hexagonal,0.5211673,train,114.0,66.0,6.0,0.0,7.244850055029859,1.7071384223832944,368.0,1.0,0.5185546875
-0.4840956,hourglass,0.47171557,train,122.0,63.0,10.0,0.0,8.684258629171458,2.127062011884426,270.0,1.0,0.46533203125
-0.6687531,hourglass,0.580123,train,199.0,108.0,10.0,0.0,7.7931157808968665,3.1988311232213342,402.0,1.0,0.57421875
-0.3525192,hexagonal,0.5416131,train,296.0,171.0,11.0,0.0,5.811547832842201,2.4244037718448035,494.0,1.0,0.54541015625
-0.32839903,grid_circular_voids,0.552638,train,352.0,209.0,2.0,0.0,5.807294373899501,2.6514965765943446,588.0,1.0,0.565185546875
-0.510768,circle,0.511718,train,281.0,161.0,11.0,0.0,5.34299982257357,2.155435288538159,496.0,1.0,0.523681640625
-0.34284297,grid_circular_voids,0.666552,train,277.0,162.0,0.0,0.0,7.263559963320303,3.4517004763088415,582.0,1.0,0.65966796875
-0.6004477,hourglass,0.64251405,train,197.0,114.0,5.0,0.0,8.572826247533097,2.619621988069431,416.0,1.0,0.615234375
-0.59381855,hourglass,0.5913685,train,176.0,104.0,4.0,0.0,8.246934391808368,2.582922806170461,398.0,1.0,0.5771484375
-0.574933,hourglass,0.45228836,train,116.0,59.0,8.0,0.0,8.585150727430976,1.9774431286168523,265.0,1.0,0.446533203125
-0.48595187,hourglass,0.3343243,train,77.0,40.0,8.0,0.0,6.58793803766117,1.2240495162119247,258.0,1.0,0.32568359375
-0.4956999,reentrant_bowtie,0.500788,train,106.0,56.0,4.0,0.0,7.8549396227536485,2.09129197344907,299.0,1.0,0.499267578125
-0.38496298,hexagonal,0.5367732,train,266.0,151.0,8.0,0.0,6.814753240552488,3.326760434971362,427.0,1.0,0.533203125
-0.5402109,hexagonal,0.5016054,train,176.0,102.0,8.0,0.0,6.610326556810788,2.847491889659977,389.0,1.0,0.496337890625
-0.7662888,hexagonal,0.52157736,train,91.0,52.0,8.0,0.0,7.906769056843539,3.48635122625164,268.0,1.0,0.516845703125
-0.5161427,hourglass,0.52815443,train,207.0,114.0,8.0,0.0,8.739917464176843,2.851449770958573,325.0,1.0,0.51513671875
-0.03960976,reentrant_bowtie,0.54133886,train,193.0,110.0,10.0,0.0,9.022822644722586,6.782791013990018,364.0,1.0,0.54248046875
-0.28731453,circle,0.596798,val,656.0,372.0,15.0,0.0,4.131205464615103,2.3417962967531287,806.0,1.0,0.587890625
-0.51965815,grid_circular_voids,0.517704,train,255.0,141.0,6.0,0.0,5.9981690105965555,2.2193375768622348,487.0,1.0,0.528076171875
-0.5183007,hourglass,0.48978126,train,126.0,69.0,8.0,0.0,9.342417554874787,2.2645805659013982,264.0,1.0,0.486083984375
-0.2346059,circle,0.553666,train,153.0,84.0,16.0,0.0,8.22247791809248,2.68087581416888,319.0,1.0,0.55078125
-0.46786064,hourglass,0.3347947,train,77.0,40.0,8.0,0.0,6.5738096446874605,1.2228865302385308,259.0,1.0,0.322998046875
-0.0692416,reentrant_bowtie,0.5360656,train,219.0,126.0,11.0,0.0,7.211207227438798,4.154845247129868,386.0,1.0,0.53271484375
-0.50275755,hourglass,0.4548522,train,128.0,69.0,9.0,0.0,8.680557444043881,2.2639643108832077,268.0,1.0,0.449462890625
-0.3006599,reentrant_bowtie,0.558608,train,141.0,81.0,8.0,0.0,7.828557120079868,2.860402333611889,346.0,1.0,0.560546875
-0.19785386,hourglass,0.30009636,train,48.0,26.0,8.0,0.0,5.933958125048845,0.6724142846242995,250.0,1.0,0.291748046875
-0.49265313,hourglass,0.38953695,train,97.0,50.0,8.0,0.0,7.484657415197817,1.876669419463308,262.0,1.0,0.384765625
-0.29824668,hexagonal,0.543991,train,122.0,68.0,10.0,0.0,8.300345834522993,2.568248006580244,299.0,1.0,0.540283203125
-0.50178516,hourglass,0.40092286,train,97.0,48.0,8.0,0.0,7.523168936893551,1.9014914159614886,262.0,1.0,0.392822265625
-0.5235611,hourglass,0.50262,train,112.0,60.0,8.0,0.0,9.59323384562197,2.1562469855630555,259.0,1.0,0.501708984375
-0.37300748,four_circle,0.562022,train,336.0,183.0,24.0,0.0,4.80355864915557,1.7980583546165505,612.0,1.0,0.562744140625
-0.25003946,grid_circular_voids,0.607229,train,166.0,97.0,4.0,0.0,7.8145554934235,2.086850416878705,450.0,1.0,0.6142578125
-0.42196435,hourglass,0.506495,train,230.0,130.0,7.0,0.0,7.028311070142249,2.7573254253562305,420.0,1.0,0.50927734375
-0.06881438,reentrant_bowtie,0.553744,train,146.0,80.0,6.0,0.0,10.096571939226017,7.178643276174133,247.0,1.0,0.557861328125
-0.54488736,hourglass,0.4770356,train,121.0,65.0,8.0,0.0,9.20623396372504,2.362166102513088,269.0,1.0,0.474365234375
-0.12338232,reentrant_bowtie,0.572436,train,175.0,100.0,10.0,0.0,8.667418637836178,4.016424792023178,344.0,1.0,0.5771484375
-0.5278671,hourglass,0.49672452,train,127.0,68.0,8.0,0.0,9.442652626392444,2.1377913091474543,263.0,1.0,0.490966796875
-0.35766461,hourglass,0.30743682,train,58.0,30.0,8.0,0.0,6.017928360213429,1.248542076778661,257.0,1.0,0.3017578125
-0.25438365,small_square_cross,0.651784,train,208.0,119.0,8.0,0.0,9.341801828136594,3.245927962592064,339.0,1.0,0.6376953125
-0.41727516,hexagonal,0.56503886,train,434.0,250.0,10.0,0.0,4.723030665430674,2.0611570253926823,659.0,1.0,0.56298828125
-0.42735928,hourglass,0.4165044,train,112.0,58.0,8.0,0.0,7.771557713035516,2.116214169471368,265.0,1.0,0.402099609375
-0.51739436,hexagonal,0.501046,train,117.0,63.0,9.0,0.0,8.873803277402764,3.642830483854823,274.0,1.0,0.49853515625
-0.48470178,hourglass,0.47268677,train,129.0,69.0,10.0,0.0,8.919507847159798,2.255453038558649,273.0,1.0,0.467529296875
-0.465377,hourglass,0.39499143,train,97.0,48.0,8.0,0.0,7.496179182151072,1.9117075909666974,262.0,1.0,0.38671875
-0.38212594,circle,0.517327,train,269.0,152.0,16.0,0.0,5.115994306581747,1.7649758651126801,506.0,1.0,0.52099609375
-0.391343,grid_circular_voids,0.559828,train,278.0,164.0,6.0,0.0,6.353200697585487,2.329445122858617,494.0,1.0,0.560302734375
-0.5048906,hourglass,0.40155154,train,97.0,50.0,8.0,0.0,7.528045929278469,1.8617005846339876,262.0,1.0,0.392822265625
-0.06323196,reentrant_bowtie,0.5034837,train,87.0,49.0,8.0,0.0,9.009677807249647,3.725697776227884,254.0,1.0,0.51416015625
-0.22093849,circle,0.527686,train,291.0,169.0,9.0,0.0,4.9901378755451855,1.895277898055549,543.0,1.0,0.531494140625
-0.48609203,hourglass,0.49851108,train,121.0,65.0,8.0,0.0,9.625303197313931,2.069984557841403,262.0,1.0,0.492919921875
-0.43021283,hourglass,0.554149,train,257.0,141.0,7.0,0.0,7.0487604349822,3.3517003519331,444.0,1.0,0.5458984375
-0.52799,hourglass,0.5015716,train,128.0,69.0,8.0,0.0,9.580232268466059,2.123234105385486,263.0,1.0,0.497802734375
-0.007344524,cross_rectangular,0.532784,train,198.0,110.0,5.0,0.0,9.46379280238387,3.809321356766849,323.0,1.0,0.544921875
-0.06997479,reentrant_bowtie,0.5355306,train,193.0,112.0,10.0,0.0,7.213140517396578,4.080873767413066,369.0,1.0,0.529052734375
-0.5690666,hourglass,0.41148293,train,107.0,54.0,8.0,0.0,7.639646676786065,1.8703994422900594,262.0,1.0,0.40185546875
-0.5146754,hourglass,0.52309805,train,113.0,62.0,8.0,0.0,9.297777465188728,2.1914083456573485,267.0,1.0,0.512451171875
-0.032069705,reentrant_bowtie,0.5099438,train,118.0,63.0,6.0,0.0,10.503663100208135,6.796616195569983,215.0,1.0,0.514404296875
-0.43555668,small_square_cross,0.509863,train,465.0,266.0,16.0,0.0,4.006842283860769,1.675820040160118,665.0,1.0,0.505126953125
-0.18556264,hexagonal,0.5409778,train,141.0,78.0,10.0,0.0,8.237219422656096,3.413951595744391,292.0,1.0,0.53662109375
-0.30736184,hexagonal,0.50217336,train,145.0,83.0,12.0,0.0,7.629791203688555,2.6056593774496584,315.0,1.0,0.5
-0.22954111,hexagonal,0.534233,train,177.0,102.0,8.0,0.0,6.068017797355567,2.112058868506587,490.0,1.0,0.52490234375
-0.37589803,grid_circular_voids,0.578626,train,198.0,113.0,10.0,0.0,6.682613265059701,2.927003510960034,454.0,1.0,0.576416015625
-0.50114375,hourglass,0.45697793,train,128.0,69.0,9.0,0.0,8.746803847716233,2.278341375594581,271.0,1.0,0.45068359375
-0.43437117,hexagonal,0.53684074,test,138.0,74.0,7.0,0.0,9.576355241485336,2.432495945533867,271.0,1.0,0.52392578125
-0.5047349,hourglass,0.45858726,train,121.0,65.0,8.0,0.0,8.78090965025206,2.1465663106998267,264.0,1.0,0.45361328125
-0.71766216,hourglass,0.6789712,train,224.0,125.0,7.0,0.0,8.80098005174738,3.110470263645001,378.0,1.0,0.62548828125
-0.26282084,circle,0.561233,train,113.0,67.0,8.0,0.0,8.807303898912137,2.4910338460793926,283.0,1.0,0.561767578125
-0.5992214,hourglass,0.6424598,train,191.0,111.0,5.0,0.0,8.592975057332424,2.6291798898094627,415.0,1.0,0.6162109375
-0.016535616,square,0.517402,train,343.0,185.0,26.0,0.0,7.653594015512081,2.948304367889726,400.0,1.0,0.5146484375
-0.60994554,hourglass,0.51344675,train,166.0,86.0,11.0,0.0,8.434853573165613,2.626399366768135,313.0,1.0,0.505126953125
-0.63799083,hourglass,0.6514123,train,169.0,100.0,5.0,0.0,8.50723961669649,2.3297787725415846,402.0,1.0,0.612548828125
-0.41675025,hourglass,0.36681357,train,84.0,42.0,8.0,0.0,6.91993243609658,1.7364614705305363,262.0,1.0,0.3583984375
-0.4205984,hourglass,0.4219047,train,108.0,56.0,8.0,0.0,8.043891748829212,1.9176769598736583,262.0,1.0,0.41162109375
-0.3249859,circle_half_quarter,0.534724,train,258.0,147.0,11.0,0.0,5.796159088145135,2.1142136368013382,459.0,1.0,0.537109375
-0.52169836,hourglass,0.5326033,test,173.0,90.0,8.0,0.0,7.45154275702608,2.843837858602108,372.0,1.0,0.510986328125
-0.3133224,small_square_cross,0.678468,train,224.0,122.0,20.0,0.0,9.409521790174452,3.3241673949158077,370.0,1.0,0.68115234375
-0.52787435,hourglass,0.49669874,train,126.0,68.0,8.0,0.0,9.46496607426904,2.1064735700096175,263.0,1.0,0.490966796875
-0.5412237,hourglass,0.6095203,train,172.0,100.0,4.0,0.0,8.392756488300023,2.675396341490162,411.0,1.0,0.604248046875
-0.64300424,hourglass,0.553311,train,174.0,98.0,8.0,0.0,7.489021016881018,2.868003667663268,386.0,1.0,0.54541015625
-0.13863607,small_square_cross,0.515866,train,223.0,125.0,11.0,0.0,7.3864738692628995,2.7540119992384526,332.0,1.0,0.515625
-0.4954787,hourglass,0.5542512,train,124.0,68.0,4.0,0.0,8.153444567699063,2.354374824001782,368.0,1.0,0.551513671875
-0.4196582,hourglass,0.42270634,train,109.0,56.0,8.0,0.0,8.008875407494246,1.9485497183658937,262.0,1.0,0.41162109375
-0.5258882,reentrant_bowtie,0.53349,train,316.0,173.0,8.0,0.0,6.956697259945572,2.8195819274870244,405.0,1.0,0.53662109375
-0.47739175,hourglass,0.53473645,train,175.0,98.0,8.0,0.0,7.563890970989321,2.777548757207112,371.0,1.0,0.517333984375
-0.5165451,hourglass,0.376941,train,96.0,48.0,8.0,0.0,6.957584153569209,1.565675041429811,263.0,1.0,0.36962890625
-0.5395349,hourglass,0.48678333,train,130.0,68.0,9.0,0.0,9.140868225147814,2.318278971430324,271.0,1.0,0.48486328125
-0.32625094,circle_half_quarter,0.578966,train,171.0,91.0,16.0,0.0,8.186010039445605,4.3177045947388635,375.0,1.0,0.58837890625
-0.48839328,hourglass,0.49139297,train,127.0,68.0,8.0,0.0,9.430073682044755,2.136399926929604,263.0,1.0,0.49072265625
-0.4742557,square,0.536557,train,497.0,282.0,28.0,0.0,4.074025137063881,1.478965850521879,721.0,1.0,0.53759765625
-0.049592495,cross_rectangular,0.520916,train,198.0,104.0,13.0,0.0,7.880906390619793,2.7074598524321654,328.0,1.0,0.529052734375
-0.38827953,hexagonal,0.50262606,train,189.0,106.0,7.0,0.0,6.632781881057115,2.6875080211380302,388.0,1.0,0.49560546875
-0.46689454,small_square_cross,0.472026,train,282.0,169.0,12.0,0.0,4.353488768581572,1.6711870308612204,527.0,1.0,0.466552734375
-0.71192926,hourglass,0.540426,train,276.0,154.0,7.0,0.0,6.624064134114458,3.353260352597122,465.0,1.0,0.53369140625
-0.18693744,circle,0.58241,train,174.0,98.0,11.0,0.0,9.157418774883448,2.9306937278501213,313.0,1.0,0.5908203125
-0.11428022,circle_half_quarter,0.508654,train,207.0,119.0,9.0,0.0,5.236276184905405,2.2452140618385616,470.0,1.0,0.50244140625
-0.4760101,hexagonal,0.56504846,train,130.0,73.0,8.0,0.0,9.328491894835512,2.8744784901157288,307.0,1.0,0.55859375
-0.6121666,hourglass,0.6365438,train,160.0,95.0,4.0,0.0,8.320009581218422,2.334696426220017,398.0,1.0,0.616943359375
-0.49820876,hourglass,0.5507013,train,133.0,70.0,4.0,0.0,8.265839495782716,2.3651963049076383,367.0,1.0,0.548095703125
-0.38332254,square,0.562898,train,364.0,200.0,11.0,0.0,6.099748526848082,3.1603596478913323,462.0,1.0,0.57080078125
-0.40037125,hourglass,0.57301,train,242.0,139.0,6.0,0.0,7.686508220548904,3.1060343197297944,422.0,1.0,0.57470703125
-0.3812606,circle_half_quarter,0.549246,train,249.0,139.0,16.0,0.0,6.605893981571664,3.1303730835877004,437.0,1.0,0.560546875
-0.72119814,hourglass,0.6987948,train,119.0,65.0,8.0,0.0,10.726867875911369,2.5895025168780648,271.0,1.0,0.61376953125
-0.4535928,hourglass,0.53696585,train,183.0,99.0,8.0,0.0,7.008156306326631,3.006460778154947,392.0,1.0,0.51953125
-0.38133624,circle_half_quarter,0.532471,train,528.0,284.0,14.0,0.0,5.673180321245563,2.6854266459358485,570.0,1.0,0.540771484375
-0.061634276,reentrant_bowtie,0.50393265,test,107.0,62.0,4.0,0.0,9.080285847186762,3.6751123644620387,286.0,1.0,0.5126953125
-0.14244238,hexagonal,0.575019,train,158.0,88.0,9.0,0.0,9.560784172988148,3.3204010232904273,309.0,1.0,0.56591796875
-0.4847346,hourglass,0.35904273,train,88.0,44.0,8.0,0.0,6.849565924773447,1.705444721829673,263.0,1.0,0.35107421875
-0.68576807,hourglass,0.6693144,train,159.0,95.0,4.0,0.0,8.495606337339247,2.449692915264531,397.0,1.0,0.624267578125
-0.33879697,hourglass,0.30776623,train,58.0,30.0,8.0,0.0,5.995917254184276,1.2670424280340151,257.0,1.0,0.301025390625
-0.51406306,hourglass,0.51884604,train,142.0,78.0,8.0,0.0,9.248665374993074,2.2508898969444964,278.0,1.0,0.510986328125
-0.40463167,circle,0.554112,train,393.0,217.0,25.0,0.0,4.6891014648925085,1.7688286757512268,627.0,1.0,0.552978515625
-0.33920804,four_circle,0.60969,train,899.0,498.0,24.0,0.0,3.6420541437450034,1.530316083964714,996.0,1.0,0.623291015625
-0.49419942,hourglass,0.3981242,test,93.0,48.0,8.0,0.0,7.549246248099712,1.8747341710197711,261.0,1.0,0.388916015625
-0.53196716,hourglass,0.60313845,train,162.0,93.0,3.0,0.0,8.385875420858309,2.584989278116349,394.0,1.0,0.594482421875
-0.49139863,hourglass,0.53841746,train,221.0,119.0,9.0,0.0,7.102733429766986,3.164044535980889,400.0,1.0,0.52197265625
-0.57780313,hourglass,0.596003,train,169.0,100.0,3.0,0.0,8.366383884388416,2.5345874456326505,390.0,1.0,0.57568359375
-0.31314233,cross_rectangular,0.677779,train,282.0,156.0,10.0,0.0,8.168903130024415,2.991087346811717,397.0,1.0,0.6083984375
-0.5913326,hourglass,0.6470475,train,197.0,115.0,5.0,0.0,8.3988072224672,2.701893955068052,413.0,1.0,0.617431640625
-0.35677543,circle_half_quarter,0.541217,train,170.0,94.0,6.0,0.0,8.183968985962467,3.5619163255327018,322.0,1.0,0.54345703125
-0.54254854,hourglass,0.428668,train,119.0,61.0,10.0,0.0,7.701804621064218,1.8098652359666016,273.0,1.0,0.42041015625
-0.5809041,hourglass,0.538735,val,279.0,151.0,15.0,0.0,6.78454467759187,3.1154137083802533,424.0,1.0,0.526123046875
-0.4596845,hourglass,0.36820966,train,80.0,40.0,8.0,0.0,6.885322995798592,1.7003463818409863,261.0,1.0,0.3583984375
-0.42201674,nine_circle,0.533141,train,366.0,207.0,10.0,0.0,4.833387003734792,2.1706740500883446,599.0,1.0,0.528076171875
-0.08047592,hexagonal,0.5625622,train,239.0,133.0,12.0,0.0,7.333822617317597,4.087419704496883,435.0,1.0,0.569580078125
-0.4891265,hourglass,0.3577903,train,84.0,42.0,8.0,0.0,6.854230032440309,1.6976825622714746,262.0,1.0,0.349365234375
-0.49099052,hexagonal,0.5616089,train,146.0,80.0,7.0,0.0,10.216573196743054,2.538395220884559,275.0,1.0,0.55615234375
-0.5039864,hourglass,0.55399805,train,148.0,78.0,5.0,0.0,8.140562570912794,2.378397137558673,376.0,1.0,0.546875
-0.46690902,circle,0.568459,train,357.0,204.0,18.0,0.0,5.379972970611444,2.2703768691551725,547.0,1.0,0.57763671875
-0.40162385,hourglass,0.32836318,train,72.0,37.0,8.0,0.0,6.634729794851164,1.2410504055677145,259.0,1.0,0.319580078125
-0.21548602,hexagonal,0.5631161,train,292.0,166.0,13.0,0.0,5.683869030010831,2.579231348253018,534.0,1.0,0.551025390625
-0.5292491,nine_circle,0.558643,train,323.0,191.0,3.0,0.0,5.856002823554172,2.588671262728713,499.0,1.0,0.562255859375
-0.4939278,hexagonal,0.53908837,train,149.0,78.0,9.0,0.0,9.699715394524851,2.77193744648875,276.0,1.0,0.52978515625
-0.22682357,four_circle,0.555106,train,416.0,230.0,19.0,0.0,5.221559436412733,2.0539565831286173,573.0,1.0,0.564453125
-0.53370506,hourglass,0.50751626,train,121.0,65.0,8.0,0.0,9.309918109682531,2.294469064752042,263.0,1.0,0.504638671875
-0.49736586,hourglass,0.55088943,train,127.0,67.0,4.0,0.0,8.52949133664702,2.252313066624019,366.0,1.0,0.549560546875
-0.37744632,grid_circular_voids,0.662623,test,201.0,113.0,3.0,0.0,8.63825740190344,2.5226891594295706,423.0,1.0,0.66748046875
-0.38420582,reentrant_bowtie,0.5400321,train,201.0,117.0,8.0,0.0,7.338789289210835,4.059115463239104,365.0,1.0,0.529296875
-0.5735603,hourglass,0.43243772,train,120.0,64.0,9.0,0.0,7.942354930669368,1.9065322745612108,271.0,1.0,0.422607421875
-0.27799296,circle,0.58694,val,407.0,230.0,13.0,0.0,4.979563480747654,1.9100764345043233,630.0,1.0,0.592529296875
-0.40567854,nine_circle,0.516281,train,147.0,84.0,4.0,0.0,6.859823816163056,1.9515349991719773,402.0,1.0,0.527099609375
-0.37408525,cross_rectangular,0.520009,train,160.0,89.0,12.0,0.0,7.386495557580562,2.4580390772148704,352.0,1.0,0.5244140625
-0.026607297,reentrant_bowtie,0.5116873,train,118.0,64.0,6.0,0.0,10.562476572807473,7.241138629310541,222.0,1.0,0.51708984375
-0.6602882,hourglass,0.557328,train,251.0,138.0,7.0,0.0,7.3532652044353775,3.1805614315274804,429.0,1.0,0.5537109375
-0.39487255,hourglass,0.6534736,train,174.0,103.0,5.0,0.0,8.421582501986391,2.4365853488512648,400.0,1.0,0.613037109375
-0.46850342,hourglass,0.3935986,train,93.0,48.0,8.0,0.0,7.49600325869809,1.8961476099224022,261.0,1.0,0.38671875
-0.6462062,hourglass,0.65291643,train,166.0,99.0,5.0,0.0,8.343209647458025,2.4043404040533334,400.0,1.0,0.6103515625
-0.60408264,hourglass,0.5786123,train,150.0,88.0,4.0,0.0,8.368307513624337,2.48018619004958,378.0,1.0,0.564697265625
-0.41567957,hourglass,0.58012223,train,149.0,87.0,4.0,0.0,8.386301799999861,2.4956124807755677,387.0,1.0,0.568359375
-0.09572021,reentrant_bowtie,0.551374,train,209.0,122.0,6.0,0.0,7.269258800796388,4.06690234316764,385.0,1.0,0.548095703125
-0.22331437,reentrant_bowtie,0.517921,train,144.0,79.0,8.0,0.0,7.950775873127234,2.461278181763522,286.0,1.0,0.510498046875
-0.4213238,hourglass,0.4317739,train,114.0,59.0,9.0,0.0,8.017915630854516,1.8397474629806092,268.0,1.0,0.419189453125
-0.457393,grid_circular_voids,0.523326,train,172.0,101.0,7.0,0.0,6.679720164670026,1.91198190495791,452.0,1.0,0.535888671875
-0.16652015,reentrant_bowtie,0.5225071,train,172.0,95.0,7.0,0.0,9.790929839944111,7.352012633044883,257.0,1.0,0.517333984375
-0.21333095,grid_circular_voids,0.51108,train,144.0,86.0,6.0,0.0,7.010977648934412,2.380843259932145,360.0,1.0,0.518798828125
-0.48260823,hourglass,0.38024655,train,92.0,46.0,8.0,0.0,7.016405458908948,1.5389964375034528,259.0,1.0,0.37255859375
-0.5577818,hourglass,0.41217193,train,104.0,52.0,8.0,0.0,7.63131092310187,1.897939423352653,261.0,1.0,0.40185546875
-0.5114823,hourglass,0.37766483,train,92.0,46.0,8.0,0.0,6.9093113241392015,1.587133511616949,264.0,1.0,0.36962890625
-0.46503133,grid_circular_voids,0.590104,train,425.0,246.0,4.0,0.0,5.779805592288619,2.635469439625712,648.0,1.0,0.60498046875
-0.6293666,hexagonal,0.55961746,train,179.0,101.0,4.0,0.0,7.654737366201185,3.063542299526126,406.0,1.0,0.5556640625
-0.017750645,circle,0.51421,train,273.0,150.0,22.0,0.0,7.692668235201082,2.8704567737199844,384.0,1.0,0.508056640625
-0.22033869,circle_half_quarter,0.514216,train,326.0,181.0,12.0,0.0,5.040201230425457,2.347214313836422,552.0,1.0,0.51513671875
-0.33782387,nine_circle,0.546702,train,325.0,186.0,13.0,0.0,5.2126954143578725,3.034373061094938,569.0,1.0,0.53662109375
-0.65787613,hourglass,0.6926166,train,133.0,77.0,11.0,0.0,9.925408669109373,3.0799777192649485,305.0,1.0,0.62548828125
-0.29579017,hexagonal,0.5679689,train,265.0,149.0,10.0,0.0,6.538449783941897,2.3959294024571505,488.0,1.0,0.560546875
-0.56700593,hexagonal,0.581004,train,364.0,200.0,8.0,0.0,6.4488839081006075,3.237060859252989,540.0,1.0,0.58154296875
-0.42691195,grid_circular_voids,0.569993,val,287.0,168.0,6.0,0.0,5.774861142743637,2.4429967164175004,539.0,1.0,0.572265625
-0.46992394,hourglass,0.38148132,train,96.0,48.0,8.0,0.0,7.053474667206887,1.5198794625262748,260.0,1.0,0.37255859375
-0.4632729,hourglass,0.565949,train,209.0,109.0,8.0,0.0,7.77218469459306,2.877106471813391,409.0,1.0,0.55615234375
-0.6287953,hourglass,0.51254714,train,159.0,84.0,10.0,0.0,8.491082004451854,2.5535110929497042,307.0,1.0,0.505859375
-0.21034256,square,0.524785,train,332.0,190.0,12.0,0.0,4.882635669160618,3.2132253851618766,582.0,1.0,0.52099609375
-0.4522918,hourglass,0.51265,train,177.0,96.0,5.0,0.0,7.7947240046255395,2.518228226783695,373.0,1.0,0.510009765625
-0.41080564,grid_circular_voids,0.587564,train,266.0,152.0,10.0,0.0,6.369206546261739,2.761377911669572,500.0,1.0,0.581298828125
-0.6176812,hourglass,0.6643081,train,144.0,85.0,3.0,0.0,8.578499850878481,2.585237316689665,394.0,1.0,0.619140625
-0.69000345,hourglass,0.53907,train,213.0,123.0,8.0,0.0,7.24935936191993,2.919605379997604,401.0,1.0,0.533203125
-0.90455294,hexagonal,0.57133883,train,278.0,166.0,4.0,0.0,7.068613223465268,2.536672445754863,440.0,1.0,0.568115234375
-0.5749702,hexagonal,0.5515776,train,151.0,82.0,9.0,0.0,10.146412697906628,2.621031085011524,277.0,1.0,0.545166015625
-0.26502284,cross_rectangular,0.682985,train,168.0,95.0,8.0,0.0,8.957673240559364,3.0415455292130384,330.0,1.0,0.591796875
-0.6793678,hourglass,0.557579,train,235.0,130.0,8.0,0.0,7.328467326530931,3.4121288439539,424.0,1.0,0.548828125
-0.54363084,hourglass,0.41447234,train,111.0,56.0,8.0,0.0,7.655596594134419,1.8354909696494115,263.0,1.0,0.40283203125
-0.5759943,hourglass,0.43563053,train,106.0,57.0,8.0,0.0,8.285176198860551,1.656148705253024,261.0,1.0,0.4296875
-0.42402053,hourglass,0.40858427,train,100.0,53.0,8.0,0.0,7.5478281934893,1.847946142663097,260.0,1.0,0.397705078125
-0.58833104,hourglass,0.503458,test,254.0,142.0,5.0,0.0,6.9356417295275605,2.805061538841988,421.0,1.0,0.50390625
-0.5373334,hourglass,0.48831975,train,130.0,68.0,9.0,0.0,9.144228966490298,2.3091084248880187,274.0,1.0,0.486328125
-0.48763794,circle,0.500332,test,291.0,170.0,17.0,0.0,4.784462562091616,2.0293766993303484,529.0,1.0,0.494384765625
-0.37802914,hourglass,0.673206,train,165.0,98.0,5.0,0.0,8.443272657297285,2.299666589348317,388.0,1.0,0.61572265625
-0.28463408,circle_half_quarter,0.604937,train,295.0,162.0,10.0,0.0,6.243743626239285,2.490097335416863,557.0,1.0,0.607177734375
-0.4064631,square,0.5145,train,141.0,81.0,14.0,0.0,6.952698969929942,2.6742293202461025,354.0,1.0,0.519775390625
-0.33706716,square,0.571277,train,401.0,232.0,12.0,0.0,5.010731027943512,2.1192342028328834,563.0,1.0,0.5830078125
-0.069660515,reentrant_bowtie,0.5387578,train,197.0,107.0,16.0,0.0,7.8262290340147835,4.596173331353007,379.0,1.0,0.5322265625
-0.50616574,hourglass,0.5533391,val,133.0,71.0,4.0,0.0,8.51046392366048,2.2457500862406863,367.0,1.0,0.550048828125
-0.6381617,hourglass,0.51333076,train,156.0,82.0,10.0,0.0,8.692932998134971,2.4785968219388987,304.0,1.0,0.509033203125
-0.21634963,circle_half_quarter,0.566509,train,158.0,97.0,7.0,0.0,7.095482550272547,1.7825456241340125,407.0,1.0,0.578369140625
-0.5979625,hourglass,0.5579582,train,218.0,117.0,8.0,0.0,7.352052974912527,3.1927452878046942,406.0,1.0,0.5400390625
-0.50006163,hourglass,0.46353745,train,115.0,61.0,8.0,0.0,8.94324835996089,2.106233420069594,268.0,1.0,0.459228515625
-0.051824033,reentrant_bowtie,0.52613115,train,169.0,94.0,7.0,0.0,9.70431357148124,7.375481453965808,266.0,1.0,0.523681640625
-0.52792656,hourglass,0.49616414,train,127.0,68.0,8.0,0.0,9.430073682044755,2.136399926929604,263.0,1.0,0.49072265625
-0.45837614,circle,0.589847,train,269.0,154.0,16.0,0.0,7.628596564958119,3.235664824430534,403.0,1.0,0.58984375
-0.5408186,hourglass,0.34421656,train,84.0,46.0,8.0,0.0,6.843230389400935,1.543024888628886,261.0,1.0,0.335205078125
-0.70037216,hourglass,0.6696592,train,159.0,95.0,4.0,0.0,8.393266688279946,2.4741765805226135,387.0,1.0,0.6201171875
-0.15181763,circle_half_quarter,0.593217,train,323.0,191.0,10.0,0.0,5.321700345283674,2.3807445770947386,519.0,1.0,0.4970703125
-0.66601956,hourglass,0.572658,train,202.0,115.0,4.0,0.0,7.920563229809413,2.889992519604124,412.0,1.0,0.572021484375
-0.30051833,cross_rectangular,0.455142,train,159.0,90.0,12.0,0.0,5.903440876017264,1.716188856366181,392.0,1.0,0.4599609375
-0.52134955,hourglass,0.37618673,train,92.0,46.0,8.0,0.0,6.9097600651834465,1.6113041652381699,258.0,1.0,0.3681640625
-0.6016263,hourglass,0.63107175,train,163.0,98.0,7.0,0.0,8.381476011573262,2.7988542170411836,411.0,1.0,0.620849609375
-0.4378542,grid_circular_voids,0.541902,train,175.0,102.0,7.0,0.0,6.6373092629572765,2.3580323227689117,451.0,1.0,0.550537109375
-0.41929537,hexagonal,0.5472341,train,128.0,68.0,8.0,0.0,9.757108953355482,2.7414970370995735,265.0,1.0,0.541259765625
-0.3982374,hourglass,0.31328124,train,65.0,33.0,8.0,0.0,6.336101388435986,0.8718194741226934,256.0,1.0,0.3056640625
-0.643484,hourglass,0.558733,train,202.0,113.0,8.0,0.0,7.5323803214701135,3.038600983834656,398.0,1.0,0.553466796875
-0.5136335,hourglass,0.530618,train,231.0,123.0,8.0,0.0,7.61493076516494,3.022506384847558,383.0,1.0,0.51904296875
-0.48913434,hourglass,0.3585496,train,92.0,46.0,8.0,0.0,6.855512496498117,1.6793243369105226,264.0,1.0,0.35009765625
-0.3473604,hexagonal,0.527897,train,235.0,127.0,10.0,0.0,7.336646384575319,3.0157485672007245,393.0,1.0,0.536865234375
-0.32870466,hexagonal,0.5249918,train,286.0,167.0,10.0,0.0,6.218084587153664,2.6488342612187994,445.0,1.0,0.51611328125
-0.44055563,hexagonal,0.582298,train,138.0,76.0,5.0,0.0,9.098783476515505,2.7755579149192475,297.0,1.0,0.58154296875
-0.9780858,hexagonal,0.536051,train,155.0,92.0,8.0,0.0,6.661098887284321,2.9433956646941573,414.0,1.0,0.53271484375
-0.5690273,hourglass,0.58389485,train,182.0,104.0,4.0,0.0,8.14093321000349,2.2615303330624363,393.0,1.0,0.56787109375
-0.42383528,hourglass,0.41982627,train,105.0,54.0,8.0,0.0,7.919966006212796,1.9184026502882485,261.0,1.0,0.407958984375
-0.46031487,hourglass,0.38446417,train,92.0,46.0,8.0,0.0,7.0183067040922325,1.5403618525001397,259.0,1.0,0.37353515625
-0.08903845,reentrant_bowtie,0.5002625,train,91.0,51.0,8.0,0.0,8.72352713754782,2.732391947238713,258.0,1.0,0.502685546875
-0.4198006,small_square_cross,0.502873,train,277.0,158.0,10.0,0.0,5.23877342815508,2.0112098106892393,486.0,1.0,0.505859375
-0.6592357,hourglass,0.69425344,train,119.0,68.0,10.0,0.0,10.207152268429175,2.8294563772956396,292.0,1.0,0.624755859375
-0.50495213,hourglass,0.5548806,train,134.0,70.0,4.0,0.0,8.27852598550816,2.3901010124536386,365.0,1.0,0.54541015625
-0.39226127,square,0.557778,train,448.0,243.0,23.0,0.0,4.564254752112775,1.6128420973056488,671.0,1.0,0.548583984375
-0.2829923,grid_circular_voids,0.554844,train,145.0,88.0,3.0,0.0,7.787457922715615,2.0897352355758763,435.0,1.0,0.572998046875
-0.4269468,hourglass,0.43360028,train,108.0,59.0,8.0,0.0,8.197171648089423,1.7136642527031511,261.0,1.0,0.426513671875
-0.51635605,hourglass,0.5231517,train,119.0,65.0,8.0,0.0,9.354629464711255,2.2125555269819808,267.0,1.0,0.512939453125
-0.5277131,hourglass,0.4970657,train,133.0,72.0,8.0,0.0,9.432232493855192,2.1326372633464374,264.0,1.0,0.490966796875
-0.42329702,hourglass,0.34113497,val,77.0,40.0,8.0,0.0,6.595148166310787,1.2232206368529577,258.0,1.0,0.329345703125
-0.6188247,hourglass,0.51189,val,152.0,79.0,10.0,0.0,8.492328856458323,2.591708297813392,306.0,1.0,0.50439453125
-0.48257977,hourglass,0.33141088,train,72.0,37.0,8.0,0.0,6.510228398680893,1.4033590483068665,261.0,1.0,0.321044921875
-0.5310604,hourglass,0.4988699,train,121.0,65.0,8.0,0.0,9.647237463153164,2.0563363667450423,262.0,1.0,0.497314453125
-0.41426983,hourglass,0.66116756,train,168.0,99.0,5.0,0.0,8.531206684647275,2.3041190865786847,398.0,1.0,0.61083984375
-0.8312682,hexagonal,0.523832,train,326.0,189.0,12.0,0.0,5.911871603815653,3.106347474664862,527.0,1.0,0.53076171875
-0.5382618,hourglass,0.47469467,test,126.0,68.0,10.0,0.0,8.953196459751068,2.3260790019840965,270.0,1.0,0.47216796875
-0.47162777,hourglass,0.6874455,train,127.0,72.0,9.0,0.0,9.994227636856857,2.641276413971941,302.0,1.0,0.614013671875
-0.06768401,reentrant_bowtie,0.53736985,train,171.0,93.0,16.0,0.0,8.023636693216183,4.474909501446414,337.0,1.0,0.53759765625
-0.56809044,hourglass,0.41649166,train,112.0,58.0,8.0,0.0,7.757293261762902,2.1150550476953227,265.0,1.0,0.402099609375
-0.5171678,hourglass,0.3735648,train,92.0,46.0,8.0,0.0,6.808890073924646,1.5840596481332432,262.0,1.0,0.359375
-0.5913895,hourglass,0.56631726,train,173.0,95.0,4.0,0.0,8.126946038749509,2.6787209654450406,386.0,1.0,0.55615234375
-0.53573304,hourglass,0.5199534,train,135.0,74.0,7.0,0.0,9.382545657144115,2.1310481935823957,272.0,1.0,0.51171875
-0.4378815,four_circle,0.56153,train,357.0,196.0,15.0,0.0,5.177887579390654,2.1734469741826055,567.0,1.0,0.561279296875
-0.62739855,hourglass,0.6546938,val,179.0,104.0,8.0,0.0,8.291334621565241,2.5852895164864673,414.0,1.0,0.614501953125
-0.34311825,nine_circle,0.627994,train,174.0,99.0,6.0,0.0,8.123581815860623,2.0811602544802073,420.0,1.0,0.631591796875
-0.56247187,hourglass,0.53413224,train,197.0,103.0,8.0,0.0,7.521241949324056,2.9978417753382267,383.0,1.0,0.5146484375
-0.60036874,hourglass,0.63171464,train,196.0,114.0,6.0,0.0,8.49946457979488,2.670584855797347,421.0,1.0,0.619873046875
-0.5420582,hourglass,0.46593228,train,103.0,55.0,8.0,0.0,8.997485689445114,2.045412625044623,260.0,1.0,0.460205078125
-0.34581703,small_square_cross,0.584444,train,329.0,192.0,6.0,0.0,6.30944732072633,2.513731341357365,547.0,1.0,0.593505859375
-0.5826143,hourglass,0.6343796,train,170.0,103.0,1.0,0.0,8.744030825462787,2.6593091063952294,400.0,1.0,0.6220703125
-0.45895264,grid_circular_voids,0.573175,train,196.0,112.0,8.0,0.0,7.11454971090457,2.1745054359298166,446.0,1.0,0.572265625
-0.40352008,hourglass,0.65021914,train,184.0,107.0,6.0,0.0,8.340139370244465,2.471264262524989,418.0,1.0,0.611328125
-0.39563197,grid_circular_voids,0.467214,val,89.0,51.0,2.0,0.0,7.339919268477678,2.185514288718926,338.0,1.0,0.479736328125
-0.2992538,small_square_cross,0.565937,train,312.0,181.0,10.0,0.0,5.654587757846743,2.219897823645113,563.0,1.0,0.574951171875
-0.1200316,reentrant_bowtie,0.50795996,train,126.0,67.0,7.0,0.0,9.870119740085334,6.783964752106192,222.0,1.0,0.5126953125
-0.5932313,hourglass,0.56453925,train,171.0,90.0,4.0,0.0,8.251334282346791,2.5696269303088703,384.0,1.0,0.552001953125
-0.33746076,small_square_cross,0.57735,train,412.0,235.0,13.0,0.0,4.8747764433541665,1.8664051563275899,648.0,1.0,0.586181640625
-0.5486645,hourglass,0.5686047,train,171.0,95.0,3.0,0.0,8.09858784118948,2.5002517507086686,396.0,1.0,0.557373046875
-0.33978042,circle_half_quarter,0.514129,train,493.0,270.0,19.0,0.0,4.116385918099987,1.924705115150286,684.0,1.0,0.52978515625
-0.56776667,hexagonal,0.5494677,train,198.0,112.0,4.0,0.0,7.739938366253466,3.1159457045005863,406.0,1.0,0.544921875
-0.39958867,hourglass,0.67644835,train,144.0,86.0,4.0,0.0,8.493078633477118,2.5002907249783615,396.0,1.0,0.620849609375
-0.4939278,hexagonal,0.53908837,train,146.0,78.0,10.0,0.0,9.627802425938752,2.7870260691109032,277.0,1.0,0.52978515625
-0.4146516,small_square_cross,0.525556,train,357.0,205.0,17.0,0.0,4.214218369092946,1.6344171840536272,659.0,1.0,0.51904296875
-0.20481594,reentrant_bowtie,0.502927,train,120.0,65.0,8.0,0.0,7.784832435897679,2.5326226602677044,281.0,1.0,0.5078125
-0.65580356,hourglass,0.6906349,train,154.0,88.0,15.0,0.0,9.747539023729242,2.929453445937756,317.0,1.0,0.6162109375
-0.039572433,reentrant_bowtie,0.5134239,train,131.0,72.0,7.0,0.0,9.943367358290251,6.964109056258188,222.0,1.0,0.518310546875
-0.46043733,hourglass,0.38427517,train,96.0,48.0,8.0,0.0,7.055368599908697,1.5212105744209394,260.0,1.0,0.373291015625
-0.28018576,circle,0.541817,val,314.0,172.0,10.0,0.0,5.736562081798633,2.5427230260747056,530.0,1.0,0.54248046875
-0.05312587,reentrant_bowtie,0.557008,train,204.0,115.0,4.0,0.0,9.709239029223227,6.832892795316024,355.0,1.0,0.557373046875
-0.4190766,hourglass,0.42299038,train,109.0,56.0,8.0,0.0,8.008875407494246,1.9485497183658937,262.0,1.0,0.41162109375
-0.5371657,hexagonal,0.553842,train,194.0,109.0,7.0,0.0,7.710004312224121,3.2177341878199397,396.0,1.0,0.548583984375
-0.6097143,hourglass,0.63204676,train,147.0,89.0,6.0,0.0,8.361367748917875,2.7840430499526576,404.0,1.0,0.616455078125
-0.3827175,four_circle,0.513114,train,364.0,201.0,18.0,0.0,5.057784527323052,1.553016147189848,575.0,1.0,0.5185546875
-0.24685492,nine_circle,0.517026,train,142.0,83.0,4.0,0.0,7.49886404982488,2.4783135318687974,352.0,1.0,0.527099609375
-0.60057247,hourglass,0.5581889,val,218.0,121.0,8.0,0.0,7.346031587287284,3.1493587451058263,409.0,1.0,0.544189453125
-0.27073008,reentrant_bowtie,0.505773,train,102.0,54.0,8.0,0.0,8.947116016157116,3.0149091598953373,249.0,1.0,0.505615234375
-0.50155675,hourglass,0.5491562,train,152.0,79.0,8.0,0.0,8.230431293861269,2.4225639607709772,363.0,1.0,0.546875
-0.24684651,circle_half_quarter,0.60898,train,183.0,98.0,12.0,0.0,10.076244565808757,4.54262581511655,325.0,1.0,0.6123046875
-0.5178049,hourglass,0.5407058,train,171.0,91.0,7.0,0.0,7.381888531822068,3.198451761619806,371.0,1.0,0.5244140625
-0.35679471,grid_circular_voids,0.563386,train,233.0,136.0,6.0,0.0,5.570344943472139,2.5937895513480798,501.0,1.0,0.55419921875
-0.31786123,reentrant_bowtie,0.515295,test,327.0,171.0,8.0,0.0,6.3505810860816485,3.5953670705116934,382.0,1.0,0.50830078125
-0.5681499,hourglass,0.4614404,train,103.0,55.0,8.0,0.0,8.85793266168251,2.1531989230722663,262.0,1.0,0.45703125
-0.59895694,hexagonal,0.5342543,train,192.0,109.0,10.0,0.0,7.308301985056117,3.4175475397035666,385.0,1.0,0.523681640625
-0.32981896,hexagonal,0.546826,train,175.0,101.0,12.0,0.0,6.3794986643901685,3.1918100940843814,481.0,1.0,0.546142578125
-0.42575756,hourglass,0.528751,train,171.0,95.0,4.0,0.0,7.525212859662014,2.673651272365291,413.0,1.0,0.532470703125
-0.5673051,hourglass,0.54602045,train,126.0,68.0,7.0,2.0,8.247818952769746,2.4358030915914584,347.0,1.0,0.5400390625
-0.4094627,hourglass,0.3120042,train,74.0,38.0,8.0,0.0,6.303620879661776,0.7977824444971906,258.0,1.0,0.303955078125
-0.60226375,hourglass,0.5780141,train,151.0,90.0,3.0,0.0,8.1894707584537,2.531917232482606,387.0,1.0,0.5634765625
-0.55243313,hexagonal,0.5288219,train,158.0,87.0,7.0,0.0,7.710950338412683,2.7844541973321784,335.0,1.0,0.52197265625
-0.5147026,hourglass,0.37721446,train,96.0,48.0,8.0,0.0,6.957584153569209,1.565675041429811,263.0,1.0,0.36962890625
-0.37056372,cross_rectangular,0.529032,train,376.0,202.0,20.0,0.0,4.914417913329647,2.1392493378770205,588.0,1.0,0.531005859375
-0.2510713,reentrant_bowtie,0.505428,train,141.0,77.0,8.0,0.0,7.592880772788345,2.7657786305550136,292.0,1.0,0.494140625
-0.49682504,hourglass,0.3964806,train,102.0,52.0,8.0,0.0,7.565766417564526,1.876068972244118,263.0,1.0,0.38671875
-0.6258416,hourglass,0.6570236,train,195.0,116.0,5.0,0.0,8.241550731103098,2.593731666208467,415.0,1.0,0.609619140625
-0.37052703,square,0.601642,train,442.0,249.0,15.0,0.0,5.336000767919729,2.3926027739805495,628.0,1.0,0.591796875
-0.5962521,hourglass,0.6339721,train,176.0,106.0,3.0,0.0,8.55656692690622,2.7007203862906235,401.0,1.0,0.61865234375
-0.58968794,hourglass,0.5575826,train,211.0,114.0,9.0,0.0,7.365481771203894,3.1636031270886122,402.0,1.0,0.5419921875
-0.37617427,hourglass,0.60993993,train,174.0,100.0,4.0,0.0,8.371969879812529,2.723748372195082,403.0,1.0,0.6044921875
-0.4767222,hexagonal,0.563009,train,332.0,184.0,7.0,0.0,7.091449932687713,3.6727531403514186,486.0,1.0,0.5615234375
-0.36488953,nine_circle,0.500102,train,142.0,80.0,4.0,0.0,6.271116867725731,1.9570596512721918,465.0,1.0,0.504150390625
-0.49487767,hourglass,0.34520504,train,88.0,45.0,8.0,0.0,6.889217109768822,1.4871756509403646,263.0,1.0,0.341064453125
-0.63005173,hexagonal,0.53315616,train,275.0,158.0,4.0,0.0,6.6741415946868425,3.037440820827367,470.0,1.0,0.536865234375
-0.58486474,hourglass,0.4541527,train,122.0,63.0,9.0,0.0,8.47710917977023,2.102403728054338,270.0,1.0,0.44873046875
-0.54453874,hexagonal,0.50722957,train,205.0,120.0,11.0,0.0,6.135919280265718,2.897170694719127,464.0,1.0,0.505615234375
-0.40168947,hourglass,0.3133752,train,65.0,33.0,8.0,0.0,6.336101388435987,0.8718194741226936,256.0,1.0,0.3056640625
-0.5324198,hourglass,0.5143311,train,161.0,84.0,10.0,0.0,8.554149865839628,2.559864144359369,307.0,1.0,0.50732421875
-0.26737785,cross_rectangular,0.580041,train,334.0,190.0,11.0,0.0,6.010130906643062,2.981871727487876,529.0,1.0,0.584228515625
-0.43431947,cross_rectangular,0.560685,train,192.0,111.0,6.0,0.0,5.349344354163442,2.198229679844574,478.0,1.0,0.57177734375
-0.5339024,hourglass,0.46975562,train,115.0,61.0,8.0,0.0,9.090882192583727,2.011933440670833,263.0,1.0,0.4609375
-0.5065528,hourglass,0.48448098,train,119.0,63.0,8.0,0.0,9.091531477328898,2.1036960042314363,270.0,1.0,0.48193359375
-0.59790236,hourglass,0.45972636,train,103.0,55.0,8.0,0.0,8.808500858843189,2.207756994498034,263.0,1.0,0.455322265625
-0.10380282,reentrant_bowtie,0.5009412,val,94.0,53.0,9.0,0.0,8.551871230449208,2.990487892913141,258.0,1.0,0.5029296875
-0.65934587,hourglass,0.6946061,train,110.0,63.0,9.0,0.0,10.761993369396436,2.4742564055151313,278.0,1.0,0.630126953125
-1.2960387,reentrant_bowtie,0.559381,train,158.0,84.0,10.0,0.0,8.831849047036433,5.314851238587674,313.0,1.0,0.55908203125
-0.59854144,hourglass,0.540179,train,135.0,70.0,4.0,0.0,8.247812779225148,2.748186989138728,361.0,1.0,0.531982421875
-0.40412074,small_square_cross,0.570284,train,275.0,157.0,8.0,0.0,7.338055985225669,3.284884547646968,389.0,1.0,0.578125
-0.2520659,hexagonal,0.57020366,train,75.0,43.0,6.0,0.0,10.413198369056733,1.7601552323595362,274.0,1.0,0.56787109375
-0.45157328,square,0.538009,train,134.0,78.0,12.0,0.0,7.599497362457503,1.8508252074225946,326.0,1.0,0.536865234375
-0.39198864,hourglass,0.62669814,train,191.0,111.0,7.0,0.0,8.436691295633008,2.5597890304493998,393.0,1.0,0.610107421875
-0.3659072,cross_rectangular,0.50267,train,144.0,84.0,12.0,0.0,7.5867188049688945,2.4438990158634875,307.0,1.0,0.499755859375
-0.3979244,nine_circle,0.645424,train,202.0,110.0,7.0,0.0,8.268750953085956,2.9007736095152272,422.0,1.0,0.642822265625
-0.121701896,circle_half_quarter,0.607205,train,212.0,122.0,8.0,0.0,6.026623530134349,3.0900908214884875,488.0,1.0,0.584716796875
-0.55395335,hourglass,0.45052472,train,119.0,61.0,8.0,0.0,8.665967854929324,1.8575843070887306,262.0,1.0,0.448486328125
-0.54236084,hourglass,0.34220546,train,70.0,38.0,8.0,0.0,6.78603856314127,1.498083530037769,258.0,1.0,0.333251953125
-0.48605236,hourglass,0.39002335,train,102.0,52.0,8.0,0.0,7.517533270481272,1.895562556481358,263.0,1.0,0.384765625
-0.032458242,reentrant_bowtie,0.5105157,train,126.0,67.0,7.0,0.0,10.654568217806949,6.9463562815201865,219.0,1.0,0.51513671875
-0.43814936,hourglass,0.3762361,train,92.0,46.0,8.0,0.0,6.913969485781195,1.6096112398678515,259.0,1.0,0.3681640625
-0.47510475,hourglass,0.50077814,train,135.0,73.0,9.0,0.0,9.383573337650596,2.2808513235668104,268.0,1.0,0.498779296875
-0.57654095,hourglass,0.63516337,train,180.0,109.0,3.0,0.0,8.496809990515073,2.6548071642984947,402.0,1.0,0.62109375
-0.54118395,hourglass,0.41353846,train,111.0,56.0,8.0,0.0,7.656225966988399,1.8370082688096183,263.0,1.0,0.40283203125
-0.46061245,hourglass,0.36679453,train,88.0,44.0,8.0,0.0,6.896788209412559,1.6844447808114593,263.0,1.0,0.3583984375
-0.6962599,hexagonal,0.5765461,train,91.0,52.0,10.0,0.0,8.55490519331662,2.5994345598400463,283.0,1.0,0.527587890625
-0.45910147,hourglass,0.3688754,train,80.0,40.0,8.0,0.0,6.885322995798592,1.7003463818409863,261.0,1.0,0.3583984375
-0.39636192,nine_circle,0.536097,train,159.0,99.0,3.0,0.0,7.011437383238853,2.1778038298619187,454.0,1.0,0.550048828125
-0.31843692,grid_circular_voids,0.534788,train,253.0,149.0,16.0,0.0,4.763453050476405,1.879080521780693,560.0,1.0,0.527099609375
-0.39235282,cross_rectangular,0.529253,train,470.0,261.0,20.0,0.0,4.1886847678243075,1.8925328211624002,710.0,1.0,0.525146484375
-0.3924386,four_circle,0.575435,train,488.0,273.0,15.0,0.0,4.658456240946879,1.7517084291856473,660.0,1.0,0.5771484375
-0.03798435,reentrant_bowtie,0.54182285,train,81.0,45.0,4.0,0.0,11.128113208509715,8.04084665913153,253.0,1.0,0.53662109375
-1.3729296,reentrant_bowtie,0.554568,train,273.0,150.0,10.0,0.0,6.897358591713891,4.021616975145714,411.0,1.0,0.54931640625
-0.6040092,hexagonal,0.5118563,train,261.0,148.0,9.0,0.0,6.447967164820305,3.1569056903095833,437.0,1.0,0.509033203125
-0.15274897,reentrant_bowtie,0.539848,train,322.0,181.0,6.0,0.0,6.634251311258096,3.509893142491744,481.0,1.0,0.546142578125
-0.63367146,hexagonal,0.568025,train,125.0,73.0,5.0,0.0,9.437017106392338,3.4185227624294323,312.0,1.0,0.567626953125
-0.48141646,cross_rectangular,0.539237,train,357.0,209.0,17.0,0.0,4.284305565291359,1.6009855796460613,662.0,1.0,0.53662109375
-0.48754066,hourglass,0.33013764,train,72.0,37.0,8.0,0.0,6.510228398680893,1.4033590483068665,261.0,1.0,0.321044921875
-0.38430735,four_circle,0.502017,train,289.0,155.0,23.0,0.0,4.677207217174658,1.4621191475264945,569.0,1.0,0.494384765625
-0.5408963,hourglass,0.34472016,train,87.0,47.0,8.0,0.0,6.891966880676515,1.5717054954771232,262.0,1.0,0.3349609375
-0.26464963,reentrant_bowtie,0.522769,train,137.0,66.0,8.0,0.0,8.164297407128707,3.6396540846691243,247.0,1.0,0.52392578125
-0.5401379,hexagonal,0.50757235,train,144.0,82.0,11.0,0.0,8.15119718959055,2.7717457568012134,305.0,1.0,0.5048828125
-0.53676003,hourglass,0.48871222,train,123.0,64.0,9.0,0.0,9.149598643280306,2.2778385304026463,270.0,1.0,0.486328125
-0.58038497,hourglass,0.43417737,train,98.0,52.0,8.0,0.0,8.125051326336287,1.7768753805897894,259.0,1.0,0.42919921875
-0.50097233,hourglass,0.38775575,train,97.0,50.0,8.0,0.0,7.2937597925937,1.818465070981649,261.0,1.0,0.380859375
-0.52171546,hourglass,0.53256994,train,181.0,96.0,7.0,0.0,7.430833551301066,2.8604504085596205,373.0,1.0,0.510009765625
-0.32331955,hexagonal,0.5247807,train,190.0,109.0,8.0,0.0,6.968039630696556,3.1321015418850275,396.0,1.0,0.525390625
-0.42524317,hourglass,0.35328743,train,80.0,42.0,8.0,0.0,6.776853412737341,1.6346127895301472,261.0,1.0,0.345947265625
-0.37140954,nine_circle,0.626955,train,200.0,117.0,3.0,0.0,7.405194456757262,2.823529595430124,477.0,1.0,0.629638671875
-0.108158335,circle,0.647401,train,308.0,184.0,10.0,0.0,6.117439301778237,2.468485346430582,546.0,1.0,0.61962890625
-0.44563454,square,0.535296,train,344.0,193.0,20.0,0.0,5.015610598760679,2.113513187286143,584.0,1.0,0.536376953125
-0.52428436,hourglass,0.5163248,train,152.0,82.0,9.0,0.0,9.112586210218604,2.181755191458385,279.0,1.0,0.5068359375
-0.408374,square,0.538899,train,345.0,196.0,15.0,0.0,4.6758181557400995,1.675956138751535,613.0,1.0,0.54931640625
-0.31584394,nine_circle,0.570003,train,196.0,115.0,5.0,0.0,7.9640590506947735,2.1412035045823368,364.0,1.0,0.566162109375
-0.298314,four_circle,0.595875,train,571.0,330.0,11.0,0.0,4.545431402819611,2.130384604184546,777.0,1.0,0.598388671875
-0.56652844,hourglass,0.545383,train,116.0,63.0,7.0,1.0,8.18483891840437,2.4446557853668685,343.0,1.0,0.539306640625
-0.29472247,circle_half_quarter,0.542649,train,183.0,108.0,8.0,0.0,6.963719766753788,2.6611704659905975,339.0,1.0,0.49853515625
-0.3583543,nine_circle,0.538188,train,208.0,123.0,7.0,0.0,6.0844270433543,2.1861615035949216,449.0,1.0,0.544921875
-0.25954407,square,0.546212,train,289.0,172.0,4.0,0.0,5.342585076580445,2.1087321438921207,598.0,1.0,0.54833984375
-0.4002319,hourglass,0.31426978,train,64.0,35.0,8.0,0.0,6.357878172803518,0.8655981398943757,256.0,1.0,0.306640625
-0.4307573,hourglass,0.4118406,train,107.0,54.0,8.0,0.0,7.6396466767860645,1.8703994422900596,262.0,1.0,0.40185546875
-0.096658796,reentrant_bowtie,0.561045,train,204.0,115.0,10.0,0.0,7.617189840080631,4.098939768226799,367.0,1.0,0.554931640625
-0.40537813,hourglass,0.31728116,train,59.0,30.0,8.0,0.0,6.4207344190650835,1.0163626563607724,255.0,1.0,0.308837890625
-0.49316815,hexagonal,0.5606757,train,158.0,84.0,9.0,0.0,9.95263188361,3.030742693608619,283.0,1.0,0.548828125
-0.59787697,hourglass,0.507729,train,243.0,135.0,9.0,0.0,6.647297904288763,2.9088792893116704,432.0,1.0,0.5048828125
-0.5477569,hourglass,0.4314521,train,109.0,56.0,9.0,0.0,7.996269673778703,1.8881973630251458,267.0,1.0,0.419189453125
-0.5982278,hourglass,0.4551947,train,128.0,69.0,9.0,0.0,8.680557444043881,2.2639643108832073,268.0,1.0,0.449462890625
-0.18057485,circle_half_quarter,0.568421,train,169.0,100.0,6.0,0.0,6.650921925853998,2.0485426958661384,473.0,1.0,0.587646484375
-0.53516686,hourglass,0.4737167,train,121.0,65.0,9.0,0.0,8.975291891536902,2.140727035550817,267.0,1.0,0.469482421875
-0.6371485,hourglass,0.65896904,train,157.0,94.0,2.0,0.0,8.549281426561723,2.3348574349080646,395.0,1.0,0.611328125
-0.5998857,hourglass,0.57097524,train,154.0,82.0,4.0,0.0,8.32725320523247,2.6827437067683695,385.0,1.0,0.558349609375
-0.56845313,hexagonal,0.579992,train,417.0,233.0,10.0,0.0,4.983765449720005,2.269505093792166,700.0,1.0,0.596435546875
-0.21721663,hourglass,0.3014587,train,62.0,33.0,8.0,0.0,5.639594522226319,0.9831719931842998,254.0,1.0,0.291015625
-0.39437214,hexagonal,0.545848,train,132.0,76.0,8.0,0.0,8.460551192054087,2.993449547478435,288.0,1.0,0.5390625
-0.3073011,square,0.630576,train,163.0,91.0,11.0,0.0,9.234333645037704,3.2271922502095105,333.0,1.0,0.61572265625
-0.4778638,hourglass,0.36038598,train,84.0,42.0,8.0,0.0,6.853261768235386,1.706067329111905,262.0,1.0,0.35302734375
-0.464058,hourglass,0.44670084,train,111.0,56.0,8.0,0.0,8.485552936753024,1.9685249822347741,266.0,1.0,0.44140625
-0.38543767,circle,0.534796,train,264.0,149.0,12.0,0.0,5.100568811479492,1.4682430862688696,513.0,1.0,0.539306640625
-0.5955139,hourglass,0.56084436,train,168.0,93.0,5.0,0.0,7.888473904906774,2.8391173005956616,395.0,1.0,0.54833984375
-0.7195399,hourglass,0.67946166,train,211.0,121.0,6.0,0.0,8.611883640149708,3.122627753009592,378.0,1.0,0.6220703125
-0.48134643,hourglass,0.4700283,train,103.0,55.0,8.0,0.0,9.024623105175886,2.0462030789476366,260.0,1.0,0.4609375
-0.5019089,hourglass,0.45651934,train,122.0,67.0,9.0,0.0,8.672862550116209,2.314541194977819,271.0,1.0,0.45068359375
-0.54049915,hourglass,0.42844883,train,117.0,61.0,9.0,0.0,7.85873557155208,1.7917657408694228,268.0,1.0,0.4150390625
-0.23451531,reentrant_bowtie,0.541711,train,132.0,70.0,8.0,0.0,7.833471965238822,2.462374950406793,286.0,1.0,0.53125
-0.23415355,hexagonal,0.516949,val,166.0,87.0,10.0,0.0,8.89015230537397,3.37163496877709,293.0,1.0,0.521484375
-0.54797935,hourglass,0.48291993,train,130.0,70.0,9.0,0.0,9.193644587044952,2.452389169755661,268.0,1.0,0.479248046875
-0.71628505,hourglass,0.6762987,train,150.0,88.0,4.0,0.0,8.545973229256548,2.460034288482337,398.0,1.0,0.619384765625
-0.3883567,four_circle,0.542661,train,477.0,264.0,20.0,0.0,4.2687739927691,1.4812063948508711,634.0,1.0,0.548095703125
-0.420227,hourglass,0.4222097,train,109.0,56.0,8.0,0.0,8.008875407494246,1.9485497183658937,262.0,1.0,0.41162109375
-0.31945103,reentrant_bowtie,0.503338,train,126.0,72.0,8.0,0.0,7.8163296859634945,2.213147441814676,287.0,1.0,0.500244140625
-0.29753637,reentrant_bowtie,0.531858,train,135.0,74.0,8.0,0.0,7.814907152227613,2.5842003122755024,289.0,1.0,0.5224609375
-0.58562076,hourglass,0.514579,val,234.0,137.0,6.0,0.0,7.1266099386965,2.9393880673098756,413.0,1.0,0.514404296875
-0.41533443,hourglass,0.36792815,train,88.0,44.0,8.0,0.0,6.896788209412558,1.6844447808114593,263.0,1.0,0.3583984375
-0.23471637,hexagonal,0.5065304,train,123.0,65.0,13.0,0.0,7.821001627354271,2.7446734316163264,308.0,1.0,0.501708984375
-0.4059424,nine_circle,0.569912,train,331.0,191.0,17.0,0.0,5.6309011952731804,2.8171697659551667,561.0,1.0,0.570068359375
-0.079768404,hexagonal,0.55935824,train,251.0,144.0,8.0,0.0,7.061673337487048,4.088884514287027,464.0,1.0,0.56298828125
-0.56931484,hourglass,0.50531536,train,120.0,66.0,8.0,0.0,9.49000173896664,2.205208361467699,260.0,1.0,0.505615234375
-0.59250736,hexagonal,0.529166,test,209.0,119.0,8.0,0.0,5.8205703717547514,2.8136040314109287,479.0,1.0,0.523681640625
-0.50633705,hourglass,0.39724982,train,102.0,52.0,8.0,0.0,7.588580105777454,1.8690371550463887,263.0,1.0,0.388916015625
-0.54153013,hourglass,0.49167275,train,121.0,65.0,8.0,0.0,9.462923960048691,2.110229875235488,262.0,1.0,0.49072265625
-0.5651327,hourglass,0.53088087,train,173.0,89.0,8.0,0.0,7.422528109726804,3.011135063254821,373.0,1.0,0.511962890625
-0.512994,hexagonal,0.55568165,train,132.0,71.0,7.0,0.0,10.019441370119111,2.343371853904332,268.0,1.0,0.5498046875
-0.59872395,hourglass,0.5890951,train,171.0,101.0,4.0,0.0,8.461365451874698,2.505921036178017,382.0,1.0,0.573974609375
-0.045103166,reentrant_bowtie,0.565173,train,121.0,72.0,4.0,0.0,10.481773934427414,8.424188243484283,278.0,1.0,0.5625
-0.5991965,hourglass,0.5716276,train,151.0,82.0,4.0,0.0,8.215536058904807,2.754846237297225,380.0,1.0,0.55859375
-0.4029397,four_circle,0.526676,train,481.0,266.0,24.0,0.0,4.058476092243342,1.6417056005941095,691.0,1.0,0.523681640625
-0.5310038,hourglass,0.514866,train,168.0,93.0,5.0,0.0,7.551852145278062,2.5977941990698596,362.0,1.0,0.511962890625
-0.06794969,hexagonal,0.5025269,train,194.0,114.0,10.0,0.0,6.5405321306291135,3.502594526942962,428.0,1.0,0.4990234375
-0.47022632,hourglass,0.39322004,train,97.0,48.0,8.0,0.0,7.496179182151072,1.9117075909666974,262.0,1.0,0.38671875
-0.596854,hourglass,0.5697174,test,152.0,81.0,4.0,0.0,8.222171709317921,2.7541543287736365,380.0,1.0,0.556884765625
-0.24985407,cross_rectangular,0.583131,train,193.0,107.0,12.0,0.0,8.382763800860756,2.571113959197828,354.0,1.0,0.5849609375
-0.5479676,hexagonal,0.5524992,train,235.0,129.0,13.0,0.0,8.23527533732209,3.1933418381958285,349.0,1.0,0.542724609375
-0.6075101,hourglass,0.65854585,train,145.0,87.0,3.0,0.0,8.510742348280658,2.3820442712489305,393.0,1.0,0.615234375
-0.59173214,hourglass,0.513059,train,186.0,101.0,7.0,0.0,6.876260534146765,2.861429534344964,393.0,1.0,0.5068359375
-0.33738485,cross_rectangular,0.591967,test,178.0,102.0,12.0,0.0,8.56361724683839,2.6566366098166987,356.0,1.0,0.601806640625
-0.5506367,hourglass,0.5767726,train,171.0,100.0,4.0,0.0,8.015252589074615,2.6044233946677107,403.0,1.0,0.56591796875
-0.44134474,hourglass,0.57318574,train,167.0,95.0,4.0,0.0,8.018248076707907,2.5166125657341425,390.0,1.0,0.560546875
-0.606203,hourglass,0.6407345,train,201.0,118.0,6.0,0.0,8.217247302327511,2.492600610520328,417.0,1.0,0.605712890625
-0.11412391,four_circle,0.549534,train,539.0,300.0,19.0,0.0,4.407841179212026,1.7179243311901693,610.0,1.0,0.55810546875
-0.06754613,reentrant_bowtie,0.53655106,train,221.0,126.0,12.0,0.0,7.315227659682561,4.097890609192726,380.0,1.0,0.5341796875
-0.46873763,reentrant_bowtie,0.519688,train,114.0,61.0,8.0,0.0,9.24137511712072,3.5274834926354846,247.0,1.0,0.524658203125
-0.5654382,hourglass,0.44896027,train,119.0,61.0,8.0,0.0,8.584218026750358,1.899923243686641,268.0,1.0,0.44580078125
-0.43808925,hourglass,0.37013108,train,92.0,46.0,8.0,0.0,6.956965312751566,1.5718977844647186,262.0,1.0,0.36279296875
-0.5617339,hexagonal,0.515843,train,70.0,40.0,8.0,0.0,8.573179123182717,2.159055178093862,261.0,1.0,0.51611328125
-0.0442976,small_square_cross,0.548193,train,105.0,63.0,10.0,0.0,8.56111038469904,2.4287290340979713,277.0,1.0,0.522705078125
-0.6027863,hourglass,0.6249895,train,159.0,89.0,7.0,0.0,8.965645617112166,2.960303615977045,342.0,1.0,0.607666015625
-0.5758962,hourglass,0.5836495,train,174.0,101.0,5.0,0.0,8.425518647314782,2.4220457524257615,388.0,1.0,0.572021484375
-0.53227437,hourglass,0.3425735,val,68.0,36.0,8.0,0.0,6.587985824455194,1.2673573745246083,258.0,1.0,0.3310546875
-0.38051394,small_square_cross,0.531434,train,408.0,222.0,24.0,0.0,4.276816086284059,1.3166235137239533,649.0,1.0,0.51806640625
-0.5052538,hourglass,0.40350458,train,97.0,48.0,8.0,0.0,7.507901761321032,1.9056261811678985,262.0,1.0,0.39306640625
-0.25857547,hexagonal,0.54884297,train,170.0,90.0,11.0,0.0,8.363054140124044,3.992070398032958,326.0,1.0,0.54345703125
-0.44675016,four_circle,0.548012,train,362.0,203.0,22.0,0.0,5.696808278184721,2.254530968598595,479.0,1.0,0.540771484375
-0.6698043,hourglass,0.553433,train,214.0,115.0,6.0,0.0,7.155133397874998,3.2932136265301546,437.0,1.0,0.548583984375
-0.26749334,hourglass,0.3060866,train,54.0,27.0,8.0,0.0,6.086718744420633,1.151891890030711,256.0,1.0,0.297119140625
-0.55352014,hourglass,0.6191726,val,172.0,96.0,3.0,0.0,8.626633965165137,2.721511131712819,401.0,1.0,0.60693359375
-0.42253554,hourglass,0.3596034,train,84.0,42.0,8.0,0.0,6.848795368946213,1.7150306815260508,262.0,1.0,0.35107421875
-0.44704533,hexagonal,0.535527,train,178.0,100.0,16.0,0.0,6.818280921249961,2.171347273612048,432.0,1.0,0.544921875
-0.12531796,square,0.661605,train,97.0,56.0,7.0,0.0,10.342672188362611,2.4720401570116906,281.0,1.0,0.60205078125
-0.59064406,hexagonal,0.5154991,train,187.0,103.0,7.0,0.0,7.534665058827931,2.561670506644213,372.0,1.0,0.51611328125
-0.12591462,hexagonal,0.55722255,train,285.0,167.0,6.0,0.0,5.3729064610009765,2.98820840685953,563.0,1.0,0.5625
-0.42580122,hourglass,0.516819,train,155.0,84.0,5.0,0.0,7.5583871750134755,2.563837485379057,363.0,1.0,0.51318359375
-0.15288223,hexagonal,0.527182,train,78.0,46.0,8.0,0.0,7.423097173013409,2.0803142829085126,379.0,1.0,0.515625
-0.22333255,four_circle,0.528845,train,233.0,131.0,6.0,0.0,5.074543404441628,2.0210592715512674,499.0,1.0,0.5361328125
-0.46487862,hourglass,0.44821173,train,115.0,58.0,8.0,0.0,8.495889526043243,1.9932681370677543,261.0,1.0,0.44287109375
-0.69011116,hourglass,0.69611406,train,120.0,66.0,9.0,0.0,10.186453380975824,3.149308863194081,283.0,1.0,0.614501953125
-0.20125274,hexagonal,0.5040481,train,220.0,127.0,12.0,0.0,5.940425631003581,2.3925339828300016,466.0,1.0,0.49951171875
-0.48266312,hexagonal,0.5492176,train,155.0,81.0,8.0,0.0,10.064362579149895,2.869218604292252,273.0,1.0,0.53466796875
-0.70412785,hexagonal,0.530425,train,259.0,142.0,14.0,0.0,7.182695958282961,3.1453799219394507,388.0,1.0,0.5361328125
-0.22403869,circle_half_quarter,0.558396,train,465.0,249.0,8.0,0.0,5.003750699831399,2.4225140837219814,607.0,1.0,0.5625
-0.55821174,hourglass,0.5936498,train,154.0,91.0,2.0,0.0,8.239768503528786,2.512449118940578,388.0,1.0,0.573486328125
-0.4875056,hourglass,0.55674434,train,218.0,117.0,8.0,0.0,7.3453899163238665,3.1926525380002104,406.0,1.0,0.539794921875
-0.42698783,hourglass,0.37902236,train,92.0,46.0,8.0,0.0,7.016405458908947,1.5389964375034528,259.0,1.0,0.37255859375
-0.6808723,hourglass,0.66875833,train,163.0,99.0,4.0,0.0,8.549239522355297,2.406094650712241,396.0,1.0,0.619384765625
-0.4530488,small_square_cross,0.528256,train,231.0,136.0,11.0,0.0,6.1935481512659365,2.262983290575075,424.0,1.0,0.522705078125
-0.58261603,hourglass,0.6343782,train,148.0,90.0,3.0,0.0,8.5712942635,2.7583131680275343,398.0,1.0,0.6220703125
-0.2767455,circle_half_quarter,0.538433,train,289.0,164.0,18.0,0.0,5.226774069147859,2.1364287902278916,515.0,1.0,0.537841796875
-0.33503926,hexagonal,0.52873594,train,235.0,132.0,12.0,0.0,6.79033325467512,3.457075974064382,400.0,1.0,0.5146484375
-0.3187869,circle,0.52984,train,369.0,203.0,11.0,0.0,6.523541908006442,2.6655092263997378,455.0,1.0,0.53955078125
-0.63213223,hourglass,0.6525943,train,164.0,96.0,5.0,0.0,8.483772021064503,2.377298352478683,401.0,1.0,0.616455078125
-0.5864681,hourglass,0.458891,train,127.0,69.0,8.0,0.0,8.8384481262717,2.179394238660406,265.0,1.0,0.454833984375
-0.07326352,reentrant_bowtie,0.5342218,train,179.0,107.0,6.0,0.0,7.193670986215829,4.135394956091132,381.0,1.0,0.530517578125
-0.29440352,four_circle,0.631102,train,520.0,297.0,27.0,0.0,4.929228505062815,1.719429465886806,670.0,1.0,0.5830078125
-0.5444825,hourglass,0.574568,train,151.0,86.0,4.0,0.0,8.121236887192975,2.5286813501930427,390.0,1.0,0.563720703125
-0.5763243,hexagonal,0.532715,train,173.0,99.0,10.0,0.0,6.8857935100039604,2.2981514117873934,437.0,1.0,0.538818359375
-0.22138435,grid_circular_voids,0.651066,train,131.0,79.0,4.0,0.0,8.608777283122034,2.7321100614205185,424.0,1.0,0.66015625
-0.37339082,cross_rectangular,0.546779,train,403.0,230.0,21.0,0.0,4.445876205528495,1.3872949368810283,646.0,1.0,0.541015625
-0.20698263,hexagonal,0.581181,train,264.0,146.0,12.0,1.0,8.663478293756098,3.759055141874572,381.0,1.0,0.582763671875
-0.53604877,hourglass,0.47397435,train,129.0,71.0,10.0,0.0,8.920325125178692,2.3154120571593872,270.0,1.0,0.467529296875
-0.2595629,hexagonal,0.57736933,train,192.0,117.0,4.0,0.0,7.288996221059747,2.591296263999844,411.0,1.0,0.5732421875
-0.3847318,hourglass,0.6127564,train,221.0,128.0,4.0,0.0,8.166278302409113,2.7966969932793084,416.0,1.0,0.607177734375
-0.54440075,hourglass,0.41465473,val,108.0,54.0,8.0,0.0,7.647985308891557,1.8648823994648753,262.0,1.0,0.40283203125
-0.6022381,hourglass,0.507333,train,231.0,131.0,5.0,0.0,6.979642125195956,3.1344664879975426,422.0,1.0,0.5087890625
-0.5278761,hourglass,0.5001114,test,132.0,73.0,8.0,0.0,9.642666655590608,2.0947078703095303,263.0,1.0,0.49658203125
-0.44037685,hourglass,0.37085417,train,92.0,46.0,8.0,0.0,6.821305393117101,1.601973105378689,259.0,1.0,0.35888671875
-0.48819935,hexagonal,0.54205054,train,169.0,92.0,15.0,0.0,8.657735972024929,3.155227716354087,329.0,1.0,0.531494140625
-0.55877453,hourglass,0.58504057,train,165.0,96.0,3.0,0.0,8.112530326102467,2.3647367534666524,390.0,1.0,0.571044921875
-0.08008602,cross_rectangular,0.516252,train,312.0,175.0,5.0,0.0,5.962307275131389,2.726173881539294,530.0,1.0,0.522216796875
-0.5712947,hourglass,0.635527,val,177.0,105.0,2.0,0.0,8.570983789561947,2.686953360322392,405.0,1.0,0.620361328125
-0.58113164,hourglass,0.50594133,train,116.0,62.0,8.0,0.0,9.426318789714056,2.311981308122434,269.0,1.0,0.50390625
-0.4045203,hexagonal,0.5145,val,245.0,136.0,9.0,0.0,6.665524439660763,3.321332422472063,430.0,1.0,0.509765625
-0.2593271,grid_circular_voids,0.624694,test,141.0,80.0,8.0,0.0,7.615380032472602,2.788373850483352,407.0,1.0,0.56298828125
-0.2492339,reentrant_bowtie,0.531964,train,329.0,187.0,8.0,0.0,6.408641819571631,3.24309680996697,447.0,1.0,0.532470703125
-0.43889716,hourglass,0.5772351,train,154.0,90.0,4.0,0.0,8.08457409776771,2.5212761401471138,396.0,1.0,0.56494140625
-0.6479945,hexagonal,0.56072044,train,180.0,103.0,4.0,0.0,7.746172287861847,3.1117662824455636,408.0,1.0,0.555419921875
-0.7077618,hourglass,0.6785891,train,213.0,121.0,7.0,0.0,7.828373127857,3.1194884704688173,410.0,1.0,0.61083984375
-0.4755097,hourglass,0.39102507,train,102.0,52.0,8.0,0.0,7.517533270481272,1.895562556481358,263.0,1.0,0.38525390625
-0.35576314,hexagonal,0.5363571,train,198.0,109.0,4.0,0.0,8.004218554420332,2.722434939487073,384.0,1.0,0.531982421875
-0.08658052,reentrant_bowtie,0.564595,train,246.0,138.0,10.0,0.0,7.42443511779833,4.416001518870349,369.0,1.0,0.55859375
-0.6009007,hourglass,0.5583712,test,218.0,121.0,8.0,0.0,7.3389741432127265,3.1719424516300854,409.0,1.0,0.54345703125
-0.5056117,hourglass,0.53472817,train,187.0,105.0,8.0,0.0,7.5545233215282295,2.8637242386306814,368.0,1.0,0.5185546875
-0.09137771,square,0.521706,train,165.0,91.0,15.0,0.0,8.546285470319079,2.3413468306418004,311.0,1.0,0.525390625
-0.4409299,circle,0.543119,train,280.0,147.0,14.0,0.0,6.33983915661475,2.9147486781202754,412.0,1.0,0.538818359375
-0.5063727,hourglass,0.39709303,train,97.0,48.0,8.0,0.0,7.55015869163603,1.8908348428322976,262.0,1.0,0.388916015625
-0.52426404,hourglass,0.42580703,train,109.0,56.0,8.0,0.0,8.03155706847288,1.937429493064499,262.0,1.0,0.41162109375
-0.40103692,hourglass,0.3244412,train,78.0,37.0,8.0,0.0,6.641003436932078,1.2484437561199107,260.0,1.0,0.3154296875
-0.41097075,hourglass,0.60460293,train,175.0,101.0,2.0,0.0,8.582819172156464,2.6334796483100917,400.0,1.0,0.598876953125
-0.20178771,small_square_cross,0.636336,train,189.0,108.0,8.0,0.0,9.099962804977695,2.75692126043187,322.0,1.0,0.594482421875
-0.35752544,hexagonal,0.548812,val,251.0,140.0,14.0,0.0,6.193239512098145,2.5868129800206625,481.0,1.0,0.548095703125
-0.6134163,hourglass,0.5143744,train,164.0,85.0,10.0,0.0,8.556608646230474,2.5594300618472974,308.0,1.0,0.50732421875
-0.57370925,hourglass,0.5992139,train,169.0,97.0,5.0,0.0,8.293956850982545,2.5727030643464976,399.0,1.0,0.58251953125
-0.23657775,circle_half_quarter,0.463628,train,133.0,78.0,7.0,0.0,5.8602211425172435,1.7831598527717074,389.0,1.0,0.468017578125
-0.7206821,hourglass,0.6790629,train,214.0,121.0,7.0,0.0,8.68398395442624,3.089711542540777,380.0,1.0,0.62158203125
-0.157527,hourglass,0.301675,train,64.0,32.0,8.0,0.0,5.639420376752459,1.3534616541261089,252.0,1.0,0.29443359375
-0.5735603,hourglass,0.43243772,train,112.0,59.0,9.0,0.0,7.9537494805995435,1.845138441019847,270.0,1.0,0.422607421875
-0.6801986,hourglass,0.668547,train,154.0,91.0,3.0,0.0,8.569885062218924,2.3973047408197687,400.0,1.0,0.620849609375
-0.5538001,hourglass,0.6184602,train,172.0,99.0,2.0,0.0,8.583838975685492,2.7702557496205356,401.0,1.0,0.6083984375
-0.4883464,hexagonal,0.537206,train,335.0,184.0,16.0,0.0,5.435836503787736,2.52551494639992,599.0,1.0,0.54931640625
-0.54497313,hourglass,0.46539652,train,103.0,55.0,8.0,0.0,8.924066607458773,2.0919474924372685,263.0,1.0,0.459228515625
-0.48922196,hourglass,0.4004902,train,102.0,52.0,8.0,0.0,7.634207482203309,1.854051589729433,263.0,1.0,0.392578125
-0.5927485,hourglass,0.5635111,train,151.0,80.0,3.0,0.0,8.164649676897954,2.6034754353510157,389.0,1.0,0.552978515625
-0.5278881,hourglass,0.49664634,train,127.0,68.0,8.0,0.0,9.430073682044755,2.1363999269296037,263.0,1.0,0.49072265625
-0.50680655,hourglass,0.3964806,train,102.0,52.0,8.0,0.0,7.565766417564526,1.876068972244118,263.0,1.0,0.38671875
-0.5895282,hourglass,0.5481212,train,139.0,77.0,4.0,0.0,8.41762447638237,2.8676388851868033,326.0,1.0,0.538330078125
-0.35423386,circle_half_quarter,0.537986,train,358.0,210.0,6.0,0.0,5.152885229742969,1.9560552618663742,592.0,1.0,0.546630859375
-0.52260965,hourglass,0.4068988,train,105.0,52.0,8.0,0.0,7.707499522573342,1.9487216947607786,261.0,1.0,0.3955078125
-0.6531474,hourglass,0.574301,train,236.0,126.0,8.0,0.0,7.60442136355199,3.198298571697631,426.0,1.0,0.570068359375
-0.47213438,hexagonal,0.582663,train,306.0,177.0,10.0,0.0,7.024196741786356,3.5061821392937405,490.0,1.0,0.59423828125
-0.41348153,hourglass,0.57097524,train,167.0,89.0,4.0,0.0,8.341490733200686,2.6721075913557217,383.0,1.0,0.558349609375
-0.2495295,circle,0.536137,test,374.0,213.0,7.0,0.0,4.577767154533418,2.2408873172836365,623.0,1.0,0.541015625
-0.34092957,grid_circular_voids,0.57233,train,138.0,87.0,4.0,0.0,7.872752512924274,2.15904007672723,427.0,1.0,0.5849609375
-0.48913443,hourglass,0.3583716,train,84.0,42.0,8.0,0.0,6.854230032440309,1.6976825622714746,262.0,1.0,0.349365234375
-0.5420308,hourglass,0.41799718,train,112.0,58.0,8.0,0.0,7.973508861037025,1.885798581734752,263.0,1.0,0.407958984375
-0.37141955,hexagonal,0.530077,train,103.0,57.0,8.0,0.0,9.03276657095112,2.3383651562832757,272.0,1.0,0.529296875
-0.5764266,hourglass,0.58203363,train,182.0,103.0,5.0,0.0,8.307399093166666,2.5743393588680474,389.0,1.0,0.56982421875
-0.49636275,cross_rectangular,0.499364,test,354.0,189.0,14.0,0.0,5.737039378444236,2.569392842843966,487.0,1.0,0.50341796875
-0.5385906,hourglass,0.4874319,test,123.0,64.0,9.0,0.0,9.119969013650676,2.2925520320553554,270.0,1.0,0.48486328125
-0.50974053,hourglass,0.5409813,train,188.0,102.0,7.0,0.0,7.3723453084102335,3.1765751866939222,380.0,1.0,0.525146484375
-0.57672536,hourglass,0.44570795,train,118.0,59.0,8.0,0.0,8.489852392779214,1.9956344166106388,266.0,1.0,0.439208984375
-0.5029114,hourglass,0.4009877,train,97.0,48.0,8.0,0.0,7.523168936893551,1.9014914159614886,262.0,1.0,0.392822265625
-0.53606164,hourglass,0.47399366,train,127.0,70.0,10.0,0.0,8.98211235489577,2.305271691195639,271.0,1.0,0.467529296875
-0.54928935,hourglass,0.5926195,train,152.0,90.0,2.0,0.0,8.184636674002016,2.462370586717971,388.0,1.0,0.572265625
-0.70022535,hourglass,0.6770311,train,166.0,100.0,3.0,0.0,8.396362979014501,2.496581322242395,399.0,1.0,0.6171875
-0.033979915,reentrant_bowtie,0.5248424,train,169.0,95.0,6.0,0.0,9.363002827809026,7.214540391889355,253.0,1.0,0.523681640625
-0.5827047,hourglass,0.63533515,val,175.0,106.0,1.0,0.0,8.613801828645517,2.6124223554063,403.0,1.0,0.62109375
-0.041546218,reentrant_bowtie,0.548494,train,143.0,79.0,6.0,0.0,10.344476867820825,8.04908173013958,294.0,1.0,0.545654296875
-0.50252366,hourglass,0.37834927,train,96.0,48.0,8.0,0.0,7.053474667206887,1.5198794625262748,260.0,1.0,0.37255859375
-0.5676772,hourglass,0.58007467,train,165.0,98.0,2.0,0.0,8.246919038582453,2.606030587843263,391.0,1.0,0.569580078125
-0.20848592,square,0.541607,train,103.0,60.0,5.0,0.0,9.231197922763506,2.7126683941143805,265.0,1.0,0.544677734375
-0.63933545,hexagonal,0.529603,train,376.0,204.0,9.0,0.0,5.849740915599274,3.4103274904186636,506.0,1.0,0.525146484375
-0.36611423,four_circle,0.498909,train,525.0,299.0,16.0,0.0,4.148972265754729,1.6048373195463141,646.0,1.0,0.4931640625
-0.13490519,reentrant_bowtie,0.5213325,train,136.0,74.0,6.0,0.0,10.117865612010997,7.334880317839402,233.0,1.0,0.52099609375
-0.51319957,hourglass,0.5130016,train,155.0,83.0,10.0,0.0,8.650813470937303,2.514223742607601,304.0,1.0,0.51123046875
-0.2643834,circle_half_quarter,0.598298,train,284.0,155.0,15.0,0.0,8.185152361622286,3.5607873768248273,432.0,1.0,0.61181640625
-0.49395755,hourglass,0.46571073,train,103.0,55.0,8.0,0.0,8.989793381752804,2.0453887047193398,260.0,1.0,0.4599609375
-0.19625843,hourglass,0.30037737,train,48.0,26.0,8.0,0.0,5.9477873802574965,0.6926942177105704,250.0,1.0,0.292236328125
-0.31125602,hexagonal,0.57370293,train,125.0,76.0,4.0,0.0,8.185273414835468,2.5722115749719734,374.0,1.0,0.5703125
-0.3073011,square,0.630576,train,152.0,85.0,12.0,0.0,9.267931183818048,3.1639368012649594,337.0,1.0,0.61572265625
-0.4059755,hourglass,0.320942,train,79.0,39.0,8.0,0.0,6.600027515386693,1.2268960272882148,259.0,1.0,0.31396484375
-0.24611115,small_square_cross,0.666104,train,167.0,101.0,1.0,0.0,6.555533213383314,4.287901048221537,432.0,1.0,0.597900390625
-0.08523743,reentrant_bowtie,0.51107717,train,118.0,63.0,6.0,0.0,10.512275986738576,6.873200912816518,215.0,1.0,0.51513671875
-0.61391586,hexagonal,0.52276486,train,237.0,135.0,11.0,0.0,6.365898128746305,3.3120214693578776,427.0,1.0,0.5107421875
-0.6229048,hourglass,0.6646196,train,158.0,93.0,3.0,0.0,8.538989304323694,2.596579926983032,396.0,1.0,0.61572265625
-0.37823626,nine_circle,0.587633,val,239.0,139.0,8.0,0.0,6.614251727278449,2.8651721140593667,471.0,1.0,0.593505859375
-0.54782176,hourglass,0.490262,train,127.0,68.0,8.0,0.0,9.372314239398765,2.197482040626437,263.0,1.0,0.48779296875
-0.41841957,circle,0.559216,train,176.0,102.0,11.0,0.0,7.501908948609747,2.5682706121734817,359.0,1.0,0.56640625
-0.59994495,hourglass,0.4548522,train,128.0,69.0,9.0,0.0,8.680557444043881,2.2639643108832073,268.0,1.0,0.449462890625
-0.59776497,hourglass,0.6203755,train,185.0,107.0,5.0,0.0,8.290075695965955,2.5796598526074344,400.0,1.0,0.59326171875
-0.5680865,hourglass,0.501201,train,218.0,122.0,9.0,0.0,7.083315722116633,2.8037239895656945,409.0,1.0,0.5048828125
-0.5577214,hourglass,0.6188728,train,172.0,96.0,3.0,0.0,8.57349864960512,2.7299682947346824,401.0,1.0,0.60693359375
-0.6000914,hourglass,0.56193256,val,159.0,85.0,4.0,0.0,8.077473573563191,2.6936405552275917,391.0,1.0,0.550537109375
-0.5381693,hourglass,0.34791136,train,89.0,46.0,8.0,0.0,6.949900944287393,1.627712261672353,263.0,1.0,0.33837890625
-0.39462805,hourglass,0.62959903,train,152.0,88.0,6.0,0.0,8.421755051639176,2.4161665806950063,398.0,1.0,0.62158203125
-0.70095354,hourglass,0.5231,train,295.0,165.0,9.0,0.0,6.671712687861801,3.3346576225223097,467.0,1.0,0.521240234375
-0.3630375,circle_half_quarter,0.670538,train,224.0,128.0,16.0,0.0,7.089642796620245,3.020308872364236,449.0,1.0,0.596923828125
-0.5318324,hourglass,0.42270634,train,109.0,56.0,8.0,0.0,8.008875407494248,1.9485497183658937,262.0,1.0,0.41162109375
-0.5066807,hourglass,0.39805287,train,102.0,52.0,8.0,0.0,7.588580105777454,1.8690371550463887,263.0,1.0,0.388916015625
-0.5297392,hourglass,0.4719408,train,134.0,70.0,10.0,0.0,8.693606719523686,2.120014688513432,273.0,1.0,0.46533203125
-0.46737862,hourglass,0.38177934,val,92.0,46.0,8.0,0.0,7.016405458908948,1.5389964375034528,259.0,1.0,0.37255859375
-0.38664487,hourglass,0.60865074,train,180.0,105.0,4.0,0.0,8.32478968084887,2.7140666243301546,413.0,1.0,0.6025390625
-0.09852583,reentrant_bowtie,0.5019854,train,113.0,63.0,8.0,0.0,9.753622526903282,6.656447178797881,222.0,1.0,0.507080078125
-0.47679636,grid_circular_voids,0.542295,train,278.0,157.0,2.0,0.0,5.961938480797535,2.4348628047424454,505.0,1.0,0.544921875
-0.40429747,hourglass,0.31912443,val,73.0,35.0,8.0,0.0,6.548691749225968,1.207082774701717,257.0,1.0,0.3125
-0.5021256,hourglass,0.4564326,train,122.0,67.0,9.0,0.0,8.672862550116209,2.314541194977819,271.0,1.0,0.45068359375
-0.5794555,hourglass,0.41085714,train,107.0,54.0,8.0,0.0,7.63901490174562,1.868897957402479,262.0,1.0,0.40185546875
-0.48408663,hourglass,0.4672811,train,115.0,61.0,8.0,0.0,9.090882192583727,2.011933440670833,263.0,1.0,0.4609375
-0.50542974,hexagonal,0.529043,train,236.0,133.0,10.0,0.0,6.40709282347246,2.473621718968073,448.0,1.0,0.53759765625
-0.5454605,hourglass,0.5925162,test,148.0,86.0,4.0,0.0,8.203810275822166,2.415460176179151,387.0,1.0,0.572509765625
-0.45155543,hexagonal,0.54553,train,276.0,157.0,12.0,0.0,5.592438160686859,2.3710701849450175,526.0,1.0,0.5419921875
-0.41860193,grid_circular_voids,0.574237,train,194.0,109.0,12.0,0.0,7.093979305921086,2.351633295562935,413.0,1.0,0.57763671875
-0.21415341,hexagonal,0.5648,train,129.0,71.0,10.0,0.0,9.995157082567461,4.500135649034791,285.0,1.0,0.5634765625
-0.2528685,circle,0.597259,train,262.0,143.0,10.0,0.0,7.927250849536532,2.981616550145983,402.0,1.0,0.601806640625
-0.28666413,four_circle,0.556321,train,296.0,172.0,4.0,0.0,6.663631371432466,3.286462569811118,498.0,1.0,0.5712890625
-0.34530532,hexagonal,0.50970423,train,195.0,110.0,7.0,0.0,6.748365330029783,2.5127543263301444,412.0,1.0,0.512939453125
-0.5736804,hourglass,0.59929377,train,182.0,105.0,6.0,0.0,8.380444758299689,2.5867397581055926,403.0,1.0,0.58251953125
-0.5713181,hourglass,0.44685727,train,118.0,59.0,8.0,0.0,8.502076873513243,1.9810165735264895,267.0,1.0,0.44140625
-0.67120653,hourglass,0.6824189,train,209.0,117.0,6.0,0.0,9.205975388362386,3.2397405433476125,366.0,1.0,0.635986328125
-0.35086587,nine_circle,0.504127,train,116.0,71.0,4.0,0.0,6.788101656417192,1.5375539715763626,434.0,1.0,0.51171875
-0.6652853,hexagonal,0.539654,train,223.0,130.0,7.0,0.0,6.277722759433039,3.543486792780761,472.0,1.0,0.532958984375
-0.22888307,hexagonal,0.54092157,train,333.0,192.0,18.0,0.0,5.69618872386756,2.342129319791496,501.0,1.0,0.531005859375
-0.4212695,hourglass,0.35882795,train,84.0,42.0,8.0,0.0,6.853457596917196,1.7142099970023683,262.0,1.0,0.35009765625
-0.47232008,circle,0.589699,train,285.0,162.0,11.0,0.0,5.991975020622711,1.5457281925596629,546.0,1.0,0.609619140625
-0.6613566,hourglass,0.544203,train,199.0,110.0,7.0,0.0,7.101314007501697,2.5493478417835767,388.0,1.0,0.540771484375
-0.15727563,reentrant_bowtie,0.50206155,train,78.0,44.0,8.0,0.0,8.727209475461768,2.987043512344386,254.0,1.0,0.501708984375
-0.7363794,hourglass,0.574539,train,217.0,126.0,7.0,0.0,7.7232869693600925,3.25616643640903,421.0,1.0,0.570556640625
-0.06175812,reentrant_bowtie,0.5048862,test,103.0,60.0,4.0,0.0,9.199956115545252,3.627299091626123,285.0,1.0,0.513671875
-0.05887264,reentrant_bowtie,0.5362509,val,180.0,103.0,8.0,0.0,8.514059159438675,5.911450239184087,389.0,1.0,0.5390625
-0.3414006,circle,0.553394,train,344.0,195.0,13.0,0.0,6.018640368566035,2.7151140680507515,485.0,1.0,0.557861328125
-0.5564031,hourglass,0.46353745,train,115.0,61.0,8.0,0.0,8.94324835996089,2.106233420069594,268.0,1.0,0.459228515625
-0.017142454,square,0.497776,train,116.0,64.0,3.0,0.0,8.180700623361728,2.335897900395028,284.0,1.0,0.489013671875
-0.52805316,hourglass,0.49576998,train,121.0,65.0,8.0,0.0,9.462923960048691,2.110229875235488,262.0,1.0,0.49072265625
-0.40580267,hourglass,0.3259627,train,78.0,37.0,8.0,0.0,6.622128488947099,1.2315214350980586,260.0,1.0,0.318603515625
-0.0924996,reentrant_bowtie,0.5243555,train,211.0,118.0,7.0,0.0,9.103493694385627,7.094436958696184,259.0,1.0,0.523193359375
-0.16679002,hexagonal,0.528786,train,217.0,128.0,13.0,0.0,6.4363425466262365,3.8094204897810253,453.0,1.0,0.52783203125
-0.59134203,hexagonal,0.5293448,train,144.0,77.0,8.0,0.0,7.749579992435122,2.741430012288807,364.0,1.0,0.528564453125
-0.30094296,circle,0.517058,train,115.0,67.0,12.0,0.0,8.555869553631902,2.176347885938411,297.0,1.0,0.5263671875
-0.44969583,hourglass,0.577816,train,226.0,124.0,8.0,0.0,7.741561773435744,3.055946587126898,425.0,1.0,0.568359375
-0.5476804,hourglass,0.37085417,train,96.0,48.0,8.0,0.0,6.846774591856825,1.5879791208651977,260.0,1.0,0.35888671875
-0.452778,hourglass,0.5049075,train,122.0,66.0,8.0,0.0,9.539095668410054,2.171282130322297,261.0,1.0,0.505615234375
-0.46606168,hourglass,0.67914265,train,211.0,121.0,6.0,0.0,8.611883640149708,3.122627753009592,378.0,1.0,0.62158203125
-0.37202886,circle,0.538071,train,223.0,124.0,20.0,0.0,6.350992994107725,2.591266436407247,442.0,1.0,0.54248046875
-0.529759,hourglass,0.47199702,train,122.0,63.0,10.0,0.0,8.684258629171456,2.127062011884426,270.0,1.0,0.46533203125
-0.4205023,hourglass,0.36354107,train,92.0,46.0,8.0,0.0,6.855512496498117,1.6793243369105226,264.0,1.0,0.354736328125
-0.371917,nine_circle,0.591922,train,220.0,126.0,8.0,0.0,7.179177083647289,2.635325366427127,449.0,1.0,0.60009765625
-0.5042865,hexagonal,0.5164,train,195.0,115.0,8.0,0.0,5.645738410721074,2.1291618316607592,520.0,1.0,0.51416015625
-0.340307,hourglass,0.30742222,train,58.0,30.0,8.0,0.0,6.0018622504683234,1.263458178652884,257.0,1.0,0.301513671875
-0.43693265,hourglass,0.541637,train,243.0,133.0,7.0,0.0,7.0977526595114595,2.9654126003442367,425.0,1.0,0.542236328125
-0.35723743,hexagonal,0.502494,train,266.0,148.0,8.0,0.0,6.145307794304312,2.9753110869083836,486.0,1.0,0.5087890625
-0.3162116,hexagonal,0.52262974,train,137.0,74.0,11.0,0.0,8.116089672995273,2.8568622140036335,307.0,1.0,0.521484375
-0.51241,hourglass,0.4770356,train,121.0,65.0,8.0,0.0,9.20623396372504,2.3621661025130876,269.0,1.0,0.474365234375
-0.7270409,hourglass,0.6760921,train,165.0,97.0,3.0,0.0,8.4593354487265,2.4990258202364575,401.0,1.0,0.6171875
-0.63899857,hourglass,0.555249,train,305.0,175.0,8.0,0.0,6.689795509832021,3.3411529003171947,480.0,1.0,0.54443359375
-0.4320086,grid_circular_voids,0.575524,train,145.0,89.0,0.0,0.0,7.366433790937048,1.7922508950632223,447.0,1.0,0.57763671875
-0.5122059,hourglass,0.5353475,train,177.0,99.0,9.0,0.0,7.3356470619156715,2.973385897822262,383.0,1.0,0.513427734375
-0.5867063,hourglass,0.55877066,train,211.0,114.0,9.0,0.0,7.387115723669491,3.1621353289716962,401.0,1.0,0.54248046875
-0.4892364,hourglass,0.3512993,train,80.0,42.0,8.0,0.0,6.772282817469373,1.6064339029831027,261.0,1.0,0.34326171875
-0.34832683,hexagonal,0.50156826,train,218.0,124.0,10.0,0.0,6.210359963078214,3.3494579774228757,414.0,1.0,0.49169921875
-0.41119853,hourglass,0.507677,train,270.0,149.0,8.0,0.0,6.821111193774325,2.988162739081408,427.0,1.0,0.50732421875
-0.18899502,reentrant_bowtie,0.555114,train,151.0,83.0,8.0,0.0,11.118771257196011,8.579601794461437,262.0,1.0,0.55322265625
-0.57772756,hourglass,0.55939907,val,153.0,86.0,4.0,0.0,8.068038598356473,2.7538475361488692,390.0,1.0,0.5498046875
-0.39212847,hourglass,0.6193814,train,174.0,99.0,2.0,0.0,8.364096670089248,2.4416152201671095,398.0,1.0,0.6005859375
-0.42266265,small_square_cross,0.510539,train,328.0,186.0,15.0,0.0,5.351009928319405,2.48506455967233,497.0,1.0,0.516357421875
-0.4341301,hourglass,0.4354344,train,106.0,57.0,8.0,0.0,8.269850528362467,1.6679286650353147,261.0,1.0,0.42919921875
-0.09770603,reentrant_bowtie,0.5257149,train,208.0,119.0,6.0,0.0,9.120170754221107,7.108298795804742,258.0,1.0,0.524169921875
-0.4672063,hourglass,0.6802498,train,225.0,127.0,7.0,0.0,9.124773369997587,3.0891517884801045,368.0,1.0,0.63134765625
-0.38484156,grid_circular_voids,0.579802,train,219.0,130.0,7.0,0.0,6.731146585931701,3.0971113217210813,462.0,1.0,0.584228515625
-0.32922393,four_circle,0.569048,train,570.0,306.0,31.0,0.0,4.454771973289535,1.7513122445988818,728.0,1.0,0.57275390625
-0.44211835,grid_circular_voids,0.518547,test,139.0,82.0,4.0,0.0,6.517525796009343,1.8032158018613578,444.0,1.0,0.520263671875
-0.56110835,hourglass,0.54328,test,170.0,94.0,6.0,0.0,8.080999525533864,2.700976259665751,368.0,1.0,0.53857421875
-0.3425196,hourglass,0.30917937,train,54.0,30.0,8.0,0.0,6.234198603121893,1.1899654519493543,256.0,1.0,0.304443359375
-0.42329672,hourglass,0.3313189,train,72.0,37.0,8.0,0.0,6.510228398680893,1.4033590483068665,261.0,1.0,0.321044921875
-0.03369524,reentrant_bowtie,0.52489907,train,217.0,122.0,6.0,0.0,9.323548794045601,7.280869489735429,265.0,1.0,0.523193359375
-0.56544876,hourglass,0.615573,train,177.0,100.0,2.0,0.0,8.644316125707842,2.802934869046671,403.0,1.0,0.60888671875
-0.6009384,hourglass,0.564233,train,199.0,108.0,9.0,0.0,7.672390475118178,2.974921921315751,394.0,1.0,0.555908203125
-0.32599035,hexagonal,0.539654,train,223.0,130.0,7.0,0.0,6.277722759433039,3.543486792780761,472.0,1.0,0.532958984375
-0.52902836,hourglass,0.34864914,train,90.0,45.0,8.0,0.0,6.876026868241582,1.5762338222335368,263.0,1.0,0.33837890625
-0.46071023,hourglass,0.3832736,train,96.0,48.0,8.0,0.0,7.053474667206887,1.5198794625262748,260.0,1.0,0.37255859375
-0.3992248,small_square_cross,0.576005,train,176.0,96.0,14.0,0.0,8.199600585451037,2.7698962643136746,329.0,1.0,0.578125
-0.37693527,square,0.534718,train,331.0,186.0,21.0,0.0,4.3236345127025935,1.376803752928117,604.0,1.0,0.526611328125
-0.5884089,hourglass,0.46076807,train,127.0,69.0,8.0,0.0,8.822490840283312,2.210168537509106,269.0,1.0,0.455078125
-0.5032837,hexagonal,0.5543453,train,142.0,76.0,8.0,0.0,10.368231877428654,2.9795888229844882,275.0,1.0,0.55078125
-0.062060874,circle,0.573118,train,140.0,85.0,5.0,0.0,9.394455092141332,2.6285350837915296,297.0,1.0,0.585693359375
-0.53814447,hourglass,0.49238914,train,127.0,68.0,8.0,0.0,9.430073682044755,2.136399926929604,263.0,1.0,0.49072265625
-0.6033197,hexagonal,0.564265,train,209.0,117.0,8.0,0.0,7.547579062592605,2.5856009640305646,390.0,1.0,0.570556640625
-0.5269339,hourglass,0.47125977,test,112.0,57.0,8.0,0.0,8.878181138871366,1.8581466103873752,262.0,1.0,0.461669921875
-0.48102608,hexagonal,0.55007124,train,152.0,81.0,8.0,0.0,8.853747150167084,3.0616435783592197,320.0,1.0,0.54833984375
-0.45919657,hourglass,0.33571437,train,77.0,40.0,8.0,0.0,6.585668006627729,1.2222281993739221,259.0,1.0,0.324462890625
-0.03321613,reentrant_bowtie,0.54867065,val,136.0,79.0,6.0,0.0,10.085445943243199,8.27872582301648,284.0,1.0,0.54443359375
-0.59406877,hourglass,0.64854234,test,171.0,99.0,6.0,0.0,8.424415465188595,2.587171746624792,411.0,1.0,0.61376953125
-0.044866383,reentrant_bowtie,0.562622,train,182.0,106.0,4.0,0.0,9.368663705641005,8.477770037872542,315.0,1.0,0.561279296875
-0.15801388,small_square_cross,0.525856,train,156.0,87.0,11.0,0.0,7.784356903965734,3.048909818893388,315.0,1.0,0.532470703125
-0.56851447,hourglass,0.62779826,train,170.0,94.0,8.0,0.0,9.658548069143576,2.6896446468776687,322.0,1.0,0.61767578125
-0.59714526,hourglass,0.541863,train,221.0,123.0,6.0,0.0,7.279878356355481,3.0948655817981168,421.0,1.0,0.5400390625
-0.5311614,hourglass,0.49854574,train,127.0,68.0,8.0,0.0,9.595524644235478,2.093365846221857,263.0,1.0,0.492919921875
-0.41102096,hourglass,0.3114074,train,68.0,36.0,8.0,0.0,6.289090813725343,0.7958537857819216,258.0,1.0,0.303955078125
-0.4000858,hexagonal,0.5370379,val,288.0,168.0,6.0,0.0,6.421927960214955,3.6198563907245465,447.0,1.0,0.52880859375
-0.323542,cross_rectangular,0.590522,train,197.0,114.0,8.0,0.0,7.308190721900442,3.0348193672949493,455.0,1.0,0.59765625
-0.38053465,nine_circle,0.526912,train,196.0,109.0,8.0,0.0,6.144795316137895,2.0113209816926845,459.0,1.0,0.527099609375
-0.44009176,grid_circular_voids,0.646768,train,205.0,117.0,10.0,0.0,7.418402027824958,2.981757574408666,471.0,1.0,0.65087890625
-0.40172267,hourglass,0.3133573,train,58.0,29.0,8.0,0.0,6.32648258035506,0.8626967088405801,255.0,1.0,0.3056640625
-0.3234859,cross_rectangular,0.582846,train,544.0,301.0,12.0,0.0,4.3970894929593,2.3648585860395244,794.0,1.0,0.5869140625
-0.5421491,hourglass,0.41392016,train,108.0,54.0,8.0,0.0,7.647353533851114,1.863379296218925,262.0,1.0,0.40283203125
-0.384803,hexagonal,0.53403944,train,133.0,79.0,4.0,0.0,7.597269433490956,2.436490032373426,371.0,1.0,0.527099609375
-0.38603446,nine_circle,0.677838,train,100.0,60.0,0.0,0.0,8.787538300993416,2.915934312141002,434.0,1.0,0.662109375
-0.19494084,circle_half_quarter,0.522364,train,274.0,155.0,8.0,0.0,5.219842196233806,2.268927785037871,537.0,1.0,0.536865234375
-0.5058892,hexagonal,0.512097,train,165.0,91.0,16.0,0.0,6.602863791020154,2.447048904924775,396.0,1.0,0.515869140625
-0.01428119,reentrant_bowtie,0.5141732,train,114.0,61.0,7.0,0.0,10.56403399052976,6.99709406695491,215.0,1.0,0.52294921875
-0.23276368,hexagonal,0.505048,train,195.0,115.0,8.0,0.0,6.899053563230625,2.8939403790662825,426.0,1.0,0.512451171875
-0.54796886,hourglass,0.47937822,train,111.0,61.0,8.0,0.0,9.325557825528508,2.1351523264824377,261.0,1.0,0.476806640625
-0.5576918,hourglass,0.61888665,train,178.0,100.0,2.0,0.0,8.502363964541951,2.7495783457280036,401.0,1.0,0.606689453125
-0.052861173,reentrant_bowtie,0.5159318,train,107.0,57.0,6.0,0.0,10.148974857864362,7.0367724474573,224.0,1.0,0.516357421875
-0.23464668,circle_half_quarter,0.49482,train,329.0,182.0,8.0,0.0,4.6028245083886885,1.9861009251468313,559.0,1.0,0.490966796875
-0.4897934,square,0.573126,train,371.0,205.0,24.0,0.0,5.250737902188795,2.495821412535434,638.0,1.0,0.577392578125
-0.53578323,hourglass,0.46907464,train,103.0,55.0,8.0,0.0,9.024623105175886,2.0462030789476366,260.0,1.0,0.4609375
-0.45119324,small_square_cross,0.56975,train,348.0,190.0,24.0,0.0,5.871358866011566,2.854489938402807,496.0,1.0,0.569091796875
-0.6554903,hourglass,0.6958348,train,148.0,85.0,12.0,0.0,9.889702427914786,3.15558557379227,305.0,1.0,0.623291015625
-0.5160938,hourglass,0.513029,train,169.0,96.0,6.0,0.0,7.603954172350053,2.169245537566642,369.0,1.0,0.5078125
-0.5842706,hourglass,0.45423904,train,136.0,70.0,9.0,0.0,8.473263836217154,2.0924496209945045,275.0,1.0,0.44873046875
-0.61875474,hexagonal,0.5145654,train,127.0,72.0,11.0,0.0,7.898092729599773,2.9010769964786474,309.0,1.0,0.511474609375
-0.30201128,nine_circle,0.641607,train,407.0,243.0,4.0,0.0,6.308149393848488,2.847526020497363,607.0,1.0,0.6474609375
-0.41416603,hourglass,0.36888734,train,84.0,42.0,8.0,0.0,6.91993243609658,1.7364614705305363,262.0,1.0,0.3583984375
-0.06562835,reentrant_bowtie,0.551197,train,156.0,87.0,7.0,0.0,10.996333417164825,7.936519620478263,260.0,1.0,0.551513671875
-0.31888703,hexagonal,0.5269011,train,166.0,97.0,7.0,0.0,7.268497600205953,3.011650965317728,364.0,1.0,0.52392578125
-0.39530995,grid_circular_voids,0.532296,train,169.0,102.0,6.0,0.0,6.584692617647128,2.3852551600871683,462.0,1.0,0.55078125
-0.2868094,circle_half_quarter,0.590707,train,300.0,173.0,10.0,0.0,5.946001535859084,2.0376968844026506,560.0,1.0,0.61083984375
-0.4222441,cross_rectangular,0.51258,train,417.0,240.0,25.0,0.0,3.9527899291669897,1.651676530832283,658.0,1.0,0.4912109375
-0.1934339,circle_half_quarter,0.555765,train,273.0,166.0,6.0,0.0,6.376654650726695,2.30424131377352,487.0,1.0,0.57177734375
-0.5927016,hourglass,0.6208788,train,178.0,98.0,4.0,0.0,8.38468437972794,2.4057738782150677,397.0,1.0,0.594970703125
-0.38817078,small_square_cross,0.540477,train,381.0,215.0,21.0,0.0,4.454811529625671,1.760327700854639,644.0,1.0,0.54150390625
-0.43952668,cross_rectangular,0.577964,train,444.0,253.0,18.0,0.0,4.1468412201396925,2.0050443237772018,582.0,1.0,0.479248046875
-0.32728386,circle_half_quarter,0.601048,train,187.0,105.0,15.0,0.0,8.514468448472355,4.505272226360974,378.0,1.0,0.60009765625
-0.36036938,small_square_cross,0.543976,train,499.0,266.0,18.0,0.0,4.736040347292237,1.9458001040796178,592.0,1.0,0.55029296875
-0.32630864,four_circle,0.59621,train,743.0,418.0,8.0,0.0,4.420910871209731,2.023574418498396,865.0,1.0,0.6181640625
-0.56810343,hourglass,0.41648933,train,112.0,58.0,8.0,0.0,7.757293261762902,2.1150550476953227,265.0,1.0,0.402099609375
-0.12940994,square,0.510819,train,220.0,132.0,3.0,0.0,5.908332539579529,2.7269352559485576,534.0,1.0,0.5146484375
-0.42183077,hourglass,0.35820618,train,84.0,42.0,8.0,0.0,6.865713713523792,1.7141502506472257,262.0,1.0,0.349365234375
-0.6157816,hourglass,0.546169,val,284.0,158.0,10.0,0.0,6.930256923935816,3.237707480698574,446.0,1.0,0.537109375
-0.42126277,hourglass,0.536484,train,249.0,140.0,8.0,0.0,7.108482278531499,3.2107071705411676,429.0,1.0,0.536376953125
-0.57535607,hourglass,0.45273563,val,116.0,59.0,8.0,0.0,8.590955602190418,1.9886880945572303,266.0,1.0,0.447998046875
-0.6712319,hourglass,0.69869053,train,136.0,75.0,9.0,0.0,10.492822087675773,2.7587917620231455,283.0,1.0,0.61962890625
-0.65699756,hourglass,0.68788946,train,143.0,82.0,11.0,0.0,9.688343746558068,2.9075337414852083,321.0,1.0,0.6083984375
-0.46538258,hourglass,0.39498755,train,102.0,52.0,8.0,0.0,7.547951521431843,1.886994229389616,263.0,1.0,0.38671875
-0.0525448,reentrant_bowtie,0.5396941,train,189.0,112.0,6.0,0.0,7.439327423483891,4.156038255935569,357.0,1.0,0.52978515625
-0.16329022,reentrant_bowtie,0.5032047,train,123.0,70.0,4.0,0.0,8.985778269364806,3.6758460600429195,289.0,1.0,0.51220703125
-1.3989482,reentrant_bowtie,0.584099,train,137.0,78.0,4.0,0.0,10.62232397766904,8.364147331686874,275.0,1.0,0.576171875
-0.67765445,hourglass,0.67361754,test,162.0,98.0,3.0,0.0,8.531292366721647,2.359953846950092,386.0,1.0,0.620361328125
-0.19783331,hourglass,0.30009812,train,48.0,26.0,8.0,0.0,5.933958125048845,0.6724142846242995,250.0,1.0,0.291748046875
-0.58062226,hourglass,0.43408927,train,98.0,52.0,8.0,0.0,8.125051326336287,1.7768753805897894,259.0,1.0,0.42919921875
-0.6574974,hourglass,0.68741494,train,130.0,75.0,10.0,0.0,10.114385661443439,2.5199305842055413,295.0,1.0,0.614013671875
-0.47793582,grid_circular_voids,0.554677,train,333.0,187.0,7.0,0.0,5.139340690408116,2.205191733046769,613.0,1.0,0.55322265625
-0.08538407,reentrant_bowtie,0.56024,train,191.0,110.0,7.0,0.0,7.578986314416443,4.111646034443497,375.0,1.0,0.560791015625
-0.7646966,hexagonal,0.560263,train,92.0,52.0,5.0,0.0,9.401729452866363,3.7063136485792856,263.0,1.0,0.561767578125
-0.587939,hourglass,0.6390471,train,171.0,100.0,5.0,0.0,8.36801446676934,2.5114207387946843,411.0,1.0,0.61328125
-0.3013124,hexagonal,0.5658899,train,179.0,108.0,5.0,0.0,7.515158164647606,2.433597698949115,370.0,1.0,0.55908203125
-0.32530257,grid_circular_voids,0.600712,train,402.0,226.0,9.0,0.0,5.864942998450819,2.8372882861902777,603.0,1.0,0.603271484375
-0.6487076,hexagonal,0.55588925,train,151.0,80.0,8.0,0.0,10.088359680203038,2.8985288597992196,272.0,1.0,0.541259765625
-0.5735032,hourglass,0.4325619,train,112.0,59.0,9.0,0.0,7.9537494805995435,1.845138441019847,270.0,1.0,0.422607421875
-0.58750564,hourglass,0.46091786,val,121.0,67.0,8.0,0.0,8.797654719215952,2.2145658139887354,264.0,1.0,0.455078125
-0.30641904,grid_circular_voids,0.545777,train,134.0,82.0,5.0,0.0,7.456908238777465,2.0366821108907587,422.0,1.0,0.558349609375
-0.30223382,reentrant_bowtie,0.527225,val,141.0,74.0,8.0,0.0,7.790946266380708,2.4930394343947992,291.0,1.0,0.513427734375
-0.16213724,hexagonal,0.50257474,train,110.0,60.0,8.0,0.0,8.69428236291845,2.7041138976794175,288.0,1.0,0.50244140625
-0.6654265,hourglass,0.6902441,train,142.0,81.0,11.0,0.0,9.750314330719707,2.8506593326940437,313.0,1.0,0.614013671875
-0.38509876,hourglass,0.571186,train,128.0,69.0,4.0,0.0,8.522415888628794,2.7027332357807516,377.0,1.0,0.56787109375
-0.5738224,hourglass,0.44099241,train,115.0,59.0,8.0,0.0,8.434839218661741,1.889568333615178,265.0,1.0,0.4326171875
-0.0585616,reentrant_bowtie,0.5089631,train,129.0,68.0,7.0,0.0,10.237902339423023,6.876885223609748,226.0,1.0,0.518798828125
-0.25892177,hexagonal,0.56850994,val,145.0,88.0,4.0,0.0,8.361813702623659,2.604607881647518,358.0,1.0,0.56494140625
-0.38369215,grid_circular_voids,0.526588,val,174.0,103.0,2.0,0.0,7.116601224538337,2.435427395454094,388.0,1.0,0.534912109375
-0.3861038,hourglass,0.6424908,train,167.0,96.0,6.0,0.0,8.42558748574818,2.6873446371866825,405.0,1.0,0.6162109375
-0.3674765,hourglass,0.6314121,train,185.0,107.0,6.0,0.0,8.532092450394394,2.6892322039002847,420.0,1.0,0.621337890625
-0.43276346,cross_rectangular,0.636812,train,572.0,322.0,11.0,0.0,4.965074295862216,2.8220265335356607,747.0,1.0,0.646728515625
-0.58693093,hourglass,0.6362812,train,180.0,106.0,4.0,0.0,8.629435591559092,2.5657048487955825,400.0,1.0,0.617919921875
-0.53548604,hexagonal,0.51019907,train,188.0,109.0,5.0,0.0,7.129700263614909,2.4082094835046193,405.0,1.0,0.518798828125
-0.39643726,four_circle,0.526764,train,409.0,229.0,16.0,0.0,4.809633695254607,1.6226339571359991,580.0,1.0,0.529052734375
-0.45672277,hourglass,0.4304882,train,112.0,58.0,8.0,0.0,8.174444173216198,1.911526656127229,265.0,1.0,0.417236328125
-0.51050884,hourglass,0.3777929,train,96.0,48.0,8.0,0.0,6.929780140009546,1.5838087767885047,264.0,1.0,0.36962890625
-0.5794514,hourglass,0.43445176,train,98.0,52.0,8.0,0.0,8.125051326336287,1.7768753805897894,259.0,1.0,0.42919921875
-0.56700206,hourglass,0.62850004,train,163.0,91.0,6.0,0.0,9.622134590190146,2.8218455897918426,321.0,1.0,0.617431640625
-0.2199061,hourglass,0.301675,train,64.0,32.0,8.0,0.0,5.63942037675246,1.3534616541261089,252.0,1.0,0.29443359375
-0.11966535,small_square_cross,0.521698,train,235.0,140.0,5.0,0.0,6.3253096138944525,2.6666927771271904,505.0,1.0,0.50927734375
-0.5392587,hourglass,0.51265,train,177.0,96.0,5.0,0.0,7.7947240046255395,2.5182282267836946,373.0,1.0,0.510009765625
-0.42242646,hourglass,0.35996372,train,88.0,44.0,8.0,0.0,6.867060701045278,1.701972169961375,263.0,1.0,0.3525390625
-0.45163262,hourglass,0.511152,train,158.0,89.0,5.0,0.0,7.654472529243211,2.6205906470251135,373.0,1.0,0.507080078125
-0.2684671,hexagonal,0.51514,val,211.0,123.0,11.0,0.0,6.02305892599531,2.3288220054798776,461.0,1.0,0.51708984375
-0.49955484,hexagonal,0.5400816,train,138.0,75.0,9.0,0.0,9.721765225581347,2.6932701788609124,274.0,1.0,0.531005859375
-0.5289966,hourglass,0.3488153,train,90.0,45.0,8.0,0.0,6.876026868241582,1.5762338222335368,263.0,1.0,0.33837890625
-0.54079294,hourglass,0.34439924,train,83.0,44.0,8.0,0.0,6.87020501148241,1.5669893152140775,261.0,1.0,0.334228515625
-0.24027862,hexagonal,0.5450722,train,310.0,173.0,13.0,0.0,6.573332714812167,3.345075052801606,452.0,1.0,0.54541015625
-0.5937091,hourglass,0.5909414,train,181.0,107.0,4.0,0.0,8.314200057459981,2.4612916319955715,397.0,1.0,0.577392578125
-0.38275316,four_circle,0.563927,train,387.0,208.0,14.0,0.0,5.417506495543939,2.6900777848010113,553.0,1.0,0.56787109375
-0.38827804,hourglass,0.501788,train,236.0,133.0,5.0,0.0,6.882810733911128,2.8532791863824807,420.0,1.0,0.503662109375
-0.59206814,hourglass,0.6452108,train,177.0,103.0,7.0,0.0,8.313510794885003,2.6332645048781056,412.0,1.0,0.6181640625
-0.48184466,hourglass,0.47042418,train,103.0,55.0,8.0,0.0,9.038515499709138,2.041268238878991,260.0,1.0,0.464599609375
-0.27975127,reentrant_bowtie,0.511708,train,325.0,179.0,7.0,0.0,6.346349512066971,3.598915715514915,381.0,1.0,0.51611328125
-0.5312146,hourglass,0.6022727,train,176.0,100.0,5.0,0.0,8.335639828218248,2.6224241941801956,400.0,1.0,0.591552734375
-1.6271887,reentrant_bowtie,0.552934,train,229.0,130.0,4.0,0.0,7.072047206046916,3.463496809756408,414.0,1.0,0.56103515625
-0.3393904,grid_circular_voids,0.654917,train,315.0,187.0,0.0,0.0,7.0419113577142625,3.336002475730695,591.0,1.0,0.6572265625
-0.5713876,hourglass,0.5301437,train,198.0,104.0,7.0,0.0,7.765682967246404,3.007576998776663,370.0,1.0,0.51806640625
-0.6412618,hourglass,0.519929,train,143.0,75.0,4.0,0.0,8.044568292183522,2.608707910000265,367.0,1.0,0.515869140625
-0.6733332,hourglass,0.552683,train,455.0,258.0,9.0,0.0,6.199460322311524,3.3184632594388783,523.0,1.0,0.54833984375
-0.39495787,grid_circular_voids,0.507984,train,195.0,118.0,5.0,0.0,6.488632141253688,2.2160219701462376,458.0,1.0,0.52197265625
-0.18633148,reentrant_bowtie,0.582865,train,227.0,130.0,7.0,0.0,8.256326359412352,4.707628474579557,359.0,1.0,0.58642578125
-0.40960124,hourglass,0.504889,train,222.0,118.0,7.0,0.0,6.538892705088319,3.1665747925531393,408.0,1.0,0.500244140625
-0.24683005,square,0.485677,test,112.0,65.0,8.0,0.0,7.645111763287212,2.328783774587711,310.0,1.0,0.491943359375
-0.38171244,circle_half_quarter,0.502144,train,84.0,45.0,8.0,0.0,8.952640587768824,2.8302343553554485,250.0,1.0,0.50732421875
-0.6659493,hourglass,0.6652982,train,156.0,93.0,3.0,0.0,8.62758236071067,2.5272272843966177,399.0,1.0,0.616943359375
-0.49179715,hexagonal,0.55597705,test,137.0,75.0,7.0,0.0,9.83153338103235,2.6474178766767626,277.0,1.0,0.54541015625
-0.034836635,reentrant_bowtie,0.546976,test,234.0,134.0,4.0,0.0,8.48462956694648,7.521637440086093,383.0,1.0,0.550048828125
-0.5113777,hourglass,0.5402387,train,156.0,83.0,7.0,0.0,7.225592912026821,3.2837119505561723,373.0,1.0,0.522705078125
-0.4730491,cross_rectangular,0.509718,train,158.0,86.0,12.0,0.0,7.048269863459359,2.3329455557098453,323.0,1.0,0.512939453125
-0.6808723,hourglass,0.66884816,train,148.0,88.0,3.0,0.0,8.436993979507319,2.4562599601359976,398.0,1.0,0.619384765625
-0.52952355,hourglass,0.5166566,train,164.0,89.0,10.0,0.0,9.113046518312474,2.4152643822554416,286.0,1.0,0.505615234375
-0.40682936,hourglass,0.3169338,train,68.0,36.0,8.0,0.0,6.43826122367221,1.0345014228936238,257.0,1.0,0.3095703125
-0.5880831,hourglass,0.5812288,train,181.0,105.0,6.0,0.0,8.313081756152213,2.589622215327923,386.0,1.0,0.5712890625
-0.51997423,grid_circular_voids,0.523413,train,301.0,170.0,6.0,0.0,5.539101119985899,2.2206445029264397,496.0,1.0,0.525634765625
-0.5753827,hourglass,0.58349293,train,160.0,92.0,6.0,0.0,8.309666827682706,2.5277738773969887,393.0,1.0,0.57177734375
-0.5212268,hourglass,0.48955315,train,131.0,69.0,8.0,0.0,9.357199475170301,2.270449117243956,264.0,1.0,0.485595703125
-0.5299097,hourglass,0.47246587,val,134.0,70.0,10.0,0.0,8.693606719523686,2.120014688513432,273.0,1.0,0.46533203125
-0.5469761,hourglass,0.5674187,train,167.0,93.0,3.0,0.0,8.061872554307703,2.497316692959795,395.0,1.0,0.556640625
-0.34331393,hexagonal,0.517874,train,216.0,120.0,12.0,0.0,7.2276833416925665,2.7364835470580213,382.0,1.0,0.524169921875
-0.4773536,hourglass,0.35162136,train,80.0,41.0,8.0,0.0,6.582526191029379,1.3770993371064433,261.0,1.0,0.344482421875
-0.45304495,hourglass,0.43611,train,106.0,57.0,8.0,0.0,8.247824138117098,1.6740054734366954,263.0,1.0,0.42919921875
-0.16941449,small_square_cross,0.563091,train,137.0,77.0,7.0,0.0,8.98675123255861,3.569302509886718,309.0,1.0,0.57763671875
-0.40711507,square,0.565446,train,477.0,273.0,10.0,0.0,4.6379774800011315,2.1062713432149915,682.0,1.0,0.57470703125
-0.20776254,square,0.507821,train,377.0,216.0,9.0,0.0,4.506667509323825,2.142100980125269,592.0,1.0,0.508056640625
-0.87506855,hexagonal,0.545636,train,174.0,102.0,9.0,0.0,6.489463565937812,2.4090914778745014,433.0,1.0,0.543701171875
-0.5428601,hourglass,0.45198244,train,134.0,69.0,8.0,0.0,8.585157618963704,1.8795756187517594,265.0,1.0,0.44580078125
-0.5992408,hourglass,0.6429561,train,204.0,118.0,5.0,0.0,8.446118457414965,2.688938581600915,416.0,1.0,0.6162109375
-0.48961678,hourglass,0.33398652,train,77.0,40.0,8.0,0.0,6.58793803766117,1.2240495162119247,258.0,1.0,0.32568359375
-0.30174324,four_circle,0.540806,train,365.0,200.0,18.0,0.0,5.006564462042236,1.8536408843728136,598.0,1.0,0.541259765625
-0.4459378,hexagonal,0.5058999,train,232.0,135.0,14.0,0.0,5.4672707398581535,2.105374576975091,482.0,1.0,0.50146484375
-0.48299333,hourglass,0.5004962,train,128.0,69.0,8.0,0.0,9.65671443442498,2.0989666526113124,263.0,1.0,0.49658203125
-0.15233725,four_circle,0.540074,test,233.0,139.0,15.0,0.0,5.519773158028217,2.0823411555150164,495.0,1.0,0.55224609375
-0.6737147,reentrant_bowtie,0.5396941,train,204.0,120.0,7.0,0.0,7.406527616988346,4.165798239782911,361.0,1.0,0.52978515625
-0.19869749,circle_half_quarter,0.53066,train,262.0,153.0,8.0,0.0,5.920664972700507,2.202252914132201,501.0,1.0,0.554443359375
-0.51286346,hourglass,0.47726092,train,117.0,63.0,8.0,0.0,9.246568237723444,2.3244852041305206,266.0,1.0,0.474365234375
-0.2461116,cross_rectangular,0.518435,train,129.0,74.0,8.0,0.0,8.56567613768278,2.309089648981716,296.0,1.0,0.525634765625
-0.4045598,hourglass,0.5874797,train,169.0,100.0,4.0,0.0,8.439808196715699,2.4908216669349263,382.0,1.0,0.57470703125
-0.3748073,square,0.665826,train,233.0,129.0,14.0,0.0,7.779227460098203,3.3475792433818086,375.0,1.0,0.603515625
-0.39944458,hexagonal,0.524166,train,291.0,163.0,9.0,0.0,6.407468220754265,3.021915907255391,501.0,1.0,0.5302734375
-0.6458802,hourglass,0.531267,train,213.0,116.0,4.0,0.0,7.615666721587492,2.8312803165248646,413.0,1.0,0.534912109375
-0.15611684,hexagonal,0.526012,train,179.0,96.0,9.0,0.0,8.487535816014335,2.8238969527449083,316.0,1.0,0.533203125
-0.40466887,hourglass,0.6507817,train,178.0,104.0,4.0,0.0,8.310667752880585,2.5413038444948524,413.0,1.0,0.61474609375
-0.32366458,hexagonal,0.50951225,test,218.0,126.0,10.0,0.0,6.354178128802032,3.107731238209108,417.0,1.0,0.498046875
-0.40567747,hourglass,0.3252421,train,78.0,37.0,8.0,0.0,6.6410034369320785,1.2484437561199104,260.0,1.0,0.31640625
-0.53085643,hourglass,0.47268677,train,125.0,68.0,10.0,0.0,8.832742374138002,2.2933414311075975,271.0,1.0,0.467529296875
-0.46277595,hourglass,0.69040555,train,125.0,69.0,12.0,0.0,9.85915328714081,2.8313898692705832,305.0,1.0,0.61083984375
-0.41628742,hourglass,0.5683832,train,171.0,95.0,3.0,0.0,8.068416079593606,2.508904414379858,396.0,1.0,0.555908203125
-0.42721537,hexagonal,0.571106,train,349.0,202.0,9.0,0.0,6.145522015743511,2.848587179250679,508.0,1.0,0.570068359375
-0.07678543,hexagonal,0.548897,train,177.0,101.0,1.0,0.0,8.265735793346414,5.84011396860709,382.0,1.0,0.556396484375
-0.22457154,hexagonal,0.50491256,train,259.0,150.0,10.0,0.0,5.811085646784406,2.8091284474150244,494.0,1.0,0.514404296875
-0.35616243,hexagonal,0.54701555,train,172.0,96.0,4.0,0.0,8.180316575853558,2.7597920451418196,382.0,1.0,0.5498046875
-0.36030373,hexagonal,0.5577853,train,208.0,118.0,4.0,0.0,7.786842252835598,3.03372239465612,396.0,1.0,0.5625
-0.6006341,hourglass,0.45480496,train,128.0,69.0,9.0,0.0,8.680557444043881,2.2639643108832073,268.0,1.0,0.449462890625
-0.5610387,hourglass,0.40897858,train,110.0,55.0,8.0,0.0,7.445255596812031,1.9858584496771143,269.0,1.0,0.394775390625
-0.32656455,hourglass,0.30578825,train,54.0,27.0,8.0,0.0,6.086718744420632,1.151891890030711,256.0,1.0,0.297119140625
-0.5042524,hourglass,0.40057206,train,97.0,50.0,8.0,0.0,7.528045929278469,1.8617005846339876,262.0,1.0,0.392822265625
-0.46258983,hourglass,0.36538044,train,84.0,42.0,8.0,0.0,6.843775961463484,1.6948906316977226,262.0,1.0,0.354736328125
-0.7019113,hourglass,0.556523,train,176.0,100.0,4.0,0.0,7.851261407172286,2.8706482099893957,410.0,1.0,0.551025390625
-0.61955166,hourglass,0.576009,train,182.0,101.0,4.0,0.0,8.054175604064715,2.731511592909275,411.0,1.0,0.57666015625
-0.13863607,small_square_cross,0.515866,train,212.0,119.0,9.0,0.0,7.399087994887944,2.7612166725192195,329.0,1.0,0.515625
-0.09587382,reentrant_bowtie,0.568224,train,260.0,152.0,10.0,0.0,6.66807664441161,4.3497910795440475,448.0,1.0,0.5625
-0.42318177,hourglass,0.40831813,train,99.0,51.0,8.0,0.0,7.550912820483056,1.8649193204192807,259.0,1.0,0.39453125
-0.19597296,cross_rectangular,0.578699,train,99.0,57.0,9.0,0.0,9.535107700453416,2.21926508350416,281.0,1.0,0.582275390625
-0.43476227,nine_circle,0.593113,train,211.0,126.0,6.0,0.0,6.690125719750558,2.9031055116479796,479.0,1.0,0.593505859375
-0.23657413,circle,0.527385,train,453.0,264.0,0.0,0.0,4.298873415901081,1.8442041566241107,742.0,1.0,0.5400390625
-0.42469826,nine_circle,0.579911,train,181.0,104.0,9.0,0.0,6.682221783591882,2.6747907285399966,455.0,1.0,0.575927734375
-0.41956764,four_circle,0.57153,train,323.0,190.0,17.0,0.0,4.893365199327413,1.6764166276509627,556.0,1.0,0.57861328125
-0.4056834,hourglass,0.32527122,train,78.0,37.0,8.0,0.0,6.641003436932078,1.2484437561199107,260.0,1.0,0.31640625
-0.2097306,cross_rectangular,0.54492,train,146.0,82.0,9.0,0.0,7.966584827311972,3.155546610225779,309.0,1.0,0.5458984375
-0.5287099,hourglass,0.50039876,train,132.0,73.0,8.0,0.0,9.642666655590608,2.0947078703095303,263.0,1.0,0.49658203125
-0.41525885,hexagonal,0.515513,train,144.0,82.0,10.0,0.0,8.19908570634823,2.3496753578636493,311.0,1.0,0.520751953125
-0.24162933,circle_half_quarter,0.60898,train,178.0,100.0,12.0,0.0,9.99432935862094,4.46258029702911,322.0,1.0,0.6123046875
-0.2518413,small_square_cross,0.571682,train,200.0,112.0,13.0,0.0,7.72670578650812,2.728865283481245,343.0,1.0,0.565185546875
-0.46457168,hourglass,0.4484259,train,115.0,58.0,8.0,0.0,8.50364706124451,1.9710292627856305,264.0,1.0,0.44384765625
-0.42123646,hourglass,0.4216795,train,109.0,56.0,8.0,0.0,8.008875407494246,1.9485497183658937,262.0,1.0,0.41162109375
-0.69619834,hourglass,0.6808887,train,205.0,116.0,6.0,0.0,9.029798579613272,3.2158760067414005,364.0,1.0,0.632080078125
-0.21903217,hexagonal,0.57910174,train,257.0,146.0,14.0,0.0,6.281374734160457,3.3958473387058232,478.0,1.0,0.571044921875
-0.5263657,hourglass,0.52686584,train,207.0,114.0,8.0,0.0,8.650273640342894,2.901545545927485,329.0,1.0,0.514892578125
-0.59962904,hexagonal,0.5237671,train,214.0,122.0,10.0,0.0,6.866787157590687,2.849240265919803,406.0,1.0,0.52001953125
-0.21058893,circle_half_quarter,0.638817,train,404.0,231.0,6.0,0.0,5.997948189423104,3.166666555647758,633.0,1.0,0.6171875
-0.4422648,hexagonal,0.549037,train,243.0,138.0,4.0,0.0,7.179365212317953,3.1030837792850896,464.0,1.0,0.55419921875
-0.15718779,circle,0.59696,train,489.0,284.0,12.0,0.0,4.653087371232302,2.316532273750485,684.0,1.0,0.60400390625
-0.4043196,hourglass,0.319969,train,66.0,36.0,8.0,0.0,6.540588106405304,1.1734382055947705,256.0,1.0,0.3134765625
-0.110236965,cross_rectangular,0.512987,train,345.0,198.0,13.0,0.0,5.5660935774091085,3.416228467116876,546.0,1.0,0.52197265625
-0.5585441,hourglass,0.5470925,train,114.0,61.0,7.0,2.0,8.210257073459795,2.4301506694185644,344.0,1.0,0.540283203125
-0.1768462,circle_half_quarter,0.532624,train,218.0,124.0,15.0,0.0,6.078665328031986,2.252267995815841,437.0,1.0,0.534423828125
-0.5692991,hourglass,0.59543896,train,144.0,85.0,2.0,0.0,8.366516439253795,2.595970918434631,385.0,1.0,0.574462890625
-0.5202747,hourglass,0.38599688,train,93.0,48.0,8.0,0.0,7.116524926195527,1.7852546158853744,262.0,1.0,0.376708984375
-0.18693744,circle,0.58241,train,139.0,79.0,11.0,0.0,9.179560796443686,2.957870334840164,300.0,1.0,0.5908203125
-0.41903064,hourglass,0.36479318,train,84.0,42.0,8.0,0.0,6.855259642546965,1.7114553325764184,262.0,1.0,0.354736328125
-0.5468697,hourglass,0.47630197,train,117.0,63.0,8.0,0.0,9.219212519632075,2.3360754134676482,266.0,1.0,0.4736328125
-0.60277903,hourglass,0.5110498,train,156.0,81.0,10.0,0.0,8.488056622951389,2.904034133079457,308.0,1.0,0.500244140625
-0.562801,hourglass,0.5950445,train,175.0,102.0,2.0,0.0,8.364064490077073,2.4372903785772486,392.0,1.0,0.572021484375
-0.5291943,reentrant_bowtie,0.529368,train,238.0,119.0,8.0,0.0,7.142527456460442,3.016148901875623,319.0,1.0,0.5322265625
-0.056806173,reentrant_bowtie,0.53982955,train,171.0,101.0,7.0,0.0,7.4498402263206405,4.060597496781264,350.0,1.0,0.5283203125
-0.37455016,circle,0.536144,train,138.0,81.0,8.0,0.0,6.684693381520402,2.2671037002492938,434.0,1.0,0.542236328125
-0.25003946,grid_circular_voids,0.607229,train,172.0,105.0,5.0,0.0,7.870556716145346,2.1395856867219147,447.0,1.0,0.6142578125
-0.37363118,hourglass,0.634896,train,141.0,86.0,5.0,0.0,8.537344335244173,2.723517793191124,395.0,1.0,0.62109375
-0.5999673,hourglass,0.562171,train,147.0,78.0,3.0,0.0,8.133609126335685,2.618150465183268,388.0,1.0,0.55126953125
-0.42151022,hourglass,0.554325,train,231.0,130.0,5.0,0.0,7.059504884604966,3.285642244723375,443.0,1.0,0.553466796875
-0.4287598,hourglass,0.56153536,train,158.0,85.0,4.0,0.0,8.073372855499725,2.6930516784428753,389.0,1.0,0.550537109375
-0.48222408,hourglass,0.3595552,train,84.0,42.0,8.0,0.0,6.848448663639694,1.7074966455666807,262.0,1.0,0.35107421875
-0.048723955,reentrant_bowtie,0.51879436,train,131.0,71.0,6.0,0.0,10.229622218765488,6.852752033107482,223.0,1.0,0.52490234375
-0.423112,hourglass,0.581057,train,239.0,135.0,7.0,0.0,7.434210855560592,3.2787996238079344,444.0,1.0,0.57373046875
-0.59659475,hourglass,0.45923486,train,127.0,69.0,8.0,0.0,8.822490840283312,2.210168537509106,269.0,1.0,0.455078125
-0.0355622,reentrant_bowtie,0.5474055,train,143.0,83.0,4.0,0.0,10.588813555520467,8.485777179948803,274.0,1.0,0.545654296875
-0.704201,hourglass,0.6722248,train,148.0,87.0,4.0,0.0,8.56289795846116,2.407477837372059,386.0,1.0,0.625732421875
-0.58150136,hourglass,0.59838593,train,161.0,94.0,4.0,0.0,8.401697290301216,2.4334952863755137,384.0,1.0,0.571044921875
-0.4843794,hourglass,0.565225,train,226.0,121.0,10.0,0.0,7.61113826314283,3.0267208141816466,409.0,1.0,0.556396484375
-0.5713737,hourglass,0.5428129,train,169.0,98.0,3.0,0.0,8.025130405396654,2.5762103588002563,379.0,1.0,0.540283203125
-0.54717094,hourglass,0.568306,train,156.0,87.0,4.0,0.0,8.10709652286444,2.4225474131499083,384.0,1.0,0.555908203125
-0.55039966,hourglass,0.4787752,train,121.0,65.0,8.0,0.0,9.26527275506128,2.3346522062465476,267.0,1.0,0.47705078125
-0.05156793,reentrant_bowtie,0.51932293,train,134.0,71.0,7.0,0.0,10.08940027546182,6.8913684129677835,230.0,1.0,0.518310546875
-0.60192555,hourglass,0.63080394,train,171.0,100.0,4.0,0.0,8.621681564028762,2.4119205578399128,398.0,1.0,0.616455078125
-0.26119167,small_square_cross,0.527737,train,350.0,190.0,21.0,0.0,7.068640666155435,3.03452352996106,431.0,1.0,0.541748046875
-0.47768757,hourglass,0.34472016,train,87.0,47.0,8.0,0.0,6.891966880676514,1.571705495477123,262.0,1.0,0.3349609375
-0.30714303,square,0.530742,train,470.0,265.0,22.0,0.0,4.29896580151202,1.438963924273693,667.0,1.0,0.524169921875
-0.54235363,hourglass,0.34221965,train,70.0,38.0,8.0,0.0,6.78603856314127,1.498083530037769,258.0,1.0,0.333251953125
-0.058612127,reentrant_bowtie,0.5068815,train,97.0,56.0,4.0,0.0,9.649677223272608,4.291848246468158,276.0,1.0,0.515380859375
-0.4380124,hexagonal,0.5577843,test,214.0,126.0,13.0,0.0,5.637528620311936,1.97287285895195,503.0,1.0,0.561767578125
-0.29408646,four_circle,0.691906,train,417.0,237.0,21.0,0.0,6.967316402260553,3.537349315371621,568.0,1.0,0.65576171875
-0.54733104,hourglass,0.5284852,train,225.0,124.0,7.0,0.0,8.747584903464823,2.8407956284212785,332.0,1.0,0.51513671875
-0.40080518,square,0.581111,train,624.0,360.0,15.0,0.0,4.156348943637522,1.9423863479097137,790.0,1.0,0.577880859375
-0.3386303,nine_circle,0.499939,train,291.0,163.0,0.0,0.0,5.094934136957613,2.2066047213068476,539.0,1.0,0.506103515625
-0.5583425,hourglass,0.61221546,train,176.0,97.0,4.0,0.0,8.450659445471917,2.709027534777201,404.0,1.0,0.60791015625
-0.63841295,hourglass,0.582298,train,258.0,139.0,7.0,0.0,7.545694019797172,3.295830966478285,420.0,1.0,0.56982421875
-0.55797887,hourglass,0.6171378,train,172.0,97.0,3.0,0.0,8.622392270872197,2.824918771140911,399.0,1.0,0.612548828125
-0.70010287,hourglass,0.67084426,train,131.0,77.0,4.0,0.0,8.547665512144254,2.381151365404398,385.0,1.0,0.620849609375
-0.27779445,nine_circle,0.478141,train,111.0,64.0,6.0,0.0,6.802118364477451,2.3404237757643593,347.0,1.0,0.488037109375
-0.42054623,hourglass,0.543559,train,231.0,127.0,6.0,0.0,6.921775156066152,3.0825107827163625,436.0,1.0,0.544189453125
-0.36957327,cross_rectangular,0.544728,train,133.0,73.0,12.0,0.0,8.865380564894151,2.221862509071458,316.0,1.0,0.553955078125
-0.5582643,hourglass,0.53142405,train,176.0,92.0,7.0,0.0,7.3289853428660425,2.8959919889431474,377.0,1.0,0.513671875
-0.36967558,square,0.53131,train,233.0,133.0,19.0,0.0,5.261286942348077,1.4925718077756671,505.0,1.0,0.52978515625
-0.32870466,hexagonal,0.5249918,train,268.0,158.0,9.0,0.0,6.268246133468772,2.660789317553123,437.0,1.0,0.51611328125
-0.49843368,hourglass,0.45830834,train,122.0,67.0,9.0,0.0,8.70627852092802,2.319811657041473,271.0,1.0,0.45166015625
-0.051890295,reentrant_bowtie,0.579901,train,122.0,68.0,4.0,0.0,10.89491702827931,7.938203112871023,273.0,1.0,0.578857421875
-0.57338,hexagonal,0.5065079,train,94.0,53.0,10.0,0.0,8.458190556662265,2.3302418329312737,276.0,1.0,0.498046875
-0.12885725,circle_half_quarter,0.537187,train,140.0,85.0,7.0,0.0,6.601993253665822,1.886256526964492,402.0,1.0,0.533447265625
-0.60966104,hourglass,0.63202924,train,208.0,121.0,6.0,0.0,8.472914862222886,2.6828890037706077,423.0,1.0,0.616943359375
-0.2746686,small_square_cross,0.57469,train,274.0,154.0,10.0,0.0,6.779812597287994,2.928840798988334,489.0,1.0,0.572021484375
-0.66891515,hourglass,0.68947685,train,144.0,82.0,14.0,0.0,9.750990061421838,2.877362539943441,313.0,1.0,0.613525390625
-0.4132062,nine_circle,0.565452,train,138.0,84.0,0.0,0.0,7.502728778912696,2.0328512718589686,444.0,1.0,0.573974609375
-0.579269,hourglass,0.43452072,train,98.0,52.0,8.0,0.0,8.125051326336287,1.7768753805897894,259.0,1.0,0.42919921875
-0.55717176,hourglass,0.58579844,train,161.0,91.0,5.0,0.0,8.261320497592815,2.2922521574181913,391.0,1.0,0.57275390625
-0.92513514,hexagonal,0.512197,train,375.0,218.0,4.0,0.0,5.661873775182371,2.2840596250233722,537.0,1.0,0.517822265625
-0.38314983,nine_circle,0.569651,train,406.0,239.0,9.0,0.0,5.160857794352625,2.8000976458812596,640.0,1.0,0.5732421875
-0.5749702,hexagonal,0.5515776,train,133.0,73.0,9.0,0.0,10.137575960766519,2.643776397445295,275.0,1.0,0.545166015625
-0.22331437,reentrant_bowtie,0.517921,train,125.0,68.0,8.0,0.0,7.911946697470158,2.486768506688397,281.0,1.0,0.510498046875
-0.3517835,hexagonal,0.5186944,train,142.0,84.0,2.0,0.0,7.162672482583695,2.3046708056950225,390.0,1.0,0.521484375
-0.4891999,hourglass,0.489286,train,121.0,65.0,8.0,0.0,9.394752928760907,2.199512229736343,262.0,1.0,0.48681640625
-0.55248797,hourglass,0.46419725,train,115.0,61.0,8.0,0.0,8.94324835996089,2.106233420069594,268.0,1.0,0.459228515625
-0.43349037,cross_rectangular,0.603242,train,377.0,221.0,12.0,0.0,5.309730247772255,2.5891607911425694,631.0,1.0,0.578369140625
-0.30231825,four_circle,0.498751,train,314.0,176.0,24.0,0.0,4.330502503344057,1.4563379600770265,604.0,1.0,0.500244140625
-0.5653887,hourglass,0.5527732,train,133.0,70.0,4.0,0.0,8.251834425672554,2.363409132106989,367.0,1.0,0.549072265625
-0.41441697,hourglass,0.6555967,train,180.0,104.0,7.0,0.0,8.352056295721047,2.5829013681108073,411.0,1.0,0.611572265625
-0.20821153,small_square_cross,0.550991,train,285.0,168.0,3.0,0.0,5.999062241971667,2.3291858166830037,563.0,1.0,0.560791015625
-1.0647763,reentrant_bowtie,0.560453,train,276.0,157.0,10.0,0.0,6.466714231020815,4.154086781265606,441.0,1.0,0.55859375
-0.42414498,hourglass,0.45126194,train,125.0,65.0,8.0,0.0,8.617808281336439,1.8944375772545006,263.0,1.0,0.44482421875
-0.26145434,four_circle,0.521529,train,271.0,158.0,11.0,0.0,5.478230353872068,1.9750190994705974,521.0,1.0,0.53466796875
-0.25814363,circle,0.624658,train,492.0,284.0,10.0,0.0,4.4333735316975575,2.4465440272636463,634.0,1.0,0.52392578125
-0.36818168,circle,0.526371,train,178.0,106.0,6.0,0.0,6.448013238992269,2.2675230404315614,437.0,1.0,0.540771484375
-0.40909195,hourglass,0.6580524,train,166.0,100.0,3.0,0.0,8.433066346246479,2.4317466972949853,400.0,1.0,0.6142578125
-0.5326242,hexagonal,0.57031834,train,225.0,128.0,10.0,0.0,5.292199084590061,1.5115159956386532,541.0,1.0,0.553466796875
-0.24184795,hexagonal,0.5460374,train,288.0,161.0,8.0,0.0,6.365954753348177,3.226380529467548,507.0,1.0,0.55419921875
-0.053925052,reentrant_bowtie,0.5147304,train,118.0,63.0,6.0,0.0,10.391321158168179,6.882053967387104,225.0,1.0,0.51806640625
-0.23252785,square,0.57548,val,328.0,184.0,19.0,0.0,4.977639129158219,1.761162165655035,593.0,1.0,0.570068359375
-0.12777856,hexagonal,0.577571,train,179.0,96.0,13.0,0.0,8.674779534208508,3.958921005047552,346.0,1.0,0.57666015625
-0.42760915,hourglass,0.41368425,train,111.0,56.0,8.0,0.0,7.6562259669884,1.8370082688096183,263.0,1.0,0.40283203125
-0.69066757,hourglass,0.66985786,train,143.0,86.0,4.0,0.0,8.483818702374823,2.409578848105032,384.0,1.0,0.624755859375
-0.45308235,hourglass,0.50399405,train,120.0,66.0,8.0,0.0,9.48621387356302,2.207551767583024,260.0,1.0,0.504150390625
-0.39253575,hourglass,0.63616204,train,173.0,103.0,3.0,0.0,8.610918245245886,2.562353373929424,398.0,1.0,0.619384765625
-0.29411602,small_square_cross,0.50907,train,129.0,72.0,15.0,0.0,7.645704430101939,2.5353815333657312,339.0,1.0,0.512939453125
-0.40595812,hourglass,0.6541131,train,178.0,105.0,6.0,0.0,8.262499427298696,2.5313474928013338,402.0,1.0,0.605224609375
-0.30067572,cross_rectangular,0.529799,train,152.0,89.0,9.0,0.0,8.326810899244208,2.3737953339148286,307.0,1.0,0.530029296875
-0.1978423,hourglass,0.30009717,train,55.0,28.0,8.0,0.0,5.934533367853834,0.6683205452832891,251.0,1.0,0.291748046875
-0.50761074,hourglass,0.5526241,train,138.0,73.0,4.0,0.0,8.265568619541483,2.3662363750570132,369.0,1.0,0.549072265625
-0.5918522,hourglass,0.62073034,train,186.0,104.0,4.0,0.0,8.257153819470561,2.4237468197429837,399.0,1.0,0.594482421875
-0.6369619,hexagonal,0.5642249,train,66.0,38.0,7.0,0.0,9.25578214866506,2.350407021403541,263.0,1.0,0.55126953125
-0.48559466,circle,0.584654,train,253.0,143.0,14.0,0.0,5.954532628416624,2.5520133123384325,455.0,1.0,0.554443359375
-0.523714,hourglass,0.42336842,train,108.0,56.0,8.0,0.0,8.021210087850582,1.9290560979023297,262.0,1.0,0.41162109375
-0.13975586,hexagonal,0.54649484,train,198.0,118.0,6.0,0.0,6.15847053266209,2.3098257955244677,477.0,1.0,0.5380859375
-0.4343085,cross_rectangular,0.600334,train,118.0,65.0,13.0,0.0,9.079470902860892,2.96109795354076,327.0,1.0,0.601318359375
-0.3651782,small_square_cross,0.503402,train,171.0,97.0,14.0,0.0,5.802191975902284,1.886895526092541,434.0,1.0,0.50830078125
-0.52508086,hourglass,0.40496644,train,105.0,54.0,8.0,0.0,7.559138495771996,1.9596602036106352,261.0,1.0,0.39208984375
-0.59292895,hourglass,0.56332034,train,162.0,87.0,4.0,0.0,8.103757057109428,2.683036857134178,391.0,1.0,0.552978515625
-0.50081706,hourglass,0.46297425,train,115.0,61.0,8.0,0.0,8.94324835996089,2.106233420069594,268.0,1.0,0.458740234375
-0.5254737,hourglass,0.5751851,train,164.0,92.0,2.0,0.0,8.085309825050134,2.5164657038286324,393.0,1.0,0.564208984375
-0.20045339,circle_half_quarter,0.514945,train,238.0,136.0,8.0,0.0,5.789400398160312,2.0489770489946895,485.0,1.0,0.53173828125
-0.25834996,cross_rectangular,0.549824,train,124.0,74.0,7.0,0.0,8.285005940921513,2.5291257869430757,291.0,1.0,0.5537109375
-0.5256178,hourglass,0.50298095,train,108.0,58.0,8.0,0.0,9.724552747207733,2.0888528969063525,258.0,1.0,0.503173828125
-0.6888233,hourglass,0.6672912,train,149.0,87.0,3.0,0.0,8.606379057390964,2.5450098160007557,395.0,1.0,0.616455078125
-0.26282084,circle,0.561233,train,132.0,77.0,7.0,0.0,8.68056798429305,2.4722755205938336,295.0,1.0,0.561767578125
-0.12475539,reentrant_bowtie,0.5160279,train,123.0,65.0,7.0,0.0,10.054504911732492,7.0072549008462595,226.0,1.0,0.516357421875
-0.084034644,reentrant_bowtie,0.561387,train,197.0,106.0,10.0,0.0,7.649435933215196,4.791115383713283,335.0,1.0,0.55810546875
-0.46956018,hexagonal,0.572991,train,389.0,214.0,15.0,0.0,5.607685925108779,3.348057303035559,604.0,1.0,0.565185546875
-0.032472797,reentrant_bowtie,0.51106966,train,122.0,65.0,6.0,0.0,10.624858519355303,6.996230687234671,218.0,1.0,0.515380859375
-0.57546467,hourglass,0.43582594,train,106.0,57.0,8.0,0.0,8.287663212809491,1.6529558348960989,261.0,1.0,0.43017578125
-0.5019027,hourglass,0.4614404,train,115.0,61.0,8.0,0.0,8.891535780283856,2.1572665609752035,265.0,1.0,0.45703125
-0.66166806,hourglass,0.6831277,train,88.0,51.0,7.0,0.0,11.232796061332971,2.7290857224837874,271.0,1.0,0.6455078125
-0.58014995,hexagonal,0.567563,train,424.0,238.0,12.0,0.0,6.371672501161227,3.5534860151412855,581.0,1.0,0.5791015625
-0.15769073,square,0.564964,train,342.0,196.0,15.0,0.0,7.08843875052185,2.957592697722865,449.0,1.0,0.57177734375
-0.40711594,hexagonal,0.51972854,train,126.0,68.0,7.0,0.0,9.304912405911969,3.0714328021182804,265.0,1.0,0.506591796875
-0.12114534,hexagonal,0.570831,train,163.0,89.0,8.0,0.0,9.55556536327745,4.56889233244879,305.0,1.0,0.5712890625
-0.50010693,hourglass,0.3785677,train,92.0,46.0,8.0,0.0,7.016405458908948,1.5389964375034528,259.0,1.0,0.37255859375
-0.48614445,hourglass,0.49820367,train,121.0,65.0,8.0,0.0,9.625303197313931,2.069984557841403,262.0,1.0,0.492919921875
-0.09942631,hexagonal,0.50855845,train,258.0,148.0,12.0,0.0,5.5369023588746,2.3698691389908815,541.0,1.0,0.501220703125
-0.58623177,hourglass,0.5868822,train,160.0,94.0,4.0,0.0,8.424025729626008,2.500727549259987,381.0,1.0,0.572265625
-0.40150467,hourglass,0.32546055,train,78.0,37.0,8.0,0.0,6.609535493472827,1.2115637475465586,260.0,1.0,0.318603515625
-0.21696806,hexagonal,0.56089693,train,306.0,172.0,13.0,0.0,5.881434972670608,2.8546548222087726,543.0,1.0,0.560302734375
-0.7195399,hourglass,0.6794625,test,234.0,130.0,6.0,0.0,8.651522936970297,3.098805324738982,381.0,1.0,0.6220703125
-0.41294608,hourglass,0.5788097,train,155.0,91.0,4.0,0.0,8.446158510709347,2.490473467346847,387.0,1.0,0.5693359375
-0.6426157,hourglass,0.6619981,train,171.0,102.0,4.0,0.0,8.389507031509725,2.421380876379386,405.0,1.0,0.60986328125
-0.5657249,hourglass,0.55054605,train,139.0,74.0,4.0,0.0,8.426895703285453,2.337708790001664,377.0,1.0,0.550048828125
-0.5985318,hourglass,0.5720439,train,167.0,89.0,4.0,0.0,8.362048816027357,2.6859860013447325,383.0,1.0,0.558837890625
-0.6140461,hourglass,0.63652337,val,163.0,94.0,4.0,0.0,8.521359831179737,2.35951926251292,398.0,1.0,0.61865234375
-0.41143328,four_circle,0.597929,train,358.0,208.0,16.0,0.0,5.293674262950742,1.8250186926858125,557.0,1.0,0.601318359375
-0.37848353,circle,0.596092,train,571.0,318.0,20.0,0.0,4.695247544006391,2.2210087389188535,689.0,1.0,0.593994140625
-0.40536788,hexagonal,0.5609828,train,264.0,149.0,10.0,0.0,5.665948940740685,2.4740350271814995,554.0,1.0,0.556884765625
-0.5184317,hourglass,0.37342516,test,92.0,46.0,8.0,0.0,6.831740723305572,1.5780080440868134,258.0,1.0,0.359375
-0.28535804,hexagonal,0.56093943,train,192.0,111.0,7.0,0.0,7.78910434080136,3.7341701616899945,381.0,1.0,0.554443359375
-0.5713737,hourglass,0.5428129,train,166.0,93.0,4.0,0.0,7.87357520047246,2.6202008140523416,382.0,1.0,0.540283203125
-0.06251569,reentrant_bowtie,0.5019045,train,102.0,57.0,8.0,0.0,9.158645977665003,4.018762726984594,256.0,1.0,0.511474609375
-0.5328304,hourglass,0.47335234,train,126.0,68.0,10.0,0.0,8.90337837040802,2.2216516257711914,272.0,1.0,0.466552734375
-0.37038165,small_square_cross,0.557037,train,154.0,89.0,14.0,0.0,8.548179256610933,2.5100264152605605,331.0,1.0,0.568115234375
-0.56809044,hourglass,0.41649166,train,112.0,58.0,8.0,0.0,7.757293261762902,2.1150550476953227,265.0,1.0,0.402099609375
-0.5388924,hourglass,0.53717595,val,198.0,111.0,9.0,0.0,7.014286849802449,2.933581844378648,392.0,1.0,0.516357421875
-0.5234152,hexagonal,0.51772004,train,287.0,162.0,16.0,0.0,5.104633326541559,2.3719435669844553,518.0,1.0,0.510009765625
-0.38682628,circle,0.589416,train,351.0,206.0,10.0,0.0,5.803037716386522,2.6230706057686093,583.0,1.0,0.584716796875
-0.27341858,hexagonal,0.5392383,train,179.0,97.0,13.0,0.0,8.29686602658896,3.6782625494844488,321.0,1.0,0.53662109375
-0.5921543,hourglass,0.6204686,train,170.0,97.0,5.0,0.0,8.43281234606115,2.5205802488872413,393.0,1.0,0.59423828125
-0.7359322,reentrant_bowtie,0.573529,train,170.0,93.0,10.0,0.0,8.359713891056288,4.789322871369456,321.0,1.0,0.57177734375
-0.5467284,hourglass,0.6083869,train,179.0,100.0,4.0,0.0,8.503140667974309,2.6377419366730677,406.0,1.0,0.603515625
-0.3847936,grid_circular_voids,0.588768,train,233.0,141.0,4.0,0.0,6.835721306772931,2.343373980202165,476.0,1.0,0.596923828125
-0.43761396,hourglass,0.57682943,train,160.0,93.0,4.0,0.0,8.103211233560625,2.5334103902743488,399.0,1.0,0.56591796875
-0.4712461,hourglass,0.552683,train,455.0,258.0,9.0,0.0,6.199460322311524,3.3184632594388783,523.0,1.0,0.54833984375
-0.23859064,reentrant_bowtie,0.517451,train,128.0,67.0,8.0,0.0,7.899183681588879,2.4282922925847004,286.0,1.0,0.508544921875
-0.56828487,hexagonal,0.550145,train,340.0,184.0,18.0,0.0,4.903793870738111,1.9881664098639544,621.0,1.0,0.552978515625
-0.46597725,hourglass,0.68923074,train,144.0,82.0,12.0,0.0,9.68774311968707,2.9098767092880045,319.0,1.0,0.612548828125
-0.40037125,hourglass,0.57301,train,214.0,125.0,7.0,0.0,7.70356160026642,3.122285036757022,417.0,1.0,0.57470703125
-0.5420308,hourglass,0.41799718,train,109.0,56.0,8.0,0.0,7.956368097037035,1.9126000014430586,262.0,1.0,0.407958984375
-0.55200666,hexagonal,0.52254283,train,271.0,146.0,10.0,0.0,5.97957023770355,2.9469452103120846,473.0,1.0,0.513671875
-0.25366536,hexagonal,0.509232,train,37.0,23.0,3.0,0.0,9.826041051008357,2.1007960732467392,253.0,1.0,0.506103515625
-0.5982213,hourglass,0.512338,train,149.0,85.0,7.0,0.0,7.402611845244551,2.730240178420837,348.0,1.0,0.505615234375
-0.46060136,hourglass,0.36681357,train,88.0,44.0,8.0,0.0,6.94253897417171,1.717393829466861,263.0,1.0,0.3583984375
-0.13851753,hexagonal,0.5214009,train,160.0,92.0,12.0,0.0,7.091208445077459,4.238647061112863,366.0,1.0,0.515625
-0.3775437,hexagonal,0.54505014,val,160.0,81.0,10.0,0.0,9.667418312419258,3.2062678627156878,276.0,1.0,0.5380859375
-0.44993174,hexagonal,0.553842,train,188.0,108.0,6.0,0.0,7.656309785727437,3.2633514466668716,391.0,1.0,0.548583984375
-0.09175134,reentrant_bowtie,0.562837,train,284.0,161.0,10.0,0.0,7.055863511512444,4.140792515440358,408.0,1.0,0.5576171875
-0.41476995,hourglass,0.42539012,train,108.0,56.0,8.0,0.0,8.043891748829212,1.9176769598736583,262.0,1.0,0.41162109375
-0.1966571,circle_half_quarter,0.515609,train,187.0,107.0,11.0,0.0,5.651926943909087,2.3294144112878112,467.0,1.0,0.524169921875
-0.53681743,hexagonal,0.5122263,train,138.0,81.0,11.0,0.0,7.984326960489154,2.8202391378139597,310.0,1.0,0.50927734375
-0.3757141,small_square_cross,0.518958,train,157.0,88.0,14.0,0.0,7.207926362474077,2.772618987574935,346.0,1.0,0.525390625
-0.33841237,four_circle,0.629238,train,433.0,248.0,28.0,0.0,5.6352861936888585,1.707850148461167,612.0,1.0,0.63427734375
-0.4847346,hourglass,0.35904273,train,84.0,42.0,8.0,0.0,6.848448663639694,1.7074966455666807,262.0,1.0,0.35107421875
-0.5664143,hourglass,0.54485995,train,154.0,89.0,4.0,0.0,8.005379852871917,2.577046010164573,374.0,1.0,0.540283203125
-0.6129061,hourglass,0.62372696,train,150.0,88.0,5.0,0.0,8.180941872698563,2.4298704237116375,399.0,1.0,0.59912109375
-0.3984427,hourglass,0.6519068,train,181.0,107.0,4.0,0.0,8.464967104563515,2.3772384423374286,404.0,1.0,0.616943359375
-0.09530427,reentrant_bowtie,0.52571964,train,207.0,117.0,7.0,0.0,9.35106048821547,7.348729250141775,260.0,1.0,0.52392578125
-0.32558668,grid_circular_voids,0.540129,train,145.0,86.0,3.0,0.0,7.960613769705007,2.326425184822667,342.0,1.0,0.54638671875
-0.23768857,square,0.635777,train,488.0,269.0,18.0,0.0,5.814426220726668,3.163745678668701,677.0,1.0,0.629150390625
-0.5591119,hourglass,0.46296316,train,115.0,61.0,8.0,0.0,8.978640693663603,2.073958660911701,266.0,1.0,0.458740234375
-0.5655126,hourglass,0.64377385,train,139.0,81.0,4.0,0.0,8.677411626298253,2.584005064848561,393.0,1.0,0.630126953125
-0.40857777,nine_circle,0.523347,train,222.0,128.0,6.0,0.0,5.805492125897398,2.261474096698352,511.0,1.0,0.527587890625
-0.4144166,hourglass,0.65565115,train,180.0,104.0,7.0,0.0,8.352056295721047,2.5829013681108073,411.0,1.0,0.611572265625
-0.6713036,hexagonal,0.539957,train,208.0,120.0,14.0,0.0,6.268983630880867,2.6116612468514906,430.0,1.0,0.53076171875
-0.59767735,hourglass,0.56878245,train,160.0,84.0,4.0,0.0,8.340905741612575,2.674823360629751,386.0,1.0,0.556640625
-0.5694611,hourglass,0.54354686,train,154.0,89.0,4.0,0.0,8.005379852871917,2.577046010164573,374.0,1.0,0.540283203125
-0.37822258,nine_circle,0.565057,train,156.0,96.0,4.0,0.0,7.156512745212903,2.2773034584549734,448.0,1.0,0.57470703125
-0.46250227,hourglass,0.4444971,train,111.0,56.0,8.0,0.0,8.378040910615894,2.0492457011435725,266.0,1.0,0.437744140625
-0.07326352,reentrant_bowtie,0.5342218,train,157.0,94.0,6.0,0.0,7.2498655046985805,4.252218242059691,377.0,1.0,0.530517578125
-1.2845051,reentrant_bowtie,0.55685,train,201.0,119.0,7.0,0.0,7.595165920655602,4.304209636525447,376.0,1.0,0.557373046875
-0.526822,hourglass,0.3750112,train,96.0,48.0,8.0,0.0,6.947384156114682,1.595200363019488,259.0,1.0,0.3681640625
-0.5224632,hourglass,0.37600952,train,96.0,48.0,8.0,0.0,6.947384156114682,1.595200363019488,259.0,1.0,0.3681640625
-0.40080518,square,0.581111,train,634.0,355.0,16.0,0.0,4.195223756387406,1.9899361953378538,795.0,1.0,0.577880859375
-0.66282916,hourglass,0.69040805,train,143.0,82.0,11.0,0.0,9.765080330357899,2.862601647616956,312.0,1.0,0.61083984375
-0.2967682,cross_rectangular,0.597404,train,305.0,187.0,5.0,0.0,5.797907405660612,2.0374461977237366,532.0,1.0,0.603271484375
-0.52947104,hourglass,0.4979314,train,121.0,65.0,8.0,0.0,9.559496247610662,2.087220521934577,262.0,1.0,0.49365234375
-0.46011034,hourglass,0.36759225,train,88.0,44.0,8.0,0.0,6.94253897417171,1.717393829466861,263.0,1.0,0.3583984375
-0.47627708,hourglass,0.38083372,train,92.0,46.0,8.0,0.0,7.016405458908948,1.5389964375034528,259.0,1.0,0.37255859375
-0.6412618,hourglass,0.519929,train,141.0,75.0,4.0,0.0,8.299393819799823,2.551926217044424,362.0,1.0,0.515869140625
-0.5131668,hourglass,0.5130358,train,155.0,83.0,10.0,0.0,8.650813470937303,2.514223742607601,304.0,1.0,0.51123046875
-0.17841282,hourglass,0.30396953,train,59.0,31.0,9.0,0.0,5.553738040423564,1.2944801341551393,254.0,1.0,0.293212890625
-0.4215079,square,0.522768,train,284.0,158.0,12.0,0.0,5.955676561420848,2.1038847493082486,502.0,1.0,0.539794921875
-0.7018786,hourglass,0.6708138,train,155.0,91.0,5.0,0.0,8.408271528015439,2.4093206412381107,389.0,1.0,0.620361328125
-0.25437164,four_circle,0.696966,train,408.0,230.0,16.0,0.0,7.678789886564293,3.0331796431918048,561.0,1.0,0.692138671875
