Iteration,Poisson_v12,Poisson_v21,Objective,Volume_Fraction
0,nan,nan,nan,0.905200
1,0.381665,0.381665,8.493244,0.806146
2,0.385904,0.385904,9.231389,0.707093
3,0.385904,0.385904,11.157004,0.608039
4,0.385904,0.385904,12.981339,0.508985
5,0.385904,0.385904,14.438403,0.409932
6,0.385904,0.385904,15.126375,0.310878
7,0.385904,0.385904,14.492193,0.211825
8,0.385904,0.385904,11.882529,0.112771
9,0.385904,0.385904,6.828162,0.013717
10,0.385904,0.385904,0.471532,0.000000
11,0.000000,0.000000,0.000000,0.000000
12,0.000000,0.000000,0.000000,0.000000
13,0.000000,0.000000,0.000000,0.000000
14,0.000000,0.000000,0.000000,0.000000
15,0.000000,0.000000,0.000000,0.000000
