{
  "batch_id": 2,
  "strategy": "design_df",
  "n_samples": 600,
  "n_total_tasks": 600,
  "n_success": 600,
  "n_converged": 600,
  "n_workers": 10,
  "elapsed_time": 2680.9,
  "output_dir": "outputs/multi_batch/batch_2",
  "best_per_combo": {
    "circle/auxetic": {
      "sample_id": 0,
      "seed": "circle",
      "objective": "auxetic",
      "obj_value": 0.09220332823505217,
      "v12": -0.5082078812512393,
      "v21": -0.5179703860283393
    },
    "cross_rectangular/auxetic": {
      "sample_id": 222,
      "seed": "cross_rectangular",
      "objective": "auxetic",
      "obj_value": 1.7222748551204958,
      "v12": -0.47969393661101495,
      "v21": -0.5522841077065538
    },
    "hexagonal/auxetic": {
      "sample_id": 321,
      "seed": "hexagonal",
      "objective": "auxetic",
      "obj_value": 1.5719682129306207,
      "v12": -0.5034836138300207,
      "v21": -0.45502498431032795
    },
    "hourglass/auxetic": {
      "sample_id": 441,
      "seed": "hourglass",
      "objective": "auxetic",
      "obj_value": 0.8453258065734153,
      "v12": -0.4518138072728778,
      "v21": -0.34845442483069156
    },
    "square/auxetic": {
      "sample_id": 554,
      "seed": "square",
      "objective": "auxetic",
      "obj_value": 0.11193890905321391,
      "v12": -0.5187780423454852,
      "v21": -0.518778042345884
    }
  },
  "timestamp": "2026-07-16T14:05:49.729120"
}