Iteration,Poisson_v12,Poisson_v21,Objective,Volume_Fraction
0,nan,nan,nan,0.538800
1,0.474944,0.474944,38.091211,0.502106
2,0.446576,0.446576,64.016774,0.502105
3,0.451742,0.451742,57.816256,0.502107
4,0.455479,0.455479,53.601009,0.502105
5,0.454752,0.454752,52.265803,0.502106
6,0.454205,0.454205,52.141771,0.502107
7,0.453925,0.453925,52.092261,0.502106
8,0.453877,0.453877,52.083880,0.502107
9,0.453881,0.453881,52.083670,0.502107
10,0.453882,0.453882,52.083677,0.502106
11,0.453882,0.453882,52.083735,0.502106
12,0.453882,0.453882,52.083689,0.502107
