Iteration,Poisson_v12,Poisson_v21,Objective,Volume_Fraction
0,nan,nan,nan,0.207557
1,0.348587,0.536995,-63.301902,0.000000
2,0.000000,0.000000,-65.288490,0.000000
3,0.000000,0.000000,-65.288490,0.000000
4,0.000000,0.000000,-65.288490,0.000000
5,0.000000,0.000000,-65.288490,0.000000
6,0.000000,0.000000,-65.288490,0.000000
7,0.000000,0.000000,-65.288490,0.000000
8,0.000000,0.000000,-65.288490,0.000000
9,0.000000,0.000000,-65.288490,0.000000
