Iteration,Poisson_v12,Poisson_v21,Objective,Volume_Fraction
0,nan,nan,nan,0.903600
1,-1.000000,-1.000000,1.000000,0.745183
2,-1.000000,-1.000000,1.000000,0.586766
3,-1.000000,-1.000000,1.000000,0.430238
4,-1.000000,-1.000000,1.000000,0.293004
5,-1.000000,-1.000000,1.000000,0.166136
6,-1.000000,-1.000000,1.000000,0.111438
7,-1.000000,-1.000000,1.000000,0.119934
8,-1.000000,-1.000000,1.000000,0.124060
9,-0.997477,-0.997939,0.997477,0.116971
10,-0.993153,-0.994884,0.993153,0.137546
11,-0.990776,-0.993599,0.990776,0.153595
12,-0.990446,-0.993958,0.990446,0.166362
13,-0.989838,-0.993878,0.989838,0.176273
14,-0.989620,-0.993776,0.989620,0.185933
15,-0.989517,-0.994255,0.989517,0.188770
16,-0.989267,-0.994151,0.989267,0.189800
17,-0.989101,-0.994246,0.989101,0.191973
18,-0.988939,-0.993859,0.988939,0.195167
19,-0.989085,-0.994409,0.989085,0.194163
20,-0.989012,-0.994215,0.989012,0.194703
