{
  "overall": {
    "v12": {
      "r2": 0.9099476337432861,
      "mae": 0.037329964339733124
    },
    "v21": {
      "r2": 0.9107108116149902,
      "mae": 0.03631468862295151
    },
    "volfrac_achieved": {
      "r2": 0.9817305207252502,
      "mae": 0.007433771155774593
    }
  },
  "per_seed": {
    "circle": {
      "n": 108,
      "mae_v12": 0.03517713397741318,
      "mae_v21": 0.03566453233361244
    },
    "circle_half_quarter": {
      "n": 108,
      "mae_v12": 0.029396697878837585,
      "mae_v21": 0.027010388672351837
    },
    "cross_rectangular": {
      "n": 108,
      "mae_v12": 0.035003114491701126,
      "mae_v21": 0.03415365144610405
    },
    "four_circle": {
      "n": 108,
      "mae_v12": 0.04890734329819679,
      "mae_v21": 0.050973206758499146
    },
    "grid_circular_voids": {
      "n": 108,
      "mae_v12": 0.034542206674814224,
      "mae_v21": 0.03351205959916115
    },
    "hexagonal": {
      "n": 105,
      "mae_v12": 0.043776411563158035,
      "mae_v21": 0.04535212367773056
    },
    "hourglass": {
      "n": 107,
      "mae_v12": 0.04002232477068901,
      "mae_v21": 0.035803914070129395
    },
    "nine_circle": {
      "n": 108,
      "mae_v12": 0.02925138548016548,
      "mae_v21": 0.029215432703495026
    },
    "reentrant_bowtie": {
      "n": 108,
      "mae_v12": 0.02148282714188099,
      "mae_v21": 0.02184567227959633
    },
    "small_square_cross": {
      "n": 108,
      "mae_v12": 0.045513816177845,
      "mae_v21": 0.043842438608407974
    },
    "square": {
      "n": 108,
      "mae_v12": 0.047760337591171265,
      "mae_v21": 0.04233443737030029
    }
  },
  "per_v12_bin": {
    "[-0.8,-0.6)": {
      "n": 1,
      "mae_v12": 0.24434137344360352
    },
    "[-0.6,-0.4)": {
      "n": 211,
      "mae_v12": 0.04622264206409454
    },
    "[-0.4,-0.2)": {
      "n": 483,
      "mae_v12": 0.03622359782457352
    },
    "[-0.2,0.0)": {
      "n": 280,
      "mae_v12": 0.03937232121825218
    },
    "[0.0,0.5)": {
      "n": 209,
      "mae_v12": 0.027182336896657944
    }
  }
}