{
  "metadata": {
    "objective": "first",
    "seed": "hexagonal",
    "timestamp": "2026-06-01T19:41:20.536366",
    "n_samples": 30,
    "n_success": 30
  },
  "analysis": {
    "param_names": [
      "volfrac",
      "penal",
      "rmin",
      "move",
      "void_size_frac",
      "rotation_deg",
      "beta"
    ],
    "correlations": [
      -0.3899888765294772,
      -0.24582869855394882,
      0.3414905450500556,
      -0.41045606229143494,
      0.03225806451612903,
      -0.04516129032258065,
      -0.696106785317019
    ],
    "p_values": [
      0.03313294270108102,
      0.19038286009853816,
      0.0647605499254224,
      0.02426193442561443,
      0.8656229259026104,
      0.8126811295123841,
      1.940666633727979e-05
    ],
    "top_3": [
      [
        "beta",
        -0.696106785317019,
        1.940666633727979e-05
      ],
      [
        "move",
        -0.41045606229143494,
        0.02426193442561443
      ],
      [
        "volfrac",
        -0.3899888765294772,
        0.03313294270108102
      ]
    ],
    "n_valid": 30
  },
  "results": [
    {
      "sample_id": 0,
      "seed": "hexagonal",
      "objective": "first",
      "params": {
        "volfrac": 0.3896805860192538,
        "penal": 2.808149541366393,
        "rmin": 3.023567013348103,
        "move": 0.2108552664245053,
        "void_size_frac": 0.2150970442018725,
        "rotation_deg": 48.07313294508973,
        "beta": 0.5895544119203859
      },
      "v12": -0.999999999998642,
      "v21": -0.9999999999997187,
      "obj_value": -0.8054816707015033,
      "n_iters": 48,
      "converged": true,
      "elapsed_time": 9.197849988937378,
      "success": true,
      "error": null
    },
    {
      "sample_id": 1,
      "seed": "hexagonal",
      "objective": "first",
      "params": {
        "volfrac": 0.3095191425963073,
        "penal": 3.782918182309927,
        "rmin": 2.7582690103507392,
        "move": 0.08024334979806183,
        "void_size_frac": 0.6845539168525232,
        "rotation_deg": 46.068404639758,
        "beta": 0.7470895354691668
      },
      "v12": -0.999999999998617,
      "v21": -0.9999999999995512,
      "obj_value": -0.7991155740386293,
      "n_iters": 35,
      "converged": true,
      "elapsed_time": 6.578137636184692,
      "success": true,
      "error": null
    },
    {
      "sample_id": 2,
      "seed": "hexagonal",
      "objective": "first",
      "params": {
        "volfrac": 0.540754477348969,
        "penal": 4.836368170428697,
        "rmin": 3.2409025354973613,
        "move": 0.09113485619913186,
        "void_size_frac": 0.3528728138001236,
        "rotation_deg": 19.105006802633806,
        "beta": 0.869676490396585
      },
      "v12": -0.9999999999989337,
      "v21": -1.0000000000001554,
      "obj_value": -1.0367997922845762,
      "n_iters": 49,
      "converged": true,
      "elapsed_time": 9.444504499435425,
      "success": true,
      "error": null
    },
    {
      "sample_id": 3,
      "seed": "hexagonal",
      "objective": "first",
      "params": {
        "volfrac": 0.2886063204249351,
        "penal": 1.0039069300806795,
        "rmin": 4.851146479779634,
        "move": 0.05184680419105199,
        "void_size_frac": 0.3967560215358005,
        "rotation_deg": 28.599836988818897,
        "beta": 0.9382478493685107
      },
      "v12": -0.9963364559044796,
      "v21": -0.9978768087822538,
      "obj_value": -2.952390575166151e-10,
      "n_iters": 108,
      "converged": true,
      "elapsed_time": 20.667423009872437,
      "success": true,
      "error": null
    },
    {
      "sample_id": 4,
      "seed": "hexagonal",
      "objective": "first",
      "params": {
        "volfrac": 0.3046094734390994,
        "penal": 1.575593472901006,
        "rmin": 1.7092063073486972,
        "move": 0.2752707522297149,
        "void_size_frac": 0.3112362440310308,
        "rotation_deg": 25.888620881895395,
        "beta": 1.0812177675489676
      },
      "v12": -0.9688322336095265,
      "v21": -0.9688322353321441,
      "obj_value": -1.4439467861315895e-09,
      "n_iters": 40,
      "converged": true,
      "elapsed_time": 7.464001893997192,
      "success": true,
      "error": null
    },
    {
      "sample_id": 5,
      "seed": "hexagonal",
      "objective": "first",
      "params": {
        "volfrac": 0.4508070485455428,
        "penal": 3.249343799288604,
        "rmin": 3.7540491789623447,
        "move": 0.18977575542457598,
        "void_size_frac": 0.5055031000886248,
        "rotation_deg": 40.68854424338301,
        "beta": 0.3066928721576865
      },
      "v12": -0.999999999999327,
      "v21": -0.999999999999988,
      "obj_value": -1.4022163877173046,
      "n_iters": 36,
      "converged": true,
      "elapsed_time": 7.10275673866272,
      "success": true,
      "error": null
    },
    {
      "sample_id": 6,
      "seed": "hexagonal",
      "objective": "first",
      "params": {
        "volfrac": 0.33732979863997004,
        "penal": 4.691684447815728,
        "rmin": 2.8612900331007998,
        "move": 0.17662696368752667,
        "void_size_frac": 0.6602086936828304,
        "rotation_deg": 59.135015688209265,
        "beta": 0.832700179841001
      },
      "v12": -0.9999999999986618,
      "v21": -0.9999999999996408,
      "obj_value": -0.8313530299150041,
      "n_iters": 28,
      "converged": true,
      "elapsed_time": 5.285114526748657,
      "success": true,
      "error": null
    },
    {
      "sample_id": 7,
      "seed": "hexagonal",
      "objective": "first",
      "params": {
        "volfrac": 0.3848033002185425,
        "penal": 2.5733455730033192,
        "rmin": 3.998772955041499,
        "move": 0.06844229685414885,
        "void_size_frac": 0.6722524857234661,
        "rotation_deg": 9.884503864120994,
        "beta": 0.42877083875912125
      },
      "v12": -0.999999999998913,
      "v21": -0.9999999999998833,
      "obj_value": -1.0164385527622481,
      "n_iters": 35,
      "converged": true,
      "elapsed_time": 6.557492733001709,
      "success": true,
      "error": null
    },
    {
      "sample_id": 8,
      "seed": "hexagonal",
      "objective": "first",
      "params": {
        "volfrac": 0.48721445632615545,
        "penal": 2.6575011738729475,
        "rmin": 4.643367166978724,
        "move": 0.12404558272053355,
        "void_size_frac": 0.23885995063682547,
        "rotation_deg": 4.586711381570602,
        "beta": 0.9573905557407525
      },
      "v12": -0.9999999999984288,
      "v21": -1.0000000000000602,
      "obj_value": -0.7561771171067752,
      "n_iters": 65,
      "converged": true,
      "elapsed_time": 12.482661724090576,
      "success": true,
      "error": null
    },
    {
      "sample_id": 9,
      "seed": "hexagonal",
      "objective": "first",
      "params": {
        "volfrac": 0.45646668190111966,
        "penal": 1.1820375573332544,
        "rmin": 1.5744034332236674,
        "move": 0.26200660699378825,
        "void_size_frac": 0.5449341650322898,
        "rotation_deg": 80.90754649629618,
        "beta": 1.2025313044307055
      },
      "v12": -0.9999999999993298,
      "v21": -0.9999999999999918,
      "obj_value": -3231866845334.8267,
      "n_iters": 150,
      "converged": false,
      "elapsed_time": 28.228355884552002,
      "success": true,
      "error": null
    },
    {
      "sample_id": 10,
      "seed": "hexagonal",
      "objective": "first",
      "params": {
        "volfrac": 0.5571388710290729,
        "penal": 1.3455295141700485,
        "rmin": 3.524432821121972,
        "move": 0.2730505042844555,
        "void_size_frac": 0.44902828763851554,
        "rotation_deg": 38.15584832393401,
        "beta": 1.2482562496893326
      },
      "v12": -0.9999999999994408,
      "v21": -1.0000000000004874,
      "obj_value": -1213071337953803.5,
      "n_iters": 150,
      "converged": false,
      "elapsed_time": 28.267269611358643,
      "success": true,