Iteration,Poisson_v12,Poisson_v21,Objective,Volume_Fraction
0,nan,nan,nan,0.823600
1,0.366716,0.366716,-107.948799,0.773377
2,0.415243,0.415243,-153.840215,0.723155
3,0.415243,0.415243,-182.813115,0.672932
4,0.415243,0.415243,-208.561388,0.622710
5,0.415243,0.415243,-230.787868,0.572487
6,0.415243,0.415243,-249.444827,0.522264
7,0.415243,0.415243,-264.667764,0.472042
8,0.415243,0.415243,-276.720338,0.421819
9,0.415243,0.415243,-285.949228,0.371596
10,0.415243,0.415243,-292.747724,0.321374
11,0.415243,0.415243,-297.526866,0.271151
12,0.415243,0.415243,-300.693000,0.220929
13,0.415243,0.415243,-302.630602,0.170706
14,0.415243,0.415243,-303.689232,0.120483
15,0.415243,0.415243,-304.173427,0.070261
16,0.415244,0.415244,-304.334128,0.020038
17,0.415248,0.415248,-304.359563,0.000000
18,0.000000,0.000000,-304.359819,0.000000
19,0.000000,0.000000,-304.359819,0.000000
20,0.000000,0.000000,-304.359819,0.000000
21,0.000000,0.000000,-304.359819,0.000000
22,0.000000,0.000000,-304.359819,0.000000
