Iteration,Poisson_v12,Poisson_v21,Objective,Volume_Fraction
0,nan,nan,nan,0.882800
1,0.356407,0.356407,-24.301386,0.679460
2,0.364976,0.364976,-56.375196,0.476121
3,0.364976,0.364976,-75.435862,0.272781
4,0.364976,0.364976,-82.409919,0.069441
5,0.364976,0.364976,-83.535938,0.000000
6,0.000000,0.000000,-83.544620,0.000000
7,0.000000,0.000000,-83.544620,0.000000
8,0.000000,0.000000,-83.544620,0.000000
9,0.000000,0.000000,-83.544620,0.000000
10,0.000000,0.000000,-83.544620,0.000000
