Iteration,Poisson_v12,Poisson_v21,Objective,Volume_Fraction
0,nan,nan,nan,0.983600
1,0.253560,0.253560,-76.636267,0.736004
2,0.322286,0.322286,-95.945727,0.488436
3,0.322286,0.322286,-97.070634,0.240868
4,0.322286,0.322286,-97.670152,0.000000
5,0.000000,0.000000,-97.826950,0.000000
6,0.000000,0.000000,-97.826950,0.000000
7,0.000000,0.000000,-97.826950,0.000000
8,0.000000,0.000000,-97.826950,0.000000
9,0.000000,0.000000,-97.826950,0.000000
