Iteration,Poisson_v12,Poisson_v21,Objective,Volume_Fraction
0,nan,nan,nan,0.870000
1,0.362234,0.362234,44.170658,0.612452
2,0.385002,0.385002,76.143174,0.380261
3,0.284203,0.284203,100.132891,0.380260
4,0.138204,0.138204,58.282576,0.380261
5,0.148247,0.148247,35.422712,0.380261
6,0.142681,0.142681,30.506936,0.380261
7,0.138676,0.138676,29.487758,0.380261
8,0.136241,0.136241,29.077648,0.380261
9,0.134112,0.134112,28.903071,0.380260
10,0.132503,0.132503,28.845981,0.380260
11,0.131784,0.131784,28.794794,0.380261
12,0.131308,0.131308,28.753185,0.380261
13,0.130954,0.130954,28.723091,0.380261
14,0.130595,0.130595,28.695153,0.380260
15,0.130016,0.130016,28.690178,0.380261
16,0.129366,0.129366,28.692254,0.380261
17,0.129148,0.129148,28.674591,0.380261
18,0.129180,0.129180,28.646685,0.380260
19,0.129203,0.129203,28.618545,0.380260
20,0.129222,0.129222,28.590224,0.380261
21,0.129238,0.129238,28.561729,0.380261
22,0.129253,0.129253,28.533299,0.380260
23,0.129268,0.129268,28.508119,0.380261
24,0.129287,0.129287,28.489479,0.380261
25,0.129258,0.129258,28.476959,0.380260
26,0.129146,0.129146,28.469121,0.380260
27,0.129035,0.129035,28.460695,0.380261
28,0.128927,0.128927,28.451948,0.380261
29,0.128823,0.128823,28.443005,0.380261
30,0.128724,0.128724,28.433827,0.380260
31,0.128632,0.128632,28.424738,0.380260
32,0.128547,0.128547,28.415354,0.380260
33,0.128478,0.128478,28.408389,0.380261
34,0.128424,0.128424,28.404334,0.380261
35,0.128372,0.128372,28.400236,0.380261
36,0.128323,0.128323,28.395925,0.380260
37,0.128276,0.128276,28.391734,0.380260
38,0.128232,0.128232,28.387163,0.380261
39,0.128192,0.128192,28.382554,0.380261
40,0.128154,0.128154,28.378118,0.380261
41,0.128120,0.128120,28.373541,0.380261
42,0.128089,0.128089,28.369233,0.380261
43,0.128062,0.128062,28.364891,0.380260
44,0.128038,0.128038,28.360960,0.380260
45,0.128016,0.128016,28.356950,0.380260
46,0.127998,0.127998,28.353316,0.380261
47,0.127981,0.127981,28.349574,0.380261
48,0.127958,0.127958,28.346078,0.380261
49,0.127930,0.127930,28.342367,0.380260
50,0.127911,0.127911,28.339663,0.380260
