Iteration,Poisson_v12,Poisson_v21,Objective,Volume_Fraction
0,nan,nan,nan,0.555778
1,0.285714,0.263763,1.945859,0.496171
2,0.133161,0.157620,1.723690,0.597482
3,0.109445,0.105601,1.400106,0.597482
4,0.070372,0.072771,1.384165,0.597482
5,0.116802,0.114349,1.366891,0.597481
6,0.065483,0.086310,1.344189,0.597481
7,0.094276,0.084943,1.281013,0.597483
8,0.085186,0.079618,1.207727,0.597482
9,0.084481,0.073491,1.162787,0.597482
10,0.071837,0.062226,1.127807,0.597482
11,0.063144,0.055159,1.090398,0.595225
12,0.049214,0.044251,1.065855,0.594888
13,0.042108,0.037054,1.048752,0.594947
14,0.034959,0.030607,1.030568,0.594297
15,0.026765,0.023585,1.018465,0.592356
16,0.021199,0.018707,1.009410,0.589876
17,0.014865,0.013222,1.004987,0.587418
18,0.009716,0.008704,1.002584,0.584502
19,0.001938,0.001750,0.996767,0.580129
20,-0.010372,-0.009472,0.997264,0.576506
21,-0.025148,-0.024830,1.003148,0.574464
22,-0.026314,-0.026844,1.020199,0.571681
23,-0.037657,-0.043036,1.022048,0.567219
24,-0.018154,-0.017912,1.059169,0.566395
25,-0.039426,-0.042956,1.028441,0.560663
26,-0.029575,-0.029727,1.070081,0.558742
27,-0.031408,-0.032459,1.085817,0.553004
28,-0.026218,-0.027850,1.160126,0.544378
29,0.000047,0.000048,1.280856,0.532269
30,0.015166,0.014694,1.372767,0.521391
31,0.027918,0.027277,1.458352,0.509328
32,0.037381,0.037113,1.539329,0.496950
33,0.027904,0.027835,1.562371,0.490585
34,0.018993,0.019488,1.566050,0.486092
35,0.022827,0.023957,1.587018,0.481277
36,0.032490,0.033567,1.611354,0.475621
37,0.040114,0.040336,1.634613,0.468081
38,0.051694,0.049826,1.664828,0.458065
39,0.065859,0.061732,1.701987,0.445860
40,0.081794,0.073624,1.748450,0.433024
41,0.091364,0.083464,1.799276,0.415748
42,0.103846,0.085946,1.845975,0.393101
43,0.147611,0.121694,1.938234,0.360412
44,0.132044,0.114142,1.988087,0.322398
45,0.129697,0.061029,2.002866,0.271745
46,0.101538,0.033559,2.002525,0.209600
47,0.106839,0.036997,2.001151,0.156917
48,0.042828,0.015194,2.000439,0.094362
49,0.246459,0.229122,2.000044,0.047730
50,0.311055,0.345355,2.000000,0.021469
51,0.234710,0.310317,2.000000,0.006609
52,0.269646,0.302629,2.000000,0.000678
53,0.297434,0.299046,2.000000,0.000016
54,0.299837,0.299842,2.000000,0.000000
55,0.300000,0.299997,2.000000,0.000000
