Iteration,Poisson_v12,Poisson_v21,Objective,Volume_Fraction
0,nan,nan,nan,0.300460
1,0.366669,0.566377,0.106586,0.200460
2,0.421197,0.539369,0.032250,0.105834
3,0.429916,0.578710,0.004497,0.019794
4,0.429916,0.578710,0.000018,0.000000
5,0.000000,0.000000,0.000000,0.000000
6,0.000000,0.000000,0.000000,0.000000
7,0.000000,0.000000,0.000000,0.000000
8,0.000000,0.000000,0.000000,0.000000
9,0.000000,0.000000,0.000000,0.000000
