{
  "git_hash": "unknown",
  "timestamp": "2026-07-15T11:03:17",
  "version": "1.4.0",
  "params": {
    "volfrac": 0.6008685403790281,
    "penal": 4.5262303536896145,
    "rmin": 1.8057925273300417,
    "move": 0.19978385542584381,
    "void_size_frac": 0.5253485455531874,
    "nelx": 80,
    "nely": 80,
    "ft": 2,
    "E0": 199.0,
    "Emin": 1e-09,
    "nu": 0.3,
    "max_iter": 200,
    "tol_change": 0.01,
    "tol_obj": 0.05,
    "window_size": 20,
    "save_every": 9999,
    "scale_factor": 1,
    "mu": 0.0,
    "beta": 3.0,
    "rotation_deg": 0.0,
    "seed": "reentrant_bowtie",
    "objective": "auxetic"
  }
}