{
  "git_hash": "unknown",
  "timestamp": "2026-07-15T08:23:51",
  "version": "1.4.0",
  "params": {
    "volfrac": 0.6208528569255863,
    "penal": 2.13219097470049,
    "rmin": 2.0130207777410067,
    "move": 0.11987692163760379,
    "void_size_frac": 0.33036390507579994,
    "nelx": 80,
    "nely": 80,
    "ft": 2,
    "E0": 199.0,
    "Emin": 1e-09,
    "nu": 0.3,
    "max_iter": 200,
    "tol_change": 0.01,
    "tol_obj": 0.05,
    "window_size": 20,
    "save_every": 9999,
    "scale_factor": 1,
    "mu": 0.0,
    "beta": 3.0,
    "rotation_deg": 0.0,
    "seed": "four_circle",
    "objective": "auxetic"
  }
}