Iteration,Poisson_v12,Poisson_v21,Objective,Volume_Fraction
0,nan,nan,nan,0.772400
1,-1.000000,-1.000000,1.000000,0.718723
2,-1.000000,-1.000000,1.000000,0.665767
3,-1.000000,-1.000000,1.000000,0.612810
4,-1.000000,-1.000000,1.000000,0.574403
5,-1.000000,-1.000000,1.000000,0.531444
6,-1.000000,-1.000000,1.000000,0.485594
7,-1.000000,-1.000000,1.000000,0.444613
8,-1.000000,-1.000000,1.000000,0.409407
9,-1.000000,-1.000000,1.000000,0.379382
10,-1.000000,-1.000000,1.000000,0.361088
11,-1.000000,-1.000000,1.000000,0.338067
12,-1.000000,-1.000000,1.000000,0.311216
13,-1.000000,-1.000000,1.000000,0.287252
14,-1.000000,-1.000000,1.000000,0.257541
15,-1.000000,-1.000000,1.000000,0.243358
16,-1.000000,-1.000000,1.000000,0.237463
17,-1.000000,-1.000000,1.000000,0.233048
18,-1.000000,-1.000000,1.000000,0.225865
19,-1.000000,-1.000000,1.000000,0.225209
20,-1.000000,-1.000000,1.000000,0.221197
