{
  "git_hash": "ddbe82c",
  "timestamp": "2026-07-11T08:38:38",
  "version": "1.3.0",
  "params": {
    "volfrac": 0.35010673335329473,
    "penal": 2.8007434404516385,
    "rmin": 5.606217354502502,
    "move": 0.27714135973811965,
    "void_size_frac": 0.36315906359365835,
    "rotation_deg": 35.51944380643459,
    "beta_second": 2.166737240106298,
    "nelx": 50,
    "nely": 50,
    "ft": 2,
    "E0": 199.0,
    "Emin": 1e-09,
    "nu": 0.3,
    "max_iter": 150,
    "tol_change": 0.01,
    "tol_obj": 0.05,
    "window_size": 20,
    "save_every": 9999,
    "scale_factor": 1,
    "seed": "circle",
    "objective": "second"
  }
}