{
  "git_hash": "ddbe82c",
  "timestamp": "2026-07-11T07:56:56",
  "version": "1.3.0",
  "params": {
    "volfrac": 0.4618099764102589,
    "penal": 2.7518662477677025,
    "rmin": 5.916654144621145,
    "move": 0.1347401906676745,
    "void_size_frac": 0.42045094878589173,
    "rotation_deg": 46.62159634515623,
    "nelx": 50,
    "nely": 50,
    "ft": 2,
    "E0": 199.0,
    "Emin": 1e-09,
    "nu": 0.3,
    "max_iter": 150,
    "tol_change": 0.01,
    "tol_obj": 0.05,
    "window_size": 20,
    "save_every": 9999,
    "scale_factor": 1,
    "seed": "square",
    "objective": "auxetic"
  }
}