{
  "git_hash": "unknown",
  "timestamp": "2026-07-15T11:02:40",
  "version": "1.4.0",
  "params": {
    "volfrac": 0.46988598064485154,
    "penal": 3.082486447205513,
    "rmin": 2.035530896891713,
    "move": 0.23486905909099887,
    "void_size_frac": 0.4655036200004654,
    "nelx": 80,
    "nely": 80,
    "ft": 2,
    "E0": 199.0,
    "Emin": 1e-09,
    "nu": 0.3,
    "max_iter": 200,
    "tol_change": 0.01,
    "tol_obj": 0.05,
    "window_size": 20,
    "save_every": 9999,
    "scale_factor": 1,
    "mu": 0.0,
    "beta": 3.0,
    "rotation_deg": 0.0,
    "seed": "reentrant_bowtie",
    "objective": "auxetic"
  }
}