Iteration,Poisson_v12,Poisson_v21,Objective,Volume_Fraction
0,nan,nan,nan,0.739600
1,-1.000000,-1.000000,167.626654,0.612083
2,-1.000000,-1.000000,253.785359,0.484565
3,-1.000000,-1.000000,285.648316,0.405342
4,-1.000000,-1.000000,291.992970,0.405342
5,-1.000000,-1.000000,282.339313,0.405342
6,-1.000000,-1.000000,270.231360,0.405342
7,-1.000000,-1.000000,257.022484,0.405342
8,-1.000000,-1.000000,247.588058,0.405342
9,-1.000000,-1.000000,243.983837,0.405342
10,-1.000000,-1.000000,241.632306,0.405342
11,-1.000000,-1.000000,240.412048,0.405342
12,-1.000000,-1.000000,239.561037,0.405342
13,-1.000000,-1.000000,238.873404,0.405342
14,-1.000000,-1.000000,238.308909,0.405342
15,-1.000000,-1.000000,237.838893,0.405342
16,-1.000000,-1.000000,237.471983,0.405342
17,-1.000000,-1.000000,237.203504,0.405342
18,-1.000000,-1.000000,236.963813,0.405342
19,-1.000000,-1.000000,236.826582,0.405342
20,-1.000000,-1.000000,236.740522,0.405342
21,-1.000000,-1.000000,236.668427,0.405342
22,-1.000000,-1.000000,236.591846,0.405342
