Iteration,Poisson_v12,Poisson_v21,Objective,Volume_Fraction
0,nan,nan,nan,0.906800
1,0.347818,0.326834,-319.670083,0.776721
2,0.366309,0.352154,-414.992901,0.646642
3,0.366309,0.352154,-483.144370,0.516563
4,0.366309,0.352154,-519.165737,0.386484
5,0.366309,0.352154,-534.746193,0.256405
6,0.366309,0.352154,-539.748698,0.126326
7,0.366309,0.352154,-540.669957,0.000000
8,0.000000,0.000000,-540.711197,0.000000
9,0.000000,0.000000,-540.711197,0.000000
10,0.000000,0.000000,-540.711197,0.000000
11,0.000000,0.000000,-540.711197,0.000000
12,0.000000,0.000000,-540.711197,0.000000
