{
  "git_hash": "ddbe82c",
  "timestamp": "2026-07-11T08:40:12",
  "version": "1.3.0",
  "params": {
    "volfrac": 0.5972049376678332,
    "penal": 4.450035036733002,
    "rmin": 2.380356533428543,
    "move": 0.14344838163549956,
    "void_size_frac": 0.2533355709705529,
    "rotation_deg": 86.45071243309026,
    "beta_second": 2.2799703525519064,
    "nelx": 50,
    "nely": 50,
    "ft": 2,
    "E0": 199.0,
    "Emin": 1e-09,
    "nu": 0.3,
    "max_iter": 150,
    "tol_change": 0.01,
    "tol_obj": 0.05,
    "window_size": 20,
    "save_every": 9999,
    "scale_factor": 1,
    "seed": "hexagonal",
    "objective": "second"
  }
}