Iteration,Poisson_v12,Poisson_v21,Objective,Volume_Fraction
0,nan,nan,nan,0.668400
1,-1.000000,-1.000000,1.000000,0.587936
2,-1.000000,-1.000000,1.000000,0.507472
3,-1.000000,-1.000000,1.000000,0.427008
4,-1.000000,-1.000000,1.000000,0.346544
5,-1.000000,-1.000000,1.000000,0.285024
6,-1.000000,-1.000000,1.000000,0.228199
7,-1.000000,-1.000000,1.000000,0.176413
8,-1.000000,-1.000000,1.000000,0.142155
9,-1.000000,-1.000000,1.000000,0.126529
10,-1.000000,-1.000000,1.000000,0.136027
11,-0.996751,-0.998608,0.996751,0.161495
12,-0.996731,-0.998905,0.996731,0.180764
13,-0.996638,-0.999097,0.996638,0.199835
14,-0.995018,-0.999140,0.995018,0.217029
15,-0.995036,-0.999353,0.995036,0.231280
16,-0.994842,-0.999706,0.994842,0.240471
17,-0.994996,-0.999861,0.994996,0.245697
18,-0.994760,-0.999882,0.994760,0.247578
19,-0.994750,-0.999760,0.994750,0.248774
20,-0.994772,-0.999858,0.994772,0.251242
