{
  "git_hash": "e6455de",
  "timestamp": "2026-07-12T23:30:12",
  "version": "1.3.0",
  "params": {
    "volfrac": 0.3723161076774086,
    "penal": 1.4138452304213645,
    "rmin": 3.8099584851668977,
    "move": 0.12038303213717459,
    "void_size_frac": 0.42891424258864563,
    "rotation_deg": 15.983279720880565,
    "nelx": 50,
    "nely": 50,
    "ft": 2,
    "E0": 199.0,
    "Emin": 1e-09,
    "nu": 0.3,
    "max_iter": 150,
    "tol_change": 0.01,
    "tol_obj": 0.05,
    "window_size": 20,
    "save_every": 9999,
    "scale_factor": 1,
    "mu": 0.2,
    "seed": "cross_rectangular",
    "objective": "auxetic"
  }
}