Iteration,Poisson_v12,Poisson_v21,Objective,Volume_Fraction
0,nan,nan,nan,0.807600
1,-1.000000,-1.000000,-4.239485,0.654337
2,-1.000000,-1.000000,-1.396203,0.501074
3,-1.000000,-1.000000,-0.522217,0.450807
4,-1.000000,-1.000000,-0.595403,0.450807
5,-1.000000,-1.000000,-0.792562,0.450807
6,-1.000000,-1.000000,-0.934420,0.450807
7,-1.000000,-1.000000,-1.061219,0.450807
8,-1.000000,-1.000000,-1.168665,0.450807
9,-1.000000,-1.000000,-1.281267,0.450807
10,-1.000000,-1.000000,-1.381070,0.450807
11,-1.000000,-1.000000,-1.435887,0.450807
12,-1.000000,-1.000000,-1.454407,0.450807
13,-1.000000,-1.000000,-1.462741,0.450807
14,-1.000000,-1.000000,-1.466969,0.450807
15,-1.000000,-1.000000,-1.469780,0.450807
16,-1.000000,-1.000000,-1.471932,0.450807
17,-1.000000,-1.000000,-1.473700,0.450807
18,-1.000000,-1.000000,-1.475162,0.450807
19,-1.000000,-1.000000,-1.476307,0.450807
20,-1.000000,-1.000000,-1.477204,0.450807
21,-1.000000,-1.000000,-1.477942,0.450807
22,-1.000000,-1.000000,-1.478589,0.450807
23,-1.000000,-1.000000,-1.479139,0.450807
24,-1.000000,-1.000000,-1.479614,0.450807
25,-1.000000,-1.000000,-1.480031,0.450807
26,-1.000000,-1.000000,-1.480391,0.450807
27,-1.000000,-1.000000,-1.480710,0.450807
28,-1.000000,-1.000000,-1.480964,0.450807
29,-1.000000,-1.000000,-1.481161,0.450807
