Iteration,Poisson_v12,Poisson_v21,Objective,Volume_Fraction
0,nan,nan,nan,0.951600
1,0.281075,0.281075,17.251229,0.696646
2,0.329617,0.329617,29.554127,0.441693
3,0.329617,0.329617,36.466734,0.219327
4,0.291011,0.291011,36.826788,0.219328
5,0.318237,0.318237,29.205784,0.219328
6,0.303761,0.303761,15.624267,0.219327
7,0.300045,0.300045,7.973147,0.219326
8,0.300000,0.300000,7.079061,0.219328
9,0.300000,0.300000,6.923603,0.219326
10,0.300000,0.300000,6.884208,0.219328
11,0.300000,0.300000,6.870696,0.219328
12,0.300000,0.300000,6.861693,0.219327
13,0.300000,0.300000,6.854463,0.219328
14,0.300000,0.300000,6.847551,0.219327
15,0.300000,0.300000,6.840440,0.219327
16,0.300000,0.300000,6.832370,0.219327
17,0.300000,0.300000,6.823230,0.219326
18,0.300000,0.300000,6.812984,0.219328
19,0.300000,0.300000,6.801924,0.219327
20,0.300000,0.300000,6.791275,0.219327
21,0.300000,0.300000,6.781283,0.219326
22,0.300000,0.300000,6.772686,0.219328
23,0.300000,0.300000,6.765041,0.219327
24,0.300000,0.300000,6.758249,0.219327
25,0.300000,0.300000,6.752407,0.219327
26,0.300000,0.300000,6.748314,0.219327
27,0.300000,0.300000,6.744066,0.219327
28,0.300000,0.300000,6.739609,0.219327
29,0.300000,0.300000,6.736759,0.219327
30,0.300000,0.300000,6.733580,0.219327
31,0.300000,0.300000,6.729718,0.219327
32,0.300000,0.300000,6.725193,0.219326
33,0.300000,0.300000,6.719812,0.219327
34,0.300000,0.300000,6.713421,0.219328
35,0.300000,0.300000,6.706268,0.219327
36,0.300000,0.300000,6.701240,0.219326
37,0.300000,0.300000,6.699123,0.219327
38,0.300000,0.300000,6.696496,0.219327
39,0.300000,0.300000,6.693596,0.219327
40,0.300000,0.300000,6.690446,0.219326
41,0.300000,0.300000,6.687157,0.219326
42,0.300000,0.300000,6.683758,0.219327
43,0.300000,0.300000,6.680482,0.219328
44,0.300000,0.300000,6.677416,0.219328
45,0.300000,0.300000,6.674627,0.219327
46,0.300000,0.300000,6.672006,0.219327
47,0.300000,0.300000,6.669124,0.219327
48,0.300000,0.300000,6.665716,0.219327
49,0.300000,0.300000,6.661452,0.219327
50,0.300000,0.300000,6.655746,0.219327
51,0.300000,0.300000,6.647697,0.219328
52,0.300000,0.300000,6.637059,0.219327
53,0.300000,0.300000,6.630479,0.219327
54,0.300000,0.300000,6.629277,0.219328
55,0.300000,0.300000,6.627756,0.219327
56,0.300000,0.300000,6.627009,0.219328
