Iteration,Poisson_v12,Poisson_v21,Objective,Volume_Fraction
0,nan,nan,nan,0.336426
1,0.366669,0.566377,0.149627,0.236426
2,0.416702,0.532642,0.049350,0.139102
3,0.429916,0.578710,0.010211,0.053062
4,0.429916,0.578710,0.000348,0.000000
5,0.000000,0.000000,0.000000,0.000000
6,0.000000,0.000000,0.000000,0.000000
7,0.000000,0.000000,0.000000,0.000000
8,0.000000,0.000000,0.000000,0.000000
9,0.000000,0.000000,0.000000,0.000000
