Iteration,Poisson_v12,Poisson_v21,Objective,Volume_Fraction
0,nan,nan,nan,0.648000
1,0.065869,0.065869,-30.721083,0.505389
2,0.066104,0.066104,-81.234141,0.362708
3,0.066104,0.066104,-124.182245,0.220028
4,0.066104,0.066104,-155.196368,0.077347
5,0.066104,0.066104,-170.606113,0.000000
6,0.000000,0.000000,-172.476384,0.000000
7,0.000000,0.000000,-172.476384,0.000000
8,0.000000,0.000000,-172.476384,0.000000
9,0.000000,0.000000,-172.476384,0.000000
10,0.000000,0.000000,-172.476384,0.000000
