Iteration,Poisson_v12,Poisson_v21,Objective,Volume_Fraction
0,nan,nan,nan,0.846400
1,0.135688,0.135690,-82.277731,0.660108
2,0.136645,0.136647,-127.738584,0.473748
3,0.136645,0.136647,-164.369587,0.287387
4,0.136645,0.136647,-189.606959,0.101026
5,0.136645,0.136647,-201.865405,0.000000
6,0.000000,0.000000,-203.342207,0.000000
7,0.000000,0.000000,-203.342207,0.000000
8,0.000000,0.000000,-203.342207,0.000000
9,0.000000,0.000000,-203.342207,0.000000
10,0.000000,0.000000,-203.342207,0.000000
