Iteration,Poisson_v12,Poisson_v21,Objective,Volume_Fraction
0,nan,nan,nan,0.981200
1,0.246666,0.319286,-408.356301,0.726502
2,0.315881,0.352078,-438.993526,0.471805
3,0.315881,0.352078,-457.790448,0.217107
4,0.315881,0.352078,-463.207968,0.000000
5,0.000000,0.000000,-463.642470,0.000000
6,0.000000,0.000000,-463.642470,0.000000
7,0.000000,0.000000,-463.642470,0.000000
8,0.000000,0.000000,-463.642470,0.000000
9,0.000000,0.000000,-463.642470,0.000000
