Iteration,Poisson_v12,Poisson_v21,Objective,Volume_Fraction
0,nan,nan,nan,0.972400
1,-1.000000,-1.000000,11.220851,0.880830
2,-1.000000,-1.000000,41.731491,0.789260
3,-1.000000,-1.000000,76.859408,0.697690
4,-1.000000,-1.000000,111.377965,0.606120
5,-1.000000,-1.000000,141.925172,0.514550
6,-1.000000,-1.000000,166.730496,0.422980
7,-1.000000,-1.000000,185.224665,0.371760
8,-1.000000,-1.000000,192.264516,0.371760
9,-1.000000,-1.000000,192.276959,0.371760
10,-1.000000,-1.000000,192.950451,0.371760
11,-1.000000,-1.000000,195.036142,0.371760
12,-1.000000,-1.000000,197.346747,0.371760
13,-1.000000,-1.000000,199.475101,0.371760
14,-1.000000,-1.000000,201.642556,0.371760
15,-1.000000,-1.000000,203.489793,0.371760
16,-1.000000,-1.000000,203.985358,0.371760
17,-1.000000,-1.000000,204.693398,0.371760
18,-1.000000,-1.000000,205.564575,0.371760
19,-1.000000,-1.000000,206.629911,0.371760
20,-1.000000,-1.000000,207.673184,0.371760
21,-1.000000,-1.000000,208.496885,0.371760
22,-1.000000,-1.000000,208.830523,0.371760
23,-1.000000,-1.000000,208.729694,0.371760
24,-1.000000,-1.000000,208.813713,0.371760
25,-1.000000,-1.000000,208.877954,0.371760
26,-1.000000,-1.000000,208.805041,0.371760
