{
  "git_hash": "ddbe82c",
  "timestamp": "2026-07-11T08:41:37",
  "version": "1.3.0",
  "params": {
    "volfrac": 0.3690559527830359,
    "penal": 2.9230481868360387,
    "rmin": 1.2091419309292393,
    "move": 0.19650146433094623,
    "void_size_frac": 0.40040478023124293,
    "rotation_deg": 79.2554825207741,
    "beta_second": 1.5088499638413682,
    "nelx": 50,
    "nely": 50,
    "ft": 2,
    "E0": 199.0,
    "Emin": 1e-09,
    "nu": 0.3,
    "max_iter": 150,
    "tol_change": 0.01,
    "tol_obj": 0.05,
    "window_size": 20,
    "save_every": 9999,
    "scale_factor": 1,
    "seed": "small_square_cross",
    "objective": "second"
  }
}