Iteration,Poisson_v12,Poisson_v21,Objective,Volume_Fraction
0,nan,nan,nan,0.456711
1,0.373822,0.577527,0.560128,0.199100
2,0.434829,0.570272,0.077689,0.000000
3,0.000000,0.000000,0.000000,0.000000
4,0.000000,0.000000,0.000000,0.000000
5,0.000000,0.000000,0.000000,0.000000
6,0.000000,0.000000,0.000000,0.000000
7,0.000000,0.000000,0.000000,0.000000
8,0.000000,0.000000,0.000000,0.000000
9,0.000000,0.000000,0.000000,0.000000
