Iteration,Poisson_v12,Poisson_v21,Objective,Volume_Fraction
0,nan,nan,nan,0.500400
1,-1.000000,-1.000000,280.739378,0.415658
2,-1.000000,-1.000000,300.115675,0.405342
3,-1.000000,-1.000000,299.298541,0.405342
4,-1.000000,-1.000000,299.255940,0.405342
5,-1.000000,-1.000000,299.838032,0.405342
6,-1.000000,-1.000000,299.921938,0.405342
7,-1.000000,-1.000000,299.869251,0.405342
8,-1.000000,-1.000000,299.861906,0.405342
9,-1.000000,-1.000000,299.850590,0.405342
10,-1.000000,-1.000000,299.834665,0.405342
11,-1.000000,-1.000000,299.810827,0.405342
12,-1.000000,-1.000000,299.784750,0.405342
13,-1.000000,-1.000000,299.763615,0.405342
14,-1.000000,-1.000000,299.744373,0.405342
15,-1.000000,-1.000000,299.730585,0.405342
16,-1.000000,-1.000000,299.722243,0.405342
17,-1.000000,-1.000000,299.715756,0.405342
18,-1.000000,-1.000000,299.710154,0.405342
19,-1.000000,-1.000000,299.705512,0.405342
20,-1.000000,-1.000000,299.702304,0.405342
21,-1.000000,-1.000000,299.699779,0.405342
