{
  "git_hash": "e6455de",
  "timestamp": "2026-07-12T23:36:01",
  "version": "1.3.0",
  "params": {
    "volfrac": 0.41554536041449686,
    "penal": 4.380020453126024,
    "rmin": 2.8192592798100184,
    "move": 0.2882016049819116,
    "void_size_frac": 0.15958385826138108,
    "rotation_deg": 25.51802754226644,
    "nelx": 50,
    "nely": 50,
    "ft": 2,
    "E0": 199.0,
    "Emin": 1e-09,
    "nu": 0.3,
    "max_iter": 150,
    "tol_change": 0.01,
    "tol_obj": 0.05,
    "window_size": 20,
    "save_every": 9999,
    "scale_factor": 1,
    "mu": 0.2,
    "seed": "circle_half_quarter",
    "objective": "auxetic"
  }
}