{
  "git_hash": "ddbe82c",
  "timestamp": "2026-07-11T08:30:21",
  "version": "1.3.0",
  "params": {
    "volfrac": 0.4710110868923234,
    "penal": 1.278099764102589,
    "rmin": 2.489832809709628,
    "move": 0.1108327072310572,
    "void_size_frac": 0.3596882288012094,
    "rotation_deg": 63.1352846357675,
    "beta": 0.585621284602083,
    "nelx": 50,
    "nely": 50,
    "ft": 2,
    "E0": 199.0,
    "Emin": 1e-09,
    "nu": 0.3,
    "max_iter": 150,
    "tol_change": 0.01,
    "tol_obj": 0.05,
    "window_size": 20,
    "save_every": 9999,
    "scale_factor": 1,
    "seed": "nine_circle",
    "objective": "first"
  }
}