{
  "git_hash": "ddbe82c",
  "timestamp": "2026-07-11T08:40:39",
  "version": "1.3.0",
  "params": {
    "volfrac": 0.48084881997959,
    "penal": 1.158885096983344,
    "rmin": 2.1770343970001145,
    "move": 0.2293408889110674,
    "void_size_frac": 0.2719340479583229,
    "rotation_deg": 48.380701491668646,
    "beta_second": 1.8397468027351747,
    "nelx": 50,
    "nely": 50,
    "ft": 2,
    "E0": 199.0,
    "Emin": 1e-09,
    "nu": 0.3,
    "max_iter": 150,
    "tol_change": 0.01,
    "tol_obj": 0.05,
    "window_size": 20,
    "save_every": 9999,
    "scale_factor": 1,
    "seed": "nine_circle",
    "objective": "second"
  }
}