Iteration,Poisson_v12,Poisson_v21,Objective,Volume_Fraction
0,nan,nan,nan,0.888000
1,-1.000000,-1.000000,1.000000,0.736708
2,-1.000000,-1.000000,1.000000,0.585537
3,-1.000000,-1.000000,1.000000,0.434367
4,-1.000000,-1.000000,1.000000,0.350598
5,-1.000000,-1.000000,1.000000,0.258210
6,-1.000000,-1.000000,1.000000,0.164083
7,-1.000000,-1.000000,1.000000,0.137555
8,-0.999998,-0.999999,0.999998,0.139745
9,-0.983457,-0.986860,0.983457,0.140228
10,-0.980980,-0.984837,0.980980,0.153597
11,-0.980474,-0.987058,0.980474,0.149210
12,-0.980828,-0.985870,0.980828,0.152059
13,-0.980458,-0.987484,0.980458,0.146225
14,-0.980236,-0.987053,0.980236,0.150058
15,-0.980849,-0.987494,0.980849,0.151450
16,-0.980309,-0.987052,0.980309,0.149373
17,-0.980177,-0.987684,0.980177,0.147995
18,-0.980071,-0.986898,0.980071,0.150555
19,-0.979922,-0.988518,0.979922,0.153080
20,-0.980087,-0.988271,0.980087,0.153067
