Iteration,Poisson_v12,Poisson_v21,Objective,Volume_Fraction
0,nan,nan,nan,0.330302
1,0.366669,0.566377,0.141603,0.230302
2,0.417412,0.533665,0.046111,0.133437
3,0.429916,0.578710,0.009013,0.047397
4,0.429916,0.578710,0.000248,0.000000
5,0.000000,0.000000,0.000000,0.000000
6,0.000000,0.000000,0.000000,0.000000
7,0.000000,0.000000,0.000000,0.000000
8,0.000000,0.000000,0.000000,0.000000
9,0.000000,0.000000,0.000000,0.000000
