Iteration,Poisson_v12,Poisson_v21,Objective,Volume_Fraction
0,nan,nan,nan,0.732400
1,-1.000000,-1.000000,1.000000,0.639438
2,-1.000000,-1.000000,1.000000,0.546476
3,-1.000000,-1.000000,1.000000,0.453514
4,-1.000000,-1.000000,1.000000,0.385331
5,-1.000000,-1.000000,1.000000,0.318573
6,-1.000000,-1.000000,1.000000,0.259149
7,-1.000000,-1.000000,1.000000,0.207565
8,-1.000000,-1.000000,1.000000,0.169167
9,-1.000000,-1.000000,1.000000,0.162859
10,-1.000000,-1.000000,1.000000,0.162321
11,-1.000000,-1.000000,1.000000,0.164690
12,-1.000000,-1.000000,1.000000,0.169092
13,-1.000000,-1.000000,1.000000,0.177587
14,-0.995364,-0.998785,0.995364,0.193353
15,-0.991329,-0.997399,0.991329,0.201312
16,-0.989982,-0.997179,0.989982,0.208350
17,-0.989446,-0.997129,0.989446,0.211829
18,-0.989290,-0.997180,0.989290,0.214991
19,-0.989290,-0.997513,0.989290,0.216220
20,-0.988923,-0.997664,0.988923,0.216348
