Iteration,Poisson_v12,Poisson_v21,Objective,Volume_Fraction
0,nan,nan,nan,0.918000
1,0.321961,0.321961,104.805327,0.811368
2,0.328573,0.328573,122.373760,0.704736
3,0.328573,0.328573,136.093369,0.598104
4,0.328573,0.328573,148.815639,0.491472
5,0.328573,0.328573,160.255249,0.487749
6,0.106747,0.106747,149.707384,0.487750
7,0.103732,0.103732,121.953795,0.487751
8,0.134951,0.134951,89.280357,0.487750
9,0.153596,0.153596,61.078492,0.487750
10,0.154186,0.154186,57.758359,0.487750
11,0.152959,0.152959,56.033149,0.487751
12,0.152652,0.152652,55.388826,0.487750
13,0.153264,0.153264,55.177167,0.487750
14,0.153900,0.153900,55.094262,0.487750
15,0.154297,0.154297,55.091083,0.487751
16,0.154386,0.154386,55.147512,0.487751
17,0.154164,0.154163,55.212668,0.487751
18,0.153958,0.153958,55.276604,0.487749
19,0.153622,0.153622,55.356307,0.487751
20,0.153181,0.153181,55.448801,0.487750
21,0.152638,0.152638,55.545511,0.487750
22,0.151988,0.151987,55.627913,0.487751
23,0.151456,0.151456,55.672382,0.487750
24,0.150615,0.150615,55.704138,0.487750
25,0.149537,0.149537,55.702242,0.487750
26,0.148163,0.148162,55.659820,0.487750
27,0.146517,0.146516,55.592447,0.487750
28,0.145343,0.145343,55.483318,0.487750
29,0.144775,0.144775,55.345854,0.487751
30,0.144427,0.144426,55.169892,0.487751
31,0.144570,0.144571,54.946224,0.487749
32,0.145193,0.145195,54.692638,0.487749
33,0.145921,0.145921,54.446458,0.487750
34,0.146481,0.146482,54.225575,0.487750
35,0.146751,0.146752,54.104191,0.487749
36,0.146964,0.146964,54.000267,0.487750
37,0.147185,0.147185,53.892079,0.487750
38,0.147414,0.147413,53.779888,0.487749
39,0.147630,0.147629,53.676854,0.487750
40,0.147757,0.147756,53.620759,0.487750
41,0.147893,0.147892,53.563324,0.487749
42,0.148043,0.148042,53.501432,0.487751
43,0.148208,0.148207,53.434290,0.487750
44,0.148381,0.148380,53.367355,0.487750
45,0.148433,0.148432,53.352245,0.487749
