Iteration,Poisson_v12,Poisson_v21,Objective,Volume_Fraction
0,nan,nan,nan,0.964800
1,0.269285,0.269285,-33.220507,0.721957
2,0.343046,0.343046,-53.744035,0.479114
3,0.343046,0.343046,-60.540610,0.236271
4,0.343046,0.343046,-64.292555,0.000000
5,0.000000,0.000000,-65.288490,0.000000
6,0.000000,0.000000,-65.288490,0.000000
7,0.000000,0.000000,-65.288490,0.000000
8,0.000000,0.000000,-65.288490,0.000000
9,0.000000,0.000000,-65.288490,0.000000
