Iteration,Poisson_v12,Poisson_v21,Objective,Volume_Fraction
0,nan,nan,nan,0.977600
1,0.336609,0.336609,-72.013456,0.731535
2,0.325878,0.325878,-90.775866,0.485471
3,0.325878,0.325878,-94.970787,0.239406
4,0.325878,0.325878,-97.232464,0.000000
5,0.000000,0.000000,-97.826950,0.000000
6,0.000000,0.000000,-97.826950,0.000000
7,0.000000,0.000000,-97.826950,0.000000
8,0.000000,0.000000,-97.826950,0.000000
9,0.000000,0.000000,-97.826950,0.000000
