Iteration,Poisson_v12,Poisson_v21,Objective,Volume_Fraction
0,nan,nan,nan,0.800800
1,-1.000000,-1.000000,1.000000,0.629509
2,-1.000000,-1.000000,1.000000,0.458548
3,-1.000000,-1.000000,1.000000,0.287587
4,-1.000000,-1.000000,1.000000,0.194948
5,-1.000000,-1.000000,1.000000,0.147031
6,-1.000000,-1.000000,1.000000,0.125619
7,-0.999981,-0.999984,0.999981,0.124321
8,-0.997259,-0.997689,0.997259,0.119522
9,-0.997205,-0.997699,0.997205,0.127010
10,-0.997060,-0.997762,0.997060,0.132417
11,-0.996849,-0.997758,0.996849,0.129005
12,-0.990571,-0.993368,0.990571,0.128026
13,-0.990372,-0.993292,0.990372,0.127690
14,-0.990264,-0.992922,0.990264,0.126279
15,-0.987462,-0.991173,0.987462,0.129532
16,-0.987556,-0.991381,0.987556,0.131100
17,-0.987118,-0.991555,0.987118,0.128371
18,-0.986758,-0.991047,0.986758,0.125978
19,-0.986202,-0.990894,0.986202,0.125736
20,-0.986210,-0.990621,0.986210,0.121727
