{
  "git_hash": "ddbe82c",
  "timestamp": "2026-07-11T08:00:02",
  "version": "1.3.0",
  "params": {
    "volfrac": 0.5651751427412902,
    "penal": 2.5669942744581054,
    "rmin": 1.8625815956592817,
    "move": 0.28787058956813244,
    "void_size_frac": 0.23008841384652015,
    "rotation_deg": 18.238516862845813,
    "nelx": 50,
    "nely": 50,
    "ft": 2,
    "E0": 199.0,
    "Emin": 1e-09,
    "nu": 0.3,
    "max_iter": 150,
    "tol_change": 0.01,
    "tol_obj": 0.05,
    "window_size": 20,
    "save_every": 9999,
    "scale_factor": 1,
    "seed": "hourglass",
    "objective": "auxetic"
  }
}