Iteration,Poisson_v12,Poisson_v21,Objective,Volume_Fraction
0,nan,nan,nan,0.332321
1,0.366669,0.566377,0.144216,0.232321
2,0.417176,0.533323,0.047164,0.135305
3,0.429916,0.578710,0.009397,0.049265
4,0.429916,0.578710,0.000279,0.000000
5,0.000000,0.000000,0.000000,0.000000
6,0.000000,0.000000,0.000000,0.000000
7,0.000000,0.000000,0.000000,0.000000
8,0.000000,0.000000,0.000000,0.000000
9,0.000000,0.000000,0.000000,0.000000
