Iteration,Poisson_v12,Poisson_v21,Objective,Volume_Fraction
0,nan,nan,nan,0.860400
1,-1.000000,-1.000000,43.270420,0.764233
2,-1.000000,-1.000000,48.465519,0.668067
3,-1.000000,-1.000000,63.251661,0.571900
4,-1.000000,-1.000000,77.935088,0.475734
5,-1.000000,-1.000000,91.949981,0.379567
6,-1.000000,-1.000000,104.755296,0.355602
7,-1.000000,-1.000000,103.379539,0.355602
8,-1.000000,-1.000000,100.847384,0.355602
9,-1.000000,-1.000000,100.370189,0.355602
10,-1.000000,-1.000000,100.454537,0.355602
11,-1.000000,-1.000000,101.503366,0.355602
12,-1.000000,-1.000000,104.244126,0.355602
13,-1.000000,-1.000000,109.412873,0.355602
14,-1.000000,-1.000000,116.508358,0.355602
15,-1.000000,-1.000000,122.933197,0.355602
16,-1.000000,-1.000000,126.353560,0.355602
17,-1.000000,-1.000000,127.111064,0.355602
18,-1.000000,-1.000000,126.875565,0.355602
19,-1.000000,-1.000000,126.260826,0.355602
20,-1.000000,-1.000000,125.449537,0.355602
21,-1.000000,-1.000000,124.654871,0.355602
22,-1.000000,-1.000000,123.933356,0.355602
23,-1.000000,-1.000000,123.204715,0.355602
24,-1.000000,-1.000000,122.566161,0.355602
25,-1.000000,-1.000000,121.906745,0.355602
26,-1.000000,-1.000000,121.238527,0.355602
27,-1.000000,-1.000000,120.590563,0.355602
28,-1.000000,-1.000000,120.025267,0.355602
29,-1.000000,-1.000000,119.484108,0.355602
30,-1.000000,-1.000000,119.016123,0.355602
31,-1.000000,-1.000000,118.688703,0.355602
32,-1.000000,-1.000000,118.572448,0.355602
33,-1.000000,-1.000000,118.622389,0.355602
34,-1.000000,-1.000000,118.848481,0.355602
