Iteration,Poisson_v12,Poisson_v21,Objective,Volume_Fraction
0,nan,nan,nan,0.953200
1,-1.000000,-1.000000,1.000000,0.678486
2,-1.000000,-1.000000,1.000000,0.403772
3,-1.000000,-1.000000,1.000000,0.232235
4,-1.000000,-1.000000,1.000000,0.199275
5,-1.000000,-1.000000,1.000000,0.158616
6,-1.000000,-1.000000,1.000000,0.171766
7,-0.999986,-0.999987,0.999986,0.140303
8,-1.000000,-1.000000,1.000000,0.123573
9,-0.994874,-0.995392,0.994874,0.134844
10,-0.988950,-0.990548,0.988950,0.127925
11,-0.983627,-0.985598,0.983627,0.120704
12,-0.980975,-0.983206,0.980975,0.116302
13,-0.980717,-0.983047,0.980717,0.114022
14,-0.980496,-0.982742,0.980496,0.108848
15,-0.980068,-0.982302,0.980068,0.112590
16,-0.979721,-0.982497,0.979721,0.113023
17,-0.980334,-0.982442,0.980334,0.115646
18,-0.980090,-0.982629,0.980090,0.116511
19,-0.979878,-0.982846,0.979878,0.110218
20,-0.979901,-0.982220,0.979901,0.109830
