Iteration,Poisson_v12,Poisson_v21,Objective,Volume_Fraction
0,nan,nan,nan,0.981200
1,0.319286,0.246666,-564.104117,0.740603
2,0.356915,0.329894,-604.411515,0.500005
3,0.356915,0.329894,-629.534550,0.259408
4,0.356915,0.329894,-635.738287,0.018811
5,0.356872,0.329858,-636.226408,0.000000
6,0.000000,0.000000,-636.226421,0.000000
7,0.000000,0.000000,-636.226421,0.000000
8,0.000000,0.000000,-636.226421,0.000000
9,0.000000,0.000000,-636.226421,0.000000
10,0.000000,0.000000,-636.226421,0.000000
