Iteration,Poisson_v12,Poisson_v21,Objective,Volume_Fraction
0,nan,nan,nan,0.831600
1,0.388673,0.383544,1.543561,0.784061
2,0.447607,0.438745,-0.315122,0.804223
3,0.487187,0.484005,-1.126194,0.815542
4,0.467407,0.464033,-1.343099,0.829231
5,0.437841,0.432027,-1.409703,0.830415
6,0.434592,0.427632,-1.451468,0.831600
7,0.431264,0.423272,-1.467328,0.831600
8,0.431264,0.423272,-1.475248,0.831600
9,0.431264,0.423272,-1.478492,0.831600
10,0.431264,0.423272,-1.479821,0.831600
11,0.431264,0.423272,-1.480365,0.831600
