Iteration,Poisson_v12,Poisson_v21,Objective,Volume_Fraction
0,nan,nan,nan,0.830400
1,0.108432,0.108432,7.248071,0.747918
2,0.135353,0.135711,2.796445,0.666356
3,0.139597,0.139997,1.330791,0.618097
4,0.173314,0.174520,0.594499,0.589884
5,0.242794,0.242992,0.116839,0.557865
6,0.301926,0.300936,-0.252218,0.538596
7,0.345597,0.343413,-0.595989,0.539364
8,0.356704,0.354027,-0.844388,0.564344
9,0.327281,0.321658,-0.937383,0.571266
10,0.323900,0.315375,-1.133456,0.588929
11,0.301551,0.295177,-1.253241,0.606871
12,0.289489,0.287971,-1.320153,0.624616
13,0.285132,0.284221,-1.418019,0.632048
14,0.287887,0.281692,-1.495497,0.639492
15,0.292723,0.282823,-1.592938,0.641916
16,0.298320,0.285291,-1.647735,0.644965
17,0.303422,0.287098,-1.692616,0.646415
18,0.308701,0.289294,-1.728047,0.648456
19,0.312975,0.291168,-1.759939,0.648293
20,0.315963,0.293049,-1.772341,0.648127
21,0.319174,0.294964,-1.785750,0.647050
22,0.321378,0.297001,-1.802117,0.645988
23,0.323148,0.298913,-1.816751,0.645245
24,0.322959,0.299793,-1.819576,0.644581
25,0.322468,0.300508,-1.820789,0.643903
26,0.321437,0.301281,-1.822659,0.643418
27,0.320060,0.301769,-1.822678,0.642951
28,0.318942,0.302252,-1.824135,0.642526
29,0.318163,0.302726,-1.826468,0.642129
30,0.317563,0.303166,-1.828745,0.641763
31,0.317088,0.303581,-1.831044,0.641531
32,0.317102,0.303866,-1.833208,0.641377
33,0.317280,0.304071,-1.835273,0.641256
34,0.317619,0.304234,-1.837302,0.641135
35,0.317962,0.304397,-1.839352,0.641015
36,0.318307,0.304561,-1.841423,0.640903
37,0.318621,0.304706,-1.843289,0.640833
38,0.318775,0.304769,-1.844125,0.640803
39,0.318793,0.304787,-1.844147,0.640803
