Iteration,Poisson_v12,Poisson_v21,Objective,Volume_Fraction
0,nan,nan,nan,0.984400
1,0.295753,0.272982,-51.180173,0.786520
2,0.336650,0.326996,-56.392174,0.588640
3,0.336650,0.326996,-59.395405,0.390760
4,0.336650,0.326996,-61.129739,0.192880
5,0.336650,0.326996,-61.874539,0.000000
6,0.000000,0.000000,-62.007815,0.000000
7,0.000000,0.000000,-62.007815,0.000000
8,0.000000,0.000000,-62.007815,0.000000
9,0.000000,0.000000,-62.007815,0.000000
10,0.000000,0.000000,-62.007815,0.000000
