Iteration,Poisson_v12,Poisson_v21,Objective,Volume_Fraction
0,nan,nan,nan,0.971600
1,0.332962,0.316493,-29.267624,0.776293
2,0.353030,0.346543,-35.017463,0.580986
3,0.353030,0.346543,-39.887604,0.385679
4,0.353030,0.346543,-42.764819,0.190372
5,0.353030,0.346543,-44.014245,0.000000
6,0.000000,0.000000,-44.238634,0.000000
7,0.000000,0.000000,-44.238634,0.000000
8,0.000000,0.000000,-44.238634,0.000000
9,0.000000,0.000000,-44.238634,0.000000
10,0.000000,0.000000,-44.238634,0.000000
