Iteration,Poisson_v12,Poisson_v21,Objective,Volume_Fraction
0,nan,nan,nan,0.830000
1,0.428254,0.428254,10.197220,0.599973
2,0.483813,0.483813,4.510542,0.369945
3,0.483813,0.483813,1.572082,0.139918
4,0.483813,0.483813,0.138041,0.000000
5,0.000000,0.000000,0.000000,0.000000
6,0.000000,0.000000,0.000000,0.000000
7,0.000000,0.000000,0.000000,0.000000
8,0.000000,0.000000,0.000000,0.000000
9,0.000000,0.000000,0.000000,0.000000
