Iteration,Poisson_v12,Poisson_v21,Objective,Volume_Fraction
0,nan,nan,nan,0.750800
1,0.433192,0.418079,5.732811,0.603267
2,0.438113,0.426174,2.600799,0.455733
3,0.438113,0.426174,0.998413,0.308200
4,0.438113,0.426174,0.275724,0.160667
5,0.438113,0.426174,0.035338,0.013134
6,0.438113,0.426174,0.000020,0.000000
7,0.000000,0.000000,0.000000,0.000000
8,0.000000,0.000000,0.000000,0.000000
9,0.000000,0.000000,0.000000,0.000000
10,0.000000,0.000000,0.000000,0.000000
11,0.000000,0.000000,0.000000,0.000000
