Iteration,Poisson_v12,Poisson_v21,Objective,Volume_Fraction
0,nan,nan,nan,0.942000
1,-1.000000,-1.000000,148.751380,0.666400
2,-1.000000,-1.000000,397.989129,0.532735
3,-1.000000,-1.000000,459.413098,0.532735
4,-1.000000,-1.000000,465.098396,0.532735
5,-1.000000,-1.000000,469.964375,0.532735
6,-1.000000,-1.000000,480.507629,0.532735
7,-1.000000,-1.000000,456.230067,0.532735
8,-1.000000,-1.000000,445.001159,0.532735
9,-1.000000,-1.000000,426.251137,0.532735
10,-1.000000,-1.000000,381.085500,0.532735
11,-1.000000,-1.000000,347.160020,0.532735
12,-1.000000,-1.000000,333.007587,0.532735
13,-1.000000,-1.000000,325.567882,0.532735
14,-1.000000,-1.000000,322.073076,0.532735
15,-1.000000,-1.000000,320.587929,0.532735
16,-1.000000,-1.000000,319.580825,0.532735
17,-1.000000,-1.000000,318.669235,0.532735
18,-1.000000,-1.000000,318.076988,0.532735
19,-1.000000,-1.000000,317.910827,0.532735
20,-1.000000,-1.000000,317.685595,0.532735
21,-1.000000,-1.000000,317.383117,0.532735
22,-1.000000,-1.000000,317.117835,0.532735
23,-1.000000,-1.000000,317.030017,0.532735
24,-1.000000,-1.000000,316.941741,0.532735
25,-1.000000,-1.000000,316.856686,0.532735
26,-1.000000,-1.000000,316.771961,0.532735
27,-1.000000,-1.000000,316.683478,0.532735
28,-1.000000,-1.000000,316.592687,0.532735
29,-1.000000,-1.000000,316.503827,0.532735
30,-1.000000,-1.000000,316.421680,0.532735
