Iteration,Poisson_v12,Poisson_v21,Objective,Volume_Fraction
0,nan,nan,nan,0.297535
1,0.366669,0.566377,0.103503,0.197535
2,0.421596,0.540001,0.031056,0.103128
3,0.429916,0.578710,0.004161,0.017088
4,0.429915,0.578710,0.000012,0.000000
5,0.000000,0.000000,0.000000,0.000000
6,0.000000,0.000000,0.000000,0.000000
7,0.000000,0.000000,0.000000,0.000000
8,0.000000,0.000000,0.000000,0.000000
9,0.000000,0.000000,0.000000,0.000000
