{
  "git_hash": "e6455de",
  "timestamp": "2026-07-12T23:22:32",
  "version": "1.3.0",
  "params": {
    "volfrac": 0.5256018505022295,
    "penal": 4.84739677481786,
    "rmin": 3.149432838712908,
    "move": 0.10343629523185241,
    "void_size_frac": 0.23829407031463115,
    "rotation_deg": 75.22463964486961,
    "nelx": 50,
    "nely": 50,
    "ft": 2,
    "E0": 199.0,
    "Emin": 1e-09,
    "nu": 0.3,
    "max_iter": 150,
    "tol_change": 0.01,
    "tol_obj": 0.05,
    "window_size": 20,
    "save_every": 9999,
    "scale_factor": 1,
    "mu": 0.2,
    "seed": "four_circle",
    "objective": "auxetic"
  }
}