{
  "metadata": {
    "objective": "first",
    "seed": "circle",
    "timestamp": "2026-06-01T19:13:31.617814",
    "n_samples": 30,
    "n_success": 30
  },
  "analysis": {
    "param_names": [
      "volfrac",
      "penal",
      "rmin",
      "move",
      "void_size_frac",
      "rotation_deg",
      "beta"
    ],
    "correlations": [
      -0.3281423804226919,
      -0.06874304783092325,
      0.15239154616240266,
      -0.38064516129032255,
      0.2360400444938821,
      0.01935483870967742,
      -0.7681868743047832
    ],
    "p_values": [
      0.07667228481926665,
      0.7181370776973053,
      0.4214387472122443,
      0.037973775727935886,
      0.20920868417299004,
      0.9191412148908162,
      7.190842560194643e-07
    ],
    "top_3": [
      [
        "beta",
        -0.7681868743047832,
        7.190842560194643e-07
      ],
      [
        "move",
        -0.38064516129032255,
        0.037973775727935886
      ],
      [
        "volfrac",
        -0.3281423804226919,
        0.07667228481926665
      ]
    ],
    "n_valid": 30
  },
  "results": [
    {
      "sample_id": 0,
      "seed": "circle",
      "objective": "first",
      "params": {
        "volfrac": 0.3896805860192538,
        "penal": 2.808149541366393,
        "rmin": 3.023567013348103,
        "move": 0.2108552664245053,
        "void_size_frac": 0.2150970442018725,
        "rotation_deg": 48.07313294508973,
        "beta": 0.5895544119203859
      },
      "v12": -0.9999999999989506,
      "v21": -0.9999999999996575,
      "obj_value": -0.9986720303938778,
      "n_iters": 43,
      "converged": true,
      "elapsed_time": 7.904882192611694,
      "success": true,
      "error": null
    },
    {
      "sample_id": 1,
      "seed": "circle",
      "objective": "first",
      "params": {
        "volfrac": 0.3095191425963073,
        "penal": 3.782918182309927,
        "rmin": 2.7582690103507392,
        "move": 0.08024334979806183,
        "void_size_frac": 0.6845539168525232,
        "rotation_deg": 46.068404639758,
        "beta": 0.7470895354691668
      },
      "v12": -0.9999999999979272,
      "v21": -0.9999999999991538,
      "obj_value": -0.50861060705903,
      "n_iters": 34,
      "converged": true,
      "elapsed_time": 6.168271541595459,
      "success": true,
      "error": null
    },
    {
      "sample_id": 2,
      "seed": "circle",
      "objective": "first",
      "params": {
        "volfrac": 0.540754477348969,
        "penal": 4.836368170428697,
        "rmin": 3.2409025354973613,
        "move": 0.09113485619913186,
        "void_size_frac": 0.3528728138001236,
        "rotation_deg": 19.105006802633806,
        "beta": 0.869676490396585
      },
      "v12": -0.9999999999992386,
      "v21": -0.9999999999999847,
      "obj_value": -1.4746261671979337,
      "n_iters": 38,
      "converged": true,
      "elapsed_time": 6.797439098358154,
      "success": true,
      "error": null
    },
    {
      "sample_id": 3,
      "seed": "circle",
      "objective": "first",
      "params": {
        "volfrac": 0.2886063204249351,
        "penal": 1.0039069300806795,
        "rmin": 4.851146479779634,
        "move": 0.05184680419105199,
        "void_size_frac": 0.3967560215358005,
        "rotation_deg": 28.599836988818897,
        "beta": 0.9382478493685107
      },
      "v12": -0.9999999999993446,
      "v21": -0.9999999999998522,
      "obj_value": -1.946725053857859,
      "n_iters": 34,
      "converged": true,
      "elapsed_time": 6.381739139556885,
      "success": true,
      "error": null
    },
    {
      "sample_id": 4,
      "seed": "circle",
      "objective": "first",
      "params": {
        "volfrac": 0.3046094734390994,
        "penal": 1.575593472901006,
        "rmin": 1.7092063073486972,
        "move": 0.2752707522297149,
        "void_size_frac": 0.3112362440310308,
        "rotation_deg": 25.888620881895395,
        "beta": 1.0812177675489676
      },
      "v12": -0.9686304869047192,
      "v21": -0.9686304865639421,
      "obj_value": -1.520848349932713e-07,
      "n_iters": 100,
      "converged": true,
      "elapsed_time": 18.384998321533203,
      "success": true,
      "error": null
    },
    {
      "sample_id": 5,
      "seed": "circle",
      "objective": "first",
      "params": {
        "volfrac": 0.4508070485455428,
        "penal": 3.249343799288604,
        "rmin": 3.7540491789623447,
        "move": 0.18977575542457598,
        "void_size_frac": 0.5055031000886248,
        "rotation_deg": 40.68854424338301,
        "beta": 0.3066928721576865
      },
      "v12": -0.9999999999992992,
      "v21": -0.9999999999999379,
      "obj_value": -1.4908396468231475,
      "n_iters": 31,
      "converged": true,
      "elapsed_time": 5.78901743888855,
      "success": true,
      "error": null
    },
    {
      "sample_id": 6,
      "seed": "circle",
      "objective": "first",
      "params": {
        "volfrac": 0.33732979863997004,
        "penal": 4.691684447815728,
        "rmin": 2.8612900331007998,
        "move": 0.17662696368752667,
        "void_size_frac": 0.6602086936828304,
        "rotation_deg": 59.135015688209265,
        "beta": 0.832700179841001
      },
      "v12": -0.9999999999979877,
      "v21": -0.9999999999994733,
      "obj_value": -0.5757799376759399,
      "n_iters": 27,
      "converged": true,
      "elapsed_time": 5.378082990646362,
      "success": true,
      "error": null
    },
    {
      "sample_id": 7,
      "seed": "circle",
      "objective": "first",
      "params": {
        "volfrac": 0.3848033002185425,
        "penal": 2.5733455730033192,
        "rmin": 3.998772955041499,
        "move": 0.06844229685414885,
        "void_size_frac": 0.6722524857234661,
        "rotation_deg": 9.884503864120994,
        "beta": 0.42877083875912125
      },
      "v12": -0.9999999999985795,
      "v21": -0.9999999999996727,
      "obj_value": -0.7811920695060809,
      "n_iters": 33,
      "converged": true,
      "elapsed_time": 6.560336112976074,
      "success": true,
      "error": null
    },
    {
      "sample_id": 8,
      "seed": "circle",
      "objective": "first",
      "params": {
        "volfrac": 0.48721445632615545,
        "penal": 2.6575011738729475,
        "rmin": 4.643367166978724,
        "move": 0.12404558272053355,
        "void_size_frac": 0.23885995063682547,
        "rotation_deg": 4.586711381570602,
        "beta": 0.9573905557407525
      },
      "v12": -0.9999999999989256,
      "v21": -0.9999999999995425,
      "obj_value": -1.6297349562556147,
      "n_iters": 25,
      "converged": true,
      "elapsed_time": 4.9969751834869385,
      "success": true,
      "error": null
    },
    {
      "sample_id": 9,
      "seed": "circle",
      "objective": "first",
      "params": {
        "volfrac": 0.45646668190111966,
        "penal": 1.1820375573332544,
        "rmin": 1.5744034332236674,
        "move": 0.26200660699378825,
        "void_size_frac": 0.5449341650322898,
        "rotation_deg": 80.90754649629618,
        "beta": 1.2025313044307055
      },
      "v12": -0.9999999999993245,
      "v21": -1.0000000000002025,
      "obj_value": -3370616677045.3237,
      "n_iters": 150,
      "converged": false,
      "elapsed_time": 26.945380687713623,
      "success": true,
      "error": null
    },
    {
      "sample_id": 10,
      "seed": "circle",
      "objective": "first",
      "params": {
        "volfrac": 0.5571388710290729,
        "penal": 1.3455295141700485,
        "rmin": 3.524432821121972,
        "move": 0.2730505042844555,
        "void_size_frac": 0.44902828763851554,
        "rotation_deg": 38.15584832393401,
        "beta": 1.2482562496893326
      },
      "v12": -0.9999999999995585,
      "v21": -1.0000000000001683,
      "obj_value": -661.2904082423951,
      "n_iters": 22,
      "converged": true,
      "elapsed_time": 4.158260107040405,
      "success": true,
      "error": null
    },
    {
      "sample_id": 11,