Iteration,Poisson_v12,Poisson_v21,Objective,Volume_Fraction
0,nan,nan,nan,0.906800
1,0.362278,0.362278,-110.179575,0.763154
2,0.383352,0.383352,-156.273190,0.619508
3,0.383352,0.383352,-190.466498,0.475861
4,0.383352,0.383352,-214.290510,0.332215
5,0.383352,0.383352,-228.421698,0.188569
6,0.383352,0.383352,-234.852942,0.044923
7,0.383352,0.383352,-236.419482,0.000000
8,0.000000,0.000000,-236.445618,0.000000
9,0.000000,0.000000,-236.445618,0.000000
10,0.000000,0.000000,-236.445618,0.000000
11,0.000000,0.000000,-236.445618,0.000000
12,0.000000,0.000000,-236.445618,0.000000
