Iteration,Poisson_v12,Poisson_v21,Objective,Volume_Fraction
0,nan,nan,nan,0.956400
1,0.285062,0.321993,1.044786,0.727451
2,0.322216,0.344088,0.193680,0.634856
3,0.442213,0.487695,-0.244423,0.612761
4,0.360864,0.336919,-0.460400,0.636986
5,0.243231,0.234309,-0.656099,0.621249
6,0.248794,0.251104,-0.945907,0.629002
7,0.273853,0.277114,-1.438671,0.656330
8,0.226907,0.232918,-1.327164,0.661785
9,0.232828,0.242261,-1.629829,0.660955
10,0.236449,0.238704,-1.699715,0.661678
11,0.245733,0.236320,-1.748088,0.662214
12,0.237695,0.228171,-1.656248,0.659787
13,0.234786,0.225244,-1.614954,0.656325
14,0.229323,0.222212,-1.571194,0.653544
15,0.225126,0.219288,-1.537635,0.649415
16,0.226628,0.219904,-1.548804,0.646189
17,0.230261,0.222224,-1.585641,0.644088
18,0.232944,0.224573,-1.617053,0.643156
19,0.236467,0.229665,-1.666549,0.642016
20,0.241232,0.235125,-1.728789,0.640904
21,0.247754,0.241591,-1.803263,0.639820
22,0.255149,0.246647,-1.863907,0.639170
23,0.259551,0.248256,-1.895769,0.639041
24,0.258370,0.246650,-1.879742,0.638894
25,0.256336,0.245086,-1.862176,0.638477
26,0.254708,0.243960,-1.847077,0.638364
27,0.253228,0.243257,-1.834060,0.638156
28,0.253608,0.243677,-1.837029,0.637930
29,0.253662,0.243765,-1.836963,0.637739
30,0.253673,0.243809,-1.836590,0.637547
31,0.253687,0.243857,-1.836287,0.637434
32,0.253611,0.243827,-1.835533,0.637417
33,0.253594,0.243818,-1.835380,0.637417
