{
  "git_hash": "ddbe82c",
  "timestamp": "2026-07-11T07:57:57",
  "version": "1.3.0",
  "params": {
    "volfrac": 0.26458581773648615,
    "penal": 2.21147085727261,
    "rmin": 5.224148047016479,
    "move": 0.2214026852202453,
    "void_size_frac": 0.2674074417613494,
    "rotation_deg": 74.47084408673561,
    "nelx": 50,
    "nely": 50,
    "ft": 2,
    "E0": 199.0,
    "Emin": 1e-09,
    "nu": 0.3,
    "max_iter": 150,
    "tol_change": 0.01,
    "tol_obj": 0.05,
    "window_size": 20,
    "save_every": 9999,
    "scale_factor": 1,
    "seed": "hourglass",
    "objective": "auxetic"
  }
}