Iteration,Poisson_v12,Poisson_v21,Objective,Volume_Fraction
0,nan,nan,nan,0.900400
1,0.357988,0.357988,0.171243,0.641363
2,0.398801,0.398801,-12.776106,0.382327
3,0.398801,0.398801,-18.820866,0.123290
4,0.398801,0.398801,-19.687664,0.000000
5,0.000000,0.000000,-19.696032,0.000000
6,0.000000,0.000000,-19.696032,0.000000
7,0.000000,0.000000,-19.696032,0.000000
8,0.000000,0.000000,-19.696032,0.000000
9,0.000000,0.000000,-19.696032,0.000000
