Iteration,Poisson_v12,Poisson_v21,Objective,Volume_Fraction
0,nan,nan,nan,0.949600
1,0.238014,0.230965,-5.422387,0.711866
2,0.283524,0.276794,-43.801064,0.472418
3,0.283524,0.276794,-56.225034,0.232969
4,0.283524,0.276794,-63.362982,0.000000
5,0.000000,0.000000,-65.288490,0.000000
6,0.000000,0.000000,-65.288490,0.000000
7,0.000000,0.000000,-65.288490,0.000000
8,0.000000,0.000000,-65.288490,0.000000
9,0.000000,0.000000,-65.288490,0.000000
