Iteration,Poisson_v12,Poisson_v21,Objective,Volume_Fraction
0,nan,nan,nan,0.662000
1,0.448705,0.448705,4.077443,0.624877
2,0.489167,0.489167,-18.056354,0.587762
3,0.489167,0.489167,-33.340660,0.550647
4,0.489167,0.489167,-48.680154,0.513532
5,0.489167,0.489167,-63.091240,0.476418
6,0.489167,0.489167,-75.980145,0.439303
7,0.489167,0.489167,-87.046116,0.402188
8,0.489167,0.489167,-96.201827,0.365073
9,0.489167,0.489167,-103.508917,0.327958
10,0.489167,0.489167,-109.126659,0.290843
11,0.489167,0.489167,-113.271912,0.253729
12,0.489167,0.489167,-116.188592,0.216614
13,0.489167,0.489167,-118.125052,0.179499
14,0.489167,0.489167,-119.317839,0.142384
15,0.489167,0.489167,-119.980480,0.105269
16,0.489167,0.489167,-120.295993,0.068155
17,0.489167,0.489167,-120.411997,0.031040
18,0.489168,0.489168,-120.437280,0.000000
19,0.000000,0.000000,-120.438550,0.000000
20,0.000000,0.000000,-120.438550,0.000000
21,0.000000,0.000000,-120.438550,0.000000
22,0.000000,0.000000,-120.438550,0.000000
23,0.000000,0.000000,-120.438550,0.000000
