Iteration,Poisson_v12,Poisson_v21,Objective,Volume_Fraction
0,nan,nan,nan,0.770000
1,0.428050,0.410104,-120.083746,0.651809
2,0.448226,0.435080,-210.468657,0.533617
3,0.448226,0.435080,-280.322520,0.415426
4,0.448226,0.435080,-327.403667,0.297235
5,0.448226,0.435080,-353.676752,0.179043
6,0.448226,0.435080,-364.746587,0.060852
7,0.448226,0.435080,-367.335542,0.000000
8,0.000000,0.000000,-367.416022,0.000000
9,0.000000,0.000000,-367.416022,0.000000
10,0.000000,0.000000,-367.416022,0.000000
11,0.000000,0.000000,-367.416022,0.000000
12,0.000000,0.000000,-367.416022,0.000000
