Iteration,Poisson_v12,Poisson_v21,Objective,Volume_Fraction
0,nan,nan,nan,0.948400
1,-1.000000,-1.000000,1.000000,0.811652
2,-1.000000,-1.000000,1.000000,0.674903
3,-1.000000,-1.000000,1.000000,0.538155
4,-1.000000,-1.000000,1.000000,0.412948
5,-1.000000,-1.000000,1.000000,0.294708
6,-1.000000,-1.000000,1.000000,0.197350
7,-1.000000,-1.000000,1.000000,0.119795
8,-0.992643,-0.993664,0.992643,0.138422
9,-0.982753,-0.987865,0.982753,0.150594
10,-0.982541,-0.987530,0.982541,0.158110
11,-0.982101,-0.988595,0.982101,0.158348
12,-0.982044,-0.987871,0.982044,0.159834
13,-0.981559,-0.988976,0.981559,0.162399
14,-0.981079,-0.988549,0.981079,0.162002
15,-0.981216,-0.989068,0.981216,0.164069
16,-0.981660,-0.988856,0.981660,0.164951
17,-0.981180,-0.988191,0.981180,0.165531
18,-0.981439,-0.988986,0.981439,0.166864
19,-0.980787,-0.990153,0.980787,0.168137
20,-0.981682,-0.989770,0.981682,0.169120
