Iteration,Poisson_v12,Poisson_v21,Objective,Volume_Fraction
0,nan,nan,nan,0.929200
1,0.329939,0.345898,4.585451,0.761137
2,0.337675,0.352793,3.973321,0.593074
3,0.337675,0.352793,2.947551,0.425011
4,0.337675,0.352793,1.763117,0.256948
5,0.337675,0.352793,0.687616,0.088885
6,0.337675,0.352793,0.066725,0.000000
7,0.000000,0.000000,0.000000,0.000000
8,0.000000,0.000000,0.000000,0.000000
9,0.000000,0.000000,0.000000,0.000000
10,0.000000,0.000000,0.000000,0.000000
11,0.000000,0.000000,0.000000,0.000000
