{
  "git_hash": "e6455de",
  "timestamp": "2026-07-12T23:22:23",
  "version": "1.3.0",
  "params": {
    "volfrac": 0.44764302956081026,
    "penal": 2.21911809545435,
    "rmin": 2.040246745027465,
    "move": 0.19400447536707555,
    "void_size_frac": 0.17567906960224897,
    "rotation_deg": 55.118073477892665,
    "nelx": 50,
    "nely": 50,
    "ft": 2,
    "E0": 199.0,
    "Emin": 1e-09,
    "nu": 0.3,
    "max_iter": 150,
    "tol_change": 0.01,
    "tol_obj": 0.05,
    "window_size": 20,
    "save_every": 9999,
    "scale_factor": 1,
    "mu": 0.2,
    "seed": "four_circle",
    "objective": "auxetic"
  }
}