Iteration,Poisson_v12,Poisson_v21,Objective,Volume_Fraction
0,nan,nan,nan,0.731200
1,0.334972,0.334972,10.708607,0.525173
2,0.357724,0.357724,5.274879,0.319234
3,0.357724,0.357724,1.610979,0.113296
4,0.357724,0.357724,0.091236,0.000000
5,0.000000,0.000000,0.000000,0.000000
6,0.000000,0.000000,0.000000,0.000000
7,0.000000,0.000000,0.000000,0.000000
8,0.000000,0.000000,0.000000,0.000000
9,0.000000,0.000000,0.000000,0.000000
