{
  "git_hash": "e6455de",
  "timestamp": "2026-07-12T23:24:38",
  "version": "1.3.0",
  "params": {
    "volfrac": 0.5880817983989245,
    "penal": 2.756965118230556,
    "rmin": 2.2594309668621113,
    "move": 0.23977301065179352,
    "void_size_frac": 0.30445415212984167,
    "rotation_deg": 44.80854823168748,
    "nelx": 50,
    "nely": 50,
    "ft": 2,
    "E0": 199.0,
    "Emin": 1e-09,
    "nu": 0.3,
    "max_iter": 150,
    "tol_change": 0.01,
    "tol_obj": 0.05,
    "window_size": 20,
    "save_every": 9999,
    "scale_factor": 1,
    "mu": 0.2,
    "seed": "hexagonal",
    "objective": "auxetic"
  }
}