Iteration,Poisson_v12,Poisson_v21,Objective,Volume_Fraction
0,nan,nan,nan,0.740800
1,0.247435,0.247435,-82.152485,0.522379
2,0.241820,0.241819,-282.317584,0.307428
3,0.241820,0.241819,-349.112546,0.092477
4,0.241820,0.241819,-357.098197,0.000000
5,0.000000,0.000000,-357.144218,0.000000
6,0.000000,0.000000,-357.144218,0.000000
7,0.000000,0.000000,-357.144218,0.000000
8,0.000000,0.000000,-357.144218,0.000000
9,0.000000,0.000000,-357.144218,0.000000
