Iteration,Poisson_v12,Poisson_v21,Objective,Volume_Fraction
0,nan,nan,nan,0.972400
1,0.293922,0.293922,285.831470,0.907723
2,0.323952,0.323952,287.795980,0.843045
3,0.323952,0.323952,299.616663,0.778368
4,0.323952,0.323952,308.604541,0.713690
5,0.323952,0.323952,315.243222,0.649013
6,0.323952,0.323952,319.991097,0.643808
7,0.198136,0.198136,309.641943,0.643808
8,0.268165,0.268165,282.609283,0.643809
9,0.297959,0.297959,247.927989,0.643809
10,0.309304,0.309304,208.770716,0.643808
11,0.312782,0.312782,165.706831,0.643809
12,0.311183,0.311183,162.968037,0.643809
13,0.309628,0.309628,161.221985,0.643809
14,0.308888,0.308888,159.939166,0.643809
15,0.308095,0.308095,158.734461,0.643809
16,0.307277,0.307277,157.441448,0.643808
17,0.304900,0.304900,155.423329,0.643808
18,0.301296,0.301296,152.752401,0.643807
19,0.297007,0.297007,149.682875,0.643809
20,0.292285,0.292285,146.395618,0.643807
21,0.287191,0.287191,142.834406,0.643809
22,0.286119,0.286119,142.448503,0.643808
23,0.284992,0.284992,142.097012,0.643809
24,0.284009,0.284009,141.849534,0.643808
25,0.282968,0.282968,141.626532,0.643809
26,0.282024,0.282024,141.413700,0.643808
27,0.281148,0.281148,141.257917,0.643808
28,0.280337,0.280337,141.111510,0.643809
29,0.279457,0.279457,140.983754,0.643808
30,0.279074,0.279074,140.929675,0.643809
31,0.278836,0.278836,140.893944,0.643807
32,0.278615,0.278615,140.858972,0.643808
33,0.278404,0.278404,140.837420,0.643808
34,0.278192,0.278192,140.822102,0.643809
35,0.277974,0.277974,140.804032,0.643808
36,0.277750,0.277750,140.782747,0.643808
37,0.277518,0.277518,140.762270,0.643808
38,0.277277,0.277277,140.741019,0.643809
39,0.277037,0.277037,140.717332,0.643809
40,0.276822,0.276822,140.693613,0.643808
41,0.276781,0.276781,140.685918,0.643809
42,0.276735,0.276735,140.676022,0.643808
43,0.276684,0.276684,140.663447,0.643809
44,0.276626,0.276626,140.647034,0.643808
45,0.276559,0.276559,140.625614,0.643809
46,0.276487,0.276487,140.598734,0.643808
47,0.276438,0.276438,140.579139,0.643809
48,0.276428,0.276428,140.574330,0.643809
