{
  "n_conditions": 24,
  "n_samples_per_condition": 30,
  "k_fe_verify": 10,
  "n_fe_calls_total": 240,
  "n_auxetic_targets": 19,
  "hit_rate_single_shot": 0.5263157894736842,
  "hit_rate_best_of_n": 1.0,
  "r2_fe_v12_best_of_n": 0.43844552259021785,
  "per_condition": [
    {
      "target_v12": -0.2097305953502655,
      "is_auxetic_target": true,
      "n_valid_samples": 10,
      "v12_first": 0.03884597555503359,
      "v12_best": -0.1006637315673403,
      "v12_all": [
        -0.1006637315673403,
        0.09399032297114536,
        -0.07109569868434208,
        0.11861719813652226,
        0.028491321504007634,
        0.10086555372573383,
        0.0029389902275150284,
        -0.09620558596725055,
        0.06192672049227784,
        0.058922349570139886
      ],
      "frac_auxetic_among_samples": 0.3
    },
    {
      "target_v12": -0.48678863048553467,
      "is_auxetic_target": true,
      "n_valid_samples": 10,
      "v12_first": -0.05787141594387365,
      "v12_best": -0.23120374099824967,
      "v12_all": [
        -0.23120374099824967,
        -0.13014009496400664,
        0.024564018878949708,
        0.15310768929188284,
        -0.06612538730054791,
        -0.06127242003180989,
        0.08955706814944084,
        0.09814034999546796,
        0.35928458048888806,
        0.06226613989029736
      ],
      "frac_auxetic_among_samples": 0.4
    },
    {
      "target_v12": -0.1783691793680191,
      "is_auxetic_target": true,
      "n_valid_samples": 10,
      "v12_first": -0.19560692173446956,
      "v12_best": -0.12833282970832335,
      "v12_all": [
        0.01165494496561552,
        -0.12833282970832335,
        0.01859398612933514,
        0.042567832610286384,
        -0.050981297501594136,
        0.03137585687941293,
        -0.020064238609389818,
        -0.0017490864641380827,
        0.0176430621122069,
        0.15842437114924468
      ],
      "frac_auxetic_among_samples": 0.4
    },
    {
      "target_v12": -0.43408113718032837,
      "is_auxetic_target": true,
      "n_valid_samples": 10,
      "v12_first": -0.04173208686358511,
      "v12_best": -0.12519949926756369,
      "v12_all": [
        -0.04845938267114907,
        -0.12519949926756369,
        -0.07371958833352393,
        0.023043889108927858,
        0.009140974502689466,
        0.19959603611670174,
        0.13992942477167802,
        -0.10354497318355091,
        0.013809013889474307,
        -0.10786335987982276
      ],
      "frac_auxetic_among_samples": 0.5
    },
    {
      "target_v12": -0.33991628885269165,
      "is_auxetic_target": true,
      "n_valid_samples": 10,
      "v12_first": 9.112645840070715e-09,
      "v12_best": -0.22909019901449945,
      "v12_all": [
        0.002262079056171153,
        0.11329178503377713,
        -0.22909019901449945,
        0.26509106826779505,
        -0.1328008700431001,
        0.15847933361190678,
        -0.013057082432722845,
        9.112645840070715e-09,
        0.020917309360634045,
        0.1323202156608835
      ],
      "frac_auxetic_among_samples": 0.3
    },
    {
      "target_v12": -0.45304879546165466,
      "is_auxetic_target": true,
      "n_valid_samples": 10,
      "v12_first": 0.030382414490620423,
      "v12_best": -0.33275534992912714,
      "v12_all": [
        -0.010199433861960457,
        -0.19386805808127994,
        -0.00493863094539787,
        -0.33275534992912714,
        -0.03305238874565958,
        0.2441474481625695,
        -0.14188136899221654,
        -0.12037137759583273,
        -0.09253548178491727,
        -0.0621441096786007
      ],
      "frac_auxetic_among_samples": 0.9
    },
    {
      "target_v12": 0.03344089537858963,
      "is_auxetic_target": false,
      "n_valid_samples": 10,
      "v12_first": 0.11840995951865808,
      "v12_best": 0.022456673786134945,
      "v12_all": [
        0.05903608281338546,
        0.05365331759076524,
        0.01256638813708134,
        0.05333411914894019,
        0.37183068941453834,
        6.00207453015564e-11,
        -0.009123917929121386,
        0.022456673786134945,
        0.23600651884960752,
        -0.38347096204085795
      ],
      "frac_auxetic_among_samples": null
    },
    {
      "target_v12": 0.05224381387233734,
      "is_auxetic_target": false,
      "n_valid_samples": 10,
      "v12_first": 0.21861552705649265,
      "v12_best": 0.045079411425288235,
      "v12_all": [
        0.03062483450945069,
        0.04489637326736578,
        0.07652911390803417,
        3.61263881828991e-11,
        0.061355040728477896,
        0.06438743120929068,
        0.15014484211782714,
        0.044884085128773656,
        0.045079411425288235,
        0.04208438766204407
      ],
      "frac_auxetic_among_samples": null
    },
    {
      "target_v12": -0.3451630771160126,
      "is_auxetic_target": true,
      "n_valid_samples": 10,
      "v12_first": 0.01875056351960056,
      "v12_best": -0.23304705930014755,
      "v12_all": [
        -0.14737330104050222,
        0.17922779946195527,
        0.0867170486731473,
        -0.16873676313042973,
        -0.23081143240210739,
        -0.23304705930014755,
        0.33001585959137913,
        0.009956756422523558,
        0.3005511132890252,
        -0.13937302503091803
      ],
      "frac_auxetic_among_samples": 0.5
    },
    {
      "target_v12": -0.33506953716278076,
      "is_auxetic_target": true,
      "n_valid_samples": 10,
      "v12_first": 0.2291700170154046,
      "v12_best": -0.13481243740020943,
      "v12_all": [
        -0.10405079901011126,
        -0.0006079919107052581,
        -0.06910105128778996,
        -0.01585514690522325,
        -0.055735726073234966,
        -0.11516951319877188,
        0.05208816199474028,
        -0.13481243740020943,
        -0.027843620163664626,
        0.017040808749842075
      ],
      "frac_auxetic_among_samples": 0.8
    },
    {
      "target_v12": -0.26164302229881287,
      "is_auxetic_target": true,
      "n_valid_samples": 10,
      "v12_first": 0.012049667993959916,
      "v12_best": -0.14749332233909307,
      "v12_all": [
        0.05366417484613756,
        0.015809189702732995,
        -0.14749332233909307,
        0.1298190831443082,
        0.07769936421867572,
        0.08455691858323487,
        0.006887450578381887,
        -0.11837672342753215,
        -0.007836588169788201,
        0.03547072158613556
      ],
      "frac_auxetic_among_samples": 0.3
    },
    {
      "target_v12": -0.13446685671806335,
      "is_auxetic_target": true,
      "n_valid_samples": 10,
      "v12_first": -0.11722796662647654,
      "v12_best": -0.11722796662647654,
      "v12_all": [
        0.12452665224544687,
        0.06704155324955184,
        -0.05981914010957876,
        -0.811730646927913,
        0.008751085518508088,
        -0.04313403982114533,
        -0.002747922749383074,
        -0.11722796662647654,
        -0.019916293548593502,
        0.058318597485404036
      ],
      "frac_auxetic_among_samples": 0.6
    },
    {
      "target_v12": 0.09267573058605194,
      "is_auxetic_target": false,
      "n_valid_samples": 10,
      "v12_first": 0.21295169316862092,
      "v12_best": 0.1056473134937658,
      "v12_all": [
        -0.04900824084734295,
        0.07204893318010276,
        -0.02419821437870468,
        0.1161071602841437,
        0.05912111930794163,
        0.07068993006258323,
        0.1056473134937658,
        -0.01375854260351805,
        -0.04429324128249129,
        0.11900690275074777
      ],
      "frac_auxetic_among_samples": null
    },
    {
      "target_v12": 0.042427536100149155,
      "is_auxetic_target": false,
      "n_valid_samples": 10,
      "v12_first": 0.016991639154189993,
      "v12_best": 0.036308208905282593,