{
  "outputs/phase5/self_play/best_of_n_result.json": {
    "n_conditions": 24,
    "r2_point_estimate": 0.595519885156718,
    "r2_ci95_lo": 0.002659837172305217,
    "r2_ci95_hi": 0.8447790835430834,
    "n_boot_valid": 10000,
    "n_boot_total": 10000,
    "n_auxetic_conditions": 19,
    "hit_rate_point_estimate": 1.0,
    "hit_rate_wilson_ci95_lo": 0.8318156346315496,
    "hit_rate_wilson_ci95_hi": 1.0
  },
  "outputs/phase5/self_play/best_of_n_k10_result.json": {
    "n_conditions": 24,
    "r2_point_estimate": 0.43844552259021785,
    "r2_ci95_lo": -0.371739952276926,
    "r2_ci95_hi": 0.7479470757689952,
    "n_boot_valid": 10000,
    "n_boot_total": 10000,
    "n_auxetic_conditions": 19,
    "hit_rate_point_estimate": 1.0,
    "hit_rate_wilson_ci95_lo": 0.8318156346315496,
    "hit_rate_wilson_ci95_hi": 1.0
  },
  "outputs/phase5/self_play/best_of_n_manuf_n1500.json": {
    "n_conditions": 3,
    "r2_point_estimate": 0.18706525491353154,
    "r2_ci95_lo": -2.190499045131482,
    "r2_ci95_hi": 0.9028853221881094,
    "n_boot_valid": 8903,
    "n_boot_total": 10000,
    "n_auxetic_conditions": 3,
    "hit_rate_point_estimate": 1.0,
    "hit_rate_wilson_ci95_lo": 0.43849391955098227,
    "hit_rate_wilson_ci95_hi": 1.0
  },
  "outputs/phase5/self_play/best_of_n_manuf_n300.json": {
    "n_conditions": 6,
    "r2_point_estimate": -1.955652909264876,
    "r2_ci95_lo": -13.741014120437272,
    "r2_ci95_hi": 0.8272321680854515,
    "n_boot_valid": 9999,
    "n_boot_total": 10000,
    "n_auxetic_conditions": 5,
    "hit_rate_point_estimate": 0.8,
    "hit_rate_wilson_ci95_lo": 0.3755282641185388,
    "hit_rate_wilson_ci95_hi": 0.9637768390302125
  }
}