Iteration,Poisson_v12,Poisson_v21,Objective,Volume_Fraction
0,nan,nan,nan,0.951600
1,0.311564,0.311564,2.112804,0.772273
2,0.328260,0.328260,0.714315,0.592945
3,0.328260,0.328260,0.163184,0.413618
4,0.328260,0.328260,0.023476,0.234893
5,0.326106,0.326106,0.001296,0.092954
6,0.300191,0.300191,0.005561,0.025437
7,0.300000,0.300000,0.000243,0.005967
8,0.300001,0.300001,0.000000,0.000000
9,0.000000,0.000000,0.000000,0.000000
10,0.000000,0.000000,0.000000,0.000000
11,0.000000,0.000000,0.000000,0.000000
12,0.000000,0.000000,0.000000,0.000000
13,0.000000,0.000000,0.000000,0.000000
