Iteration,Poisson_v12,Poisson_v21,Objective,Volume_Fraction
0,nan,nan,nan,0.738800
1,-1.000000,-1.000000,1.000000,0.554240
2,-1.000000,-1.000000,1.000000,0.418389
3,-1.000000,-1.000000,1.000000,0.303520
4,-1.000000,-1.000000,1.000000,0.223625
5,-1.000000,-1.000000,1.000000,0.192729
6,-1.000000,-1.000000,1.000000,0.180325
7,-0.995263,-0.997506,0.995263,0.185633
8,-0.986950,-0.993537,0.986950,0.189413
9,-0.986109,-0.992674,0.986109,0.189261
10,-0.985173,-0.991473,0.985173,0.197026
11,-0.984928,-0.992199,0.984928,0.199686
12,-0.984773,-0.992348,0.984773,0.200196
13,-0.984101,-0.992140,0.984101,0.198345
14,-0.984935,-0.992024,0.984935,0.195260
15,-0.984092,-0.991187,0.984092,0.195416
16,-0.984689,-0.991257,0.984689,0.192713
17,-0.983921,-0.991231,0.983921,0.186181
18,-0.982751,-0.990020,0.982751,0.187196
19,-0.981951,-0.990147,0.981951,0.183495
20,-0.982854,-0.989317,0.982854,0.185188
