Iteration,Poisson_v12,Poisson_v21,Objective,Volume_Fraction
0,nan,nan,nan,0.434555
1,0.423136,0.335181,-159.608322,0.323722
2,0.413448,0.353538,-158.715272,0.212889
3,0.444286,0.387934,-146.852105,0.117071
4,0.439147,0.384480,-156.604698,0.023395
5,0.439147,0.384480,-169.564897,0.000000
6,0.000000,0.000000,-171.499955,0.000000
7,0.000000,0.000000,-171.499955,0.000000
8,0.000000,0.000000,-171.499955,0.000000
9,0.000000,0.000000,-171.499955,0.000000
10,0.000000,0.000000,-171.499955,0.000000
