Iteration,Poisson_v12,Poisson_v21,Objective,Volume_Fraction
0,nan,nan,nan,0.839600
1,0.373956,0.373956,112.753917,0.631591
2,0.420799,0.420799,175.988243,0.539911
3,0.166615,0.166615,169.710694,0.539911
4,0.100350,0.100350,108.587207,0.539911
5,0.084747,0.084747,86.812239,0.539911
6,0.080155,0.080155,80.791304,0.539911
7,0.079742,0.079742,79.202530,0.539910
8,0.079721,0.079721,78.724488,0.539911
9,0.080022,0.080022,78.454990,0.539911
10,0.080303,0.080303,78.273483,0.539912
11,0.080530,0.080530,78.147341,0.539911
12,0.080741,0.080741,78.045303,0.539911
13,0.080916,0.080916,77.962887,0.539911
14,0.080998,0.080998,77.924475,0.539910
15,0.081073,0.081073,77.885144,0.539910
16,0.081145,0.081145,77.842973,0.539911
17,0.081220,0.081220,77.796228,0.539911
18,0.081290,0.081290,77.750224,0.539911
19,0.081313,0.081313,77.735042,0.539911
20,0.081345,0.081345,77.719313,0.539911
21,0.081393,0.081393,77.702790,0.539911
22,0.081449,0.081449,77.685181,0.539911
23,0.081498,0.081498,77.667062,0.539911
24,0.081542,0.081542,77.648004,0.539911
25,0.081579,0.081579,77.628470,0.539911
26,0.081612,0.081612,77.607932,0.539912
27,0.081635,0.081635,77.590563,0.539911
28,0.081645,0.081645,77.578077,0.539910
29,0.081644,0.081644,77.568620,0.539910
30,0.081640,0.081640,77.558617,0.539911
31,0.081635,0.081635,77.549820,0.539912
32,0.081632,0.081632,77.542630,0.539911
33,0.081628,0.081628,77.536537,0.539912
34,0.081627,0.081627,77.532888,0.539912
35,0.081624,0.081624,77.529298,0.539911
36,0.081618,0.081618,77.525717,0.539911
37,0.081611,0.081611,77.521772,0.539911
38,0.081602,0.081602,77.517690,0.539910
39,0.081591,0.081591,77.513878,0.539912
40,0.081587,0.081587,77.510946,0.539911
41,0.081581,0.081581,77.508310,0.539910
42,0.081574,0.081574,77.505423,0.539911
