Iteration,Poisson_v12,Poisson_v21,Objective,Volume_Fraction
0,nan,nan,nan,0.870000
1,0.362234,0.362234,-330.570008,0.658478
2,0.374774,0.374774,-515.493289,0.446955
3,0.374774,0.374774,-583.066483,0.235433
4,0.374774,0.374774,-595.840172,0.023911
5,0.374802,0.374802,-596.498603,0.000000
6,0.000000,0.000000,-596.498617,0.000000
7,0.000000,0.000000,-596.498617,0.000000
8,0.000000,0.000000,-596.498617,0.000000
9,0.000000,0.000000,-596.498617,0.000000
10,0.000000,0.000000,-596.498617,0.000000
