Iteration,Poisson_v12,Poisson_v21,Objective,Volume_Fraction
0,nan,nan,nan,0.945200
1,0.315759,0.315759,2.080569,0.767079
2,0.342392,0.342392,0.729177,0.588957
3,0.342392,0.342392,0.165879,0.410836
4,0.342392,0.342392,0.023720,0.232715
5,0.342392,0.342392,0.001259,0.090172
6,0.300168,0.300168,0.004130,0.024822
7,0.300000,0.300000,0.000171,0.005823
8,0.299995,0.299995,0.000000,0.000000
9,0.000000,0.000000,0.000000,0.000000
10,0.000000,0.000000,0.000000,0.000000
11,0.000000,0.000000,0.000000,0.000000
12,0.000000,0.000000,0.000000,0.000000
13,0.000000,0.000000,0.000000,0.000000
