Iteration,Poisson_v12,Poisson_v21,Objective,Volume_Fraction
0,nan,nan,nan,0.281785
1,0.366669,0.566377,0.087921,0.181785
2,0.423814,0.543666,0.025097,0.088560
3,0.429916,0.578710,0.002635,0.002520
4,0.429740,0.578434,0.000000,0.000000
5,0.000000,0.000000,0.000000,0.000000
6,0.000000,0.000000,0.000000,0.000000
7,0.000000,0.000000,0.000000,0.000000
8,0.000000,0.000000,0.000000,0.000000
9,0.000000,0.000000,0.000000,0.000000
