Iteration,Poisson_v12,Poisson_v21,Objective,Volume_Fraction
0,nan,nan,nan,0.306904
1,0.366669,0.566377,0.113592,0.206904
2,0.420336,0.538026,0.034982,0.111794
3,0.429916,0.578710,0.005301,0.025754
4,0.429916,0.578710,0.000040,0.000000
5,0.000000,0.000000,0.000000,0.000000
6,0.000000,0.000000,0.000000,0.000000
7,0.000000,0.000000,0.000000,0.000000
8,0.000000,0.000000,0.000000,0.000000
9,0.000000,0.000000,0.000000,0.000000
