{
  "metadata": {
    "objective": "auxetic",
    "seed": "square",
    "timestamp": "2026-07-12T23:20:14.205118",
    "n_samples": 30,
    "n_success": 30
  },
  "analysis": {
    "param_names": [
      "volfrac",
      "penal",
      "rmin",
      "move",
      "void_size_frac",
      "rotation_deg"
    ],
    "correlations": [
      -0.1804226918798665,
      0.0037819799777530586,
      0.40600667408231367,
      0.2253615127919911,
      -0.029588431590656286,
      -0.0002224694104560623
    ],
    "p_values": [
      0.3400401726309277,
      0.9841753330448095,
      0.026002628470144916,
      0.23115666528541257,
      0.876655812413733,
      0.999069079740911
    ],
    "top_3": [
      [
        "rmin",
        0.40600667408231367,
        0.026002628470144916
      ],
      [
        "move",
        0.2253615127919911,
        0.23115666528541257
      ],
      [
        "volfrac",
        -0.1804226918798665,
        0.3400401726309277
      ]
    ],
    "n_valid": 30
  },
  "results": [
    {
      "sample_id": 0,
      "seed": "square",
      "objective": "auxetic",
      "params": {
        "volfrac": 0.4930139193525872,
        "penal": 4.008149541366393,
        "rmin": 3.8569003466814364,
        "move": 0.14418859975783865,
        "void_size_frac": 0.1990582265211235,
        "rotation_deg": 48.07313294508973
      },
      "v12": 0.3000343808650719,
      "v21": 0.30788111562672016,
      "obj_value": -0.35420305274575875,
      "n_iters": 118,
      "converged": true,
      "elapsed_time": 41.66353917121887,
      "success": true,
      "error": null
    },
    {
      "sample_id": 1,
      "seed": "square",
      "objective": "auxetic",
      "params": {
        "volfrac": 0.25318480397346194,
        "penal": 2.495191425963073,
        "rmin": 1.1453143945540756,
        "move": 0.06291345051753694,
        "void_size_frac": 0.3562920197576742,
        "rotation_deg": 18.219705033454193
      },
      "v12": 0.29999999999959726,
      "v21": 0.2999999999995957,
      "obj_value": -0.3528893011553081,
      "n_iters": 50,
      "converged": true,
      "elapsed_time": 16.53057098388672,
      "success": true,
      "error": null
    },
    {
      "sample_id": 2,
      "seed": "square",
      "objective": "auxetic",
      "params": {
        "volfrac": 0.5880817983989245,
        "penal": 2.756965118230556,
        "rmin": 2.2594309668621113,
        "move": 0.23977301065179352,
        "void_size_frac": 0.30445415212984167,
        "rotation_deg": 44.80854823168748
      },
      "v12": 0.34545646507189504,
      "v21": 0.3454597604779689,
      "obj_value": 0.09184271017188994,
      "n_iters": 150,
      "converged": true,
      "elapsed_time": 53.98879027366638,
      "success": true,
      "error": null
    },
    {
      "sample_id": 3,
      "seed": "square",
      "objective": "auxetic",
      "params": {
        "volfrac": 0.5056315843734323,
        "penal": 1.7157780801170581,
        "rmin": 5.206985376652438,
        "move": 0.2720456169322511,
        "void_size_frac": 0.290293019756051,
        "rotation_deg": 39.320636636033406
      },
      "v12": 0.36346920836027463,
      "v21": 0.32216725035401095,
      "obj_value": 0.19668542958520463,
      "n_iters": 150,
      "converged": true,
      "elapsed_time": 38.167168617248535,
      "success": true,
      "error": null
    },
    {
      "sample_id": 4,
      "seed": "square",
      "objective": "auxetic",
      "params": {
        "volfrac": 0.35962155337234986,
        "penal": 3.7740481722864043,
        "rmin": 4.755546499378827,
        "move": 0.2829683019517731,
        "void_size_frac": 0.27845710507932453,
        "rotation_deg": 12.950853140272637
      },
      "v12": 0.2999990876640277,
      "v21": 0.29999908766395605,
      "obj_value": -0.08025104543472839,
      "n_iters": 45,
      "converged": true,
      "elapsed_time": 16.628787994384766,
      "success": true,
      "error": null
    },
    {
      "sample_id": 5,
      "seed": "square",
      "objective": "auxetic",
      "params": {
        "volfrac": 0.4534031712545624,
        "penal": 4.070998702342106,
        "rmin": 2.612362440310308,
        "move": 0.08857950244970943,
        "void_size_frac": 0.39530444188724195,
        "rotation_deg": 68.43158592274713
      },
      "v12": 0.29999999999500027,
      "v21": 0.29999999999499144,
      "obj_value": -0.5221878803712214,
      "n_iters": 82,
      "converged": true,
      "elapsed_time": 27.5030198097229,
      "success": true,
      "error": null
    },
    {
      "sample_id": 6,
      "seed": "square",
      "objective": "auxetic",
      "params": {
        "volfrac": 0.4749343799288604,
        "penal": 4.936572676503209,
        "rmin": 5.128848441824852,
        "move": 0.26108488337764574,
        "void_size_frac": 0.3156284808112767,
        "rotation_deg": 84.50196541182649
      },
      "v12": 0.29998584183285937,
      "v21": 0.2999858418338352,
      "obj_value": -0.21870175027322442,
      "n_iters": 30,
      "converged": true,
      "elapsed_time": 11.732683897018433,
      "success": true,
      "error": null
    },
    {
      "sample_id": 7,
      "seed": "square",
      "objective": "auxetic",
      "params": {
        "volfrac": 0.6139964653066368,
        "penal": 3.625017781149061,
        "rmin": 4.527956699767467,
        "move": 0.13496029702086,
        "void_size_frac": 0.44612521620969836,
        "rotation_deg": 65.13501568820926
      },
      "v12": 0.36842170200314056,
      "v21": 0.4321457349205881,
      "obj_value": 0.7684171374460513,
      "n_iters": 139,
      "converged": true,
      "elapsed_time": 51.140082597732544,
      "success": true,
      "error": null
    },
    {
      "sample_id": 8,
      "seed": "square",
      "objective": "auxetic",
      "params": {
        "volfrac": 0.6275667266136671,
        "penal": 3.5146996688520917,
        "rmin": 3.300015299587482,
        "move": 0.19160531441874162,
        "void_size_frac": 0.1621307562249786,
        "rotation_deg": 52.005447430223896
      },
      "v12": 0.2574325302673957,
      "v21": 0.26280410997574044,
      "obj_value": -0.47233244688137077,
      "n_iters": 115,
      "converged": true,
      "elapsed_time": 41.114197969436646,
      "success": true,
      "error": null
    },
    {
      "sample_id": 9,
      "seed": "square",
      "objective": "auxetic",
      "params": {
        "volfrac": 0.4005977949516489,
        "penal": 4.629236129197071,
        "rmin": 4.923514037410277,
        "move": 0.1702604900337259,
        "void_size_frac": 0.25860203001872345,
        "rotation_deg": 11.656409779392078
      },
      "v12": 0.29976509510231525,
      "v21": 0.2997650952230012,
      "obj_value": -0.04756234873127932,
      "n_iters": 30,
      "converged": true,
      "elapsed_time": 10.615785598754883,
      "success": true,
      "error": null
    },
    {
      "sample_id": 10,
      "seed": "square",
      "objective": "auxetic",
      "params": {
        "volfrac": 0.6410879605094604,
        "penal": 3.2038538391809155,
        "rmin": 5.405793982253136,
        "move": 0.06862500952153312,
        "void_size_frac": 0.2136528167999941,
        "rotation_deg": 37.33926179802601
      },
      "v12": 0.3222294051742439,
      "v21": 0.3000905994843601,
      "obj_value": -0.41306465208223175,
      "n_iters": 150,
      "converged": true,
      "elapsed_time": 54.72698998451233,
      "success": true,
      "error": null
    },
    {
      "sample_id": 11,
      "seed": "square",
      "objective": "auxetic",
      "params": {
        "volfrac": 0.3092105711900612,
        "penal": 4.559473320258318,
        "rmin": 2.494863694238677,
        "move": 0.16302735508973032,
        "void_size_frac": 0.3778541532718047,
        "rotation_deg": 79.77441406882609
      },
      "v12": 0.299999999996924,
      "v21": 0.2999999999968989,
      "obj_value": -0.22739611556966266,
      "n_iters": 42,