{
  "git_hash": "ddbe82c",
  "timestamp": "2026-07-11T08:24:18",
  "version": "1.3.0",
  "params": {
    "volfrac": 0.308397879183982,
    "penal": 1.2150106686894366,
    "rmin": 5.31677401986048,
    "move": 0.095976178212516,
    "void_size_frac": 0.309675129725819,
    "rotation_deg": 19.28100941292556,
    "beta": 1.0756201079046006,
    "nelx": 50,
    "nely": 50,
    "ft": 2,
    "E0": 199.0,
    "Emin": 1e-09,
    "nu": 0.3,
    "max_iter": 150,
    "tol_change": 0.01,
    "tol_obj": 0.05,
    "window_size": 20,
    "save_every": 9999,
    "scale_factor": 1,
    "seed": "hourglass",
    "objective": "first"
  }
}