Iteration,Poisson_v12,Poisson_v21,Objective,Volume_Fraction
0,nan,nan,nan,0.932400
1,-1.000000,-1.000000,1.000000,0.787731
2,-1.000000,-1.000000,1.000000,0.643061
3,-1.000000,-1.000000,1.000000,0.498392
4,-1.000000,-1.000000,1.000000,0.353722
5,-1.000000,-1.000000,1.000000,0.224636
6,-1.000000,-1.000000,1.000000,0.131001
7,-1.000000,-1.000000,1.000000,0.090893
8,-0.999899,-0.999906,0.999899,0.102722
9,-0.987152,-0.988885,0.987152,0.119822
10,-0.986259,-0.989012,0.986259,0.139321
11,-0.985087,-0.989655,0.985087,0.161364
12,-0.984578,-0.990716,0.984578,0.169201
13,-0.983425,-0.991683,0.983425,0.172705
14,-0.984252,-0.991699,0.984252,0.173665
15,-0.983931,-0.990818,0.983931,0.175109
16,-0.984473,-0.990951,0.984473,0.172737
17,-0.983722,-0.991085,0.983722,0.168412
18,-0.984299,-0.990307,0.984299,0.169505
19,-0.983907,-0.990635,0.983907,0.168751
20,-0.983792,-0.990182,0.983792,0.169449
