{
  "git_hash": "ddbe82c",
  "timestamp": "2026-07-11T07:55:59",
  "version": "1.3.0",
  "params": {
    "volfrac": 0.6087815031782946,
    "penal": 2.144294369993781,
    "rmin": 3.355384372442597,
    "move": 0.1630948938695176,
    "void_size_frac": 0.31619092746511274,
    "rotation_deg": 13.265491332386,
    "nelx": 50,
    "nely": 50,
    "ft": 2,
    "E0": 199.0,
    "Emin": 1e-09,
    "nu": 0.3,
    "max_iter": 150,
    "tol_change": 0.01,
    "tol_obj": 0.05,
    "window_size": 20,
    "save_every": 9999,
    "scale_factor": 1,
    "seed": "square",
    "objective": "auxetic"
  }
}