Iteration,Poisson_v12,Poisson_v21,Objective,Volume_Fraction
0,nan,nan,nan,0.930800
1,0.341502,0.341502,16.476084,0.758471
2,0.347447,0.347447,30.666910,0.586142
3,0.347447,0.347447,41.303494,0.413813
4,0.347447,0.347447,46.319851,0.246429
5,0.295995,0.295995,47.875425,0.246429
6,0.244395,0.244395,44.856030,0.246429
7,0.245307,0.245307,38.342361,0.246428
8,0.280281,0.280281,26.269518,0.246428
9,0.296780,0.296780,13.499067,0.246428
10,0.299731,0.299731,11.710512,0.246428
11,0.300098,0.300098,10.516452,0.246428
12,0.300047,0.300047,9.882740,0.246428
13,0.300000,0.300000,9.589938,0.246428
14,0.300000,0.300000,9.476646,0.246429
15,0.300000,0.300000,9.410460,0.246429
16,0.300000,0.300000,9.356565,0.246428
17,0.300000,0.300000,9.317667,0.246429
18,0.300000,0.300000,9.299614,0.246429
19,0.300000,0.300000,9.282445,0.246429
20,0.300000,0.300000,9.264696,0.246429
21,0.300000,0.300000,9.249712,0.246428
22,0.300000,0.300000,9.232162,0.246429
23,0.300000,0.300000,9.209634,0.246428
24,0.300000,0.300000,9.185261,0.246428
25,0.300000,0.300000,9.182449,0.246429
26,0.300000,0.300000,9.179303,0.246428
27,0.300000,0.300000,9.175787,0.246429
28,0.300000,0.300000,9.171470,0.246429
29,0.300000,0.300000,9.166687,0.246428
30,0.300000,0.300000,9.161571,0.246429
31,0.300000,0.300000,9.155977,0.246428
32,0.300000,0.300000,9.150533,0.246428
33,0.300000,0.300000,9.145252,0.246428
34,0.300000,0.300000,9.140600,0.246428
35,0.300000,0.300000,9.136850,0.246428
36,0.300000,0.300000,9.134321,0.246429
37,0.300000,0.300000,9.132045,0.246429
38,0.300000,0.300000,9.130403,0.246429
39,0.300000,0.300000,9.129163,0.246429
