{
  "git_hash": "unknown",
  "timestamp": "2026-07-15T08:48:32",
  "version": "1.4.0",
  "params": {
    "volfrac": 0.6641036584592113,
    "penal": 2.8040370325087496,
    "rmin": 1.1837631387748762,
    "move": 0.08521426133714172,
    "void_size_frac": 0.5361380579625995,
    "nelx": 80,
    "nely": 80,
    "ft": 2,
    "E0": 199.0,
    "Emin": 1e-09,
    "nu": 0.3,
    "max_iter": 200,
    "tol_change": 0.01,
    "tol_obj": 0.05,
    "window_size": 20,
    "save_every": 9999,
    "scale_factor": 1,
    "mu": 0.0,
    "beta": 3.0,
    "rotation_deg": 0.0,
    "seed": "hexagonal",
    "objective": "auxetic"
  }
}