Iteration,Poisson_v12,Poisson_v21,Objective,Volume_Fraction
0,nan,nan,nan,0.831600
1,-1.000000,-1.000000,116.817266,0.627545
2,-1.000000,-1.000000,195.098399,0.467787
3,-1.000000,-1.000000,229.256224,0.467787
4,-1.000000,-1.000000,217.180895,0.467787
5,-1.000000,-1.000000,215.465116,0.467787
6,-1.000000,-1.000000,214.157365,0.467787
7,-1.000000,-1.000000,212.682600,0.467787
8,-1.000000,-1.000000,211.003282,0.467787
9,-1.000000,-1.000000,209.157468,0.467787
10,-1.000000,-1.000000,207.238746,0.467787
11,-1.000000,-1.000000,205.345898,0.467787
12,-1.000000,-1.000000,203.513869,0.467787
13,-1.000000,-1.000000,201.725628,0.467787
14,-1.000000,-1.000000,199.881872,0.467787
15,-1.000000,-1.000000,198.148176,0.467787
16,-1.000000,-1.000000,196.228331,0.467787
17,-1.000000,-1.000000,194.598515,0.467787
18,-1.000000,-1.000000,193.226895,0.467787
19,-1.000000,-1.000000,192.403269,0.467787
20,-1.000000,-1.000000,192.031438,0.467787
21,-1.000000,-1.000000,191.806603,0.467787
22,-1.000000,-1.000000,191.638230,0.467787
23,-1.000000,-1.000000,191.505814,0.467787
