{
  "metadata": {
    "objective": "auxetic",
    "seed": "grid_circular_voids",
    "timestamp": "2026-07-12T23:33:47.285077",
    "n_samples": 30,
    "n_success": 30
  },
  "analysis": {
    "param_names": [
      "volfrac",
      "penal",
      "rmin",
      "move",
      "void_size_frac",
      "rotation_deg"
    ],
    "correlations": [
      0.11635150166852058,
      0.21913236929922134,
      0.5866518353726363,
      0.018909899888765295,
      -0.1546162402669633,
      -0.14660734149054505
    ],
    "p_values": [
      0.5403461755338033,
      0.24464891217929435,
      0.0006560234567413749,
      0.9209942150566691,
      0.41461089743721413,
      0.4394798230627862
    ],
    "top_3": [
      [
        "rmin",
        0.5866518353726363,
        0.0006560234567413749
      ],
      [
        "penal",
        0.21913236929922134,
        0.24464891217929435
      ],
      [
        "void_size_frac",
        -0.1546162402669633,
        0.41461089743721413
      ]
    ],
    "n_valid": 30
  },
  "results": [
    {
      "sample_id": 0,
      "seed": "grid_circular_voids",
      "objective": "auxetic",
      "params": {
        "volfrac": 0.4930139193525872,
        "penal": 4.008149541366393,
        "rmin": 3.8569003466814364,
        "move": 0.14418859975783865,
        "void_size_frac": 0.1990582265211235,
        "rotation_deg": 48.07313294508973
      },
      "v12": 0.32051702224723116,
      "v21": 0.31361038123397145,
      "obj_value": 0.1769059030528935,
      "n_iters": 150,
      "converged": true,
      "elapsed_time": 56.30171465873718,
      "success": true,
      "error": null
    },
    {
      "sample_id": 1,
      "seed": "grid_circular_voids",
      "objective": "auxetic",
      "params": {
        "volfrac": 0.25318480397346194,
        "penal": 2.495191425963073,
        "rmin": 1.1453143945540756,
        "move": 0.06291345051753694,
        "void_size_frac": 0.3562920197576742,
        "rotation_deg": 18.219705033454193
      },
      "v12": 0.29929366095027166,
      "v21": 0.29929366095026316,
      "obj_value": -0.16144449619777387,
      "n_iters": 50,
      "converged": true,
      "elapsed_time": 16.947100400924683,
      "success": true,
      "error": null
    },
    {
      "sample_id": 2,
      "seed": "grid_circular_voids",
      "objective": "auxetic",
      "params": {
        "volfrac": 0.5880817983989245,
        "penal": 2.756965118230556,
        "rmin": 2.2594309668621113,
        "move": 0.23977301065179352,
        "void_size_frac": 0.30445415212984167,
        "rotation_deg": 44.80854823168748
      },
      "v12": 0.30173786305721095,
      "v21": 0.33625191856024783,
      "obj_value": -0.2869351466106179,
      "n_iters": 150,
      "converged": true,
      "elapsed_time": 54.98794913291931,
      "success": true,
      "error": null
    },
    {
      "sample_id": 3,
      "seed": "grid_circular_voids",
      "objective": "auxetic",
      "params": {
        "volfrac": 0.5056315843734323,
        "penal": 1.7157780801170581,
        "rmin": 5.206985376652438,
        "move": 0.2720456169322511,
        "void_size_frac": 0.290293019756051,
        "rotation_deg": 39.320636636033406
      },
      "v12": 0.35025083818943664,
      "v21": 0.3296481392281461,
      "obj_value": 0.6554524780630607,
      "n_iters": 150,
      "converged": true,
      "elapsed_time": 51.36342096328735,
      "success": true,
      "error": null
    },
    {
      "sample_id": 4,
      "seed": "grid_circular_voids",
      "objective": "auxetic",
      "params": {
        "volfrac": 0.35962155337234986,
        "penal": 3.7740481722864043,
        "rmin": 4.755546499378827,
        "move": 0.2829683019517731,
        "void_size_frac": 0.27845710507932453,
        "rotation_deg": 12.950853140272637
      },
      "v12": 0.29999999106615194,
      "v21": 0.3000000092112788,
      "obj_value": -0.01792483329724695,
      "n_iters": 59,
      "converged": true,
      "elapsed_time": 23.165111303329468,
      "success": true,
      "error": null
    },
    {
      "sample_id": 5,
      "seed": "grid_circular_voids",
      "objective": "auxetic",
      "params": {
        "volfrac": 0.4534031712545624,
        "penal": 4.070998702342106,
        "rmin": 2.612362440310308,
        "move": 0.08857950244970943,
        "void_size_frac": 0.39530444188724195,
        "rotation_deg": 68.43158592274713
      },
      "v12": 0.3098250545005355,
      "v21": 0.3296269895665499,
      "obj_value": -0.026802710659244416,
      "n_iters": 150,
      "converged": true,
      "elapsed_time": 54.48469424247742,
      "success": true,
      "error": null
    },
    {
      "sample_id": 6,
      "seed": "grid_circular_voids",
      "objective": "auxetic",
      "params": {
        "volfrac": 0.4749343799288604,
        "penal": 4.936572676503209,
        "rmin": 5.128848441824852,
        "move": 0.26108488337764574,
        "void_size_frac": 0.3156284808112767,
        "rotation_deg": 84.50196541182649
      },
      "v12": 0.3027965936845085,
      "v21": 0.3010878402309048,
      "obj_value": 0.05897079146433487,
      "n_iters": 150,
      "converged": true,
      "elapsed_time": 54.903743743896484,
      "success": true,
      "error": null
    },
    {
      "sample_id": 7,
      "seed": "grid_circular_voids",
      "objective": "auxetic",
      "params": {
        "volfrac": 0.6139964653066368,
        "penal": 3.625017781149061,
        "rmin": 4.527956699767467,
        "move": 0.13496029702086,
        "void_size_frac": 0.44612521620969836,
        "rotation_deg": 65.13501568820926
      },
      "v12": 0.30847339801162005,
      "v21": 0.351371077065293,
      "obj_value": 0.11221750839817637,
      "n_iters": 150,
      "converged": true,
      "elapsed_time": 49.689698696136475,
      "success": true,
      "error": null
    },
    {
      "sample_id": 8,
      "seed": "grid_circular_voids",
      "objective": "auxetic",
      "params": {
        "volfrac": 0.6275667266136671,
        "penal": 3.5146996688520917,
        "rmin": 3.300015299587482,
        "move": 0.19160531441874162,
        "void_size_frac": 0.1621307562249786,
        "rotation_deg": 52.005447430223896
      },
      "v12": 0.34072948561995153,
      "v21": 0.3681019288932044,
      "obj_value": 0.35529058757047494,
      "n_iters": 150,
      "converged": true,
      "elapsed_time": 57.72525405883789,
      "success": true,
      "error": null
    },
    {
      "sample_id": 9,
      "seed": "grid_circular_voids",
      "objective": "auxetic",
      "params": {
        "volfrac": 0.4005977949516489,
        "penal": 4.629236129197071,
        "rmin": 4.923514037410277,
        "move": 0.1702604900337259,
        "void_size_frac": 0.25860203001872345,
        "rotation_deg": 11.656409779392078
      },
      "v12": 0.30000724256214717,
      "v21": 0.30000464231995555,
      "obj_value": 0.035608877355001456,
      "n_iters": 118,
      "converged": true,
      "elapsed_time": 39.65520405769348,
      "success": true,
      "error": null
    },
    {
      "sample_id": 10,
      "seed": "grid_circular_voids",
      "objective": "auxetic",
      "params": {
        "volfrac": 0.6410879605094604,
        "penal": 3.2038538391809155,
        "rmin": 5.405793982253136,
        "move": 0.06862500952153312,
        "void_size_frac": 0.2136528167999941,
        "rotation_deg": 37.33926179802601
      },
      "v12": 0.33277099827309997,
      "v21": 0.37453517049601764,
      "obj_value": 0.49534499718994285,
      "n_iters": 150,
      "converged": true,
      "elapsed_time": 57.5548939704895,
      "success": true,
      "error": null
    },
    {
      "sample_id": 11,
      "seed": "grid_circular_voids",
      "objective": "auxetic",
      "params": {
        "volfrac": 0.3092105711900612,
        "penal": 4.559473320258318,
        "rmin": 2.494863694238677,
        "move": 0.16302735508973032,
        "void_size_frac": 0.3778541532718047,