{
  "batch_id": 1,
  "strategy": "design_df",
  "n_samples": 1320,
  "n_total_tasks": 1320,
  "n_success": 1320,
  "n_converged": 1320,
  "n_workers": 10,
  "elapsed_time": 5758.5,
  "output_dir": "outputs/multi_batch/batch_1",
  "best_per_combo": {
    "circle/auxetic": {
      "sample_id": 22,
      "seed": "circle",
      "objective": "auxetic",
      "obj_value": 0.4288898552772258,
      "v12": -0.5491350346213698,
      "v21": -0.5852950366412706
    },
    "circle_half_quarter/auxetic": {
      "sample_id": 188,
      "seed": "circle_half_quarter",
      "objective": "auxetic",
      "obj_value": 0.4168873371062012,
      "v12": -0.40177674438812,
      "v21": -0.3998462334308943
    },
    "cross_rectangular/auxetic": {
      "sample_id": 264,
      "seed": "cross_rectangular",
      "objective": "auxetic",
      "obj_value": 0.26431684074189454,
      "v12": -0.611660988912416,
      "v21": -0.5442387943816128
    },
    "four_circle/auxetic": {
      "sample_id": 370,
      "seed": "four_circle",
      "objective": "auxetic",
      "obj_value": 1.2880435984453769,
      "v12": -0.5266177961790857,
      "v21": -0.5794039145757619
    },
    "grid_circular_voids/auxetic": {
      "sample_id": 563,
      "seed": "grid_circular_voids",
      "objective": "auxetic",
      "obj_value": 0.30963156824251614,
      "v12": -0.4767587926425339,
      "v21": -0.47675879264305265
    },
    "hexagonal/auxetic": {
      "sample_id": 670,
      "seed": "hexagonal",
      "objective": "auxetic",
      "obj_value": 1.1502013237025341,
      "v12": -0.4432336198190332,
      "v21": -0.444486931106319
    },
    "hourglass/auxetic": {
      "sample_id": 749,
      "seed": "hourglass",
      "objective": "auxetic",
      "obj_value": 1.1202857033782667,
      "v12": -0.470163296890825,
      "v21": -0.43560407342575186
    },
    "nine_circle/auxetic": {
      "sample_id": 903,
      "seed": "nine_circle",
      "objective": "auxetic",
      "obj_value": 0.07882546527081336,
      "v12": -0.4486730047794495,
      "v21": -0.448573177958449
    },
    "reentrant_bowtie/auxetic": {
      "sample_id": 1006,
      "seed": "reentrant_bowtie",
      "objective": "auxetic",
      "obj_value": 1.6740016789824874,
      "v12": -0.3174993870252462,
      "v21": -0.2485881160561152
    },
    "small_square_cross/auxetic": {
      "sample_id": 1192,
      "seed": "small_square_cross",
      "objective": "auxetic",
      "obj_value": 0.8932622346570591,
      "v12": -0.45209634846854535,
      "v21": -0.4518688855808513
    },
    "square/auxetic": {
      "sample_id": 1200,
      "seed": "square",
      "objective": "auxetic",
      "obj_value": 0.6604142818097013,
      "v12": -0.4931878518462539,
      "v21": -0.43996271178777635
    }
  },
  "timestamp": "2026-07-16T13:21:08.696826"
}