Iteration,Poisson_v12,Poisson_v21,Objective,Volume_Fraction
0,nan,nan,nan,0.782800
1,0.145420,0.145420,11.429375,0.566398
2,0.175333,0.175332,-74.599755,0.349243
3,0.175333,0.175332,-131.424787,0.132088
4,0.175333,0.175332,-152.987273,0.000000
5,0.000000,0.000000,-154.558849,0.000000
6,0.000000,0.000000,-154.558849,0.000000
7,0.000000,0.000000,-154.558849,0.000000
8,0.000000,0.000000,-154.558849,0.000000
9,0.000000,0.000000,-154.558849,0.000000
