Iteration,Poisson_v12,Poisson_v21,Objective,Volume_Fraction
0,nan,nan,nan,0.338899
1,0.328696,0.500882,0.520759,0.229471
2,0.371472,0.477055,0.836626,0.125166
3,0.440019,0.549662,1.370057,0.031015
4,0.440019,0.549662,0.269149,0.000000
5,0.000000,0.000000,0.000000,0.000000
6,0.000000,0.000000,0.000000,0.000000
7,0.000000,0.000000,0.000000,0.000000
8,0.000000,0.000000,0.000000,0.000000
9,0.000000,0.000000,0.000000,0.000000
