{
  "metadata": {
    "objective": "auxetic",
    "seed": "hexagonal",
    "timestamp": "2026-06-01T18:57:14.042522",
    "n_samples": 30,
    "n_success": 30
  },
  "analysis": {
    "param_names": [
      "volfrac",
      "penal",
      "rmin",
      "move",
      "void_size_frac",
      "rotation_deg"
    ],
    "correlations": [
      -0.2511679644048943,
      -0.6409343715239153,
      0.011790878754171301,
      -0.42602892102335926,
      0.3192436040044494,
      -0.36062291434927696
    ],
    "p_values": [
      0.180627012618926,
      0.00013568815316383347,
      0.9506909245170636,
      0.018904240117944063,
      0.08550619299825837,
      0.05026212005345476
    ],
    "top_3": [
      [
        "penal",
        -0.6409343715239153,
        0.00013568815316383347
      ],
      [
        "move",
        -0.42602892102335926,
        0.018904240117944063
      ],
      [
        "rotation_deg",
        -0.36062291434927696,
        0.05026212005345476
      ]
    ],
    "n_valid": 30
  },
  "results": [
    {
      "sample_id": 0,
      "seed": "hexagonal",
      "objective": "auxetic",
      "params": {
        "volfrac": 0.44301391935258716,
        "penal": 4.008149541366393,
        "rmin": 3.8569003466814364,
        "move": 0.14418859975783865,
        "void_size_frac": 0.2817637108685392,
        "rotation_deg": 48.07313294508973
      },
      "v12": -0.9816475802226732,
      "v21": -0.989561349116239,
      "obj_value": 0.9816475802226732,
      "n_iters": 21,
      "converged": true,
      "elapsed_time": 4.457932949066162,
      "success": true,
      "error": null
    },
    {
      "sample_id": 1,
      "seed": "hexagonal",
      "objective": "auxetic",
      "params": {
        "volfrac": 0.20318480397346197,
        "penal": 2.495191425963073,
        "rmin": 1.1453143945540756,
        "move": 0.06291345051753694,
        "void_size_frac": 0.5438200329294569,
        "rotation_deg": 18.219705033454193
      },
      "v12": -0.999999996006999,
      "v21": -0.9999999965333362,
      "obj_value": 0.999999996006999,
      "n_iters": 21,
      "converged": true,
      "elapsed_time": 4.084845542907715,
      "success": true,
      "error": null
    },
    {
      "sample_id": 2,
      "seed": "hexagonal",
      "objective": "auxetic",
      "params": {
        "volfrac": 0.5380817983989244,
        "penal": 2.756965118230556,
        "rmin": 2.2594309668621113,
        "move": 0.23977301065179352,
        "void_size_frac": 0.4574235868830694,
        "rotation_deg": 44.80854823168748
      },
      "v12": -0.981788719258626,
      "v21": -0.9901328591649644,
      "obj_value": 0.981788719258626,
      "n_iters": 21,
      "converged": true,
      "elapsed_time": 4.400315284729004,
      "success": true,
      "error": null
    },
    {
      "sample_id": 3,
      "seed": "hexagonal",
      "objective": "auxetic",
      "params": {
        "volfrac": 0.45563158437343226,
        "penal": 1.7157780801170581,
        "rmin": 5.206985376652438,
        "move": 0.2720456169322511,
        "void_size_frac": 0.43382169959341826,
        "rotation_deg": 39.320636636033406
      },
      "v12": -0.9846181153290727,
      "v21": -0.9913397143440803,
      "obj_value": 0.9846181153290727,
      "n_iters": 21,
      "converged": true,
      "elapsed_time": 4.492053270339966,
      "success": true,
      "error": null
    },
    {
      "sample_id": 4,
      "seed": "hexagonal",
      "objective": "auxetic",
      "params": {
        "volfrac": 0.30962155337234987,
        "penal": 3.7740481722864043,
        "rmin": 4.755546499378827,
        "move": 0.2829683019517731,
        "void_size_frac": 0.4140951751322075,
        "rotation_deg": 12.950853140272637
      },
      "v12": -0.9840156076346868,
      "v21": -0.9912855496571951,
      "obj_value": 0.9840156076346868,
      "n_iters": 21,
      "converged": true,
      "elapsed_time": 4.425534963607788,
      "success": true,
      "error": null
    },
    {
      "sample_id": 5,
      "seed": "hexagonal",
      "objective": "auxetic",
      "params": {
        "volfrac": 0.40340317125456243,
        "penal": 4.070998702342106,
        "rmin": 2.612362440310308,
        "move": 0.08857950244970943,
        "void_size_frac": 0.6088407364787365,
        "rotation_deg": 68.43158592274713
      },
      "v12": -0.9871262963567957,
      "v21": -0.9976217789442193,
      "obj_value": 0.9871262963567957,
      "n_iters": 21,
      "converged": true,
      "elapsed_time": 4.02266263961792,
      "success": true,
      "error": null
    },
    {
      "sample_id": 6,
      "seed": "hexagonal",
      "objective": "auxetic",
      "params": {
        "volfrac": 0.4249343799288604,
        "penal": 4.936572676503209,
        "rmin": 5.128848441824852,
        "move": 0.26108488337764574,
        "void_size_frac": 0.47604746801879444,
        "rotation_deg": 84.50196541182649
      },
      "v12": -0.982531279972772,
      "v21": -0.9890742810788864,
      "obj_value": 0.982531279972772,
      "n_iters": 21,
      "converged": true,
      "elapsed_time": 4.507441997528076,
      "success": true,
      "error": null
    },
    {
      "sample_id": 7,
      "seed": "hexagonal",
      "objective": "auxetic",
      "params": {
        "volfrac": 0.5639964653066367,
        "penal": 3.625017781149061,
        "rmin": 4.527956699767467,
        "move": 0.13496029702086,
        "void_size_frac": 0.6935420270161637,
        "rotation_deg": 65.13501568820926
      },
      "v12": -0.9844135220242579,
      "v21": -0.9961322068193895,
      "obj_value": 0.9844135220242579,
      "n_iters": 21,
      "converged": true,
      "elapsed_time": 4.590913772583008,
      "success": true,
      "error": null
    },
    {
      "sample_id": 8,
      "seed": "hexagonal",
      "objective": "auxetic",
      "params": {
        "volfrac": 0.577566726613667,
        "penal": 3.5146996688520917,
        "rmin": 3.300015299587482,
        "move": 0.19160531441874162,
        "void_size_frac": 0.22021792704163104,
        "rotation_deg": 52.005447430223896
      },
      "v12": -0.9781161815593282,
      "v21": -0.986637610357994,
      "obj_value": 0.9781161815593282,
      "n_iters": 21,
      "converged": true,
      "elapsed_time": 4.818277835845947,
      "success": true,
      "error": null
    },
    {
      "sample_id": 9,
      "seed": "hexagonal",
      "objective": "auxetic",
      "params": {
        "volfrac": 0.3505977949516489,
        "penal": 4.629236129197071,
        "rmin": 4.923514037410277,
        "move": 0.1702604900337259,
        "void_size_frac": 0.38100338336453904,
        "rotation_deg": 11.656409779392078
      },
      "v12": -0.9853896247721933,
      "v21": -0.9934055471116611,
      "obj_value": 0.9853896247721933,
      "n_iters": 21,
      "converged": true,
      "elapsed_time": 4.44996452331543,
      "success": true,
      "error": null
    },
    {
      "sample_id": 10,
      "seed": "hexagonal",
      "objective": "auxetic",
      "params": {
        "volfrac": 0.5910879605094603,
        "penal": 3.2038538391809155,
        "rmin": 5.405793982253136,
        "move": 0.06862500952153312,
        "void_size_frac": 0.30608802799999013,
        "rotation_deg": 37.33926179802601
      },
      "v12": -0.9853452200932273,
      "v21": -0.9909138104968408,
      "obj_value": 0.9853452200932273,
      "n_iters": 21,
      "converged": true,
      "elapsed_time": 4.4707465171813965,
      "success": true,
      "error": null
    },
    {
      "sample_id": 11,
      "seed": "hexagonal",
      "objective": "auxetic",
      "params": {
        "volfrac": 0.2592105711900612,
        "penal": 4.559473320258318,
        "rmin": 2.494863694238677,
        "move": 0.16302735508973032,
        "void_size_frac": 0.5797569221196744,
        "rotation_deg": 79.77441406882609
      },
      "v12": -0.9809421524746142,
      "v21": -0.9892420973940325,
      "obj_value": 0.9809421524746142,