{
  "metadata": {
    "objective": "auxetic",
    "seed": "hexagonal",
    "timestamp": "2026-07-12T23:26:55.617170",
    "n_samples": 30,
    "n_success": 30
  },
  "analysis": {
    "param_names": [
      "volfrac",
      "penal",
      "rmin",
      "move",
      "void_size_frac",
      "rotation_deg"
    ],
    "correlations": [
      -0.15506117908787542,
      0.26985539488320354,
      0.5652947719688542,
      -0.27430478309232476,
      -0.40511679644048937,
      0.02202447163515017
    ],
    "p_values": [
      0.41325278844362945,
      0.1492551716588249,
      0.0011334696988787956,
      0.14240460476173736,
      0.02636271851016558,
      0.9080322595763449
    ],
    "top_3": [
      [
        "rmin",
        0.5652947719688542,
        0.0011334696988787956
      ],
      [
        "void_size_frac",
        -0.40511679644048937,
        0.02636271851016558
      ],
      [
        "move",
        -0.27430478309232476,
        0.14240460476173736
      ]
    ],
    "n_valid": 30
  },
  "results": [
    {
      "sample_id": 0,
      "seed": "hexagonal",
      "objective": "auxetic",
      "params": {
        "volfrac": 0.4930139193525872,
        "penal": 4.008149541366393,
        "rmin": 3.8569003466814364,
        "move": 0.14418859975783865,
        "void_size_frac": 0.1990582265211235,
        "rotation_deg": 48.07313294508973
      },
      "v12": 0.281640503042323,
      "v21": 0.2790157623943173,
      "obj_value": 0.2241272304871787,
      "n_iters": 150,
      "converged": true,
      "elapsed_time": 54.17495274543762,
      "success": true,
      "error": null
    },
    {
      "sample_id": 1,
      "seed": "hexagonal",
      "objective": "auxetic",
      "params": {
        "volfrac": 0.25318480397346194,
        "penal": 2.495191425963073,
        "rmin": 1.1453143945540756,
        "move": 0.06291345051753694,
        "void_size_frac": 0.3562920197576742,
        "rotation_deg": 18.219705033454193
      },
      "v12": 0.2999999999986041,
      "v21": 0.29999999999861254,
      "obj_value": -0.34208909181579084,
      "n_iters": 47,
      "converged": true,
      "elapsed_time": 16.46851420402527,
      "success": true,
      "error": null
    },
    {
      "sample_id": 2,
      "seed": "hexagonal",
      "objective": "auxetic",
      "params": {
        "volfrac": 0.5880817983989245,
        "penal": 2.756965118230556,
        "rmin": 2.2594309668621113,
        "move": 0.23977301065179352,
        "void_size_frac": 0.30445415212984167,
        "rotation_deg": 44.80854823168748
      },
      "v12": 0.31876645936577414,
      "v21": 0.3187664590124653,
      "obj_value": -0.5735177537884826,
      "n_iters": 150,
      "converged": true,
      "elapsed_time": 51.28335499763489,
      "success": true,
      "error": null
    },
    {
      "sample_id": 3,
      "seed": "hexagonal",
      "objective": "auxetic",
      "params": {
        "volfrac": 0.5056315843734323,
        "penal": 1.7157780801170581,
        "rmin": 5.206985376652438,
        "move": 0.2720456169322511,
        "void_size_frac": 0.290293019756051,
        "rotation_deg": 39.320636636033406
      },
      "v12": 0.32096969334715875,
      "v21": 0.3005665445887961,
      "obj_value": -0.47071390954258124,
      "n_iters": 150,
      "converged": true,
      "elapsed_time": 49.860151529312134,
      "success": true,
      "error": null
    },
    {
      "sample_id": 4,
      "seed": "hexagonal",
      "objective": "auxetic",
      "params": {
        "volfrac": 0.35962155337234986,
        "penal": 3.7740481722864043,
        "rmin": 4.755546499378827,
        "move": 0.2829683019517731,
        "void_size_frac": 0.27845710507932453,
        "rotation_deg": 12.950853140272637
      },
      "v12": 0.29922494975757163,
      "v21": 0.2992249497575566,
      "obj_value": -0.026202671103656316,
      "n_iters": 38,
      "converged": true,
      "elapsed_time": 13.604478359222412,
      "success": true,
      "error": null
    },
    {
      "sample_id": 5,
      "seed": "hexagonal",
      "objective": "auxetic",
      "params": {
        "volfrac": 0.4534031712545624,
        "penal": 4.070998702342106,
        "rmin": 2.612362440310308,
        "move": 0.08857950244970943,
        "void_size_frac": 0.39530444188724195,
        "rotation_deg": 68.43158592274713
      },
      "v12": 0.2999999285738689,
      "v21": 0.29999992859792196,
      "obj_value": -0.5113147389252669,
      "n_iters": 47,
      "converged": true,
      "elapsed_time": 16.365015983581543,
      "success": true,
      "error": null
    },
    {
      "sample_id": 6,
      "seed": "hexagonal",
      "objective": "auxetic",
      "params": {
        "volfrac": 0.4749343799288604,
        "penal": 4.936572676503209,
        "rmin": 5.128848441824852,
        "move": 0.26108488337764574,
        "void_size_frac": 0.3156284808112767,
        "rotation_deg": 84.50196541182649
      },
      "v12": 0.29959788430092066,
      "v21": 0.29959788359072836,
      "obj_value": -0.19442856634745745,
      "n_iters": 84,
      "converged": true,
      "elapsed_time": 30.82259464263916,
      "success": true,
      "error": null
    },
    {
      "sample_id": 7,
      "seed": "hexagonal",
      "objective": "auxetic",
      "params": {
        "volfrac": 0.6139964653066368,
        "penal": 3.625017781149061,
        "rmin": 4.527956699767467,
        "move": 0.13496029702086,
        "void_size_frac": 0.44612521620969836,
        "rotation_deg": 65.13501568820926
      },
      "v12": 0.3298467998271461,
      "v21": 0.4212303638968611,
      "obj_value": 0.557905087685129,
      "n_iters": 150,
      "converged": true,
      "elapsed_time": 54.52343559265137,
      "success": true,
      "error": null
    },
    {
      "sample_id": 8,
      "seed": "hexagonal",
      "objective": "auxetic",
      "params": {
        "volfrac": 0.6275667266136671,
        "penal": 3.5146996688520917,
        "rmin": 3.300015299587482,
        "move": 0.19160531441874162,
        "void_size_frac": 0.1621307562249786,
        "rotation_deg": 52.005447430223896
      },
      "v12": 0.3174563260351671,
      "v21": 0.3326137073650385,
      "obj_value": -0.20010126181654422,
      "n_iters": 150,
      "converged": true,
      "elapsed_time": 53.14461708068848,
      "success": true,
      "error": null
    },
    {
      "sample_id": 9,
      "seed": "hexagonal",
      "objective": "auxetic",
      "params": {
        "volfrac": 0.4005977949516489,
        "penal": 4.629236129197071,
        "rmin": 4.923514037410277,
        "move": 0.1702604900337259,
        "void_size_frac": 0.25860203001872345,
        "rotation_deg": 11.656409779392078
      },
      "v12": 0.30059258015667445,
      "v21": 0.30059256398877715,
      "obj_value": -0.027341935533152784,
      "n_iters": 115,
      "converged": true,
      "elapsed_time": 38.84344124794006,
      "success": true,
      "error": null
    },
    {
      "sample_id": 10,
      "seed": "hexagonal",
      "objective": "auxetic",
      "params": {
        "volfrac": 0.6410879605094604,
        "penal": 3.2038538391809155,
        "rmin": 5.405793982253136,
        "move": 0.06862500952153312,
        "void_size_frac": 0.2136528167999941,
        "rotation_deg": 37.33926179802601
      },
      "v12": 0.27189240434707823,
      "v21": 0.26610677166662117,
      "obj_value": 0.009804669858411441,
      "n_iters": 150,
      "converged": true,
      "elapsed_time": 54.910539388656616,
      "success": true,
      "error": null
    },
    {
      "sample_id": 11,
      "seed": "hexagonal",
      "objective": "auxetic",
      "params": {
        "volfrac": 0.3092105711900612,
        "penal": 4.559473320258318,
        "rmin": 2.494863694238677,
        "move": 0.16302735508973032,
        "void_size_frac": 0.3778541532718047,
        "rotation_deg": 79.77441406882609
      },
      "v12": 0.2999999999966445,
      "v21": 0.2999999999966132,