{
  "metadata": {
    "objective": "first",
    "seed": "square",
    "timestamp": "2026-06-01T19:20:57.496389",
    "n_samples": 30,
    "n_success": 30
  },
  "analysis": {
    "param_names": [
      "volfrac",
      "penal",
      "rmin",
      "move",
      "void_size_frac",
      "rotation_deg",
      "beta"
    ],
    "correlations": [
      -0.31568409343715237,
      -0.10745272525027807,
      0.31835372636262516,
      -0.5755283648498332,
      0.2636262513904338,
      0.04160177975528365,
      -0.8433815350389321
    ],
    "p_values": [
      0.08924971612430205,
      0.5719545687436389,
      0.08643062535260246,
      0.0008762518838515662,
      0.1592408056002902,
      0.8272153463595231,
      4.88846997281674e-09
    ],
    "top_3": [
      [
        "beta",
        -0.8433815350389321,
        4.88846997281674e-09
      ],
      [
        "move",
        -0.5755283648498332,
        0.0008762518838515662
      ],
      [
        "rmin",
        0.31835372636262516,
        0.08643062535260246
      ]
    ],
    "n_valid": 30
  },
  "results": [
    {
      "sample_id": 0,
      "seed": "square",
      "objective": "first",
      "params": {
        "volfrac": 0.3896805860192538,
        "penal": 2.808149541366393,
        "rmin": 3.023567013348103,
        "move": 0.2108552664245053,
        "void_size_frac": 0.2150970442018725,
        "rotation_deg": 48.07313294508973,
        "beta": 0.5895544119203859
      },
      "v12": -0.9999999999989204,
      "v21": -0.9999999999996203,
      "obj_value": -1.0006190564380353,
      "n_iters": 42,
      "converged": true,
      "elapsed_time": 7.776026248931885,
      "success": true,
      "error": null
    },
    {
      "sample_id": 1,
      "seed": "square",
      "objective": "first",
      "params": {
        "volfrac": 0.3095191425963073,
        "penal": 3.782918182309927,
        "rmin": 2.7582690103507392,
        "move": 0.08024334979806183,
        "void_size_frac": 0.6845539168525232,
        "rotation_deg": 46.068404639758,
        "beta": 0.7470895354691668
      },
      "v12": -0.9999999999952611,
      "v21": -0.9999999999984617,
      "obj_value": -0.24276501234122166,
      "n_iters": 31,
      "converged": true,
      "elapsed_time": 5.688686370849609,
      "success": true,
      "error": null
    },
    {
      "sample_id": 2,
      "seed": "square",
      "objective": "first",
      "params": {
        "volfrac": 0.540754477348969,
        "penal": 4.836368170428697,
        "rmin": 3.2409025354973613,
        "move": 0.09113485619913186,
        "void_size_frac": 0.3528728138001236,
        "rotation_deg": 19.105006802633806,
        "beta": 0.869676490396585
      },
      "v12": -0.9999999999991819,
      "v21": -1.0000000000002998,
      "obj_value": -1.3456116465293104,
      "n_iters": 51,
      "converged": true,
      "elapsed_time": 9.313082218170166,
      "success": true,
      "error": null
    },
    {
      "sample_id": 3,
      "seed": "square",
      "objective": "first",
      "params": {
        "volfrac": 0.2886063204249351,
        "penal": 1.0039069300806795,
        "rmin": 4.851146479779634,
        "move": 0.05184680419105199,
        "void_size_frac": 0.3967560215358005,
        "rotation_deg": 28.599836988818897,
        "beta": 0.9382478493685107
      },
      "v12": -0.9999999999863595,
      "v21": -0.9999999999960107,
      "obj_value": -0.08268222093722544,
      "n_iters": 62,
      "converged": true,
      "elapsed_time": 11.420252561569214,
      "success": true,
      "error": null
    },
    {
      "sample_id": 4,
      "seed": "square",
      "objective": "first",
      "params": {
        "volfrac": 0.3046094734390994,
        "penal": 1.575593472901006,
        "rmin": 1.7092063073486972,
        "move": 0.2752707522297149,
        "void_size_frac": 0.3112362440310308,
        "rotation_deg": 25.888620881895395,
        "beta": 1.0812177675489676
      },
      "v12": -0.9999999999958522,
      "v21": -0.9999999999995527,
      "obj_value": -67021.80443483642,
      "n_iters": 150,
      "converged": false,
      "elapsed_time": 26.52846074104309,
      "success": true,
      "error": null
    },
    {
      "sample_id": 5,
      "seed": "square",
      "objective": "first",
      "params": {
        "volfrac": 0.4508070485455428,
        "penal": 3.249343799288604,
        "rmin": 3.7540491789623447,
        "move": 0.18977575542457598,
        "void_size_frac": 0.5055031000886248,
        "rotation_deg": 40.68854424338301,
        "beta": 0.3066928721576865
      },
      "v12": -0.9999999999992668,
      "v21": -0.9999999999999514,
      "obj_value": -1.4788342470344493,
      "n_iters": 30,
      "converged": true,
      "elapsed_time": 5.8485496044158936,
      "success": true,
      "error": null
    },
    {
      "sample_id": 6,
      "seed": "square",
      "objective": "first",
      "params": {
        "volfrac": 0.33732979863997004,
        "penal": 4.691684447815728,
        "rmin": 2.8612900331007998,
        "move": 0.17662696368752667,
        "void_size_frac": 0.6602086936828304,
        "rotation_deg": 59.135015688209265,
        "beta": 0.832700179841001
      },
      "v12": -0.9999999999900688,
      "v21": -0.9999999999976358,
      "obj_value": -0.10117921220106064,
      "n_iters": 50,
      "converged": true,
      "elapsed_time": 9.158264875411987,
      "success": true,
      "error": null
    },
    {
      "sample_id": 7,
      "seed": "square",
      "objective": "first",
      "params": {
        "volfrac": 0.3848033002185425,
        "penal": 2.5733455730033192,
        "rmin": 3.998772955041499,
        "move": 0.06844229685414885,
        "void_size_frac": 0.6722524857234661,
        "rotation_deg": 9.884503864120994,
        "beta": 0.42877083875912125
      },
      "v12": -0.9999999999640757,
      "v21": -0.9999999999876172,
      "obj_value": -0.029241857499300843,
      "n_iters": 42,
      "converged": true,
      "elapsed_time": 7.937119722366333,
      "success": true,
      "error": null
    },
    {
      "sample_id": 8,
      "seed": "square",
      "objective": "first",
      "params": {
        "volfrac": 0.48721445632615545,
        "penal": 2.6575011738729475,
        "rmin": 4.643367166978724,
        "move": 0.12404558272053355,
        "void_size_frac": 0.23885995063682547,
        "rotation_deg": 4.586711381570602,
        "beta": 0.9573905557407525
      },
      "v12": -0.9999999999988954,
      "v21": -1.0000000000000822,
      "obj_value": -1.0306337574935696,
      "n_iters": 61,
      "converged": true,
      "elapsed_time": 11.968363046646118,
      "success": true,
      "error": null
    },
    {
      "sample_id": 9,
      "seed": "square",
      "objective": "first",
      "params": {
        "volfrac": 0.45646668190111966,
        "penal": 1.1820375573332544,
        "rmin": 1.5744034332236674,
        "move": 0.26200660699378825,
        "void_size_frac": 0.5449341650322898,
        "rotation_deg": 80.90754649629618,
        "beta": 1.2025313044307055
      },
      "v12": -0.999999999998769,
      "v21": -1.0000000000003317,
      "obj_value": -1850466546061.038,
      "n_iters": 150,
      "converged": false,
      "elapsed_time": 27.039811372756958,
      "success": true,
      "error": null
    },
    {
      "sample_id": 10,
      "seed": "square",
      "objective": "first",
      "params": {
        "volfrac": 0.5571388710290729,
        "penal": 1.3455295141700485,
        "rmin": 3.524432821121972,
        "move": 0.2730505042844555,
        "void_size_frac": 0.44902828763851554,
        "rotation_deg": 38.15584832393401,
        "beta": 1.2482562496893326
      },
      "v12": -0.9999999999993577,
      "v21": -1.0000000000004245,
      "obj_value": -936155618927133.4,
      "n_iters": 150,
      "converged": false,
      "elapsed_time": 28.022161722183228,
      "success": true,
      "error": null
    },
    {
      "sample_id": 11,