{
  "git_hash": "ddbe82c",
  "timestamp": "2026-07-11T08:26:34",
  "version": "1.3.0",
  "params": {
    "volfrac": 0.387251400387218,
    "penal": 4.20778774848579,
    "rmin": 3.1020429319413405,
    "move": 0.265989870598632,
    "void_size_frac": 0.36732313475537204,
    "rotation_deg": 56.44353010320801,
    "beta": 0.3293040874901249,
    "nelx": 50,
    "nely": 50,
    "ft": 2,
    "E0": 199.0,
    "Emin": 1e-09,
    "nu": 0.3,
    "max_iter": 150,
    "tol_change": 0.01,
    "tol_obj": 0.05,
    "window_size": 20,
    "save_every": 9999,
    "scale_factor": 1,
    "seed": "four_circle",
    "objective": "first"
  }
}