Iteration,Poisson_v12,Poisson_v21,Objective,Volume_Fraction
0,nan,nan,nan,0.729200
1,0.434645,0.434645,6.253391,0.561240
2,0.440168,0.440168,-23.853446,0.393280
3,0.440168,0.440168,-48.432531,0.225319
4,0.440168,0.440168,-58.285798,0.057359
5,0.440168,0.440168,-59.913117,0.000000
6,0.000000,0.000000,-59.925699,0.000000
7,0.000000,0.000000,-59.925699,0.000000
8,0.000000,0.000000,-59.925699,0.000000
9,0.000000,0.000000,-59.925699,0.000000
10,0.000000,0.000000,-59.925699,0.000000
