Iteration,Poisson_v12,Poisson_v21,Objective,Volume_Fraction
0,nan,nan,nan,0.975600
1,0.284743,0.284743,1.718219,0.722356
2,0.328823,0.328823,0.909305,0.469112
3,0.328823,0.328823,0.262133,0.215868
4,0.328823,0.328823,0.023711,0.000000
5,0.000000,0.000000,0.000000,0.000000
6,0.000000,0.000000,0.000000,0.000000
7,0.000000,0.000000,0.000000,0.000000
8,0.000000,0.000000,0.000000,0.000000
9,0.000000,0.000000,0.000000,0.000000
