Iteration,Poisson_v12,Poisson_v21,Objective,Volume_Fraction
0,nan,nan,nan,0.488488
1,0.373662,0.488709,-412.369358,0.334993
2,0.411007,0.477447,-433.726230,0.188006
3,0.411087,0.496196,-444.745204,0.058026
4,0.411087,0.496196,-448.047972,0.000000
5,0.000000,0.000000,-448.122447,0.000000
6,0.000000,0.000000,-448.122447,0.000000
7,0.000000,0.000000,-448.122447,0.000000
8,0.000000,0.000000,-448.122447,0.000000
9,0.000000,0.000000,-448.122447,0.000000
