Iteration,Poisson_v12,Poisson_v21,Objective,Volume_Fraction
0,nan,nan,nan,0.918000
1,0.359362,0.343401,-1.194904,0.653900
2,0.394406,0.379212,-13.391975,0.389800
3,0.394406,0.379212,-18.903852,0.125700
4,0.394406,0.379212,-19.688464,0.000000
5,0.000000,0.000000,-19.696032,0.000000
6,0.000000,0.000000,-19.696032,0.000000
7,0.000000,0.000000,-19.696032,0.000000
8,0.000000,0.000000,-19.696032,0.000000
9,0.000000,0.000000,-19.696032,0.000000
