Iteration,Poisson_v12,Poisson_v21,Objective,Volume_Fraction
0,nan,nan,nan,0.488786
1,0.341994,0.525604,0.628952,0.361361
2,0.391501,0.465051,0.402265,0.233936
3,0.448336,0.526309,0.352506,0.123200
4,0.448710,0.531312,0.095573,0.013563
5,0.448710,0.531312,0.001154,0.000000
6,0.000000,0.000000,0.000000,0.000000
7,0.000000,0.000000,0.000000,0.000000
8,0.000000,0.000000,0.000000,0.000000
9,0.000000,0.000000,0.000000,0.000000
10,0.000000,0.000000,0.000000,0.000000
