Iteration,Poisson_v12,Poisson_v21,Objective,Volume_Fraction
0,nan,nan,nan,0.455715
1,0.370357,0.572148,178.559122,0.489911
2,0.331918,0.455459,154.748109,0.489910
3,0.198782,0.214238,99.949216,0.489911
4,0.166133,0.166133,75.342689,0.489911
5,0.141156,0.140155,70.192121,0.489911
6,0.131848,0.131369,68.097641,0.489910
7,0.128947,0.128576,67.287175,0.489910
8,0.127411,0.126895,66.986593,0.489910
9,0.126104,0.125603,66.811439,0.489911
10,0.125388,0.124944,66.677053,0.489910
11,0.124987,0.124577,66.569500,0.489911
12,0.124684,0.124312,66.474365,0.489911
13,0.124474,0.124167,66.407921,0.489911
14,0.124391,0.124104,66.334527,0.489911
15,0.124369,0.124099,66.259338,0.489910
16,0.124403,0.124150,66.179927,0.489910
17,0.124447,0.124196,66.120835,0.489910
18,0.124456,0.124208,66.087328,0.489911
19,0.124473,0.124238,66.056247,0.489911
20,0.124510,0.124281,66.025633,0.489910
21,0.124549,0.124304,65.999340,0.489911
22,0.124546,0.124280,65.981458,0.489910
23,0.124518,0.124249,65.972931,0.489911
24,0.124441,0.124175,65.978675,0.489911
25,0.124363,0.124103,65.985560,0.489911
26,0.124289,0.124034,65.993052,0.489911
27,0.124217,0.123968,66.001053,0.489912
28,0.124146,0.123902,66.009444,0.489910
29,0.124077,0.123838,66.018560,0.489911
30,0.124006,0.123773,66.028012,0.489910
31,0.123935,0.123707,66.038092,0.489911
32,0.123861,0.123638,66.048610,0.489911
33,0.123785,0.123567,66.059700,0.489910
34,0.123716,0.123504,66.070504,0.489910
35,0.123657,0.123450,66.080440,0.489911
36,0.123606,0.123407,66.089334,0.489911
37,0.123593,0.123396,66.095049,0.489911
38,0.123584,0.123391,66.100349,0.489911
