Iteration,Poisson_v12,Poisson_v21,Objective,Volume_Fraction
0,nan,nan,nan,0.745200
1,-1.000000,-1.000000,42.549693,0.603779
2,-1.000000,-1.000000,64.318752,0.462358
3,-1.000000,-1.000000,74.492225,0.450807
4,-1.000000,-1.000000,69.374119,0.450807
5,-1.000000,-1.000000,64.977815,0.450807
6,-1.000000,-1.000000,63.635253,0.450807
7,-1.000000,-1.000000,61.965199,0.450807
8,-1.000000,-1.000000,60.120925,0.450807
9,-1.000000,-1.000000,58.279905,0.450807
10,-1.000000,-1.000000,56.974016,0.450807
11,-1.000000,-1.000000,56.499940,0.450807
12,-1.000000,-1.000000,56.303320,0.450807
13,-1.000000,-1.000000,56.181946,0.450807
14,-1.000000,-1.000000,56.099207,0.450807
15,-1.000000,-1.000000,56.051779,0.450807
16,-1.000000,-1.000000,56.021588,0.450807
17,-1.000000,-1.000000,55.998327,0.450807
18,-1.000000,-1.000000,55.979027,0.450807
19,-1.000000,-1.000000,55.962989,0.450807
20,-1.000000,-1.000000,55.950383,0.450807
21,-1.000000,-1.000000,55.941106,0.450807
22,-1.000000,-1.000000,55.934266,0.450807
23,-1.000000,-1.000000,55.929139,0.450807
24,-1.000000,-1.000000,55.924988,0.450807
