{
  "git_hash": "ddbe82c",
  "timestamp": "2026-07-11T08:39:03",
  "version": "1.3.0",
  "params": {
    "volfrac": 0.2564842291273257,
    "penal": 1.9496062795731623,
    "rmin": 1.7524295073774065,
    "move": 0.17386545325474556,
    "void_size_frac": 0.26598111603190494,
    "rotation_deg": 58.61312654602981,
    "beta_second": 1.1466928721576863,
    "nelx": 50,
    "nely": 50,
    "ft": 2,
    "E0": 199.0,
    "Emin": 1e-09,
    "nu": 0.3,
    "max_iter": 150,
    "tol_change": 0.01,
    "tol_obj": 0.05,
    "window_size": 20,
    "save_every": 9999,
    "scale_factor": 1,
    "seed": "square",
    "objective": "second"
  }
}