Iteration,Poisson_v12,Poisson_v21,Objective,Volume_Fraction
0,nan,nan,nan,0.786800
1,0.388418,0.388418,-11.905932,0.613587
2,0.453767,0.453767,-48.573039,0.440630
3,0.453767,0.453767,-72.385401,0.267674
4,0.453767,0.453767,-93.674195,0.094718
5,0.453767,0.453767,-108.850395,0.000000
6,0.000000,0.000000,-112.419895,0.000000
7,0.000000,0.000000,-112.419895,0.000000
8,0.000000,0.000000,-112.419895,0.000000
9,0.000000,0.000000,-112.419895,0.000000
10,0.000000,0.000000,-112.419895,0.000000
