Iteration,Poisson_v12,Poisson_v21,Objective,Volume_Fraction
0,nan,nan,nan,0.782000
1,-1.000000,-1.000000,1.000000,0.594498
2,-1.000000,-1.000000,1.000000,0.437649
3,-1.000000,-1.000000,1.000000,0.307993
4,-1.000000,-1.000000,1.000000,0.216959
5,-1.000000,-1.000000,1.000000,0.220032
6,-1.000000,-1.000000,1.000000,0.228267
7,-1.000000,-1.000000,1.000000,0.246638
8,-0.999583,-0.999825,0.999583,0.253547
9,-0.993633,-0.997501,0.993633,0.257328
10,-0.993484,-0.997473,0.993484,0.251831
11,-0.992856,-0.997168,0.992856,0.252132
12,-0.991517,-0.996686,0.991517,0.251127
13,-0.990874,-0.996456,0.990874,0.252467
14,-0.990816,-0.996667,0.990816,0.247184
15,-0.991157,-0.996513,0.991157,0.244341
16,-0.989752,-0.996183,0.989752,0.237487
17,-0.989625,-0.995417,0.989625,0.238624
18,-0.990690,-0.995370,0.990690,0.233231
19,-0.990409,-0.995341,0.990409,0.230959
20,-0.990022,-0.995493,0.990022,0.229031
