Iteration,Poisson_v12,Poisson_v21,Objective,Volume_Fraction
0,nan,nan,nan,0.458311
1,0.418416,0.344258,-159.364653,0.218925
2,0.429418,0.386087,-156.934887,0.014531
3,0.427037,0.382951,-173.726519,0.000000
4,0.000000,0.000000,-173.897499,0.000000
5,0.000000,0.000000,-173.897499,0.000000
6,0.000000,0.000000,-173.897499,0.000000
7,0.000000,0.000000,-173.897499,0.000000
8,0.000000,0.000000,-173.897499,0.000000
9,0.000000,0.000000,-173.897499,0.000000
