Iteration,Poisson_v12,Poisson_v21,Objective,Volume_Fraction
0,nan,nan,nan,0.974000
1,0.290589,0.290589,41.118747,0.713045
2,0.327614,0.327614,50.705070,0.452090
3,0.327614,0.327614,56.195847,0.269327
4,0.302624,0.302624,48.078169,0.269328
5,0.311722,0.311722,26.051938,0.269327
6,0.309689,0.309689,15.671385,0.269327
7,0.302112,0.302112,10.453132,0.269327
8,0.300266,0.300266,9.123230,0.269328
9,0.300002,0.300002,8.056704,0.269328
10,0.300000,0.300000,7.709528,0.269327
11,0.300000,0.300000,7.681768,0.269326
12,0.300000,0.300000,7.666749,0.269328
13,0.300000,0.300000,7.655123,0.269327
14,0.300000,0.300000,7.644812,0.269327
15,0.300000,0.300000,7.637271,0.269326
16,0.300000,0.300000,7.636296,0.269327
17,0.300000,0.300000,7.635280,0.269327
18,0.300000,0.300000,7.634426,0.269327
19,0.300000,0.300000,7.633468,0.269328
20,0.300000,0.300000,7.632411,0.269327
21,0.300000,0.300000,7.631393,0.269328
22,0.300000,0.300000,7.629846,0.269328
23,0.300000,0.300000,7.627932,0.269327
24,0.300000,0.300000,7.627333,0.269327
25,0.300000,0.300000,7.627164,0.269328
26,0.300000,0.300000,7.626960,0.269328
27,0.300000,0.300000,7.626840,0.269327
28,0.300000,0.300000,7.626769,0.269327
