Iteration,Poisson_v12,Poisson_v21,Objective,Volume_Fraction
0,nan,nan,nan,0.954800
1,0.315128,0.315128,15.897973,0.698989
2,0.337250,0.337250,29.673794,0.443178
3,0.337250,0.337250,36.490839,0.219327
4,0.291395,0.291395,36.877052,0.219327
5,0.318146,0.318146,29.377439,0.219327
6,0.303567,0.303567,15.834377,0.219327
7,0.300036,0.300036,8.069351,0.219327
8,0.300000,0.300000,7.167880,0.219327
9,0.300000,0.300000,7.005337,0.219327
10,0.300000,0.300000,6.967154,0.219327
11,0.300000,0.300000,6.948913,0.219327
12,0.300000,0.300000,6.939018,0.219327
13,0.300000,0.300000,6.930510,0.219328
14,0.300000,0.300000,6.922229,0.219326
15,0.300000,0.300000,6.913942,0.219328
16,0.300000,0.300000,6.904633,0.219327
17,0.300000,0.300000,6.894630,0.219327
18,0.300000,0.300000,6.884077,0.219327
19,0.300000,0.300000,6.873511,0.219328
20,0.300000,0.300000,6.863197,0.219328
21,0.300000,0.300000,6.853743,0.219326
22,0.300000,0.300000,6.845386,0.219327
23,0.300000,0.300000,6.837128,0.219328
24,0.300000,0.300000,6.829950,0.219327
25,0.300000,0.300000,6.824629,0.219327
26,0.300000,0.300000,6.818944,0.219327
27,0.300000,0.300000,6.812729,0.219328
28,0.300000,0.300000,6.806713,0.219328
29,0.300000,0.300000,6.800027,0.219328
30,0.300000,0.300000,6.791649,0.219328
31,0.300000,0.300000,6.782775,0.219326
32,0.300000,0.300000,6.779023,0.219328
33,0.300000,0.300000,6.773812,0.219327
34,0.300000,0.300000,6.767632,0.219328
35,0.300000,0.300000,6.759637,0.219328
36,0.300000,0.300000,6.750413,0.219327
37,0.300000,0.300000,6.740113,0.219328
38,0.300000,0.300000,6.728723,0.219328
39,0.300000,0.300000,6.715055,0.219327
40,0.300000,0.300000,6.706166,0.219328
41,0.300000,0.300000,6.703425,0.219328
42,0.300000,0.300000,6.701755,0.219327
