Iteration,Poisson_v12,Poisson_v21,Objective,Volume_Fraction
0,nan,nan,nan,0.964400
1,-1.000000,-1.000000,1.000000,0.686458
2,-1.000000,-1.000000,1.000000,0.408517
3,-1.000000,-1.000000,1.000000,0.232724
4,-1.000000,-1.000000,1.000000,0.183886
5,-1.000000,-1.000000,1.000000,0.148345
6,-1.000000,-1.000000,1.000000,0.191201
7,-0.999999,-0.999999,0.999999,0.228607
8,-1.000000,-1.000000,1.000000,0.195115
9,-1.000000,-1.000000,1.000000,0.212171
10,-1.000000,-1.000000,1.000000,0.185679
11,-1.000000,-1.000000,1.000000,0.165478
12,-0.999908,-0.999922,0.999908,0.162669
13,-0.989577,-0.991136,0.989577,0.160025
14,-0.987614,-0.989801,0.987614,0.151513
15,-0.985191,-0.987703,0.985191,0.143479
16,-0.983251,-0.986109,0.983251,0.138703
17,-0.982517,-0.985761,0.982517,0.131124
18,-0.983177,-0.985226,0.983177,0.128988
19,-0.982592,-0.985116,0.982592,0.130479
20,-0.982676,-0.985202,0.982676,0.127779
