Iteration,Poisson_v12,Poisson_v21,Objective,Volume_Fraction
0,nan,nan,nan,0.945200
1,-1.000000,-1.000000,-5.040560,0.821548
2,-1.000000,-1.000000,13.231037,0.697896
3,-1.000000,-1.000000,41.120577,0.574245
4,-1.000000,-1.000000,68.551372,0.450593
5,-1.000000,-1.000000,90.080470,0.326941
6,-1.000000,-1.000000,104.001966,0.257382
7,-1.000000,-1.000000,108.366101,0.257382
8,-1.000000,-1.000000,108.298937,0.257382
9,-1.000000,-1.000000,108.263453,0.257382
10,-1.000000,-1.000000,108.246256,0.257382
11,-1.000000,-1.000000,108.313069,0.257382
12,-1.000000,-1.000000,108.917365,0.257382
13,-1.000000,-1.000000,111.185319,0.257382
14,-1.000000,-1.000000,113.175251,0.257382
15,-1.000000,-1.000000,113.372595,0.257382
16,-0.999998,-0.999999,113.373879,0.257382
17,-0.999999,-1.000000,113.373829,0.257382
18,-1.000000,-1.000000,113.373608,0.257382
19,-1.000000,-1.000000,113.372001,0.257382
20,-1.000000,-1.000000,113.368158,0.257382
21,-1.000000,-1.000000,113.361130,0.257382
22,-1.000000,-1.000000,113.349182,0.257382
23,-1.000000,-1.000000,113.324704,0.257382
24,-1.000000,-1.000000,113.276578,0.257382
25,-1.000000,-1.000000,113.205837,0.257382
