{
  "git_hash": "ddbe82c",
  "timestamp": "2026-07-11T08:15:36",
  "version": "1.3.0",
  "params": {
    "volfrac": 0.2533515108823968,
    "penal": 3.6922504156372127,
    "rmin": 1.4409084508518584,
    "move": 0.27988598064485154,
    "void_size_frac": 0.16824864472055132,
    "rotation_deg": 58.531853813502785,
    "nelx": 50,
    "nely": 50,
    "ft": 2,
    "E0": 199.0,
    "Emin": 1e-09,
    "nu": 0.3,
    "max_iter": 150,
    "tol_change": 0.01,
    "tol_obj": 0.05,
    "window_size": 20,
    "save_every": 9999,
    "scale_factor": 1,
    "seed": "small_square_cross",
    "objective": "auxetic"
  }
}