{
  "git_hash": "unknown",
  "timestamp": "2026-07-15T06:56:01",
  "version": "1.4.0",
  "params": {
    "volfrac": 0.6291470351573155,
    "penal": 3.384492792897392,
    "rmin": 1.6725681658089881,
    "move": 0.07261252078186066,
    "void_size_frac": 0.3244545070511115,
    "nelx": 80,
    "nely": 80,
    "ft": 2,
    "E0": 199.0,
    "Emin": 1e-09,
    "nu": 0.3,
    "max_iter": 200,
    "tol_change": 0.01,
    "tol_obj": 0.05,
    "window_size": 20,
    "save_every": 9999,
    "scale_factor": 1,
    "mu": 0.0,
    "beta": 3.0,
    "rotation_deg": 0.0,
    "seed": "circle",
    "objective": "auxetic"
  }
}