Iteration,Poisson_v12,Poisson_v21,Objective,Volume_Fraction
0,nan,nan,nan,0.855600
1,0.377554,0.377554,-54.429523,0.799373
2,0.406765,0.406765,-85.732783,0.743145
3,0.406765,0.406765,-101.812399,0.686918
4,0.406765,0.406765,-116.482434,0.630690
5,0.406765,0.406765,-129.536924,0.574463
6,0.406765,0.406765,-140.868228,0.518236
7,0.406765,0.406765,-150.450808,0.462008
8,0.406765,0.406765,-158.326472,0.405781
9,0.406765,0.406765,-164.591058,0.349553
10,0.406765,0.406765,-169.382545,0.293326
11,0.406765,0.406765,-172.870580,0.237099
12,0.406765,0.406765,-175.247387,0.180871
13,0.406765,0.406765,-176.720023,0.124644
14,0.406765,0.406765,-177.503911,0.068416
15,0.406765,0.406765,-177.817522,0.012189
16,0.406779,0.406779,-177.877796,0.000000
17,0.000000,0.000000,-177.878119,0.000000
18,0.000000,0.000000,-177.878119,0.000000
19,0.000000,0.000000,-177.878119,0.000000
20,0.000000,0.000000,-177.878119,0.000000
21,0.000000,0.000000,-177.878119,0.000000
