Iteration,Poisson_v12,Poisson_v21,Objective,Volume_Fraction
0,nan,nan,nan,0.772400
1,0.414794,0.414794,20.636884,0.586259
2,0.457265,0.457265,66.684777,0.400119
3,0.457265,0.457265,97.030211,0.385251
4,0.165178,0.165178,75.645213,0.385251
5,0.170422,0.170422,36.575724,0.385252
6,0.145793,0.145793,31.432434,0.385252
7,0.140291,0.140291,30.817306,0.385251
8,0.136448,0.136448,30.682051,0.385251
9,0.133460,0.133460,30.629174,0.385252
10,0.131038,0.131038,30.630360,0.385251
11,0.129643,0.129643,30.631398,0.385251
12,0.128413,0.128413,30.662569,0.385252
13,0.127972,0.127972,30.659279,0.385251
14,0.127615,0.127615,30.655946,0.385251
15,0.127214,0.127214,30.659370,0.385252
16,0.127011,0.127011,30.660861,0.385251
17,0.126826,0.126826,30.663063,0.385252
18,0.126627,0.126627,30.666234,0.385252
19,0.126405,0.126405,30.670958,0.385250
20,0.126139,0.126139,30.677939,0.385252
21,0.125821,0.125821,30.686179,0.385252
22,0.125449,0.125449,30.694736,0.385252
23,0.124998,0.125001,30.709884,0.385252
24,0.124467,0.124468,30.731859,0.385252
25,0.123869,0.123866,30.756887,0.385252
26,0.123205,0.123205,30.782960,0.385251
27,0.122487,0.122487,30.809102,0.385251
28,0.121753,0.121754,30.832757,0.385252
29,0.121138,0.121138,30.846109,0.385251
30,0.120644,0.120644,30.850666,0.385251
31,0.120237,0.120237,30.850412,0.385251
32,0.119939,0.119941,30.845794,0.385252
33,0.119760,0.119757,30.837030,0.385251
34,0.119647,0.119647,30.829731,0.385251
35,0.119461,0.119461,30.835964,0.385251
