Iteration,Poisson_v12,Poisson_v21,Objective,Volume_Fraction
0,nan,nan,nan,0.745200
1,-1.000000,-1.000000,-3.782222,0.603779
2,-1.000000,-1.000000,-1.163188,0.462358
3,-1.000000,-1.000000,-0.435063,0.450807
4,-1.000000,-1.000000,-0.704579,0.450807
5,-1.000000,-1.000000,-0.946200,0.450807
6,-1.000000,-1.000000,-1.020218,0.450807
7,-1.000000,-1.000000,-1.116412,0.450807
8,-1.000000,-1.000000,-1.224843,0.450807
9,-1.000000,-1.000000,-1.334785,0.450807
10,-1.000000,-1.000000,-1.413731,0.450807
11,-1.000000,-1.000000,-1.442584,0.450807
12,-1.000000,-1.000000,-1.454583,0.450807
13,-1.000000,-1.000000,-1.462000,0.450807
14,-1.000000,-1.000000,-1.467061,0.450807
15,-1.000000,-1.000000,-1.469963,0.450807
16,-1.000000,-1.000000,-1.471811,0.450807
17,-1.000000,-1.000000,-1.473235,0.450807
18,-1.000000,-1.000000,-1.474417,0.450807
19,-1.000000,-1.000000,-1.475400,0.450807
20,-1.000000,-1.000000,-1.476172,0.450807
21,-1.000000,-1.000000,-1.476740,0.450807
22,-1.000000,-1.000000,-1.477159,0.450807
23,-1.000000,-1.000000,-1.477473,0.450807
24,-1.000000,-1.000000,-1.477728,0.450807
25,-1.000000,-1.000000,-1.477942,0.450807
26,-1.000000,-1.000000,-1.478159,0.450807
27,-1.000000,-1.000000,-1.478338,0.450807
28,-1.000000,-1.000000,-1.478490,0.450807
29,-1.000000,-1.000000,-1.478661,0.450807
