{
  "git_hash": "ddbe82c",
  "timestamp": "2026-07-11T08:28:39",
  "version": "1.3.0",
  "params": {
    "volfrac": 0.5012708494711122,
    "penal": 2.8655428378560392,
    "rmin": 4.160636954316797,
    "move": 0.15841004451523977,
    "void_size_frac": 0.21297284257786664,
    "rotation_deg": 65.0249911039777,
    "beta": 0.8795728409562671,
    "nelx": 50,
    "nely": 50,
    "ft": 2,
    "E0": 199.0,
    "Emin": 1e-09,
    "nu": 0.3,
    "max_iter": 150,
    "tol_change": 0.01,
    "tol_obj": 0.05,
    "window_size": 20,
    "save_every": 9999,
    "scale_factor": 1,
    "seed": "hexagonal",
    "objective": "first"
  }
}