Iteration,Poisson_v12,Poisson_v21,Objective,Volume_Fraction
0,nan,nan,nan,0.922800
1,0.311001,0.311001,-5.122516,0.848727
2,0.320194,0.320194,-11.757330,0.774654
3,0.320194,0.320194,-16.090764,0.700581
4,0.320194,0.320194,-20.530163,0.626508
5,0.320194,0.320194,-24.993317,0.552435
6,0.320194,0.320194,-29.398071,0.478362
7,0.320194,0.320194,-33.661825,0.404289
8,0.320194,0.320194,-37.700725,0.330216
9,0.320194,0.320194,-41.428310,0.256143
10,0.320194,0.320194,-44.753039,0.182070
11,0.320194,0.320194,-47.573333,0.107997
12,0.320194,0.320194,-49.765626,0.033924
13,0.320194,0.320194,-51.143097,0.000000
14,0.000000,0.000000,-51.381185,0.000000
15,0.000000,0.000000,-51.381185,0.000000
16,0.000000,0.000000,-51.381185,0.000000
17,0.000000,0.000000,-51.381185,0.000000
18,0.000000,0.000000,-51.381185,0.000000
