Iteration,Poisson_v12,Poisson_v21,Objective,Volume_Fraction
0,nan,nan,nan,0.633200
1,0.465627,0.465627,2.606831,0.445306
2,0.490990,0.490990,0.077603,0.385839
3,0.312257,0.312257,0.057087,0.239747
4,0.300124,0.300124,-0.077758,0.343452
5,0.300000,0.300000,-0.797415,0.384780
6,0.300000,0.300000,-1.144978,0.426107
7,0.300000,0.300000,-1.628925,0.426107
8,0.300000,0.300000,-1.710558,0.426107
9,0.300000,0.300000,-1.755359,0.426107
10,0.300000,0.300000,-1.779947,0.426107
11,0.300000,0.300000,-1.793440,0.426107
