Iteration,Poisson_v12,Poisson_v21,Objective,Volume_Fraction
0,nan,nan,nan,0.940400
1,0.313820,0.313820,-80.263947,0.851515
2,0.336726,0.336726,-96.849733,0.762630
3,0.336726,0.336726,-111.599163,0.673746
4,0.336726,0.336726,-123.173899,0.584861
5,0.336726,0.336726,-131.775326,0.495976
6,0.336726,0.336726,-137.781104,0.407091
7,0.336726,0.336726,-141.662396,0.318207
8,0.336726,0.336726,-143.921322,0.229322
9,0.336726,0.336726,-145.044830,0.140437
10,0.336726,0.336726,-145.470685,0.051552
11,0.336726,0.336726,-145.559934,0.000000
12,0.000000,0.000000,-145.562621,0.000000
13,0.000000,0.000000,-145.562621,0.000000
14,0.000000,0.000000,-145.562621,0.000000
15,0.000000,0.000000,-145.562621,0.000000
16,0.000000,0.000000,-145.562621,0.000000
