Iteration,Poisson_v12,Poisson_v21,Objective,Volume_Fraction
0,nan,nan,nan,0.302400
1,-1.000000,-1.000000,67.776563,0.300672
2,-1.000000,-1.000000,77.805324,0.302692
3,-1.000000,-1.000000,77.801973,0.302647
4,-1.000000,-1.000000,77.801976,0.302602
5,-1.000000,-1.000000,77.801979,0.302557
6,-1.000000,-1.000000,77.801982,0.302513
7,-1.000000,-1.000000,77.801985,0.302468
8,-1.000000,-1.000000,77.801989,0.302423
9,-1.000000,-1.000000,77.801992,0.302378
10,-1.000000,-1.000000,77.801995,0.302334
11,-1.000000,-1.000000,77.801998,0.302289
12,-1.000000,-1.000000,77.802001,0.302244
13,-1.000000,-1.000000,77.802004,0.302199
14,-1.000000,-1.000000,77.802008,0.302155
15,-1.000000,-1.000000,77.802011,0.302127
16,-1.000000,-1.000000,77.802013,0.302127
