Iteration,Poisson_v12,Poisson_v21,Objective,Volume_Fraction
0,nan,nan,nan,0.697600
1,0.351806,0.351806,6.391368,0.560521
2,0.358338,0.358338,2.911480,0.423441
3,0.358338,0.358338,1.127172,0.286362
4,0.358338,0.358338,0.314426,0.149282
5,0.358338,0.358338,0.040787,0.012203
6,0.358339,0.358339,0.000023,0.000000
7,0.000000,0.000000,0.000000,0.000000
8,0.000000,0.000000,0.000000,0.000000
9,0.000000,0.000000,0.000000,0.000000
10,0.000000,0.000000,0.000000,0.000000
11,0.000000,0.000000,0.000000,0.000000
