Iteration,Poisson_v12,Poisson_v21,Objective,Volume_Fraction
0,nan,nan,nan,0.332428
1,0.395030,0.610195,-91.726309,0.052171
2,0.429077,0.585584,-92.523054,0.000000
3,0.000000,0.000000,-92.523199,0.000000
4,0.000000,0.000000,-92.523199,0.000000
5,0.000000,0.000000,-92.523199,0.000000
6,0.000000,0.000000,-92.523199,0.000000
7,0.000000,0.000000,-92.523199,0.000000
8,0.000000,0.000000,-92.523199,0.000000
9,0.000000,0.000000,-92.523199,0.000000
