Iteration,Poisson_v12,Poisson_v21,Objective,Volume_Fraction
0,nan,nan,nan,0.832400
1,0.225157,0.225148,3.080039,0.606987
2,0.271227,0.271235,0.265613,0.401988
3,0.270574,0.271310,-0.019174,0.455259
4,0.262805,0.254423,-0.237488,0.663747
5,0.243207,0.230300,-0.471896,0.730993
6,0.257706,0.245580,-0.573435,0.782450
7,0.286103,0.275604,-0.753565,0.780992
8,0.292092,0.278219,-0.803037,0.784766
9,0.289126,0.279314,-0.821360,0.784533
10,0.286153,0.278280,-0.819473,0.783554
11,0.282964,0.276780,-0.812261,0.780350
12,0.283759,0.276801,-0.809953,0.776784
13,0.282784,0.277394,-0.804660,0.774031
14,0.290207,0.287840,-0.829096,0.773458
15,0.294404,0.295610,-0.851882,0.773564
16,0.296793,0.299779,-0.864203,0.773990
17,0.296166,0.299283,-0.862512,0.773990
18,0.296166,0.299283,-0.862528,0.773990
19,0.296166,0.299283,-0.862536,0.773990
20,0.296166,0.299283,-0.862540,0.773990
21,0.296166,0.299283,-0.862542,0.773990
