Iteration,Poisson_v12,Poisson_v21,Objective,Volume_Fraction
0,nan,nan,nan,0.297074
1,0.389242,0.368150,-59.364694,0.102232
2,0.395691,0.402301,-61.676435,0.000000
3,0.000000,0.000000,-62.007815,0.000000
4,0.000000,0.000000,-62.007815,0.000000
5,0.000000,0.000000,-62.007815,0.000000
6,0.000000,0.000000,-62.007815,0.000000
7,0.000000,0.000000,-62.007815,0.000000
8,0.000000,0.000000,-62.007815,0.000000
9,0.000000,0.000000,-62.007815,0.000000
