Iteration,Poisson_v12,Poisson_v21,Objective,Volume_Fraction
0,nan,nan,nan,0.702400
1,-1.000000,-1.000000,1.000000,0.613254
2,-1.000000,-1.000000,1.000000,0.524099
3,-1.000000,-1.000000,1.000000,0.436250
4,-1.000000,-1.000000,1.000000,0.370829
5,-1.000000,-1.000000,1.000000,0.312442
6,-1.000000,-1.000000,1.000000,0.259804
7,-1.000000,-1.000000,1.000000,0.210697
8,-1.000000,-1.000000,1.000000,0.176049
9,-0.988933,-0.996135,0.988933,0.185285
10,-0.987976,-0.995923,0.987976,0.193995
11,-0.987059,-0.995774,0.987059,0.201333
12,-0.987439,-0.995881,0.987439,0.207229
13,-0.986162,-0.995951,0.986162,0.211157
14,-0.986904,-0.995703,0.986904,0.214633
15,-0.986575,-0.996098,0.986575,0.215931
16,-0.985379,-0.995803,0.985379,0.216256
17,-0.986135,-0.995815,0.986135,0.216049
18,-0.986157,-0.996191,0.986157,0.214750
19,-0.985827,-0.995642,0.985827,0.215257
20,-0.985177,-0.995940,0.985177,0.215966
