{
  "git_hash": "ddbe82c",
  "timestamp": "2026-07-11T08:00:38",
  "version": "1.3.0",
  "params": {
    "volfrac": 0.5849606279573163,
    "penal": 2.0019436059019253,
    "rmin": 2.177309065094912,
    "move": 0.14665093002658747,
    "void_size_frac": 0.255377088486766,
    "rotation_deg": 29.10117924709589,
    "nelx": 50,
    "nely": 50,
    "ft": 2,
    "E0": 199.0,
    "Emin": 1e-09,
    "nu": 0.3,
    "max_iter": 150,
    "tol_change": 0.01,
    "tol_obj": 0.05,
    "window_size": 20,
    "save_every": 9999,
    "scale_factor": 1,
    "seed": "four_circle",
    "objective": "auxetic"
  }
}