Iteration,Poisson_v12,Poisson_v21,Objective,Volume_Fraction
0,nan,nan,nan,0.951600
1,-1.000000,-1.000000,1.000000,0.769268
2,-1.000000,-1.000000,1.000000,0.586937
3,-1.000000,-1.000000,1.000000,0.424377
4,-1.000000,-1.000000,1.000000,0.278802
5,-1.000000,-1.000000,1.000000,0.183049
6,-1.000000,-1.000000,1.000000,0.145389
7,-0.999563,-0.999679,0.999563,0.178551
8,-0.986511,-0.991857,0.986511,0.197725
9,-0.984631,-0.993432,0.984631,0.207896
10,-0.984121,-0.993678,0.984121,0.219855
11,-0.984251,-0.993290,0.984251,0.223127
12,-0.983462,-0.993731,0.983462,0.229590
13,-0.982651,-0.995023,0.982651,0.230884
14,-0.983126,-0.994702,0.983126,0.224388
15,-0.983029,-0.993338,0.983029,0.223268
16,-0.982714,-0.993708,0.982714,0.221674
17,-0.983234,-0.993160,0.983234,0.222873
18,-0.983317,-0.994303,0.983317,0.217102
19,-0.982671,-0.993563,0.982671,0.213421
20,-0.982924,-0.992963,0.982924,0.216458
