{
  "git_hash": "e6455de",
  "timestamp": "2026-07-12T23:18:22",
  "version": "1.3.0",
  "params": {
    "volfrac": 0.6275667266136671,
    "penal": 3.5146996688520917,
    "rmin": 3.300015299587482,
    "move": 0.19160531441874162,
    "void_size_frac": 0.1621307562249786,
    "rotation_deg": 52.005447430223896,
    "nelx": 50,
    "nely": 50,
    "ft": 2,
    "E0": 199.0,
    "Emin": 1e-09,
    "nu": 0.3,
    "max_iter": 150,
    "tol_change": 0.01,
    "tol_obj": 0.05,
    "window_size": 20,
    "save_every": 9999,
    "scale_factor": 1,
    "mu": 0.2,
    "seed": "square",
    "objective": "auxetic"
  }
}