Iteration,Poisson_v12,Poisson_v21,Objective,Volume_Fraction
0,nan,nan,nan,0.293625
1,0.366669,0.566377,0.099476,0.193625
2,0.422136,0.540868,0.029503,0.099512
3,0.429916,0.578710,0.003738,0.013472
4,0.429915,0.578709,0.000006,0.000000
5,0.000000,0.000000,0.000000,0.000000
6,0.000000,0.000000,0.000000,0.000000
7,0.000000,0.000000,0.000000,0.000000
8,0.000000,0.000000,0.000000,0.000000
9,0.000000,0.000000,0.000000,0.000000
