{
  "git_hash": "e6455de",
  "timestamp": "2026-07-12T23:33:47",
  "version": "1.3.0",
  "params": {
    "volfrac": 0.30204812050462004,
    "penal": 4.212986347127488,
    "rmin": 1.7573706183610647,
    "move": 0.22331363862670645,
    "void_size_frac": 0.2869404337584935,
    "rotation_deg": 82.26234129317432,
    "nelx": 50,
    "nely": 50,
    "ft": 2,
    "E0": 199.0,
    "Emin": 1e-09,
    "nu": 0.3,
    "max_iter": 150,
    "tol_change": 0.01,
    "tol_obj": 0.05,
    "window_size": 20,
    "save_every": 9999,
    "scale_factor": 1,
    "mu": 0.2,
    "seed": "small_square_cross",
    "objective": "auxetic"
  }
}