{
  "git_hash": "ddbe82c",
  "timestamp": "2026-07-11T08:18:30",
  "version": "1.3.0",
  "params": {
    "volfrac": 0.39021208479154434,
    "penal": 4.898641946952649,
    "rmin": 2.0668431002657446,
    "move": 0.1573966379876423,
    "void_size_frac": 0.20136653123816972,
    "rotation_deg": 1.7610982562154052,
    "nelx": 50,
    "nely": 50,
    "ft": 2,
    "E0": 199.0,
    "Emin": 1e-09,
    "nu": 0.3,
    "max_iter": 150,
    "tol_change": 0.01,
    "tol_obj": 0.05,
    "window_size": 20,
    "save_every": 9999,
    "scale_factor": 1,
    "seed": "circle_half_quarter",
    "objective": "auxetic"
  }
}