Iteration,Poisson_v12,Poisson_v21,Objective,Volume_Fraction
0,nan,nan,nan,0.896400
1,0.355727,0.367740,5.857607,0.678459
2,0.363720,0.376358,2.218190,0.460518
3,0.363720,0.376358,0.481985,0.242577
4,0.363720,0.376358,0.031483,0.024636
5,0.363738,0.376369,0.000001,0.000000
6,0.000000,0.000000,0.000000,0.000000
7,0.000000,0.000000,0.000000,0.000000
8,0.000000,0.000000,0.000000,0.000000
9,0.000000,0.000000,0.000000,0.000000
10,0.000000,0.000000,0.000000,0.000000
