{
  "git_hash": "e6455de",
  "timestamp": "2026-07-12T23:36:50",
  "version": "1.3.0",
  "params": {
    "volfrac": 0.3092105711900612,
    "penal": 4.559473320258318,
    "rmin": 2.494863694238677,
    "move": 0.16302735508973032,
    "void_size_frac": 0.3778541532718047,
    "rotation_deg": 79.77441406882609,
    "nelx": 50,
    "nely": 50,
    "ft": 2,
    "E0": 199.0,
    "Emin": 1e-09,
    "nu": 0.3,
    "max_iter": 150,
    "tol_change": 0.01,
    "tol_obj": 0.05,
    "window_size": 20,
    "save_every": 9999,
    "scale_factor": 1,
    "mu": 0.2,
    "seed": "circle_half_quarter",
    "objective": "auxetic"
  }
}