Iteration,Poisson_v12,Poisson_v21,Objective,Volume_Fraction
0,nan,nan,nan,0.848400
1,0.200228,0.199991,11.818960,0.603818
2,0.209733,0.211980,3.021371,0.355356
3,0.209733,0.211980,0.397958,0.106895
4,0.209733,0.211980,0.002913,0.000000
5,0.000000,0.000000,0.000000,0.000000
6,0.000000,0.000000,0.000000,0.000000
7,0.000000,0.000000,0.000000,0.000000
8,0.000000,0.000000,0.000000,0.000000
9,0.000000,0.000000,0.000000,0.000000
