Iteration,Poisson_v12,Poisson_v21,Objective,Volume_Fraction
0,nan,nan,nan,0.964400
1,-1.000000,-1.000000,-11.827499,0.761051
2,-1.000000,-1.000000,-4.616174,0.557702
3,-1.000000,-1.000000,-1.603645,0.389681
4,-1.000000,-1.000000,-0.537898,0.389681
5,-1.000000,-1.000000,-0.499481,0.389681
6,-1.000000,-1.000000,-0.476609,0.389681
7,-1.000000,-1.000000,-0.463803,0.389681
8,-1.000000,-1.000000,-0.457089,0.389681
9,-1.000000,-1.000000,-0.454162,0.389681
10,-1.000000,-1.000000,-0.453557,0.389681
11,-1.000000,-1.000000,-0.454611,0.389681
12,-1.000000,-1.000000,-0.456899,0.389681
13,-1.000000,-1.000000,-0.460469,0.389681
14,-1.000000,-1.000000,-0.465604,0.389681
15,-1.000000,-1.000000,-0.473213,0.389681
16,-1.000000,-1.000000,-0.484987,0.389681
17,-1.000000,-1.000000,-0.505394,0.389681
18,-1.000000,-1.000000,-0.542461,0.389681
19,-1.000000,-1.000000,-0.603684,0.389681
20,-1.000000,-1.000000,-0.689751,0.389681
21,-1.000000,-1.000000,-0.777637,0.389681
22,-1.000000,-1.000000,-0.847460,0.389681
23,-1.000000,-1.000000,-0.897983,0.389681
24,-1.000000,-1.000000,-0.928432,0.389681
25,-1.000000,-1.000000,-0.946600,0.389681
26,-1.000000,-1.000000,-0.959282,0.389681
27,-1.000000,-1.000000,-0.968547,0.389681
28,-1.000000,-1.000000,-0.975444,0.389681
29,-1.000000,-1.000000,-0.980697,0.389681
30,-1.000000,-1.000000,-0.984720,0.389681
31,-1.000000,-1.000000,-0.987822,0.389681
32,-1.000000,-1.000000,-0.990194,0.389681
33,-1.000000,-1.000000,-0.992006,0.389681
34,-1.000000,-1.000000,-0.993416,0.389681
35,-1.000000,-1.000000,-0.994537,0.389681
36,-1.000000,-1.000000,-0.995441,0.389681
37,-1.000000,-1.000000,-0.996185,0.389681
38,-1.000000,-1.000000,-0.996808,0.389681
39,-1.000000,-1.000000,-0.997329,0.389681
40,-1.000000,-1.000000,-0.997758,0.389681
41,-1.000000,-1.000000,-0.998119,0.389681
42,-1.000000,-1.000000,-0.998417,0.389681
