Iteration,Poisson_v12,Poisson_v21,Objective,Volume_Fraction
0,nan,nan,nan,0.659200
1,-1.000000,-1.000000,1.000000,0.577514
2,-1.000000,-1.000000,1.000000,0.498476
3,-1.000000,-1.000000,1.000000,0.419439
4,-1.000000,-1.000000,1.000000,0.340401
5,-1.000000,-1.000000,1.000000,0.270160
6,-1.000000,-1.000000,1.000000,0.210018
7,-1.000000,-1.000000,1.000000,0.159419
8,-1.000000,-1.000000,1.000000,0.119928
9,-1.000000,-1.000000,1.000000,0.123499
10,-1.000000,-1.000000,1.000000,0.113051
11,-1.000000,-1.000000,1.000000,0.115402
12,-1.000000,-1.000000,1.000000,0.108857
13,-1.000000,-1.000000,1.000000,0.112164
14,-1.000000,-1.000000,1.000000,0.115650
15,-0.992970,-0.996447,0.992970,0.120312
16,-0.988339,-0.994047,0.988339,0.122279
17,-0.988431,-0.994458,0.988431,0.124755
18,-0.986225,-0.993576,0.986225,0.126187
19,-0.984160,-0.992137,0.984160,0.126038
20,-0.981856,-0.991837,0.981856,0.127326
