Iteration,Poisson_v12,Poisson_v21,Objective,Volume_Fraction
0,nan,nan,nan,0.961600
1,0.288382,0.288382,47.318565,0.791154
2,0.312560,0.312560,57.804906,0.620734
3,0.312560,0.312560,68.317569,0.450315
4,0.312560,0.312560,73.074136,0.307390
5,0.273635,0.273635,73.558467,0.307390
6,0.284453,0.284453,65.398012,0.307389
7,0.283258,0.283258,52.097568,0.307391
8,0.295097,0.295099,37.555296,0.307389
9,0.299467,0.299467,26.333094,0.307389
10,0.299967,0.299967,23.906915,0.307390
11,0.299999,0.299999,22.538785,0.307389
12,0.300000,0.300000,21.825650,0.307389
13,0.300000,0.300000,21.556276,0.307390
14,0.300000,0.300000,21.379122,0.307389
15,0.300000,0.300000,21.228083,0.307390
16,0.300000,0.300000,21.089540,0.307389
17,0.300000,0.300000,20.969284,0.307389
18,0.300000,0.300000,20.875626,0.307389
19,0.300000,0.300000,20.828997,0.307389
20,0.300000,0.300000,20.813435,0.307389
21,0.300000,0.300000,20.799666,0.307390
22,0.300000,0.300000,20.784709,0.307389
23,0.300000,0.300000,20.768301,0.307389
24,0.300000,0.300000,20.751977,0.307390
25,0.300000,0.300000,20.739815,0.307389
26,0.300000,0.300000,20.732836,0.307390
27,0.300000,0.300000,20.727846,0.307390
28,0.300000,0.300000,20.722903,0.307390
29,0.300000,0.300000,20.717893,0.307389
30,0.300000,0.300000,20.714420,0.307390
31,0.300000,0.300000,20.711713,0.307390
32,0.300000,0.300000,20.708930,0.307391
33,0.300000,0.300000,20.705699,0.307390
34,0.300000,0.300000,20.702280,0.307390
35,0.300000,0.300000,20.698382,0.307390
36,0.300000,0.300000,20.693553,0.307389
37,0.300000,0.300000,20.688216,0.307389
38,0.300000,0.300000,20.681446,0.307390
39,0.300000,0.300000,20.676355,0.307390
40,0.300000,0.300000,20.671572,0.307390
41,0.300000,0.300000,20.665447,0.307389
42,0.300000,0.300000,20.657997,0.307389
43,0.300000,0.300000,20.653970,0.307389
44,0.300000,0.300000,20.652872,0.307390
45,0.300000,0.300000,20.651607,0.307390
