Iteration,Poisson_v12,Poisson_v21,Objective,Volume_Fraction
0,nan,nan,nan,0.974000
1,0.360159,0.360159,-139.748942,0.740838
2,0.346924,0.346924,-156.103367,0.507676
3,0.346924,0.346924,-164.527424,0.274513
4,0.346924,0.346924,-170.629914,0.041351
5,0.346924,0.346924,-173.772344,0.000000
6,0.000000,0.000000,-173.897499,0.000000
7,0.000000,0.000000,-173.897499,0.000000
8,0.000000,0.000000,-173.897499,0.000000
9,0.000000,0.000000,-173.897499,0.000000
10,0.000000,0.000000,-173.897499,0.000000
