Iteration,Poisson_v12,Poisson_v21,Objective,Volume_Fraction
0,nan,nan,nan,0.895600
1,0.334496,0.334496,5.257894,0.784767
2,0.381945,0.381945,4.576677,0.673934
3,0.381945,0.381945,3.664256,0.563100
4,0.381945,0.381945,2.709350,0.452267
5,0.381945,0.381945,1.791124,0.341434
6,0.381945,0.381945,0.996118,0.230601
7,0.381945,0.381945,0.407122,0.119767
8,0.381945,0.381945,0.080745,0.008934
9,0.381945,0.381945,0.000078,0.000000
10,0.000000,0.000000,0.000000,0.000000
11,0.000000,0.000000,0.000000,0.000000
12,0.000000,0.000000,0.000000,0.000000
13,0.000000,0.000000,0.000000,0.000000
