{
  "git_hash": "ddbe82c",
  "timestamp": "2026-07-11T08:05:58",
  "version": "1.3.0",
  "params": {
    "volfrac": 0.40317277541385466,
    "penal": 2.5012848411307727,
    "rmin": 1.7941697258310934,
    "move": 0.20859308053989,
    "void_size_frac": 0.2442384374533999,
    "rotation_deg": 25.808550273491587,
    "nelx": 50,
    "nely": 50,
    "ft": 2,
    "E0": 199.0,
    "Emin": 1e-09,
    "nu": 0.3,
    "max_iter": 150,
    "tol_change": 0.01,
    "tol_obj": 0.05,
    "window_size": 20,
    "save_every": 9999,
    "scale_factor": 1,
    "seed": "nine_circle",
    "objective": "auxetic"
  }
}