Iteration,Poisson_v12,Poisson_v21,Objective,Volume_Fraction
0,nan,nan,nan,0.289488
1,0.366669,0.566377,0.095330,0.189488
2,0.422716,0.541816,0.027913,0.095685
3,0.429916,0.578710,0.003324,0.009645
4,0.429913,0.578707,0.000002,0.000000
5,0.000000,0.000000,0.000000,0.000000
6,0.000000,0.000000,0.000000,0.000000
7,0.000000,0.000000,0.000000,0.000000
8,0.000000,0.000000,0.000000,0.000000
9,0.000000,0.000000,0.000000,0.000000
