{
  "git_hash": "e6455de",
  "timestamp": "2026-07-12T23:18:38",
  "version": "1.3.0",
  "params": {
    "volfrac": 0.4534031712545624,
    "penal": 4.070998702342106,
    "rmin": 2.612362440310308,
    "move": 0.08857950244970943,
    "void_size_frac": 0.39530444188724195,
    "rotation_deg": 68.43158592274713,
    "nelx": 50,
    "nely": 50,
    "ft": 2,
    "E0": 199.0,
    "Emin": 1e-09,
    "nu": 0.3,
    "max_iter": 150,
    "tol_change": 0.01,
    "tol_obj": 0.05,
    "window_size": 20,
    "save_every": 9999,
    "scale_factor": 1,
    "mu": 0.2,
    "seed": "square",
    "objective": "auxetic"
  }
}