Iteration,Poisson_v12,Poisson_v21,Objective,Volume_Fraction
0,nan,nan,nan,0.730400
1,0.125009,0.125008,-41.267107,0.631701
2,0.120179,0.120107,-190.318127,0.532654
3,0.120179,0.120107,-305.870052,0.433607
4,0.120179,0.120107,-392.163693,0.334561
5,0.120179,0.120107,-446.086766,0.235514
6,0.120179,0.120107,-473.474571,0.136467
7,0.120179,0.120107,-483.529406,0.037421
8,0.120181,0.120109,-485.328599,0.000000
9,0.000000,0.000000,-485.349705,0.000000
10,0.000000,0.000000,-485.349705,0.000000
11,0.000000,0.000000,-485.349705,0.000000
12,0.000000,0.000000,-485.349705,0.000000
13,0.000000,0.000000,-485.349705,0.000000
