Iteration,Poisson_v12,Poisson_v21,Objective,Volume_Fraction
0,nan,nan,nan,0.532800
1,0.194107,0.194100,0.111770,0.377912
2,0.218334,0.218301,-267.444912,0.222407
3,0.218334,0.218301,-347.411583,0.066902
4,0.218335,0.218301,-357.088386,0.000000
5,0.000000,0.000000,-357.144218,0.000000
6,0.000000,0.000000,-357.144218,0.000000
7,0.000000,0.000000,-357.144218,0.000000
8,0.000000,0.000000,-357.144218,0.000000
9,0.000000,0.000000,-357.144218,0.000000
