Iteration,Poisson_v12,Poisson_v21,Objective,Volume_Fraction
0,nan,nan,nan,0.935600
1,0.337776,0.337776,-104.351951,0.839959
2,0.376727,0.376727,-152.790966,0.744318
3,0.376727,0.376727,-166.303109,0.648678
4,0.376727,0.376727,-178.145529,0.553037
5,0.376727,0.376727,-188.208472,0.457396
6,0.376727,0.376727,-196.434616,0.361755
7,0.376727,0.376727,-202.818572,0.266115
8,0.376727,0.376727,-207.408162,0.170474
9,0.376727,0.376727,-210.309848,0.074833
10,0.376727,0.376727,-211.706310,0.000000
11,0.000000,0.000000,-211.957334,0.000000
12,0.000000,0.000000,-211.957334,0.000000
13,0.000000,0.000000,-211.957334,0.000000
14,0.000000,0.000000,-211.957334,0.000000
15,0.000000,0.000000,-211.957334,0.000000
