Iteration,Poisson_v12,Poisson_v21,Objective,Volume_Fraction
0,nan,nan,nan,0.902000
1,0.330761,0.330761,42.207067,0.675709
2,0.335024,0.335024,88.207398,0.449418
3,0.335024,0.335024,118.018702,0.407467
4,0.149817,0.149817,90.670317,0.407467
5,0.153887,0.153887,39.061790,0.407467
6,0.113259,0.113259,29.061542,0.407468
7,0.111841,0.111841,27.699219,0.407468
8,0.112811,0.112811,27.351459,0.407468
9,0.113357,0.113357,27.215947,0.407468
10,0.113190,0.113190,27.201645,0.407468
11,0.112991,0.112991,27.183233,0.407467
12,0.112774,0.112774,27.159569,0.407467
13,0.112563,0.112563,27.128993,0.407467
14,0.112382,0.112382,27.092624,0.407467
15,0.112253,0.112253,27.056520,0.407468
16,0.112233,0.112233,27.049452,0.407468
17,0.112234,0.112234,27.049533,0.407468
18,0.112235,0.112235,27.049570,0.407468
19,0.112235,0.112235,27.049630,0.407467
20,0.112236,0.112236,27.049666,0.407468
