Iteration,Poisson_v12,Poisson_v21,Objective,Volume_Fraction
0,nan,nan,nan,0.588188
1,0.374115,0.536261,-662.381203,0.306509
2,0.422741,0.549668,-726.284270,0.062170
3,0.421271,0.556979,-749.006108,0.000000
4,0.000000,0.000000,-749.180942,0.000000
5,0.000000,0.000000,-749.180942,0.000000
6,0.000000,0.000000,-749.180942,0.000000
7,0.000000,0.000000,-749.180942,0.000000
8,0.000000,0.000000,-749.180942,0.000000
9,0.000000,0.000000,-749.180942,0.000000
