Iteration,Poisson_v12,Poisson_v21,Objective,Volume_Fraction
0,nan,nan,nan,0.958000
1,-1.000000,-1.000000,-15.218199,0.839164
2,-1.000000,-1.000000,-10.227977,0.720329
3,-1.000000,-1.000000,-6.628456,0.601493
4,-1.000000,-1.000000,-3.993727,0.487214
5,-1.000000,-1.000000,-2.247296,0.487214
6,-1.000000,-1.000000,-2.246401,0.487214
7,-1.000000,-1.000000,-2.210494,0.487214
8,-1.000000,-1.000000,-2.164485,0.487214
9,-1.000000,-1.000000,-2.115456,0.487214
10,-1.000000,-1.000000,-2.062355,0.487214
11,-1.000000,-1.000000,-1.996404,0.487214
12,-1.000000,-1.000000,-1.892910,0.487214
13,-1.000000,-1.000000,-1.707755,0.487214
14,-1.000000,-1.000000,-1.461098,0.487214
15,-1.000000,-1.000000,-1.217976,0.487214
16,-1.000000,-1.000000,-1.055824,0.487214
17,-1.000000,-1.000000,-1.008473,0.487214
18,-1.000000,-1.000000,-1.055917,0.487214
19,-1.000000,-1.000000,-1.121626,0.487214
20,-1.000000,-1.000000,-1.179178,0.487214
21,-1.000000,-1.000000,-1.220916,0.487214
22,-1.000000,-1.000000,-1.245879,0.487214
23,-1.000000,-1.000000,-1.249157,0.487214
24,-1.000000,-1.000000,-1.218982,0.487214
25,-1.000000,-1.000000,-1.171496,0.487214
26,-1.000000,-1.000000,-1.139580,0.487214
27,-1.000000,-1.000000,-1.147006,0.487214
28,-1.000000,-1.000000,-1.183371,0.487214
29,-1.000000,-1.000000,-1.232867,0.487214
30,-1.000000,-1.000000,-1.281139,0.487214
31,-1.000000,-1.000000,-1.328286,0.487214
32,-1.000000,-1.000000,-1.372716,0.487214
33,-1.000000,-1.000000,-1.414101,0.487214
34,-1.000000,-1.000000,-1.450987,0.487214
35,-1.000000,-1.000000,-1.484545,0.487214
36,-1.000000,-1.000000,-1.514863,0.487214
37,-1.000000,-1.000000,-1.543677,0.487214
38,-1.000000,-1.000000,-1.568928,0.487214
39,-1.000000,-1.000000,-1.587458,0.487214
