Iteration,Poisson_v12,Poisson_v21,Objective,Volume_Fraction
0,nan,nan,nan,0.898000
1,-1.000000,-1.000000,3.301783,0.851442
2,-1.000000,-1.000000,1.896576,0.804883
3,-1.000000,-1.000000,4.410158,0.758325
4,-1.000000,-1.000000,7.276715,0.711766
5,-1.000000,-1.000000,10.495960,0.665208
6,-1.000000,-1.000000,14.067581,0.618649
7,-1.000000,-1.000000,17.991232,0.572091
8,-1.000000,-1.000000,22.266532,0.525533
9,-1.000000,-1.000000,26.893056,0.478974
10,-1.000000,-1.000000,31.870320,0.432416
11,-1.000000,-1.000000,37.197775,0.385857
12,-1.000000,-1.000000,42.874777,0.339299
13,-1.000000,-1.000000,48.900566,0.292740
14,-1.000000,-1.000000,55.274220,0.288606
15,-1.000000,-1.000000,53.623802,0.288606
16,-1.000000,-1.000000,52.662658,0.288606
17,-1.000000,-1.000000,52.432793,0.288606
18,-1.000000,-1.000000,52.300028,0.288606
19,-1.000000,-1.000000,52.196829,0.288606
20,-1.000000,-1.000000,52.125725,0.288606
21,-1.000000,-1.000000,52.107578,0.288606
22,-1.000000,-1.000000,52.205781,0.288606
23,-1.000000,-1.000000,52.569239,0.288606
24,-1.000000,-1.000000,53.512439,0.288606
25,-1.000000,-1.000000,55.421391,0.288606
26,-1.000000,-1.000000,58.669260,0.288606
27,-1.000000,-1.000000,63.657064,0.288606
28,-1.000000,-1.000000,70.256459,0.288606
29,-1.000000,-1.000000,77.668091,0.288606
30,-1.000000,-1.000000,84.294023,0.288606
31,-1.000000,-1.000000,89.627655,0.288606
32,-1.000000,-1.000000,93.759433,0.288606
33,-1.000000,-1.000000,96.310536,0.288606
34,-1.000000,-1.000000,97.853528,0.288606
35,-1.000000,-1.000000,99.021846,0.288606
36,-1.000000,-1.000000,99.753906,0.288606
37,-1.000000,-1.000000,100.420849,0.288606
38,-1.000000,-1.000000,101.135362,0.288606
39,-1.000000,-1.000000,101.632009,0.288606
40,-1.000000,-1.000000,102.059446,0.288606
41,-1.000000,-1.000000,102.353341,0.288606
42,-1.000000,-1.000000,102.626862,0.288606
43,-1.000000,-1.000000,102.851566,0.288606
44,-1.000000,-1.000000,102.989020,0.288606
45,-1.000000,-1.000000,103.073589,0.288606
46,-1.000000,-1.000000,103.120258,0.288606
47,-1.000000,-1.000000,103.143247,0.288606
48,-1.000000,-1.000000,103.153639,0.288606
49,-1.000000,-1.000000,103.157987,0.288606
50,-1.000000,-1.000000,103.159681,0.288606
