Iteration,Poisson_v12,Poisson_v21,Objective,Volume_Fraction
0,nan,nan,nan,0.835200
1,-1.000000,-1.000000,1.000000,0.634563
2,-1.000000,-1.000000,1.000000,0.455171
3,-1.000000,-1.000000,1.000000,0.296890
4,-1.000000,-1.000000,1.000000,0.175176
5,-1.000000,-1.000000,1.000000,0.150959
6,-0.999914,-0.999944,0.999914,0.180209
7,-0.993350,-0.996255,0.993350,0.183077
8,-0.987486,-0.993801,0.987486,0.180349
9,-0.985873,-0.992903,0.985873,0.185414
10,-0.981954,-0.992446,0.981954,0.182802
11,-0.982496,-0.991283,0.982496,0.182280
12,-0.981736,-0.991940,0.981736,0.179642
13,-0.982430,-0.991558,0.982430,0.178548
14,-0.981700,-0.991366,0.981700,0.179283
15,-0.981449,-0.991699,0.981449,0.170896
16,-0.982152,-0.990440,0.982152,0.170232
17,-0.982396,-0.990904,0.982396,0.165205
18,-0.981307,-0.990539,0.981307,0.160510
19,-0.981972,-0.989503,0.981972,0.159116
20,-0.981070,-0.989599,0.981070,0.155966
