{
  "param_names": [
    "volfrac",
    "penal",
    "rmin",
    "move",
    "void_size_frac"
  ],
  "configs": [
    {
      "seed": "circle",
      "objective": "auxetic",
      "best_obj_value": 4.078940417208511,
      "n_success": 50,
      "n_converged": 50,
      "corr": [
        -0.7006482593037214,
        0.3327250900360144,
        0.2566626650660264,
        -0.12835534213685473,
        -0.508859543817527
      ],
      "pval": [
        1.4725473075592266e-08,
        0.018229777493733567,
        0.07197926434296786,
        0.37436021185851,
        0.00016100767862654793
      ],
      "top3": [
        [
          "volfrac",
          -0.7006482593037214,
          1.4725473075592266e-08
        ],
        [
          "void_size_frac",
          -0.508859543817527,
          0.00016100767862654793
        ],
        [
          "penal",
          0.3327250900360144,
          0.018229777493733567
        ]
      ]
    },
    {
      "seed": "circle_half_quarter",
      "objective": "auxetic",
      "best_obj_value": 4.203386375816287,
      "n_success": 50,
      "n_converged": 50,
      "corr": [
        0.36921968787515,
        0.06881152460984392,
        0.0251140456182473,
        0.10770708283313324,
        0.8520048019207683
      ],
      "pval": [
        0.008322542071058184,
        0.6349097988988521,
        0.8625580807865761,
        0.4565675215331527,
        4.312675022358901e-15
      ],
      "top3": [
        [
          "void_size_frac",
          0.8520048019207683,
          4.312675022358901e-15
        ],
        [
          "volfrac",
          0.36921968787515,
          0.008322542071058184
        ],
        [
          "move",
          0.10770708283313324,
          0.4565675215331527
        ]
      ]
    },
    {
      "seed": "cross_rectangular",
      "objective": "auxetic",
      "best_obj_value": 4.102391702131717,
      "n_success": 50,
      "n_converged": 50,
      "corr": [
        -0.6228571428571428,
        0.17426170468187277,
        0.33685474189675874,
        -0.19346938775510203,
        -0.558703481392557
      ],
      "pval": [
        1.3637716987739963e-06,
        0.22614969415113212,
        0.016754630881276683,
        0.17824045890452597,
        2.4790563035399413e-05
      ],
      "top3": [
        [
          "volfrac",
          -0.6228571428571428,
          1.3637716987739963e-06
        ],
        [
          "void_size_frac",
          -0.558703481392557,
          2.4790563035399413e-05
        ],
        [
          "rmin",
          0.33685474189675874,
          0.016754630881276683
        ]
      ]
    },
    {
      "seed": "four_circle",
      "objective": "auxetic",
      "best_obj_value": 4.1201873437394125,
      "n_success": 50,
      "n_converged": 50,
      "corr": [
        -0.63812725090036,
        0.3679711884753902,
        0.3545258103241296,
        -0.2337094837935174,
        -0.5129891956782713
      ],
      "pval": [
        6.193979409601239e-07,
        0.00856137851372192,
        0.011533288872612403,
        0.10236657480681308,
        0.0001393942883938449
      ],
      "top3": [
        [
          "volfrac",
          -0.63812725090036,
          6.193979409601239e-07
        ],
        [
          "void_size_frac",
          -0.5129891956782713,
          0.0001393942883938449
        ],
        [
          "penal",
          0.3679711884753902,
          0.00856137851372192
        ]
      ]
    },
    {
      "seed": "grid_circular_voids",
      "objective": "auxetic",
      "best_obj_value": 4.162059557375756,
      "n_success": 50,
      "n_converged": 50,
      "corr": [
        -0.6200720288115247,
        0.2920048019207683,
        0.291140456182473,
        -0.3137094837935174,
        -0.5175030012004801
      ],
      "pval": [
        1.5678252684712983e-06,
        0.03962428124657156,
        0.040240187037515834,
        0.02652151203419169,
        0.00011882169881548331
      ],
      "top3": [
        [
          "volfrac",
          -0.6200720288115247,
          1.5678252684712983e-06
        ],
        [
          "void_size_frac",
          -0.5175030012004801,
          0.00011882169881548331
        ],
        [
          "move",
          -0.3137094837935174,
          0.02652151203419169
        ]
      ]
    },
    {
      "seed": "hexagonal",
      "objective": "auxetic",
      "best_obj_value": 4.120206423883538,
      "n_success": 50,
      "n_converged": 50,
      "corr": [
        -0.36662665066026406,
        0.2571428571428571,
        0.3033373349339736,
        -0.3168787515006002,
        -0.5090516206482593
      ],
      "pval": [
        0.008825199405985383,
        0.071430099333483,
        0.032241341880237695,
        0.02495326971572695,
        0.0001599383508195861
      ],
      "top3": [
        [
          "void_size_frac",
          -0.5090516206482593,
          0.0001599383508195861
        ],
        [
          "volfrac",
          -0.36662665066026406,
          0.008825199405985383
        ],
        [
          "move",
          -0.3168787515006002,
          0.02495326971572695
        ]
      ]
    },
    {
      "seed": "hourglass",
      "objective": "auxetic",
      "best_obj_value": 4.099758102311933,
      "n_success": 50,
      "n_converged": 50,
      "corr": [
        -0.32984393757503,
        0.15505402160864346,
        0.7225450180072028,
        -0.4043697478991596,
        -0.2306362545018007
      ],
      "pval": [
        0.019322931803632874,
        0.2822917592950656,
        3.1425135886675917e-09,
        0.003585279787399804,
        0.10709170281268107
      ],
      "top3": [
        [
          "rmin",
          0.7225450180072028,
          3.1425135886675917e-09
        ],
        [
          "move",
          -0.4043697478991596,
          0.003585279787399804
        ],
        [
          "volfrac",
          -0.32984393757503,
          0.019322931803632874
        ]
      ]
    },
    {
      "seed": "nine_circle",
      "objective": "auxetic",
      "best_obj_value": 4.162630875722249,
      "n_success": 50,
      "n_converged": 50,
      "corr": [
        -0.6165186074429772,
        0.44969987995198074,
        0.2788475390156062,
        -0.2568547418967587,
        -0.4032172869147658
      ],
      "pval": [
        1.8694402267518644e-06,
        0.0010514912647768822,
        0.049882857098541344,
        0.07175919790143483,
        0.0036909696743877497
      ],
      "top3": [
        [
          "volfrac",
          -0.6165186074429772,
          1.8694402267518644e-06
        ],
        [
          "penal",
          0.44969987995198074,
          0.0010514912647768822
        ],
        [
          "void_size_frac",
          -0.4032172869147658,
          0.0036909696743877497
        ]
      ]
    },
    {
      "seed": "reentrant_bowtie",
      "objective": "auxetic",
      "best_obj_value": 4.131857857139159,
      "n_success": 50,
      "n_converged": 50,
      "corr": [
        0.3572148859543817,
        -0.12509003601440577,
        0.2026890756302521,
        -0.12576230492196877,
        0.18578631452581032
      ],
      "pval": [
        0.010876626008250952,
        0.38673427233504143,
        0.15804448510263291,
        0.3841671177743804,
        0.1964402341388476
      ],
      "top3": [
        [
          "volfrac",
          0.3572148859543817,
          0.010876626008250952
        ],
        [
          "rmin",
          0.2026890756302521,
          0.15804448510263291
        ],
        [
          "void_size_frac",
          0.18578631452581032,
          0.1964402341388476
        ]
      ]
    },
    {
      "seed": "small_square_cross",
      "objective": "auxetic",
      "best_obj_value": 4.087793473987194,
      "n_success": 50,
      "n_converged": 50,