Iteration,Poisson_v12,Poisson_v21,Objective,Volume_Fraction
0,nan,nan,nan,0.878000
1,-1.000000,-1.000000,-11.193790,0.832479
2,-1.000000,-1.000000,-11.115040,0.786957
3,-1.000000,-1.000000,-10.091222,0.741436
4,-1.000000,-1.000000,-9.139652,0.695914
5,-1.000000,-1.000000,-8.254476,0.650393
6,-1.000000,-1.000000,-7.430290,0.604871
7,-1.000000,-1.000000,-6.662106,0.559350
8,-1.000000,-1.000000,-5.945322,0.513828
9,-1.000000,-1.000000,-5.275691,0.468307
10,-1.000000,-1.000000,-4.649297,0.422785
11,-1.000000,-1.000000,-4.062532,0.377264
12,-1.000000,-1.000000,-3.512072,0.331742
13,-1.000000,-1.000000,-2.994857,0.288606
14,-1.000000,-1.000000,-2.566063,0.288606
15,-1.000000,-1.000000,-2.648126,0.288606
16,-1.000000,-1.000000,-2.655576,0.288606
17,-1.000000,-1.000000,-2.607749,0.288606
18,-1.000000,-1.000000,-2.551084,0.288606
19,-1.000000,-1.000000,-2.496356,0.288606
20,-1.000000,-1.000000,-2.444233,0.288606
21,-1.000000,-1.000000,-2.394804,0.288606
22,-1.000000,-1.000000,-2.348025,0.288606
23,-1.000000,-1.000000,-2.303819,0.288606
24,-1.000000,-1.000000,-2.262089,0.288606
25,-1.000000,-1.000000,-2.222730,0.288606
26,-1.000000,-1.000000,-2.184361,0.288606
27,-1.000000,-1.000000,-2.148045,0.288606
28,-1.000000,-1.000000,-2.113727,0.288606
29,-1.000000,-1.000000,-2.081461,0.288606
30,-1.000000,-1.000000,-2.051062,0.288606
31,-1.000000,-1.000000,-2.022509,0.288606
32,-1.000000,-1.000000,-1.995640,0.288606
33,-1.000000,-1.000000,-1.970409,0.288606
