Iteration,Poisson_v12,Poisson_v21,Objective,Volume_Fraction
0,nan,nan,nan,0.667200
1,0.433468,0.433468,-60.359109,0.490758
2,0.487124,0.487124,-160.975257,0.315498
3,0.487124,0.487124,-218.627232,0.140238
4,0.487124,0.487124,-244.631670,0.000000
5,0.000000,0.000000,-248.368732,0.000000
6,0.000000,0.000000,-248.368732,0.000000
7,0.000000,0.000000,-248.368732,0.000000
8,0.000000,0.000000,-248.368732,0.000000
9,0.000000,0.000000,-248.368732,0.000000
