Iteration,Poisson_v12,Poisson_v21,Objective,Volume_Fraction
0,nan,nan,nan,0.860800
1,0.382987,0.382987,-140.691494,0.634277
2,0.440196,0.440196,-227.396795,0.407764
3,0.440196,0.440196,-281.699360,0.181250
4,0.440196,0.440196,-305.537234,0.000000
5,0.000000,0.000000,-308.935541,0.000000
6,0.000000,0.000000,-308.935541,0.000000
7,0.000000,0.000000,-308.935541,0.000000
8,0.000000,0.000000,-308.935541,0.000000
9,0.000000,0.000000,-308.935541,0.000000
