{
  "git_hash": "unknown",
  "timestamp": "2026-07-15T09:47:13",
  "version": "1.4.0",
  "params": {
    "volfrac": 0.4590004589876245,
    "penal": 4.51955826381494,
    "rmin": 1.366392268674936,
    "move": 0.10734059657363187,
    "void_size_frac": 0.287769007728242,
    "nelx": 80,
    "nely": 80,
    "ft": 2,
    "E0": 199.0,
    "Emin": 1e-09,
    "nu": 0.3,
    "max_iter": 200,
    "tol_change": 0.01,
    "tol_obj": 0.05,
    "window_size": 20,
    "save_every": 9999,
    "scale_factor": 1,
    "mu": 0.0,
    "beta": 3.0,
    "rotation_deg": 0.0,
    "seed": "grid_circular_voids",
    "objective": "auxetic"
  }
}