Iteration,Poisson_v12,Poisson_v21,Objective,Volume_Fraction
0,nan,nan,nan,0.914800
1,0.427878,0.427878,40.918635,0.770814
2,0.417416,0.417416,65.476496,0.626827
3,0.417416,0.417416,81.631186,0.482841
4,0.417416,0.417416,88.815384,0.340211
5,0.388722,0.388722,91.170678,0.340213
6,0.187424,0.187424,86.778439,0.340212
7,0.186636,0.186636,74.658424,0.340212
8,0.201226,0.201226,52.416016,0.340212
9,0.220716,0.220716,27.848995,0.340212
10,0.179576,0.179576,24.931742,0.340213
11,0.155935,0.155935,24.053877,0.340212
12,0.144472,0.144472,24.008337,0.340212
13,0.140384,0.140384,24.060699,0.340212
14,0.138602,0.138602,24.104148,0.340211
15,0.137548,0.137548,24.130625,0.340212
16,0.136393,0.136393,24.164042,0.340212
17,0.135521,0.135521,24.193189,0.340212
18,0.135377,0.135377,24.210481,0.340212
19,0.135238,0.135238,24.228524,0.340212
20,0.135154,0.135154,24.229461,0.340211
21,0.135108,0.135108,24.208108,0.340212
22,0.135075,0.135075,24.181781,0.340212
23,0.135039,0.135039,24.167781,0.340212
24,0.135008,0.135008,24.151686,0.340212
25,0.134984,0.134984,24.134819,0.340213
26,0.135007,0.135007,24.117312,0.340211
27,0.134964,0.134964,24.117715,0.340212
28,0.134960,0.134960,24.118085,0.340212
29,0.134955,0.134955,24.118557,0.340212
