Iteration,Poisson_v12,Poisson_v21,Objective,Volume_Fraction
0,nan,nan,nan,0.543600
1,-1.000000,-1.000000,1.000000,0.482539
2,-1.000000,-1.000000,1.000000,0.421477
3,-1.000000,-1.000000,1.000000,0.360416
4,-1.000000,-1.000000,1.000000,0.299355
5,-1.000000,-1.000000,1.000000,0.270785
6,-1.000000,-1.000000,1.000000,0.240424
7,-1.000000,-1.000000,1.000000,0.206545
8,-1.000000,-1.000000,1.000000,0.186268
9,-1.000000,-1.000000,1.000000,0.175111
10,-0.996319,-0.998345,0.996319,0.165099
11,-0.996498,-0.998249,0.996498,0.156602
12,-0.996340,-0.998371,0.996340,0.151507
13,-0.993284,-0.997190,0.993284,0.156707
14,-0.990821,-0.996570,0.990821,0.162928
15,-0.990200,-0.996191,0.990200,0.166587
16,-0.989792,-0.996460,0.989792,0.172468
17,-0.989577,-0.996462,0.989577,0.176532
18,-0.988771,-0.996103,0.988771,0.181816
19,-0.987032,-0.996096,0.987032,0.184157
20,-0.986501,-0.996024,0.986501,0.186720
