Iteration,Poisson_v12,Poisson_v21,Objective,Volume_Fraction
0,nan,nan,nan,0.889200
1,0.349412,0.349412,62.006051,0.802179
2,0.368029,0.368029,74.081718,0.715158
3,0.368029,0.368029,86.769676,0.628137
4,0.368029,0.368029,98.267889,0.541116
5,0.368029,0.368029,108.282070,0.454095
6,0.368029,0.368029,116.624413,0.410390
7,0.148354,0.148354,118.160513,0.410391
8,0.132288,0.132288,103.886849,0.410391
9,0.158248,0.158248,82.822076,0.410391
10,0.169219,0.169219,62.554953,0.410391
11,0.168607,0.168607,45.241726,0.410391
12,0.157820,0.157820,39.729744,0.410391
13,0.155765,0.155765,36.403202,0.410391
14,0.152035,0.152035,35.752016,0.410390
15,0.150144,0.150144,35.482113,0.410391
16,0.149002,0.149002,35.323863,0.410390
17,0.148477,0.148477,35.221298,0.410390
18,0.148239,0.148239,35.168925,0.410391
19,0.147827,0.147827,35.145103,0.410391
20,0.147836,0.147836,35.112372,0.410391
21,0.147797,0.147797,35.082972,0.410390
22,0.147744,0.147744,35.050368,0.410390
23,0.147682,0.147682,35.013323,0.410391
24,0.147618,0.147618,34.970749,0.410390
25,0.147559,0.147559,34.921751,0.410391
26,0.147516,0.147516,34.864665,0.410391
27,0.147398,0.147398,34.817789,0.410391
28,0.147209,0.147209,34.817850,0.410392
29,0.147035,0.147035,34.822512,0.410392
30,0.146856,0.146856,34.826511,0.410391
31,0.146759,0.146759,34.830976,0.410391
32,0.146709,0.146709,34.835750,0.410390
