Iteration,Poisson_v12,Poisson_v21,Objective,Volume_Fraction
0,nan,nan,nan,0.697600
1,0.130160,0.130160,14.189031,0.527879
2,0.139883,0.139883,5.142690,0.358309
3,0.139883,0.139883,1.097294,0.188739
4,0.139883,0.139883,0.070719,0.019168
5,0.139964,0.139964,0.000002,0.000000
6,0.000000,0.000000,0.000000,0.000000
7,0.000000,0.000000,0.000000,0.000000
8,0.000000,0.000000,0.000000,0.000000
9,0.000000,0.000000,0.000000,0.000000
10,0.000000,0.000000,0.000000,0.000000
