Iteration,Poisson_v12,Poisson_v21,Objective,Volume_Fraction
0,nan,nan,nan,0.870400
1,0.198026,0.198026,8.207277,0.658780
2,0.197821,0.197821,3.183985,0.447161
3,0.197821,0.197821,0.682341,0.235541
4,0.197821,0.197821,0.044120,0.023922
5,0.197918,0.197918,0.000001,0.000000
6,0.000000,0.000000,0.000000,0.000000
7,0.000000,0.000000,0.000000,0.000000
8,0.000000,0.000000,0.000000,0.000000
9,0.000000,0.000000,0.000000,0.000000
10,0.000000,0.000000,0.000000,0.000000
