{
  "git_hash": "ddbe82c",
  "timestamp": "2026-07-11T08:26:57",
  "version": "1.3.0",
  "params": {
    "volfrac": 0.587058088369792,
    "penal": 4.711751427412902,
    "rmin": 1.358742843072632,
    "move": 0.2431290797829641,
    "void_size_frac": 0.405444707481759,
    "rotation_deg": 61.826524153956036,
    "beta": 1.311180224837944,
    "nelx": 50,
    "nely": 50,
    "ft": 2,
    "E0": 199.0,
    "Emin": 1e-09,
    "nu": 0.3,
    "max_iter": 150,
    "tol_change": 0.01,
    "tol_obj": 0.05,
    "window_size": 20,
    "save_every": 9999,
    "scale_factor": 1,
    "seed": "four_circle",
    "objective": "first"
  }
}