Iteration,Poisson_v12,Poisson_v21,Objective,Volume_Fraction
0,nan,nan,nan,0.926000
1,0.281858,0.281858,-170.607045,0.713630
2,0.292254,0.292254,-227.306734,0.501261
3,0.292254,0.292254,-261.900422,0.288891
4,0.292254,0.292254,-296.208757,0.076521
5,0.292254,0.292254,-327.973329,0.000000
6,0.000000,0.000000,-336.907993,0.000000
7,0.000000,0.000000,-336.907993,0.000000
8,0.000000,0.000000,-336.907993,0.000000
9,0.000000,0.000000,-336.907993,0.000000
10,0.000000,0.000000,-336.907993,0.000000
