Iteration,Poisson_v12,Poisson_v21,Objective,Volume_Fraction
0,nan,nan,nan,0.713200
1,0.440061,0.440061,82.175690,0.582385
2,0.476999,0.476999,150.466870,0.520874
3,0.295907,0.295907,143.433183,0.520874
4,0.184145,0.184145,103.622361,0.520875
5,0.116722,0.116722,83.822275,0.520874
6,0.093545,0.093545,76.140765,0.520874
7,0.085641,0.085641,72.726082,0.520873
8,0.083277,0.083277,71.471691,0.520874
9,0.083128,0.083128,71.085997,0.520873
10,0.082705,0.082705,70.959552,0.520874
11,0.082359,0.082359,70.905294,0.520874
12,0.081956,0.081956,70.877254,0.520874
13,0.081554,0.081554,70.896107,0.520874
14,0.081272,0.081272,70.916431,0.520875
15,0.080859,0.080859,70.945651,0.520874
16,0.080350,0.080350,70.980578,0.520873
17,0.079955,0.079955,71.004296,0.520874
18,0.079860,0.079860,71.013547,0.520874
19,0.079852,0.079852,71.019862,0.520874
20,0.079841,0.079841,71.027075,0.520873
21,0.079828,0.079828,71.035097,0.520874
22,0.079815,0.079815,71.043425,0.520873
23,0.079801,0.079801,71.052374,0.520874
24,0.079788,0.079788,71.061245,0.520873
25,0.079776,0.079776,71.070139,0.520874
26,0.079767,0.079767,71.078477,0.520874
27,0.079760,0.079760,71.086493,0.520874
28,0.079757,0.079757,71.093501,0.520874
29,0.079757,0.079757,71.099669,0.520875
30,0.079762,0.079762,71.104318,0.520874
31,0.079770,0.079770,71.108086,0.520874
32,0.079766,0.079766,71.114814,0.520874
33,0.079760,0.079760,71.122544,0.520874
34,0.079758,0.079758,71.129506,0.520873
35,0.079760,0.079760,71.135625,0.520873
36,0.079766,0.079766,71.140539,0.520874
37,0.079741,0.079741,71.145857,0.520874
38,0.079682,0.079682,71.152271,0.520874
39,0.079627,0.079627,71.158019,0.520874
40,0.079576,0.079576,71.163070,0.520874
41,0.079529,0.079529,71.167444,0.520873
42,0.079497,0.079497,71.170937,0.520873
