Iteration,Poisson_v12,Poisson_v21,Objective,Volume_Fraction
0,nan,nan,nan,0.871600
1,0.373246,0.361961,59.419237,0.800638
2,0.374313,0.363025,70.670890,0.729676
3,0.374313,0.363025,81.730958,0.658715
4,0.374313,0.363025,92.445163,0.587753
5,0.374313,0.363025,102.599584,0.516791
6,0.374313,0.363025,112.005341,0.445829
7,0.374313,0.363025,120.498540,0.429873
8,0.182222,0.177161,117.690970,0.429873
9,0.100797,0.101628,104.453906,0.429874
10,0.094991,0.097493,86.063629,0.429874
11,0.104524,0.107500,66.544357,0.429874
12,0.112305,0.115232,48.882804,0.429873
13,0.115438,0.118019,34.333412,0.429874
14,0.112822,0.114540,31.539590,0.429874
15,0.114326,0.115365,30.941547,0.429872
16,0.116051,0.116523,30.566441,0.429873
17,0.116895,0.117182,30.310432,0.429873
18,0.117041,0.117257,30.151826,0.429873
19,0.117088,0.117235,29.939678,0.429873
20,0.117030,0.117127,29.689506,0.429872
21,0.117133,0.117214,29.523350,0.429873
22,0.117364,0.117430,29.446290,0.429873
23,0.117622,0.117703,29.349205,0.429872
24,0.117849,0.118000,29.273465,0.429873
25,0.117981,0.118222,29.240658,0.429873
26,0.118067,0.118417,29.226910,0.429872
27,0.118070,0.118501,29.207937,0.429874
28,0.118060,0.118533,29.177811,0.429872
29,0.117997,0.118461,29.141925,0.429873
30,0.117940,0.118351,29.104961,0.429873
31,0.117846,0.118150,29.082086,0.429874
32,0.117686,0.117869,29.071470,0.429873
33,0.117498,0.117554,29.075592,0.429874
34,0.117386,0.117339,29.068813,0.429873
35,0.117328,0.117204,29.055672,0.429873
36,0.117241,0.117052,29.052959,0.429872
37,0.117124,0.116880,29.056508,0.429873
38,0.116983,0.116696,29.063275,0.429872
39,0.116822,0.116500,29.071768,0.429873
40,0.116646,0.116297,29.080666,0.429873
41,0.116456,0.116087,29.088927,0.429874
42,0.116262,0.115871,29.097003,0.429874
43,0.116068,0.115657,29.103960,0.429874
44,0.115874,0.115447,29.108756,0.429873
45,0.115678,0.115241,29.110925,0.429873
46,0.115485,0.115043,29.110338,0.429873
47,0.115315,0.114876,29.108821,0.429873
48,0.115133,0.114700,29.105625,0.429873
49,0.114939,0.114517,29.100244,0.429873
50,0.114737,0.114327,29.092293,0.429873
51,0.114546,0.114156,29.082116,0.429874
52,0.114371,0.114002,29.070454,0.429874
53,0.114227,0.113876,29.061286,0.429874
54,0.114071,0.113742,29.050932,0.429873
55,0.113890,0.113586,29.037981,0.429873
