{
  "git_hash": "ddbe82c",
  "timestamp": "2026-07-11T08:04:02",
  "version": "1.3.0",
  "params": {
    "volfrac": 0.4798730403083239,
    "penal": 2.042465889812182,
    "rmin": 1.0221249096034206,
    "move": 0.08141554905420503,
    "void_size_frac": 0.2973038309871373,
    "rotation_deg": 24.709965188678716,
    "nelx": 50,
    "nely": 50,
    "ft": 2,
    "E0": 199.0,
    "Emin": 1e-09,
    "nu": 0.3,
    "max_iter": 150,
    "tol_change": 0.01,
    "tol_obj": 0.05,
    "window_size": 20,
    "save_every": 9999,
    "scale_factor": 1,
    "seed": "hexagonal",
    "objective": "auxetic"
  }
}