{
  "git_hash": "unknown",
  "timestamp": "2026-07-15T08:51:22",
  "version": "1.4.0",
  "params": {
    "volfrac": 0.47885171985000574,
    "penal": 3.0120906669328087,
    "rmin": 1.1596702397916143,
    "move": 0.14151266998148587,
    "void_size_frac": 0.3909620204102762,
    "nelx": 80,
    "nely": 80,
    "ft": 2,
    "E0": 199.0,
    "Emin": 1e-09,
    "nu": 0.3,
    "max_iter": 200,
    "tol_change": 0.01,
    "tol_obj": 0.05,
    "window_size": 20,
    "save_every": 9999,
    "scale_factor": 1,
    "mu": 0.0,
    "beta": 3.0,
    "rotation_deg": 0.0,
    "seed": "hexagonal",
    "objective": "auxetic"
  }
}