Iteration,Poisson_v12,Poisson_v21,Objective,Volume_Fraction
0,nan,nan,nan,0.472704
1,0.383941,0.523291,-417.402355,0.186615
2,0.439889,0.506510,-438.094047,0.000000
3,0.000000,0.000000,-438.687917,0.000000
4,0.000000,0.000000,-438.687917,0.000000
5,0.000000,0.000000,-438.687917,0.000000
6,0.000000,0.000000,-438.687917,0.000000
7,0.000000,0.000000,-438.687917,0.000000
8,0.000000,0.000000,-438.687917,0.000000
9,0.000000,0.000000,-438.687917,0.000000
