Iteration,Poisson_v12,Poisson_v21,Objective,Volume_Fraction
0,nan,nan,nan,0.429468
1,0.388784,0.600544,-345.836480,0.146413
2,0.450848,0.549936,-356.986562,0.000000
3,0.000000,0.000000,-357.144218,0.000000
4,0.000000,0.000000,-357.144218,0.000000
5,0.000000,0.000000,-357.144218,0.000000
6,0.000000,0.000000,-357.144218,0.000000
7,0.000000,0.000000,-357.144218,0.000000
8,0.000000,0.000000,-357.144218,0.000000
9,0.000000,0.000000,-357.144218,0.000000
