Iteration,Poisson_v12,Poisson_v21,Objective,Volume_Fraction
0,nan,nan,nan,0.879600
1,-1.000000,-1.000000,125.599311,0.801354
2,-1.000000,-1.000000,204.190258,0.721000
3,-1.000000,-1.000000,253.059998,0.640646
4,-1.000000,-1.000000,287.650009,0.560291
5,-1.000000,-1.000000,310.119645,0.540754
6,-1.000000,-1.000000,310.643059,0.540754
7,-1.000000,-1.000000,310.260800,0.540754
8,-1.000000,-1.000000,312.916490,0.540754
9,-1.000000,-1.000000,317.391051,0.540754
10,-1.000000,-1.000000,318.740017,0.540754
11,-1.000000,-1.000000,311.910628,0.540754
12,-1.000000,-1.000000,300.913881,0.540754
13,-1.000000,-1.000000,290.493221,0.540754
14,-1.000000,-1.000000,281.548129,0.540754
15,-1.000000,-1.000000,273.763250,0.540754
16,-1.000000,-1.000000,267.168851,0.540754
17,-1.000000,-1.000000,261.959435,0.540754
18,-1.000000,-1.000000,257.830859,0.540754
19,-1.000000,-1.000000,254.420846,0.540754
20,-1.000000,-1.000000,251.408213,0.540754
21,-1.000000,-1.000000,248.567673,0.540754
22,-1.000000,-1.000000,245.893772,0.540754
23,-1.000000,-1.000000,243.545377,0.540754
24,-1.000000,-1.000000,241.649312,0.540754
