Iteration,Poisson_v12,Poisson_v21,Objective,Volume_Fraction
0,nan,nan,nan,0.666400
1,0.071954,0.071954,3.686979,0.536257
2,0.078404,0.078404,45.846085,0.405464
3,0.078404,0.078404,80.722769,0.368536
4,0.170212,0.170225,77.160130,0.368536
5,0.261045,0.261068,50.410188,0.368537
6,0.289257,0.289299,30.190235,0.368535
7,0.298026,0.298096,23.775341,0.368536
8,0.299926,0.299980,20.916736,0.368535
9,0.299988,0.299998,19.519751,0.368536
10,0.299999,0.299999,19.004662,0.368536
11,0.300000,0.300000,18.824165,0.368537
12,0.300000,0.300000,18.722129,0.368536
13,0.300000,0.300000,18.635588,0.368535
14,0.300000,0.300000,18.550226,0.368536
15,0.300000,0.300000,18.484925,0.368536
16,0.300000,0.300000,18.427514,0.368535
17,0.300000,0.300000,18.389033,0.368536
18,0.300000,0.300000,18.365423,0.368536
19,0.300000,0.300000,18.341728,0.368536
20,0.300000,0.300000,18.321177,0.368536
21,0.300000,0.300000,18.310820,0.368537
22,0.300000,0.300000,18.303506,0.368536
23,0.300000,0.300000,18.296000,0.368536
24,0.300000,0.300000,18.288098,0.368535
25,0.300000,0.300000,18.279821,0.368536
26,0.300000,0.300000,18.270582,0.368536
27,0.300000,0.300000,18.263156,0.368536
28,0.300000,0.300000,18.260801,0.368535
29,0.300000,0.300000,18.258562,0.368536
30,0.300000,0.300000,18.256132,0.368536
31,0.300000,0.300000,18.253593,0.368536
32,0.300000,0.300000,18.251007,0.368536
33,0.300000,0.300000,18.248202,0.368536
34,0.300000,0.300000,18.245422,0.368536
35,0.300000,0.300000,18.242469,0.368536
36,0.300000,0.300000,18.239353,0.368536
37,0.300000,0.300000,18.236306,0.368537
38,0.300000,0.300000,18.233917,0.368536
