{
  "git_hash": "unknown",
  "timestamp": "2026-07-15T09:27:14",
  "version": "1.4.0",
  "params": {
    "volfrac": 0.4986651216845405,
    "penal": 4.3201058601594475,
    "rmin": 2.394379827925854,
    "move": 0.11624435415877982,
    "void_size_frac": 0.309870327520718,
    "nelx": 80,
    "nely": 80,
    "ft": 2,
    "E0": 199.0,
    "Emin": 1e-09,
    "nu": 0.3,
    "max_iter": 200,
    "tol_change": 0.01,
    "tol_obj": 0.05,
    "window_size": 20,
    "save_every": 9999,
    "scale_factor": 1,
    "mu": 0.0,
    "beta": 3.0,
    "rotation_deg": 0.0,
    "seed": "cross_rectangular",
    "objective": "auxetic"
  }
}