{
  "git_hash": "ddbe82c",
  "timestamp": "2026-07-11T07:59:02",
  "version": "1.3.0",
  "params": {
    "volfrac": 0.3449515379875415,
    "penal": 2.3500996957079723,
    "rmin": 4.307243744899349,
    "move": 0.1280121090308753,
    "void_size_frac": 0.3701943078493144,
    "rotation_deg": 40.52054871836724,
    "nelx": 50,
    "nely": 50,
    "ft": 2,
    "E0": 199.0,
    "Emin": 1e-09,
    "nu": 0.3,
    "max_iter": 150,
    "tol_change": 0.01,
    "tol_obj": 0.05,
    "window_size": 20,
    "save_every": 9999,
    "scale_factor": 1,
    "seed": "hourglass",
    "objective": "auxetic"
  }
}