Iteration,Poisson_v12,Poisson_v21,Objective,Volume_Fraction
0,nan,nan,nan,0.737600
1,0.085859,0.085859,7.999652,0.674261
2,0.080173,0.080173,38.683732,0.610838
3,0.080173,0.080173,70.099415,0.547415
4,0.080173,0.080173,96.076357,0.483991
5,0.080173,0.080173,114.605406,0.420568
6,0.080173,0.080173,126.407150,0.418397
7,0.102792,0.102730,123.790664,0.418398
8,0.146452,0.146336,114.696090,0.418397
9,0.169290,0.169240,99.265419,0.418397
10,0.178781,0.178752,78.234288,0.418397
11,0.183646,0.183635,52.470829,0.418398
12,0.168681,0.168681,44.773898,0.418398
13,0.159960,0.159957,41.641197,0.418397
14,0.154546,0.154571,39.675369,0.418399
15,0.151344,0.151364,38.283077,0.418398
16,0.150052,0.150070,37.423185,0.418398
17,0.149617,0.149625,36.780224,0.418398
18,0.150750,0.150750,36.190410,0.418397
19,0.152680,0.152676,35.699736,0.418398
20,0.154445,0.154441,35.281033,0.418398
21,0.155767,0.155762,34.989579,0.418397
22,0.156643,0.156649,34.837124,0.418399
23,0.157367,0.157355,34.714895,0.418397
24,0.157961,0.157958,34.611623,0.418397
25,0.158339,0.158338,34.539856,0.418398
26,0.158633,0.158631,34.482390,0.418398
27,0.158868,0.158864,34.436954,0.418398
28,0.159102,0.159088,34.392056,0.418397
29,0.159296,0.159296,34.354373,0.418398
30,0.159487,0.159486,34.317745,0.418399
31,0.159674,0.159673,34.280060,0.418398
32,0.159862,0.159861,34.241303,0.418398
33,0.160051,0.160050,34.201122,0.418398
34,0.160118,0.160116,34.184602,0.418398
35,0.160119,0.160117,34.182419,0.418399
36,0.160120,0.160117,34.180080,0.418397
37,0.160122,0.160119,34.178102,0.418398
38,0.160123,0.160121,34.175756,0.418398
39,0.160125,0.160123,34.173599,0.418397
40,0.160127,0.160126,34.171588,0.418397
41,0.160130,0.160128,34.169682,0.418398
42,0.160130,0.160129,34.167885,0.418397
43,0.160126,0.160132,34.166438,0.418398
44,0.160121,0.160139,34.164860,0.418398
45,0.160132,0.160148,34.162842,0.418397
46,0.160139,0.160155,34.161309,0.418397
47,0.160144,0.160159,34.159995,0.418398
48,0.160145,0.160159,34.158797,0.418397
49,0.160142,0.160156,34.158265,0.418398
50,0.160136,0.160149,34.157862,0.418398
51,0.160124,0.160137,34.157839,0.418398
52,0.160107,0.160120,34.158192,0.418398
