{
  "git_hash": "e6455de",
  "timestamp": "2026-07-12T23:36:34",
  "version": "1.3.0",
  "params": {
    "volfrac": 0.6139964653066368,
    "penal": 3.625017781149061,
    "rmin": 4.527956699767467,
    "move": 0.13496029702086,
    "void_size_frac": 0.44612521620969836,
    "rotation_deg": 65.13501568820926,
    "nelx": 50,
    "nely": 50,
    "ft": 2,
    "E0": 199.0,
    "Emin": 1e-09,
    "nu": 0.3,
    "max_iter": 150,
    "tol_change": 0.01,
    "tol_obj": 0.05,
    "window_size": 20,
    "save_every": 9999,
    "scale_factor": 1,
    "mu": 0.2,
    "seed": "circle_half_quarter",
    "objective": "auxetic"
  }
}