Iteration,Poisson_v12,Poisson_v21,Objective,Volume_Fraction
0,nan,nan,nan,0.618800
1,0.519807,0.519807,-3.903282,0.497205
2,0.522773,0.522773,-45.787819,0.375610
3,0.522773,0.522773,-84.273725,0.254015
4,0.522773,0.522773,-109.066795,0.132420
5,0.522773,0.522773,-119.737990,0.010824
6,0.522773,0.522773,-121.649793,0.000000
7,0.000000,0.000000,-121.651063,0.000000
8,0.000000,0.000000,-121.651063,0.000000
9,0.000000,0.000000,-121.651063,0.000000
10,0.000000,0.000000,-121.651063,0.000000
11,0.000000,0.000000,-121.651063,0.000000
