Iteration,Poisson_v12,Poisson_v21,Objective,Volume_Fraction
0,nan,nan,nan,0.444400
1,0.364078,0.349307,0.550882,0.215060
2,0.379106,0.380979,1.783016,0.018807
3,0.359556,0.365894,0.156022,0.000000
4,0.000000,0.000000,0.000000,0.000000
5,0.000000,0.000000,0.000000,0.000000
6,0.000000,0.000000,0.000000,0.000000
7,0.000000,0.000000,0.000000,0.000000
8,0.000000,0.000000,0.000000,0.000000
9,0.000000,0.000000,0.000000,0.000000
