{
  "git_hash": "e6455de",
  "timestamp": "2026-07-12T23:28:07",
  "version": "1.3.0",
  "params": {
    "volfrac": 0.3236868079859073,
    "penal": 1.6310699115877476,
    "rmin": 1.444738500442908,
    "move": 0.11232772997940385,
    "void_size_frac": 0.4356108853969496,
    "rotation_deg": 29.935163760359007,
    "nelx": 50,
    "nely": 50,
    "ft": 2,
    "E0": 199.0,
    "Emin": 1e-09,
    "nu": 0.3,
    "max_iter": 150,
    "tol_change": 0.01,
    "tol_obj": 0.05,
    "window_size": 20,
    "save_every": 9999,
    "scale_factor": 1,
    "mu": 0.2,
    "seed": "nine_circle",
    "objective": "auxetic"
  }
}