Iteration,Poisson_v12,Poisson_v21,Objective,Volume_Fraction
0,nan,nan,nan,0.882800
1,0.356407,0.356407,6.586519,0.634134
2,0.379378,0.379378,3.607947,0.385469
3,0.379378,0.379378,1.103948,0.136803
4,0.379378,0.379378,0.062600,0.000000
5,0.000000,0.000000,0.000000,0.000000
6,0.000000,0.000000,0.000000,0.000000
7,0.000000,0.000000,0.000000,0.000000
8,0.000000,0.000000,0.000000,0.000000
9,0.000000,0.000000,0.000000,0.000000
