{
  "git_hash": "ddbe82c",
  "timestamp": "2026-07-11T08:22:40",
  "version": "1.3.0",
  "params": {
    "volfrac": 0.44028332261744374,
    "penal": 4.407317708502029,
    "rmin": 5.414659692673183,
    "move": 0.0888303025706733,
    "void_size_frac": 0.4196501835498656,
    "rotation_deg": 46.29350899436041,
    "beta": 0.5089537498135996,
    "nelx": 50,
    "nely": 50,
    "ft": 2,
    "E0": 199.0,
    "Emin": 1e-09,
    "nu": 0.3,
    "max_iter": 150,
    "tol_change": 0.01,
    "tol_obj": 0.05,
    "window_size": 20,
    "save_every": 9999,
    "scale_factor": 1,
    "seed": "square",
    "objective": "first"
  }
}