Iteration,Poisson_v12,Poisson_v21,Objective,Volume_Fraction
0,nan,nan,nan,0.681200
1,0.439771,0.439771,-42.481989,0.501945
2,0.462885,0.462885,-147.179275,0.322690
3,0.462885,0.462885,-213.486216,0.143435
4,0.462885,0.462885,-243.964736,0.000000
5,0.000000,0.000000,-248.368732,0.000000
6,0.000000,0.000000,-248.368732,0.000000
7,0.000000,0.000000,-248.368732,0.000000
8,0.000000,0.000000,-248.368732,0.000000
9,0.000000,0.000000,-248.368732,0.000000
