Iteration,Poisson_v12,Poisson_v21,Objective,Volume_Fraction
0,nan,nan,nan,0.830000
1,0.393461,0.393461,1.508456,0.692707
2,0.461399,0.461399,-0.478650,0.732454
3,0.506216,0.506216,-1.420323,0.763262
4,0.473646,0.473646,-1.653140,0.778479
5,0.440529,0.440525,-1.982441,0.766785
6,0.436518,0.436513,-2.173410,0.759771
7,0.434363,0.432702,-2.269374,0.753738
8,0.432188,0.430402,-2.342167,0.750832
9,0.431357,0.429875,-2.389392,0.748359
10,0.431136,0.429628,-2.421258,0.746270
11,0.431205,0.430420,-2.438067,0.744159
12,0.431708,0.432096,-2.444567,0.742199
13,0.432798,0.433285,-2.441464,0.740672
14,0.433497,0.434265,-2.440283,0.740522
15,0.433650,0.434165,-2.439997,0.740522
16,0.433665,0.434035,-2.439859,0.740467
17,0.433730,0.433953,-2.440128,0.740379
18,0.433902,0.433980,-2.440274,0.740331
19,0.433997,0.433994,-2.440386,0.740331
20,0.433997,0.433994,-2.440386,0.740331
21,0.433997,0.433994,-2.440386,0.740331
22,0.433997,0.433994,-2.440386,0.740331
23,0.433997,0.433994,-2.440386,0.740331
