{
  "git_hash": "ddbe82c",
  "timestamp": "2026-07-11T08:22:12",
  "version": "1.3.0",
  "params": {
    "volfrac": 0.42492358233269484,
    "penal": 1.837114557124189,
    "rmin": 3.948577712980958,
    "move": 0.07571213927938722,
    "void_size_frac": 0.1652232038064389,
    "rotation_deg": 31.706838907019364,
    "beta": 0.35665048149030937,
    "nelx": 50,
    "nely": 50,
    "ft": 2,
    "E0": 199.0,
    "Emin": 1e-09,
    "nu": 0.3,
    "max_iter": 150,
    "tol_change": 0.01,
    "tol_obj": 0.05,
    "window_size": 20,
    "save_every": 9999,
    "scale_factor": 1,
    "seed": "circle",
    "objective": "first"
  }
}