{
  "git_hash": "ddbe82c",
  "timestamp": "2026-07-11T08:33:10",
  "version": "1.3.0",
  "params": {
    "volfrac": 0.6235523470067947,
    "penal": 3.0336624344846483,
    "rmin": 4.782322721706077,
    "move": 0.06571692857953812,
    "void_size_frac": 0.3374488828209887,
    "rotation_deg": 76.10496667928831,
    "beta": 0.4096297670453975,
    "nelx": 50,
    "nely": 50,
    "ft": 2,
    "E0": 199.0,
    "Emin": 1e-09,
    "nu": 0.3,
    "max_iter": 150,
    "tol_change": 0.01,
    "tol_obj": 0.05,
    "window_size": 20,
    "save_every": 9999,
    "scale_factor": 1,
    "seed": "grid_circular_voids",
    "objective": "first"
  }
}