Iteration,Poisson_v12,Poisson_v21,Objective,Volume_Fraction
0,nan,nan,nan,0.908400
1,-1.000000,-1.000000,-11.660414,0.825613
2,-1.000000,-1.000000,-6.239766,0.742826
3,-1.000000,-1.000000,-3.449420,0.660039
4,-1.000000,-1.000000,-1.803631,0.577252
5,-1.000000,-1.000000,-0.877705,0.540754
6,-1.000000,-1.000000,-0.726928,0.540754
7,-1.000000,-1.000000,-0.725214,0.540754
8,-1.000000,-1.000000,-0.688843,0.540754
9,-1.000000,-1.000000,-0.627184,0.540754
10,-1.000000,-1.000000,-0.496495,0.540754
11,-1.000000,-1.000000,-0.366293,0.540754
12,-1.000000,-1.000000,-0.248878,0.540754
13,-1.000000,-1.000000,-0.189070,0.540754
14,-1.000000,-1.000000,-0.179438,0.540754
15,-1.000000,-1.000000,-0.186469,0.540754
16,-1.000000,-1.000000,-0.246209,0.540754
17,-1.000000,-1.000000,-0.383300,0.540754
18,-1.000000,-1.000000,-0.561991,0.540754
19,-1.000000,-1.000000,-0.773394,0.540754
20,-1.000000,-1.000000,-0.996827,0.540754
21,-1.000000,-1.000000,-1.191465,0.540754
22,-1.000000,-1.000000,-1.336076,0.540754
23,-1.000000,-1.000000,-1.426105,0.540754
24,-1.000000,-1.000000,-1.490582,0.540754
25,-1.000000,-1.000000,-1.543406,0.540754
26,-1.000000,-1.000000,-1.587824,0.540754
27,-1.000000,-1.000000,-1.624836,0.540754
28,-1.000000,-1.000000,-1.655967,0.540754
29,-1.000000,-1.000000,-1.681015,0.540754
30,-1.000000,-1.000000,-1.697707,0.540754
31,-1.000000,-1.000000,-1.710558,0.540754
32,-1.000000,-1.000000,-1.719828,0.540754
33,-1.000000,-1.000000,-1.726373,0.540754
34,-1.000000,-1.000000,-1.730519,0.540754
35,-1.000000,-1.000000,-1.733510,0.540754
36,-1.000000,-1.000000,-1.735348,0.540754
37,-1.000000,-1.000000,-1.736576,0.540754
38,-1.000000,-1.000000,-1.737895,0.540754
39,-1.000000,-1.000000,-1.739049,0.540754
40,-1.000000,-1.000000,-1.740084,0.540754
41,-1.000000,-1.000000,-1.741133,0.540754
42,-1.000000,-1.000000,-1.742153,0.540754
