{
  "git_hash": "ddbe82c",
  "timestamp": "2026-07-11T08:41:06",
  "version": "1.3.0",
  "params": {
    "volfrac": 0.5290099695707973,
    "penal": 3.2457949959194794,
    "rmin": 3.2602421806175057,
    "move": 0.1534952565410953,
    "void_size_frac": 0.3870684957278908,
    "rotation_deg": 20.406844417025553,
    "beta_second": 2.021775069718121,
    "nelx": 50,
    "nely": 50,
    "ft": 2,
    "E0": 199.0,
    "Emin": 1e-09,
    "nu": 0.3,
    "max_iter": 150,
    "tol_change": 0.01,
    "tol_obj": 0.05,
    "window_size": 20,
    "save_every": 9999,
    "scale_factor": 1,
    "seed": "cross_rectangular",
    "objective": "second"
  }
}