Iteration,Poisson_v12,Poisson_v21,Objective,Volume_Fraction
0,nan,nan,nan,0.956400
1,0.285062,0.321993,-77.292671,0.755250
2,0.347945,0.365127,-101.423654,0.554099
3,0.347945,0.365127,-109.212875,0.352949
4,0.347945,0.365127,-116.279243,0.151799
5,0.347945,0.365127,-122.176107,0.000000
6,0.000000,0.000000,-125.023236,0.000000
7,0.000000,0.000000,-125.023236,0.000000
8,0.000000,0.000000,-125.023236,0.000000
9,0.000000,0.000000,-125.023236,0.000000
10,0.000000,0.000000,-125.023236,0.000000
