Iteration,Poisson_v12,Poisson_v21,Objective,Volume_Fraction
0,nan,nan,nan,0.916800
1,-1.000000,-1.000000,1.000000,0.866442
2,-1.000000,-1.000000,1.000000,0.816514
3,-1.000000,-1.000000,1.000000,0.766586
4,-1.000000,-1.000000,1.000000,0.716658
5,-1.000000,-1.000000,1.000000,0.666730
6,-1.000000,-1.000000,1.000000,0.616803
7,-1.000000,-1.000000,1.000000,0.566875
8,-1.000000,-1.000000,1.000000,0.516947
9,-1.000000,-1.000000,1.000000,0.467019
10,-1.000000,-1.000000,1.000000,0.417091
11,-1.000000,-1.000000,1.000000,0.367164
12,-1.000000,-1.000000,1.000000,0.317236
13,-1.000000,-1.000000,1.000000,0.270248
14,-1.000000,-1.000000,1.000000,0.227308
15,-1.000000,-1.000000,1.000000,0.182588
16,-1.000000,-1.000000,1.000000,0.140628
17,-1.000000,-1.000000,1.000000,0.097181
18,-1.000000,-1.000000,1.000000,0.060575
19,-1.000000,-1.000000,1.000000,0.054691
20,-1.000000,-1.000000,1.000000,0.057418
