Iteration,Poisson_v12,Poisson_v21,Objective,Volume_Fraction
0,nan,nan,nan,0.355505
1,0.366669,0.566377,0.176553,0.255505
2,0.414629,0.529720,0.060361,0.156749
3,0.429916,0.578710,0.014611,0.070709
4,0.429916,0.578710,0.000824,0.000000
5,0.000000,0.000000,0.000000,0.000000
6,0.000000,0.000000,0.000000,0.000000
7,0.000000,0.000000,0.000000,0.000000
8,0.000000,0.000000,0.000000,0.000000
9,0.000000,0.000000,0.000000,0.000000
