{
  "git_hash": "ddbe82c",
  "timestamp": "2026-07-11T08:24:30",
  "version": "1.3.0",
  "params": {
    "volfrac": 0.49590031587261707,
    "penal": 1.7250549479572976,
    "rmin": 2.675902942499432,
    "move": 0.23938621033794255,
    "void_size_frac": 0.18701332396725057,
    "rotation_deg": 60.92408823007591,
    "beta": 0.5356975606042143,
    "nelx": 50,
    "nely": 50,
    "ft": 2,
    "E0": 199.0,
    "Emin": 1e-09,
    "nu": 0.3,
    "max_iter": 150,
    "tol_change": 0.01,
    "tol_obj": 0.05,
    "window_size": 20,
    "save_every": 9999,
    "scale_factor": 1,
    "seed": "hourglass",
    "objective": "first"
  }
}