Iteration,Poisson_v12,Poisson_v21,Objective,Volume_Fraction
0,nan,nan,nan,0.630800
1,-1.000000,-1.000000,434.461633,0.593511
2,-1.000000,-1.000000,453.576176,0.593511
3,-1.000000,-1.000000,458.919101,0.592134
4,-1.000000,-1.000000,460.791392,0.589200
5,-1.000000,-1.000000,460.050099,0.589200
