{
  "git_hash": "unknown",
  "timestamp": "2026-07-15T08:41:25",
  "version": "1.4.0",
  "params": {
    "volfrac": 0.6894612952702205,
    "penal": 2.3050392892917433,
    "rmin": 2.0730935802731536,
    "move": 0.16585034977529528,
    "void_size_frac": 0.4506708851836511,
    "nelx": 80,
    "nely": 80,
    "ft": 2,
    "E0": 199.0,
    "Emin": 1e-09,
    "nu": 0.3,
    "max_iter": 200,
    "tol_change": 0.01,
    "tol_obj": 0.05,
    "window_size": 20,
    "save_every": 9999,
    "scale_factor": 1,
    "mu": 0.0,
    "beta": 3.0,
    "rotation_deg": 0.0,
    "seed": "hexagonal",
    "objective": "auxetic"
  }
}