{
  "git_hash": "ddbe82c",
  "timestamp": "2026-07-11T08:05:59",
  "version": "1.3.0",
  "params": {
    "volfrac": 0.2845400359682002,
    "penal": 3.6288198013112556,
    "rmin": 5.58000917975249,
    "move": 0.06496318865124498,
    "void_size_frac": 0.18127845373498716,
    "rotation_deg": 34.80326845813434,
    "nelx": 50,
    "nely": 50,
    "ft": 2,
    "E0": 199.0,
    "Emin": 1e-09,
    "nu": 0.3,
    "max_iter": 150,
    "tol_change": 0.01,
    "tol_obj": 0.05,
    "window_size": 20,
    "save_every": 9999,
    "scale_factor": 1,
    "seed": "nine_circle",
    "objective": "auxetic"
  }
}