Iteration,Poisson_v12,Poisson_v21,Objective,Volume_Fraction
0,nan,nan,nan,0.499175
1,0.362875,0.560382,210.000862,0.536632
2,0.146926,0.164979,209.583764,0.536632
3,0.205192,0.218905,190.852959,0.536633
4,0.181897,0.205388,158.387831,0.536632
5,0.165909,0.186969,123.686459,0.536633
6,0.150876,0.170594,99.673449,0.536633
7,0.135403,0.152494,95.074023,0.536632
8,0.118472,0.128729,90.857313,0.536632
9,0.104339,0.109156,87.244905,0.536633
10,0.093712,0.095218,84.180448,0.536632
11,0.085397,0.084993,81.461121,0.536633
12,0.080055,0.078866,79.243638,0.536632
13,0.076351,0.074958,77.466026,0.536632
14,0.073897,0.072646,76.125143,0.536633
15,0.072142,0.071286,75.156409,0.536632
16,0.071230,0.070792,74.493353,0.536633
17,0.071052,0.070991,74.138410,0.536633
18,0.071259,0.071395,73.951003,0.536632
19,0.071363,0.071555,73.827443,0.536633
20,0.071515,0.071762,73.743298,0.536631
21,0.071654,0.071892,73.723359,0.536633
22,0.071778,0.072015,73.714434,0.536632
23,0.071898,0.072133,73.707391,0.536632
24,0.072014,0.072248,73.701540,0.536631
25,0.072126,0.072358,73.696861,0.536632
26,0.072237,0.072467,73.692721,0.536632
27,0.072359,0.072593,73.689270,0.536633
28,0.072479,0.072717,73.686289,0.536632
29,0.072598,0.072838,73.683895,0.536633
30,0.072698,0.072934,73.682258,0.536631
31,0.072787,0.073021,73.681201,0.536633
32,0.072865,0.073086,73.680479,0.536633
33,0.072946,0.073142,73.680249,0.536633
34,0.073033,0.073203,73.680090,0.536633
35,0.073122,0.073266,73.680018,0.536632
36,0.073209,0.073333,73.679837,0.536632
37,0.073276,0.073381,73.679573,0.536632
38,0.073316,0.073410,73.679533,0.536632
39,0.073353,0.073444,73.679429,0.536632
40,0.073353,0.073460,73.679680,0.536633
41,0.073346,0.073471,73.679829,0.536632
42,0.073338,0.073479,73.680256,0.536633
43,0.073331,0.073480,73.679940,0.536632
44,0.073326,0.073482,73.679682,0.536632
