{
  "git_hash": "ddbe82c",
  "timestamp": "2026-07-11T07:59:19",
  "version": "1.3.0",
  "params": {
    "volfrac": 0.5866322362201004,
    "penal": 2.8267574621811775,
    "rmin": 4.771527991766206,
    "move": 0.09923193302403971,
    "void_size_frac": 0.19130705961800787,
    "rotation_deg": 80.96193357059441,
    "nelx": 50,
    "nely": 50,
    "ft": 2,
    "E0": 199.0,
    "Emin": 1e-09,
    "nu": 0.3,
    "max_iter": 150,
    "tol_change": 0.01,
    "tol_obj": 0.05,
    "window_size": 20,
    "save_every": 9999,
    "scale_factor": 1,
    "seed": "hourglass",
    "objective": "auxetic"
  }
}