{
  "git_hash": "ddbe82c",
  "timestamp": "2026-07-11T08:17:40",
  "version": "1.3.0",
  "params": {
    "volfrac": 0.6151054991155729,
    "penal": 4.7529880064547125,
    "rmin": 5.888199409787949,
    "move": 0.22519051167725246,
    "void_size_frac": 0.4385485158557544,
    "rotation_deg": 68.94052715914066,
    "nelx": 50,
    "nely": 50,
    "ft": 2,
    "E0": 199.0,
    "Emin": 1e-09,
    "nu": 0.3,
    "max_iter": 150,
    "tol_change": 0.01,
    "tol_obj": 0.05,
    "window_size": 20,
    "save_every": 9999,
    "scale_factor": 1,
    "seed": "circle_half_quarter",
    "objective": "auxetic"
  }
}