Iteration,Poisson_v12,Poisson_v21,Objective,Volume_Fraction
0,nan,nan,nan,0.921200
1,0.447932,0.447932,99.245501,0.841999
2,0.424162,0.424162,119.329874,0.762797
3,0.424162,0.424162,139.220627,0.683596
4,0.424162,0.424162,153.265039,0.604395
5,0.424162,0.424162,162.492531,0.525194
6,0.424162,0.424162,168.112849,0.468398
7,0.212337,0.212337,169.468513,0.468398
8,0.297241,0.297241,159.122622,0.468398
9,0.292419,0.292419,144.070836,0.468399
10,0.284184,0.284184,123.828764,0.468398
11,0.274042,0.274041,97.601737,0.468397
12,0.249048,0.249048,79.790547,0.468398
13,0.222525,0.222524,60.783535,0.468398
14,0.197956,0.197955,58.679108,0.468398
15,0.184367,0.184367,56.364531,0.468397
16,0.182116,0.182116,56.014311,0.468398
17,0.180872,0.180872,55.838398,0.468398
18,0.180425,0.180425,55.755468,0.468398
19,0.180292,0.180292,55.686670,0.468397
20,0.180256,0.180256,55.633294,0.468397
21,0.180212,0.180212,55.593909,0.468397
22,0.180183,0.180183,55.560761,0.468398
23,0.180172,0.180172,55.532254,0.468398
24,0.180201,0.180201,55.499640,0.468398
25,0.180269,0.180269,55.462339,0.468399
26,0.180373,0.180368,55.420882,0.468398
27,0.180364,0.180364,55.398735,0.468398
28,0.180290,0.180291,55.387591,0.468398
29,0.180228,0.180228,55.373498,0.468398
30,0.180176,0.180176,55.356769,0.468397
31,0.180130,0.180131,55.337354,0.468398
32,0.180090,0.180090,55.315320,0.468398
33,0.180051,0.180051,55.291277,0.468397
34,0.179991,0.179991,55.266167,0.468399
35,0.179904,0.179904,55.239328,0.468398
36,0.179786,0.179786,55.210659,0.468398
37,0.179633,0.179632,55.178867,0.468398
38,0.179554,0.179555,55.156651,0.468398
