Iteration,Poisson_v12,Poisson_v21,Objective,Volume_Fraction
0,nan,nan,nan,0.961600
1,0.251462,0.251462,-42.913079,0.888771
2,0.265536,0.265536,-54.430298,0.815968
3,0.265536,0.265536,-56.100188,0.743165
4,0.265536,0.265536,-57.662392,0.670362
5,0.265536,0.265536,-59.111842,0.597560
6,0.265536,0.265536,-60.443500,0.524757
7,0.265536,0.265536,-61.652311,0.451954
8,0.265536,0.265536,-62.733128,0.379151
9,0.265536,0.265536,-63.680601,0.306348
10,0.265536,0.265536,-64.489005,0.233546
11,0.265536,0.265536,-65.151919,0.160743
12,0.265536,0.265536,-65.661620,0.087940
13,0.265536,0.265536,-66.007614,0.015137
14,0.265536,0.265536,-66.171227,0.000000
15,0.000000,0.000000,-66.177938,0.000000
16,0.000000,0.000000,-66.177938,0.000000
17,0.000000,0.000000,-66.177938,0.000000
18,0.000000,0.000000,-66.177938,0.000000
19,0.000000,0.000000,-66.177938,0.000000
