{
  "git_hash": "ddbe82c",
  "timestamp": "2026-07-11T08:39:46",
  "version": "1.3.0",
  "params": {
    "volfrac": 0.287163792254961,
    "penal": 3.8823441580484075,
    "rmin": 5.810687887867781,
    "move": 0.19110808251463118,
    "void_size_frac": 0.4128321677528882,
    "rotation_deg": 49.559902193291336,
    "beta_second": 0.7382478493685108,
    "nelx": 50,
    "nely": 50,
    "ft": 2,
    "E0": 199.0,
    "Emin": 1e-09,
    "nu": 0.3,
    "max_iter": 150,
    "tol_change": 0.01,
    "tol_obj": 0.05,
    "window_size": 20,
    "save_every": 9999,
    "scale_factor": 1,
    "seed": "four_circle",
    "objective": "second"
  }
}