Iteration,Poisson_v12,Poisson_v21,Objective,Volume_Fraction
0,nan,nan,nan,0.923600
1,0.272474,0.272474,-61.627727,0.673604
2,0.284448,0.284450,-106.407099,0.422855
3,0.284448,0.284450,-115.455528,0.172105
4,0.284448,0.284450,-119.392279,0.000000
5,0.000000,0.000000,-119.900021,0.000000
6,0.000000,0.000000,-119.900021,0.000000
7,0.000000,0.000000,-119.900021,0.000000
8,0.000000,0.000000,-119.900021,0.000000
9,0.000000,0.000000,-119.900021,0.000000
