Iteration,Poisson_v12,Poisson_v21,Objective,Volume_Fraction
0,nan,nan,nan,0.516400
1,0.503940,0.503940,40.426721,0.489912
2,0.499495,0.499495,74.838488,0.489912
3,0.504757,0.504759,70.978614,0.489911
4,0.507422,0.507422,69.121372,0.489911
5,0.507717,0.507716,68.713471,0.489912
6,0.507863,0.507863,68.519662,0.489911
7,0.507779,0.507781,68.428866,0.489911
8,0.507739,0.507739,68.394706,0.489911
9,0.507705,0.507705,68.381118,0.489910
10,0.507669,0.507668,68.371970,0.489912
11,0.507649,0.507648,68.366946,0.489910
12,0.507633,0.507632,68.364549,0.489911
13,0.507619,0.507618,68.362629,0.489911
14,0.507606,0.507606,68.361631,0.489911
15,0.507595,0.507594,68.361143,0.489912
16,0.507585,0.507584,68.360584,0.489910
17,0.507575,0.507575,68.361088,0.489910
18,0.507567,0.507566,68.361224,0.489911
19,0.507559,0.507558,68.361322,0.489910
20,0.507551,0.507551,68.361641,0.489911
21,0.507546,0.507546,68.361974,0.489911
22,0.507542,0.507541,68.362491,0.489911
23,0.507537,0.507537,68.362978,0.489911
24,0.507533,0.507533,68.363506,0.489912
25,0.507530,0.507529,68.363714,0.489910
26,0.507526,0.507525,68.364476,0.489911
27,0.507522,0.507522,68.364585,0.489912
28,0.507519,0.507518,68.364764,0.489910
