{
  "metadata": {
    "objective": "auxetic",
    "seed": "circle",
    "timestamp": "2026-06-01T18:48:35.598445",
    "n_samples": 30,
    "n_success": 30
  },
  "analysis": {
    "param_names": [
      "volfrac",
      "penal",
      "rmin",
      "move",
      "void_size_frac",
      "rotation_deg"
    ],
    "correlations": [
      -0.16173526140155728,
      -0.6329254727474972,
      0.02469410456062291,
      -0.28987764182424913,
      0.2921023359288098,
      -0.22981090100111232
    ],
    "p_values": [
      0.3931819987987527,
      0.00017443735274850458,
      0.8969402818929876,
      0.12022313584512183,
      0.11727604296198565,
      0.22183117032217686
    ],
    "top_3": [
      [
        "penal",
        -0.6329254727474972,
        0.00017443735274850458
      ],
      [
        "void_size_frac",
        0.2921023359288098,
        0.11727604296198565
      ],
      [
        "move",
        -0.28987764182424913,
        0.12022313584512183
      ]
    ],
    "n_valid": 30
  },
  "results": [
    {
      "sample_id": 0,
      "seed": "circle",
      "objective": "auxetic",
      "params": {
        "volfrac": 0.44301391935258716,
        "penal": 4.008149541366393,
        "rmin": 3.8569003466814364,
        "move": 0.14418859975783865,
        "void_size_frac": 0.2817637108685392,
        "rotation_deg": 48.07313294508973
      },
      "v12": -0.9832426817197456,
      "v21": -0.9934714900319004,
      "obj_value": 0.9832426817197456,
      "n_iters": 21,
      "converged": true,
      "elapsed_time": 4.633099794387817,
      "success": true,
      "error": null
    },
    {
      "sample_id": 1,
      "seed": "circle",
      "objective": "auxetic",
      "params": {
        "volfrac": 0.20318480397346197,
        "penal": 2.495191425963073,
        "rmin": 1.1453143945540756,
        "move": 0.06291345051753694,
        "void_size_frac": 0.5438200329294569,
        "rotation_deg": 18.219705033454193
      },
      "v12": -0.9999999886245493,
      "v21": -0.9999999902015384,
      "obj_value": 0.9999999886245493,
      "n_iters": 21,
      "converged": true,
      "elapsed_time": 4.144543647766113,
      "success": true,
      "error": null
    },
    {
      "sample_id": 2,
      "seed": "circle",
      "objective": "auxetic",
      "params": {
        "volfrac": 0.5380817983989244,
        "penal": 2.756965118230556,
        "rmin": 2.2594309668621113,
        "move": 0.23977301065179352,
        "void_size_frac": 0.4574235868830694,
        "rotation_deg": 44.80854823168748
      },
      "v12": -0.9850099004755066,
      "v21": -0.9937808958388502,
      "obj_value": 0.9850099004755066,
      "n_iters": 21,
      "converged": true,
      "elapsed_time": 4.144630193710327,
      "success": true,
      "error": null
    },
    {
      "sample_id": 3,
      "seed": "circle",
      "objective": "auxetic",
      "params": {
        "volfrac": 0.45563158437343226,
        "penal": 1.7157780801170581,
        "rmin": 5.206985376652438,
        "move": 0.2720456169322511,
        "void_size_frac": 0.43382169959341826,
        "rotation_deg": 39.320636636033406
      },
      "v12": -0.9942554376773236,
      "v21": -0.9982111393999552,
      "obj_value": 0.9942554376773236,
      "n_iters": 21,
      "converged": true,
      "elapsed_time": 4.593689203262329,
      "success": true,
      "error": null
    },
    {
      "sample_id": 4,
      "seed": "circle",
      "objective": "auxetic",
      "params": {
        "volfrac": 0.30962155337234987,
        "penal": 3.7740481722864043,
        "rmin": 4.755546499378827,
        "move": 0.2829683019517731,
        "void_size_frac": 0.4140951751322075,
        "rotation_deg": 12.950853140272637
      },
      "v12": -0.9827989457352495,
      "v21": -0.9896886827694624,
      "obj_value": 0.9827989457352495,
      "n_iters": 21,
      "converged": true,
      "elapsed_time": 4.570555210113525,
      "success": true,
      "error": null
    },
    {
      "sample_id": 5,
      "seed": "circle",
      "objective": "auxetic",
      "params": {
        "volfrac": 0.40340317125456243,
        "penal": 4.070998702342106,
        "rmin": 2.612362440310308,
        "move": 0.08857950244970943,
        "void_size_frac": 0.6088407364787365,
        "rotation_deg": 68.43158592274713
      },
      "v12": -0.9825856688971486,
      "v21": -0.9938028718834805,
      "obj_value": 0.9825856688971486,
      "n_iters": 21,
      "converged": true,
      "elapsed_time": 4.225025177001953,
      "success": true,
      "error": null
    },
    {
      "sample_id": 6,
      "seed": "circle",
      "objective": "auxetic",
      "params": {
        "volfrac": 0.4249343799288604,
        "penal": 4.936572676503209,
        "rmin": 5.128848441824852,
        "move": 0.26108488337764574,
        "void_size_frac": 0.47604746801879444,
        "rotation_deg": 84.50196541182649
      },
      "v12": -0.9823312927359876,
      "v21": -0.9907913303179138,
      "obj_value": 0.9823312927359876,
      "n_iters": 21,
      "converged": true,
      "elapsed_time": 4.692591667175293,
      "success": true,
      "error": null
    },
    {
      "sample_id": 7,
      "seed": "circle",
      "objective": "auxetic",
      "params": {
        "volfrac": 0.5639964653066367,
        "penal": 3.625017781149061,
        "rmin": 4.527956699767467,
        "move": 0.13496029702086,
        "void_size_frac": 0.6935420270161637,
        "rotation_deg": 65.13501568820926
      },
      "v12": -0.9830975442159802,
      "v21": -0.9946335770664487,
      "obj_value": 0.9830975442159802,
      "n_iters": 21,
      "converged": true,
      "elapsed_time": 4.4664082527160645,
      "success": true,
      "error": null
    },
    {
      "sample_id": 8,
      "seed": "circle",
      "objective": "auxetic",
      "params": {
        "volfrac": 0.577566726613667,
        "penal": 3.5146996688520917,
        "rmin": 3.300015299587482,
        "move": 0.19160531441874162,
        "void_size_frac": 0.22021792704163104,
        "rotation_deg": 52.005447430223896
      },
      "v12": -0.9807124118312455,
      "v21": -0.9873844846103269,
      "obj_value": 0.9807124118312455,
      "n_iters": 21,
      "converged": true,
      "elapsed_time": 4.218029499053955,
      "success": true,
      "error": null
    },
    {
      "sample_id": 9,
      "seed": "circle",
      "objective": "auxetic",
      "params": {
        "volfrac": 0.3505977949516489,
        "penal": 4.629236129197071,
        "rmin": 4.923514037410277,
        "move": 0.1702604900337259,
        "void_size_frac": 0.38100338336453904,
        "rotation_deg": 11.656409779392078
      },
      "v12": -0.9850418295391801,
      "v21": -0.994019884593594,
      "obj_value": 0.9850418295391801,
      "n_iters": 21,
      "converged": true,
      "elapsed_time": 4.605571508407593,
      "success": true,
      "error": null
    },
    {
      "sample_id": 10,
      "seed": "circle",
      "objective": "auxetic",
      "params": {
        "volfrac": 0.5910879605094603,
        "penal": 3.2038538391809155,
        "rmin": 5.405793982253136,
        "move": 0.06862500952153312,
        "void_size_frac": 0.30608802799999013,
        "rotation_deg": 37.33926179802601
      },
      "v12": -0.9853947118868561,
      "v21": -0.992595377349649,
      "obj_value": 0.9853947118868561,
      "n_iters": 21,
      "converged": true,
      "elapsed_time": 4.542268753051758,
      "success": true,
      "error": null
    },
    {
      "sample_id": 11,
      "seed": "circle",
      "objective": "auxetic",
      "params": {
        "volfrac": 0.2592105711900612,
        "penal": 4.559473320258318,
        "rmin": 2.494863694238677,
        "move": 0.16302735508973032,
        "void_size_frac": 0.5797569221196744,
        "rotation_deg": 79.77441406882609
      },
      "v12": -0.9832623180850221,
      "v21": -0.989887079027329,
      "obj_value": 0.9832623180850221,
      "n_iters": 21,