{
  "metadata": {
    "objective": "auxetic",
    "seed": "circle",
    "timestamp": "2026-07-12T23:18:21.593171",
    "n_samples": 30,
    "n_success": 30
  },
  "analysis": {
    "param_names": [
      "volfrac",
      "penal",
      "rmin",
      "move",
      "void_size_frac",
      "rotation_deg"
    ],
    "correlations": [
      0.029143492769744164,
      0.1439377085650723,
      0.28231368186874306,
      -0.011345939933259176,
      -0.24849833147942155,
      0.1635150166852058
    ],
    "p_values": [
      0.8784968881047431,
      0.44794559868903494,
      0.13065345801091205,
      0.9525495284707406,
      0.18546010138233077,
      0.3879257345165761
    ],
    "top_3": [
      [
        "rmin",
        0.28231368186874306,
        0.13065345801091205
      ],
      [
        "void_size_frac",
        -0.24849833147942155,
        0.18546010138233077
      ],
      [
        "rotation_deg",
        0.1635150166852058,
        0.3879257345165761
      ]
    ],
    "n_valid": 30
  },
  "results": [
    {
      "sample_id": 0,
      "seed": "circle",
      "objective": "auxetic",
      "params": {
        "volfrac": 0.4930139193525872,
        "penal": 4.008149541366393,
        "rmin": 3.8569003466814364,
        "move": 0.14418859975783865,
        "void_size_frac": 0.1990582265211235,
        "rotation_deg": 48.07313294508973
      },
      "v12": 0.27156919963668846,
      "v21": 0.2715691996384417,
      "obj_value": 0.1891252472284114,
      "n_iters": 150,
      "converged": true,
      "elapsed_time": 55.2050678730011,
      "success": true,
      "error": null
    },
    {
      "sample_id": 1,
      "seed": "circle",
      "objective": "auxetic",
      "params": {
        "volfrac": 0.25318480397346194,
        "penal": 2.495191425963073,
        "rmin": 1.1453143945540756,
        "move": 0.06291345051753694,
        "void_size_frac": 0.3562920197576742,
        "rotation_deg": 18.219705033454193
      },
      "v12": 0.2999999999986171,
      "v21": 0.2999999999986216,
      "obj_value": -0.3504577925873637,
      "n_iters": 46,
      "converged": true,
      "elapsed_time": 16.013172388076782,
      "success": true,
      "error": null
    },
    {
      "sample_id": 2,
      "seed": "circle",
      "objective": "auxetic",
      "params": {
        "volfrac": 0.5880817983989245,
        "penal": 2.756965118230556,
        "rmin": 2.2594309668621113,
        "move": 0.23977301065179352,
        "void_size_frac": 0.30445415212984167,
        "rotation_deg": 44.80854823168748
      },
      "v12": 0.3010242005139544,
      "v21": 0.3000019553163003,
      "obj_value": -0.7764916721781109,
      "n_iters": 150,
      "converged": true,
      "elapsed_time": 55.1662814617157,
      "success": true,
      "error": null
    },
    {
      "sample_id": 3,
      "seed": "circle",
      "objective": "auxetic",
      "params": {
        "volfrac": 0.5056315843734323,
        "penal": 1.7157780801170581,
        "rmin": 5.206985376652438,
        "move": 0.2720456169322511,
        "void_size_frac": 0.290293019756051,
        "rotation_deg": 39.320636636033406
      },
      "v12": 0.30923979929791157,
      "v21": 0.3092397990754137,
      "obj_value": -0.46744861251158465,
      "n_iters": 150,
      "converged": true,
      "elapsed_time": 41.23273706436157,
      "success": true,
      "error": null
    },
    {
      "sample_id": 4,
      "seed": "circle",
      "objective": "auxetic",
      "params": {
        "volfrac": 0.35962155337234986,
        "penal": 3.7740481722864043,
        "rmin": 4.755546499378827,
        "move": 0.2829683019517731,
        "void_size_frac": 0.27845710507932453,
        "rotation_deg": 12.950853140272637
      },
      "v12": 0.2999991199187467,
      "v21": 0.2999991199187483,
      "obj_value": -0.0802943025784705,
      "n_iters": 113,
      "converged": true,
      "elapsed_time": 40.568729639053345,
      "success": true,
      "error": null
    },
    {
      "sample_id": 5,
      "seed": "circle",
      "objective": "auxetic",
      "params": {
        "volfrac": 0.4534031712545624,
        "penal": 4.070998702342106,
        "rmin": 2.612362440310308,
        "move": 0.08857950244970943,
        "void_size_frac": 0.39530444188724195,
        "rotation_deg": 68.43158592274713
      },
      "v12": 0.29999993601101343,
      "v21": 0.2999999360110031,
      "obj_value": -0.5102519663732372,
      "n_iters": 33,
      "converged": true,
      "elapsed_time": 11.387180089950562,
      "success": true,
      "error": null
    },
    {
      "sample_id": 6,
      "seed": "circle",
      "objective": "auxetic",
      "params": {
        "volfrac": 0.4749343799288604,
        "penal": 4.936572676503209,
        "rmin": 5.128848441824852,
        "move": 0.26108488337764574,
        "void_size_frac": 0.3156284808112767,
        "rotation_deg": 84.50196541182649
      },
      "v12": 0.29963767817130954,
      "v21": 0.29963767817130393,
      "obj_value": -0.1940925878822376,
      "n_iters": 28,
      "converged": true,
      "elapsed_time": 12.228224754333496,
      "success": true,
      "error": null
    },
    {
      "sample_id": 7,
      "seed": "circle",
      "objective": "auxetic",
      "params": {
        "volfrac": 0.6139964653066368,
        "penal": 3.625017781149061,
        "rmin": 4.527956699767467,
        "move": 0.13496029702086,
        "void_size_frac": 0.44612521620969836,
        "rotation_deg": 65.13501568820926
      },
      "v12": 0.3582791187153312,
      "v21": 0.3684340825395994,
      "obj_value": 0.6206063431626979,
      "n_iters": 150,
      "converged": true,
      "elapsed_time": 56.07617974281311,
      "success": true,
      "error": null
    },
    {
      "sample_id": 8,
      "seed": "circle",
      "objective": "auxetic",
      "params": {
        "volfrac": 0.6275667266136671,
        "penal": 3.5146996688520917,
        "rmin": 3.300015299587482,
        "move": 0.19160531441874162,
        "void_size_frac": 0.1621307562249786,
        "rotation_deg": 52.005447430223896
      },
      "v12": 0.34062186876233974,
      "v21": 0.34019277039544904,
      "obj_value": 0.4677701725837086,
      "n_iters": 150,
      "converged": true,
      "elapsed_time": 57.609434604644775,
      "success": true,
      "error": null
    },
    {
      "sample_id": 9,
      "seed": "circle",
      "objective": "auxetic",
      "params": {
        "volfrac": 0.4005977949516489,
        "penal": 4.629236129197071,
        "rmin": 4.923514037410277,
        "move": 0.1702604900337259,
        "void_size_frac": 0.25860203001872345,
        "rotation_deg": 11.656409779392078
      },
      "v12": 0.2997604155549568,
      "v21": 0.2997604155549635,
      "obj_value": -0.04764678902928088,
      "n_iters": 46,
      "converged": true,
      "elapsed_time": 15.873404741287231,
      "success": true,
      "error": null
    },
    {
      "sample_id": 10,
      "seed": "circle",
      "objective": "auxetic",
      "params": {
        "volfrac": 0.6410879605094604,
        "penal": 3.2038538391809155,
        "rmin": 5.405793982253136,
        "move": 0.06862500952153312,
        "void_size_frac": 0.2136528167999941,
        "rotation_deg": 37.33926179802601
      },
      "v12": 0.2651596110266584,
      "v21": 0.2651613173549272,
      "obj_value": -0.09802753088756339,
      "n_iters": 132,
      "converged": true,
      "elapsed_time": 49.844589948654175,
      "success": true,
      "error": null
    },
    {
      "sample_id": 11,
      "seed": "circle",
      "objective": "auxetic",
      "params": {
        "volfrac": 0.3092105711900612,
        "penal": 4.559473320258318,
        "rmin": 2.494863694238677,
        "move": 0.16302735508973032,
        "void_size_frac": 0.3778541532718047,
        "rotation_deg": 79.77441406882609
      },
      "v12": 0.29999999999693955,
      "v21": 0.2999999999969254,
      "obj_value": -0.2261559251686875,
      "n_iters": 52,