Iteration,Poisson_v12,Poisson_v21,Objective,Volume_Fraction
0,nan,nan,nan,0.882800
1,0.368713,0.368713,-19.167777,0.696297
2,0.438572,0.438572,-76.981856,0.510848
3,0.438572,0.438572,-81.543502,0.325399
4,0.438572,0.438572,-85.651792,0.139950
5,0.438572,0.438572,-89.059803,0.000000
6,0.000000,0.000000,-90.698910,0.000000
7,0.000000,0.000000,-90.698910,0.000000
8,0.000000,0.000000,-90.698910,0.000000
9,0.000000,0.000000,-90.698910,0.000000
10,0.000000,0.000000,-90.698910,0.000000
