{
  "git_hash": "ddbe82c",
  "timestamp": "2026-07-11T07:55:26",
  "version": "1.3.0",
  "params": {
    "volfrac": 0.5993611103013377,
    "penal": 1.1484380648907162,
    "rmin": 5.789659703227745,
    "move": 0.07706177713911144,
    "void_size_frac": 0.3349764421887787,
    "rotation_deg": 43.33478378692177,
    "nelx": 50,
    "nely": 50,
    "ft": 2,
    "E0": 199.0,
    "Emin": 1e-09,
    "nu": 0.3,
    "max_iter": 150,
    "tol_change": 0.01,
    "tol_obj": 0.05,
    "window_size": 20,
    "save_every": 9999,
    "scale_factor": 1,
    "seed": "square",
    "objective": "auxetic"
  }
}