Iteration,Poisson_v12,Poisson_v21,Objective,Volume_Fraction
0,nan,nan,nan,0.950000
1,0.285718,0.285718,43.136620,0.800473
2,0.295945,0.295945,67.342558,0.650946
3,0.295945,0.295945,82.392189,0.501420
4,0.295945,0.295945,89.036843,0.351893
5,0.295945,0.295945,91.203971,0.340213
6,0.230796,0.230796,87.265484,0.340213
7,0.222962,0.222962,75.833106,0.340213
8,0.216971,0.216971,57.239572,0.340212
9,0.232743,0.232743,32.928235,0.340212
10,0.209517,0.209517,30.371752,0.340212
11,0.200905,0.200905,28.609126,0.340212
12,0.203313,0.203313,27.332392,0.340212
13,0.206889,0.206889,26.195755,0.340213
14,0.209600,0.209600,25.160177,0.340212
15,0.212288,0.212288,24.574280,0.340212
16,0.213615,0.213615,24.387460,0.340213
17,0.213296,0.213296,24.399870,0.340213
18,0.212998,0.212998,24.410661,0.340212
19,0.212735,0.212735,24.419361,0.340211
20,0.212515,0.212515,24.426061,0.340212
21,0.212335,0.212335,24.430915,0.340212
22,0.212194,0.212194,24.434437,0.340212
23,0.212082,0.212082,24.436846,0.340212
24,0.211993,0.211993,24.438464,0.340211
25,0.211926,0.211926,24.439596,0.340213
26,0.211867,0.211867,24.440170,0.340213
27,0.211821,0.211821,24.440562,0.340211
28,0.211786,0.211786,24.440851,0.340212
