Iteration,Poisson_v12,Poisson_v21,Objective,Volume_Fraction
0,nan,nan,nan,0.968400
1,0.341142,0.278236,-47.181070,0.895080
2,0.375091,0.316442,-51.486139,0.821761
3,0.375091,0.316442,-53.553015,0.748441
4,0.375091,0.316442,-55.493337,0.675121
5,0.375091,0.316442,-57.299291,0.601802
6,0.375091,0.316442,-58.963196,0.528482
7,0.375091,0.316442,-60.477435,0.455163
8,0.375091,0.316442,-61.834377,0.381843
9,0.375091,0.316442,-63.026235,0.308523
10,0.375091,0.316442,-64.044850,0.235204
11,0.375091,0.316442,-64.881299,0.161884
12,0.375091,0.316442,-65.525131,0.088564
13,0.375091,0.316442,-65.962521,0.015245
14,0.375091,0.316442,-66.169449,0.000000
15,0.000000,0.000000,-66.177938,0.000000
16,0.000000,0.000000,-66.177938,0.000000
17,0.000000,0.000000,-66.177938,0.000000
18,0.000000,0.000000,-66.177938,0.000000
19,0.000000,0.000000,-66.177938,0.000000
