Iteration,Poisson_v12,Poisson_v21,Objective,Volume_Fraction
0,nan,nan,nan,0.897200
1,-1.000000,-1.000000,191.285392,0.634707
2,-1.000000,-1.000000,415.048439,0.532735
3,-1.000000,-1.000000,449.447015,0.532735
4,-1.000000,-1.000000,452.882571,0.532735
5,-1.000000,-1.000000,461.748913,0.532735
6,-1.000000,-1.000000,468.515481,0.532735
7,-1.000000,-1.000000,464.781050,0.532735
8,-1.000000,-1.000000,450.176184,0.532735
9,-1.000000,-1.000000,424.397120,0.532735
10,-1.000000,-1.000000,369.550683,0.532735
11,-1.000000,-1.000000,336.514945,0.532735
12,-1.000000,-1.000000,326.879726,0.532735
13,-1.000000,-1.000000,322.356370,0.532735
14,-1.000000,-1.000000,320.165312,0.532735
15,-1.000000,-1.000000,319.125794,0.532735
16,-1.000000,-1.000000,318.395514,0.532735
17,-1.000000,-1.000000,317.943755,0.532735
18,-1.000000,-1.000000,317.494868,0.532735
19,-1.000000,-1.000000,317.061171,0.532735
20,-1.000000,-1.000000,316.834308,0.532735
21,-1.000000,-1.000000,316.738680,0.532735
22,-1.000000,-1.000000,316.650658,0.532735
23,-1.000000,-1.000000,316.568181,0.532735
24,-1.000000,-1.000000,316.490551,0.532735
25,-1.000000,-1.000000,316.421689,0.532735
26,-1.000000,-1.000000,316.362475,0.532735
27,-1.000000,-1.000000,316.308673,0.532735
28,-1.000000,-1.000000,316.263834,0.532735
29,-1.000000,-1.000000,316.226337,0.532735
30,-1.000000,-1.000000,316.188078,0.532735
