Iteration,Poisson_v12,Poisson_v21,Objective,Volume_Fraction
0,nan,nan,nan,0.975600
1,0.304338,0.262689,-143.909277,0.742055
2,0.335473,0.294603,-156.810392,0.508510
3,0.335473,0.294603,-164.903831,0.274964
4,0.335473,0.294603,-170.762174,0.041419
5,0.335473,0.294603,-173.777429,0.000000
6,0.000000,0.000000,-173.897499,0.000000
7,0.000000,0.000000,-173.897499,0.000000
8,0.000000,0.000000,-173.897499,0.000000
9,0.000000,0.000000,-173.897499,0.000000
10,0.000000,0.000000,-173.897499,0.000000
