{
  "git_hash": "ddbe82c",
  "timestamp": "2026-07-11T08:42:01",
  "version": "1.3.0",
  "params": {
    "volfrac": 0.41432867379569327,
    "penal": 1.4345007043237685,
    "rmin": 2.586020300187234,
    "move": 0.10942734963232013,
    "void_size_frac": 0.2779895822292572,
    "rotation_deg": 67.55202682894237,
    "beta_second": 2.3573905557407526,
    "nelx": 50,
    "nely": 50,
    "ft": 2,
    "E0": 199.0,
    "Emin": 1e-09,
    "nu": 0.3,
    "max_iter": 150,
    "tol_change": 0.01,
    "tol_obj": 0.05,
    "window_size": 20,
    "save_every": 9999,
    "scale_factor": 1,
    "seed": "circle_half_quarter",
    "objective": "second"
  }
}