Iteration,Poisson_v12,Poisson_v21,Objective,Volume_Fraction
0,nan,nan,nan,0.730800
1,0.432180,0.432180,27.250358,0.512855
2,0.463289,0.463289,91.401333,0.377380
3,0.233524,0.233524,96.880129,0.377379
4,0.228373,0.228373,46.308257,0.377379
5,0.185515,0.185515,35.947626,0.377379
6,0.181974,0.181974,35.108781,0.377380
7,0.181240,0.181240,34.679581,0.377378
8,0.180730,0.180730,34.449342,0.377379
9,0.179882,0.179882,34.310515,0.377380
10,0.177892,0.177892,34.315671,0.377379
11,0.177370,0.177370,34.319854,0.377379
12,0.177175,0.177175,34.311127,0.377378
13,0.177042,0.177042,34.301985,0.377379
14,0.176958,0.176958,34.291670,0.377379
15,0.176942,0.176942,34.279368,0.377380
16,0.176980,0.176980,34.263930,0.377379
17,0.177065,0.177065,34.245139,0.377378
18,0.177190,0.177190,34.222268,0.377380
19,0.177323,0.177323,34.198914,0.377379
20,0.177373,0.177373,34.188864,0.377380
21,0.177367,0.177367,34.186750,0.377379
22,0.177380,0.177380,34.183408,0.377380
23,0.177409,0.177409,34.178513,0.377379
24,0.177459,0.177459,34.172217,0.377379
25,0.177526,0.177526,34.164081,0.377378
26,0.177617,0.177617,34.154126,0.377380
27,0.177729,0.177729,34.141731,0.377378
28,0.177872,0.177872,34.127010,0.377378
29,0.178030,0.178030,34.110641,0.377380
30,0.178106,0.178106,34.101939,0.377379
31,0.178212,0.178212,34.090990,0.377378
