Iteration,Poisson_v12,Poisson_v21,Objective,Volume_Fraction
0,nan,nan,nan,0.873200
1,0.368205,0.368205,160.825739,0.783485
2,0.380682,0.380682,197.977172,0.693771
3,0.380682,0.380682,227.959071,0.604056
4,0.380682,0.380682,249.475732,0.594460
5,0.107438,0.107438,229.079056,0.594460
6,0.104775,0.104775,178.940215,0.594460
7,0.116746,0.116746,119.648492,0.594460
8,0.121246,0.121246,112.300365,0.594459
9,0.118864,0.118864,107.866131,0.594459
10,0.119939,0.119939,104.262985,0.594460
11,0.118350,0.118350,100.071439,0.594460
12,0.116247,0.116247,94.766436,0.594459
13,0.113969,0.113969,88.740459,0.594460
14,0.111613,0.111613,86.528087,0.594460
15,0.109642,0.109642,84.719641,0.594460
16,0.108150,0.108150,83.059470,0.594460
17,0.106868,0.106868,82.054861,0.594461
18,0.105375,0.105375,81.548377,0.594460
19,0.104032,0.104032,81.424544,0.594460
20,0.103324,0.103324,81.379506,0.594460
21,0.102606,0.102606,81.432401,0.594460
22,0.101890,0.101890,81.472364,0.594460
23,0.101213,0.101213,81.487845,0.594460
24,0.100603,0.100603,81.470949,0.594460
25,0.100083,0.100083,81.414719,0.594460
26,0.099933,0.099933,81.425125,0.594460
27,0.099837,0.099837,81.469642,0.594459
28,0.099711,0.099711,81.527313,0.594460
29,0.099565,0.099565,81.591752,0.594460
30,0.099432,0.099432,81.646966,0.594459
31,0.099340,0.099340,81.681220,0.594459
32,0.099307,0.099307,81.686179,0.594460
33,0.099320,0.099320,81.668529,0.594459
34,0.099357,0.099357,81.640858,0.594459
35,0.099396,0.099396,81.613613,0.594459
36,0.099422,0.099422,81.596298,0.594459
