Iteration,Poisson_v12,Poisson_v21,Objective,Volume_Fraction
0,nan,nan,nan,0.652800
1,-1.000000,-1.000000,1.000000,0.482765
2,-1.000000,-1.000000,1.000000,0.378865
3,-1.000000,-1.000000,1.000000,0.294559
4,-1.000000,-1.000000,1.000000,0.220063
5,-0.999825,-0.999883,0.999825,0.208214
6,-0.998905,-0.999242,0.998905,0.196067
7,-0.993390,-0.994924,0.993390,0.193314
8,-0.993280,-0.994702,0.993280,0.177524
9,-0.993339,-0.994494,0.993339,0.149206
10,-0.992533,-0.993485,0.992533,0.165251
11,-0.992508,-0.993535,0.992508,0.161209
12,-0.992354,-0.993314,0.992354,0.158958
13,-0.992020,-0.992919,0.992020,0.126085
14,-0.991365,-0.991984,0.991365,0.107829
15,-0.990885,-0.991578,0.990885,0.087485
16,-0.989673,-0.990259,0.989673,0.080869
17,-0.984611,-0.985229,0.984611,0.072973
18,-0.984399,-0.984816,0.984399,0.076485
19,-0.983987,-0.984631,0.983987,0.079156
20,-0.982067,-0.983125,0.982067,0.078931
