Iteration,Poisson_v12,Poisson_v21,Objective,Volume_Fraction
0,nan,nan,nan,0.940400
1,0.296817,0.296817,46.886345,0.872206
2,0.348053,0.348053,52.148716,0.804013
3,0.348053,0.348053,59.587834,0.735819
4,0.348053,0.348053,66.056247,0.667626
5,0.348053,0.348053,71.499073,0.599432
6,0.348053,0.348053,75.927603,0.531239
7,0.348053,0.348053,79.401931,0.463045
8,0.348053,0.348053,82.016264,0.394851
9,0.348053,0.348053,83.886676,0.330580
10,0.337165,0.337165,85.227868,0.330580
11,0.164865,0.164865,82.822763,0.330580
12,0.211631,0.211631,77.866873,0.330579
13,0.224086,0.224086,71.948176,0.330579
14,0.224236,0.224236,65.107507,0.330579
15,0.221221,0.221221,57.500248,0.330579
16,0.215710,0.215710,51.397573,0.330579
17,0.229297,0.229297,43.325639,0.330580
18,0.244864,0.244864,34.833985,0.330579
19,0.256112,0.256112,26.739388,0.330580
20,0.243011,0.243011,27.121897,0.330579
21,0.228285,0.228285,27.500524,0.330579
22,0.212609,0.212609,27.905183,0.330580
23,0.197464,0.197464,28.228063,0.330579
24,0.184009,0.184009,28.386635,0.330579
25,0.174062,0.174062,28.439542,0.330579
26,0.167613,0.167613,28.400781,0.330579
27,0.164144,0.164144,28.373007,0.330580
28,0.162717,0.162717,28.391986,0.330580
29,0.161459,0.161459,28.418525,0.330579
30,0.160383,0.160383,28.447096,0.330580
31,0.159565,0.159565,28.474254,0.330580
32,0.159204,0.159204,28.500924,0.330579
33,0.158893,0.158893,28.529814,0.330579
34,0.158676,0.158676,28.556618,0.330580
35,0.158681,0.158681,28.573361,0.330580
36,0.158589,0.158589,28.590326,0.330580
37,0.158504,0.158504,28.608245,0.330579
38,0.158434,0.158434,28.626901,0.330579
39,0.158377,0.158377,28.646031,0.330580
40,0.158518,0.158518,28.658644,0.330579
41,0.158717,0.158717,28.670612,0.330579
42,0.158931,0.158931,28.683671,0.330580
43,0.159108,0.159108,28.695415,0.330579
44,0.159059,0.159059,28.698415,0.330579
45,0.159015,0.159015,28.701578,0.330579
46,0.158969,0.158969,28.704714,0.330580
47,0.158896,0.158896,28.709367,0.330579
48,0.158810,0.158810,28.714964,0.330580
49,0.158719,0.158719,28.720339,0.330580
50,0.158624,0.158624,28.725908,0.330579
51,0.158525,0.158525,28.731791,0.330579
52,0.158420,0.158420,28.737481,0.330580
53,0.158308,0.158308,28.743381,0.330580
54,0.158189,0.158189,28.749593,0.330579
55,0.158063,0.158063,28.756060,0.330579
56,0.157928,0.157928,28.762858,0.330579
57,0.157783,0.157783,28.769745,0.330580
58,0.157683,0.157683,28.774456,0.330579
