{
  "git_hash": "ddbe82c",
  "timestamp": "2026-07-11T07:53:14",
  "version": "1.3.0",
  "params": {
    "volfrac": 0.2757381181819977,
    "penal": 4.353381600006205,
    "rmin": 4.851334166916184,
    "move": 0.0725464650282274,
    "void_size_frac": 0.3363730412701501,
    "rotation_deg": 83.57088950572307,
    "nelx": 50,
    "nely": 50,
    "ft": 2,
    "E0": 199.0,
    "Emin": 1e-09,
    "nu": 0.3,
    "max_iter": 150,
    "tol_change": 0.01,
    "tol_obj": 0.05,
    "window_size": 20,
    "save_every": 9999,
    "scale_factor": 1,
    "seed": "circle",
    "objective": "auxetic"
  }
}