{
  "git_hash": "unknown",
  "timestamp": "2026-07-15T10:36:16",
  "version": "1.4.0",
  "params": {
    "volfrac": 0.53223210299671,
    "penal": 2.746447570355275,
    "rmin": 2.3708814970581216,
    "move": 0.09387672866172825,
    "void_size_frac": 0.40937969566460586,
    "nelx": 80,
    "nely": 80,
    "ft": 2,
    "E0": 199.0,
    "Emin": 1e-09,
    "nu": 0.3,
    "max_iter": 200,
    "tol_change": 0.01,
    "tol_obj": 0.05,
    "window_size": 20,
    "save_every": 9999,
    "scale_factor": 1,
    "mu": 0.0,
    "beta": 3.0,
    "rotation_deg": 0.0,
    "seed": "circle_half_quarter",
    "objective": "auxetic"
  }
}