Iteration,Poisson_v12,Poisson_v21,Objective,Volume_Fraction
0,nan,nan,nan,0.921200
1,-1.000000,-1.000000,155.093968,0.651685
2,-1.000000,-1.000000,401.183406,0.532735
3,-1.000000,-1.000000,456.810523,0.532735
4,-1.000000,-1.000000,459.925934,0.532735
5,-1.000000,-1.000000,466.093078,0.532735
6,-1.000000,-1.000000,461.967728,0.532735
7,-1.000000,-1.000000,461.024789,0.532735
8,-1.000000,-1.000000,455.336624,0.532735
9,-1.000000,-1.000000,453.057954,0.532735
10,-1.000000,-1.000000,446.271756,0.532735
11,-1.000000,-1.000000,441.700749,0.532735
12,-1.000000,-1.000000,430.529760,0.532735
13,-1.000000,-1.000000,412.796036,0.532735
14,-1.000000,-1.000000,397.324708,0.532735
15,-1.000000,-1.000000,378.485022,0.532735
16,-1.000000,-1.000000,366.582925,0.532735
17,-1.000000,-1.000000,355.363811,0.532735
18,-1.000000,-1.000000,347.991256,0.532735
19,-1.000000,-1.000000,345.095491,0.532735
20,-1.000000,-1.000000,343.008430,0.532735
21,-1.000000,-1.000000,341.577713,0.532735
22,-1.000000,-1.000000,340.243933,0.532735
