Iteration,Poisson_v12,Poisson_v21,Objective,Volume_Fraction
0,nan,nan,nan,0.951600
1,0.281075,0.281075,3.971662,0.718261
2,0.355132,0.355132,2.448985,0.484922
3,0.355132,0.355132,0.786200,0.251582
4,0.355132,0.355132,0.087324,0.018243
5,0.355123,0.355123,0.000004,0.000000
6,0.000000,0.000000,0.000000,0.000000
7,0.000000,0.000000,0.000000,0.000000
8,0.000000,0.000000,0.000000,0.000000
9,0.000000,0.000000,0.000000,0.000000
10,0.000000,0.000000,0.000000,0.000000
