Iteration,Poisson_v12,Poisson_v21,Objective,Volume_Fraction
0,nan,nan,nan,0.947200
1,0.306717,0.306717,2.220335,0.768702
2,0.334356,0.334356,0.824350,0.590203
3,0.334356,0.334356,0.187982,0.411705
4,0.334356,0.334356,0.026974,0.233207
5,0.334356,0.334356,0.001439,0.068351
6,0.299517,0.299518,0.000291,0.022101
7,0.300000,0.300000,0.000245,0.008647
8,0.300000,0.300000,0.000006,0.002954
9,0.300000,0.300000,0.000000,0.000693
10,0.299833,0.299832,-0.000000,0.000000
11,0.000000,0.000000,0.000000,0.000000
12,0.000000,0.000000,0.000000,0.000000
13,0.000000,0.000000,0.000000,0.000000
14,0.000000,0.000000,0.000000,0.000000
15,0.000000,0.000000,0.000000,0.000000
