Iteration,Poisson_v12,Poisson_v21,Objective,Volume_Fraction
0,nan,nan,nan,0.890000
1,-1.000000,-1.000000,1.000000,0.638158
2,-1.000000,-1.000000,1.000000,0.386316
3,-1.000000,-1.000000,1.000000,0.185586
4,-1.000000,-1.000000,1.000000,0.137335
5,-0.998729,-0.998881,0.998729,0.195098
6,-0.989173,-0.993208,0.989173,0.202518
7,-0.986882,-0.993155,0.986882,0.202550
8,-0.985635,-0.992673,0.985635,0.199085
9,-0.985094,-0.992697,0.985094,0.198621
10,-0.984953,-0.992366,0.984953,0.201341
11,-0.984485,-0.992065,0.984485,0.193293
12,-0.984727,-0.991283,0.984727,0.193087
13,-0.984358,-0.991297,0.984358,0.192808
14,-0.983986,-0.990963,0.983986,0.193233
15,-0.984565,-0.991615,0.984565,0.193300
16,-0.983889,-0.991826,0.983889,0.193607
17,-0.984693,-0.991542,0.984693,0.187489
18,-0.984172,-0.991235,0.984172,0.194257
19,-0.983976,-0.991861,0.983976,0.193798
20,-0.984352,-0.991543,0.984352,0.190565
