{
  "git_hash": "e6455de",
  "timestamp": "2026-07-12T23:24:39",
  "version": "1.3.0",
  "params": {
    "volfrac": 0.35962155337234986,
    "penal": 3.7740481722864043,
    "rmin": 4.755546499378827,
    "move": 0.2829683019517731,
    "void_size_frac": 0.27845710507932453,
    "rotation_deg": 12.950853140272637,
    "nelx": 50,
    "nely": 50,
    "ft": 2,
    "E0": 199.0,
    "Emin": 1e-09,
    "nu": 0.3,
    "max_iter": 150,
    "tol_change": 0.01,
    "tol_obj": 0.05,
    "window_size": 20,
    "save_every": 9999,
    "scale_factor": 1,
    "mu": 0.2,
    "seed": "hexagonal",
    "objective": "auxetic"
  }
}