Iteration,Poisson_v12,Poisson_v21,Objective,Volume_Fraction
0,nan,nan,nan,0.799600
1,0.416725,0.416725,7.703138,0.615424
2,0.423078,0.423078,-21.494518,0.431248
3,0.423078,0.423078,-47.542822,0.247073
4,0.423078,0.423078,-58.153180,0.062897
5,0.423078,0.423078,-59.912093,0.000000
6,0.000000,0.000000,-59.925699,0.000000
7,0.000000,0.000000,-59.925699,0.000000
8,0.000000,0.000000,-59.925699,0.000000
9,0.000000,0.000000,-59.925699,0.000000
10,0.000000,0.000000,-59.925699,0.000000
