Iteration,Poisson_v12,Poisson_v21,Objective,Volume_Fraction
0,nan,nan,nan,0.961200
1,0.368494,0.368494,-225.021392,0.740758
2,0.423220,0.423220,-268.849088,0.520315
3,0.423220,0.423220,-290.922043,0.299873
4,0.423220,0.423220,-312.238622,0.079430
5,0.423220,0.423220,-331.544192,0.000000
6,0.000000,0.000000,-336.907993,0.000000
7,0.000000,0.000000,-336.907993,0.000000
8,0.000000,0.000000,-336.907993,0.000000
9,0.000000,0.000000,-336.907993,0.000000
10,0.000000,0.000000,-336.907993,0.000000
