Iteration,Poisson_v12,Poisson_v21,Objective,Volume_Fraction
0,nan,nan,nan,0.939600
1,0.312029,0.339203,20.454353,0.765642
2,0.344808,0.360645,32.547648,0.591683
3,0.344808,0.360645,42.091886,0.417725
4,0.344808,0.360645,46.531648,0.246429
5,0.320668,0.355591,47.908550,0.246429
6,0.248607,0.266548,45.100360,0.246428
7,0.245905,0.250128,38.515208,0.246429
8,0.278829,0.279260,26.949619,0.246428
9,0.296250,0.297103,13.597536,0.246429
10,0.299573,0.301876,11.562168,0.246428
11,0.300000,0.301099,10.466252,0.246429
12,0.300000,0.300119,9.901265,0.246428
13,0.300000,0.300032,9.627645,0.246428
14,0.300000,0.300010,9.459794,0.246428
15,0.300000,0.300000,9.365720,0.246429
16,0.300000,0.300000,9.316267,0.246428
17,0.300000,0.300000,9.282547,0.246429
18,0.300000,0.300000,9.249946,0.246428
19,0.300000,0.300000,9.230102,0.246429
20,0.300000,0.300000,9.208981,0.246428
21,0.300000,0.300000,9.187420,0.246429
22,0.300000,0.300000,9.167673,0.246429
23,0.300000,0.300000,9.153347,0.246429
24,0.300000,0.300000,9.144655,0.246429
25,0.300000,0.300000,9.137551,0.246429
26,0.300000,0.300000,9.131616,0.246428
27,0.300000,0.300000,9.129323,0.246429
28,0.300000,0.300000,9.128045,0.246428
29,0.300000,0.300000,9.127523,0.246429
30,0.300000,0.300000,9.126911,0.246429
31,0.300000,0.300000,9.126518,0.246428
