{
  "git_hash": "ddbe82c",
  "timestamp": "2026-07-11T08:05:26",
  "version": "1.3.0",
  "params": {
    "volfrac": 0.29642852267428343,
    "penal": 3.935174106167992,
    "rmin": 3.122259516175882,
    "move": 0.18514086786969514,
    "void_size_frac": 0.21299555288278593,
    "rotation_deg": 6.940984495407748,
    "nelx": 50,
    "nely": 50,
    "ft": 2,
    "E0": 199.0,
    "Emin": 1e-09,
    "nu": 0.3,
    "max_iter": 150,
    "tol_change": 0.01,
    "tol_obj": 0.05,
    "window_size": 20,
    "save_every": 9999,
    "scale_factor": 1,
    "seed": "hexagonal",
    "objective": "auxetic"
  }
}