Iteration,Poisson_v12,Poisson_v21,Objective,Volume_Fraction
0,nan,nan,nan,0.718800
1,0.235846,0.235844,11.962414,0.544016
2,0.237004,0.237005,4.332346,0.369262
3,0.237004,0.237005,0.931260,0.194508
4,0.237004,0.237005,0.060350,0.019754
5,0.237095,0.237096,0.000002,0.000000
6,0.000000,0.000000,0.000000,0.000000
7,0.000000,0.000000,0.000000,0.000000
8,0.000000,0.000000,0.000000,0.000000
9,0.000000,0.000000,0.000000,0.000000
10,0.000000,0.000000,0.000000,0.000000
