Iteration,Poisson_v12,Poisson_v21,Objective,Volume_Fraction
0,nan,nan,nan,0.936000
1,0.318244,0.318244,112.829064,0.855526
2,0.366059,0.366059,122.287196,0.775053
3,0.366059,0.366059,141.178187,0.694579
4,0.366059,0.366059,154.456673,0.614105
5,0.366059,0.366059,163.157821,0.533631
6,0.366059,0.366059,168.449391,0.468397
7,0.271254,0.271254,170.248977,0.468398
8,0.218460,0.218460,164.083303,0.468398
9,0.205248,0.205244,153.044599,0.468398
10,0.179491,0.179486,138.724976,0.468398
11,0.164374,0.164368,119.307706,0.468398
12,0.145868,0.145862,98.968695,0.468398
13,0.132330,0.132326,80.118569,0.468399
14,0.121276,0.121273,77.982312,0.468397
15,0.116890,0.116888,76.665234,0.468398
16,0.116132,0.116130,76.173614,0.468398
17,0.115996,0.115994,75.853002,0.468398
18,0.115933,0.115931,75.712426,0.468397
19,0.115672,0.115671,75.609762,0.468397
20,0.115287,0.115288,75.528147,0.468397
21,0.114839,0.114838,75.473303,0.468398
22,0.114358,0.114358,75.442244,0.468398
23,0.113889,0.113889,75.420649,0.468398
24,0.113511,0.113510,75.391351,0.468398
25,0.113358,0.113360,75.346192,0.468398
26,0.113383,0.113386,75.288554,0.468397
27,0.113441,0.113442,75.231198,0.468397
28,0.113512,0.113507,75.174980,0.468398
29,0.113612,0.113604,75.117664,0.468398
30,0.113732,0.113731,75.056549,0.468399
31,0.113875,0.113875,74.995445,0.468398
32,0.113979,0.113979,74.950514,0.468397
33,0.114044,0.114043,74.920719,0.468397
34,0.114117,0.114116,74.886135,0.468398
35,0.114196,0.114196,74.848172,0.468398
36,0.114282,0.114282,74.807642,0.468397
37,0.114375,0.114375,74.764964,0.468398
38,0.114474,0.114473,74.719675,0.468398
39,0.114575,0.114575,74.673964,0.468398
40,0.114596,0.114596,74.656673,0.468398
41,0.114599,0.114599,74.644992,0.468397
42,0.114599,0.114599,74.633956,0.468398
43,0.114595,0.114595,74.623241,0.468398
44,0.114586,0.114586,74.613213,0.468399
45,0.114564,0.114563,74.604338,0.468397
