Iteration,Poisson_v12,Poisson_v21,Objective,Volume_Fraction
0,nan,nan,nan,0.844400
1,-1.000000,-1.000000,121.861811,0.637204
2,-1.000000,-1.000000,190.345803,0.467787
3,-1.000000,-1.000000,230.521655,0.467787
4,-1.000000,-1.000000,220.903437,0.467787
5,-1.000000,-1.000000,222.028740,0.467787
6,-1.000000,-1.000000,227.510931,0.467787
7,-1.000000,-1.000000,239.781202,0.467787
8,-1.000000,-1.000000,255.973537,0.467787
9,-1.000000,-1.000000,270.371387,0.467787
10,-1.000000,-1.000000,279.971675,0.467787
11,-1.000000,-1.000000,284.080441,0.467787
12,-1.000000,-1.000000,284.832765,0.467787
13,-1.000000,-1.000000,284.311475,0.467787
14,-1.000000,-1.000000,283.377230,0.467787
15,-1.000000,-1.000000,282.266748,0.467787
16,-1.000000,-1.000000,281.116707,0.467787
17,-1.000000,-1.000000,279.960089,0.467787
18,-1.000000,-1.000000,278.887737,0.467787
19,-1.000000,-1.000000,278.029986,0.467787
20,-1.000000,-1.000000,277.482389,0.467787
21,-1.000000,-1.000000,277.212227,0.467787
22,-1.000000,-1.000000,277.030078,0.467787
23,-1.000000,-1.000000,276.768350,0.467787
24,-1.000000,-1.000000,276.415871,0.467787
25,-1.000000,-1.000000,276.043073,0.467787
26,-1.000000,-1.000000,275.857425,0.467787
27,-1.000000,-1.000000,275.862157,0.467787
28,-1.000000,-1.000000,276.092699,0.467787
