Iteration,Poisson_v12,Poisson_v21,Objective,Volume_Fraction
0,nan,nan,nan,0.347242
1,0.491755,0.341878,-139.833799,0.132204
2,0.541094,0.442109,-140.919139,0.000000
3,0.000000,0.000000,-149.582971,0.000000
4,0.000000,0.000000,-149.582971,0.000000
5,0.000000,0.000000,-149.582971,0.000000
6,0.000000,0.000000,-149.582971,0.000000
7,0.000000,0.000000,-149.582971,0.000000
8,0.000000,0.000000,-149.582971,0.000000
9,0.000000,0.000000,-149.582971,0.000000
