Iteration,Poisson_v12,Poisson_v21,Objective,Volume_Fraction
0,nan,nan,nan,0.793600
1,0.304994,0.304994,-67.564654,0.740219
2,0.338564,0.338564,-89.163081,0.688152
3,0.338564,0.338564,-104.767424,0.636086
4,0.338564,0.338564,-118.948327,0.584019
5,0.338564,0.338564,-131.529941,0.531952
6,0.338564,0.338564,-142.425721,0.479886
7,0.338564,0.338564,-151.623676,0.427819
8,0.338564,0.338564,-159.172954,0.375753
9,0.338564,0.338564,-165.171727,0.323686
10,0.338564,0.338564,-169.756387,0.271620
11,0.338564,0.338564,-173.092012,0.219553
12,0.338564,0.338564,-175.364097,0.167487
13,0.338564,0.338564,-176.771502,0.115420
14,0.338564,0.338564,-177.520562,0.063354
15,0.338564,0.338564,-177.820220,0.011287
16,0.338564,0.338564,-177.877811,0.000000
17,0.000000,0.000000,-177.878119,0.000000
18,0.000000,0.000000,-177.878119,0.000000
19,0.000000,0.000000,-177.878119,0.000000
20,0.000000,0.000000,-177.878119,0.000000
21,0.000000,0.000000,-177.878119,0.000000
