{
  "git_hash": "ddbe82c",
  "timestamp": "2026-07-11T08:02:11",
  "version": "1.3.0",
  "params": {
    "volfrac": 0.5249281991065513,
    "penal": 1.0715282076999397,
    "rmin": 5.185966040293609,
    "move": 0.1429044284034185,
    "void_size_frac": 0.2222026085271409,
    "rotation_deg": 65.52712340417813,
    "nelx": 50,
    "nely": 50,
    "ft": 2,
    "E0": 199.0,
    "Emin": 1e-09,
    "nu": 0.3,
    "max_iter": 150,
    "tol_change": 0.01,
    "tol_obj": 0.05,
    "window_size": 20,
    "save_every": 9999,
    "scale_factor": 1,
    "seed": "four_circle",
    "objective": "auxetic"
  }
}