Iteration,Poisson_v12,Poisson_v21,Objective,Volume_Fraction
0,nan,nan,nan,0.571600
1,0.372277,0.372299,41.353134,0.520873
2,0.390061,0.390550,108.640667,0.520873
3,0.390275,0.390362,105.323822,0.520873
4,0.390225,0.389949,100.384068,0.520874
5,0.390705,0.390810,94.844635,0.520874
6,0.392116,0.392078,91.704380,0.520874
7,0.393024,0.392628,90.638772,0.520873
8,0.393113,0.392639,90.284693,0.520875
9,0.393094,0.392725,90.099711,0.520874
10,0.392980,0.392861,90.005510,0.520874
11,0.392893,0.392897,89.926366,0.520874
12,0.392838,0.392850,89.845665,0.520874
13,0.392800,0.392798,89.784138,0.520873
14,0.392759,0.392765,89.749928,0.520874
15,0.392717,0.392728,89.715400,0.520874
16,0.392674,0.392686,89.681068,0.520874
17,0.392629,0.392640,89.648233,0.520874
18,0.392586,0.392592,89.616441,0.520874
19,0.392545,0.392543,89.585929,0.520873
20,0.392504,0.392493,89.557748,0.520874
21,0.392470,0.392456,89.533017,0.520873
22,0.392437,0.392421,89.511220,0.520873
23,0.392407,0.392387,89.490819,0.520875
24,0.392379,0.392356,89.470698,0.520873
25,0.392353,0.392323,89.453808,0.520874
26,0.392329,0.392294,89.437238,0.520874
27,0.392307,0.392265,89.422734,0.520874
28,0.392293,0.392241,89.410399,0.520874
29,0.392279,0.392225,89.400141,0.520874
30,0.392265,0.392212,89.391673,0.520873
31,0.392252,0.392199,89.384169,0.520874
32,0.392239,0.392187,89.376794,0.520874
33,0.392228,0.392177,89.369645,0.520874
