Iteration,Poisson_v12,Poisson_v21,Objective,Volume_Fraction
0,nan,nan,nan,0.284898
1,0.331506,0.440629,-127.049289,0.188922
2,0.386214,0.406380,-127.931580,0.098699
3,0.446963,0.437604,-125.306053,0.017350
4,0.446963,0.437604,-133.846650,0.000000
5,0.000000,0.000000,-135.041289,0.000000
6,0.000000,0.000000,-135.041289,0.000000
7,0.000000,0.000000,-135.041289,0.000000
8,0.000000,0.000000,-135.041289,0.000000
9,0.000000,0.000000,-135.041289,0.000000
