Iteration,Poisson_v12,Poisson_v21,Objective,Volume_Fraction
0,nan,nan,nan,0.884400
1,0.380846,0.380846,3.471798,0.730633
2,0.385061,0.385061,-6.260769,0.576867
3,0.385061,0.385061,-15.988108,0.423100
4,0.385061,0.385061,-25.350914,0.269334
5,0.385061,0.385061,-32.904996,0.115567
6,0.385061,0.385061,-37.575170,0.000000
7,0.000000,0.000000,-38.721933,0.000000
8,0.000000,0.000000,-38.721933,0.000000
9,0.000000,0.000000,-38.721933,0.000000
10,0.000000,0.000000,-38.721933,0.000000
11,0.000000,0.000000,-38.721933,0.000000
