Iteration,Poisson_v12,Poisson_v21,Objective,Volume_Fraction
0,nan,nan,nan,0.932400
1,0.362720,0.362720,-226.542932,0.737980
2,0.364536,0.364536,-291.754657,0.543560
3,0.364536,0.364536,-345.393213,0.349140
4,0.364536,0.364536,-383.978430,0.154720
5,0.364536,0.364536,-405.495138,0.000000
6,0.000000,0.000000,-410.374687,0.000000
7,0.000000,0.000000,-410.374687,0.000000
8,0.000000,0.000000,-410.374687,0.000000
9,0.000000,0.000000,-410.374687,0.000000
10,0.000000,0.000000,-410.374687,0.000000
