{
  "git_hash": "ddbe82c",
  "timestamp": "2026-07-11T08:34:10",
  "version": "1.3.0",
  "params": {
    "volfrac": 0.4073731103599625,
    "penal": 4.8771652168136,
    "rmin": 3.6151439511226378,
    "move": 0.2967370632971995,
    "void_size_frac": 0.4391736490323176,
    "rotation_deg": 71.04109990308166,
    "beta": 0.548809976897577,
    "nelx": 50,
    "nely": 50,
    "ft": 2,
    "E0": 199.0,
    "Emin": 1e-09,
    "nu": 0.3,
    "max_iter": 150,
    "tol_change": 0.01,
    "tol_obj": 0.05,
    "window_size": 20,
    "save_every": 9999,
    "scale_factor": 1,
    "seed": "grid_circular_voids",
    "objective": "first"
  }
}