Iteration,Poisson_v12,Poisson_v21,Objective,Volume_Fraction
0,nan,nan,nan,0.945200
1,-1.000000,-1.000000,90.088529,0.725413
2,-1.000000,-1.000000,165.422934,0.577108
3,-1.000000,-1.000000,206.226500,0.577108
4,-1.000000,-1.000000,205.575619,0.577108
5,-1.000000,-1.000000,205.243610,0.577108
6,-1.000000,-1.000000,205.005348,0.577108
7,-1.000000,-1.000000,204.808675,0.577108
8,-1.000000,-1.000000,204.634106,0.577108
9,-1.000000,-1.000000,204.480930,0.577108
10,-1.000000,-1.000000,204.363711,0.577108
11,-1.000000,-1.000000,204.274599,0.577108
12,-1.000000,-1.000000,204.204894,0.577108
13,-1.000000,-1.000000,204.144006,0.577108
14,-1.000000,-1.000000,204.085175,0.577108
15,-1.000000,-1.000000,204.028313,0.577108
16,-1.000000,-1.000000,203.970233,0.577108
17,-1.000000,-1.000000,203.912866,0.577108
18,-1.000000,-1.000000,203.870528,0.577108
19,-1.000000,-1.000000,203.838820,0.577108
20,-1.000000,-1.000000,203.809885,0.577108
21,-1.000000,-1.000000,203.782052,0.577108
22,-1.000000,-1.000000,203.754617,0.577108
