Iteration,Poisson_v12,Poisson_v21,Objective,Volume_Fraction
0,nan,nan,nan,0.831600
1,0.388077,0.388077,4.963719,0.725634
2,0.413793,0.413793,3.439961,0.619667
3,0.413793,0.413793,2.339172,0.513701
4,0.413793,0.413793,1.498428,0.407734
5,0.413793,0.413793,0.879910,0.301768
6,0.413793,0.413793,0.449614,0.195802
7,0.413793,0.413793,0.177078,0.089835
8,0.413793,0.413793,0.035236,0.000000
9,0.000000,0.000000,0.000000,0.000000
10,0.000000,0.000000,0.000000,0.000000
11,0.000000,0.000000,0.000000,0.000000
12,0.000000,0.000000,0.000000,0.000000
13,0.000000,0.000000,0.000000,0.000000
