Iteration,Poisson_v12,Poisson_v21,Objective,Volume_Fraction
0,nan,nan,nan,0.878000
1,0.370448,0.370448,6.011781,0.676639
2,0.400082,0.400082,4.339343,0.475277
3,0.400082,0.400082,3.239672,0.273916
4,0.400082,0.400082,1.919266,0.072555
5,0.400082,0.400082,0.461042,0.000000
6,0.000000,0.000000,0.000000,0.000000
7,0.000000,0.000000,0.000000,0.000000
8,0.000000,0.000000,0.000000,0.000000
9,0.000000,0.000000,0.000000,0.000000
10,0.000000,0.000000,0.000000,0.000000
