Iteration,Poisson_v12,Poisson_v21,Objective,Volume_Fraction
0,nan,nan,nan,0.916400
1,0.424502,0.424502,53.134075,0.867860
2,0.429170,0.429170,60.677248,0.819320
3,0.429170,0.429170,68.918853,0.770780
4,0.429170,0.429170,76.544612,0.722240
5,0.429170,0.429170,83.463403,0.673700
6,0.429170,0.429170,89.623772,0.625160
7,0.429170,0.429170,95.007124,0.576620
8,0.429170,0.429170,99.621630,0.528081
9,0.429170,0.429170,103.496776,0.479541
10,0.429170,0.429170,106.678565,0.431001
11,0.429170,0.429170,109.225287,0.382461
12,0.429170,0.429170,111.203847,0.381543
13,0.198045,0.198045,108.992907,0.381543
14,0.170310,0.170310,103.776779,0.381544
15,0.178015,0.178015,96.954349,0.381543
16,0.183144,0.183144,89.320811,0.381544
17,0.184837,0.184837,81.084906,0.381544
18,0.184834,0.184834,72.211369,0.381544
19,0.184268,0.184268,62.643345,0.381544
20,0.182028,0.182028,52.790919,0.381544
21,0.181159,0.181159,47.953214,0.381544
22,0.190008,0.190008,41.608605,0.381545
23,0.205134,0.205134,34.157773,0.381544
24,0.196294,0.196294,33.188805,0.381544
25,0.184988,0.184988,32.486640,0.381544
26,0.169803,0.169803,31.952095,0.381544
27,0.152774,0.152774,31.443562,0.381543
28,0.135905,0.135905,30.901460,0.381544
29,0.120133,0.120133,30.275931,0.381544
30,0.109779,0.109779,29.733528,0.381544
31,0.102879,0.102879,29.156295,0.381544
32,0.098878,0.098878,28.636268,0.381545
33,0.096464,0.096464,28.171226,0.381544
34,0.095005,0.095005,27.819682,0.381544
35,0.094070,0.094070,27.534906,0.381544
36,0.093440,0.093440,27.327100,0.381544
37,0.092498,0.092498,27.237350,0.381543
38,0.091949,0.091949,27.207700,0.381544
39,0.091735,0.091735,27.183227,0.381543
40,0.091725,0.091725,27.157934,0.381543
41,0.092217,0.092217,27.133080,0.381543
42,0.092435,0.092435,27.111056,0.381544
43,0.092700,0.092700,27.095181,0.381544
44,0.092814,0.092814,27.076081,0.381543
45,0.092862,0.092862,27.069737,0.381544
46,0.092912,0.092912,27.063637,0.381544
47,0.092966,0.092966,27.056834,0.381544
48,0.093025,0.093025,27.049215,0.381544
49,0.093087,0.093087,27.040690,0.381544
50,0.093153,0.093153,27.031215,0.381543
51,0.093223,0.093223,27.021073,0.381544
52,0.093299,0.093299,27.009843,0.381544
