Iteration,Poisson_v12,Poisson_v21,Objective,Volume_Fraction
0,nan,nan,nan,0.615600
1,-1.000000,-1.000000,1.000000,0.465017
2,-1.000000,-1.000000,1.000000,0.347375
3,-1.000000,-1.000000,1.000000,0.249362
4,-1.000000,-1.000000,1.000000,0.215316
5,-0.993006,-0.998452,0.993006,0.226872
6,-0.989129,-0.998390,0.989129,0.229505
7,-0.987074,-0.996759,0.987074,0.228223
8,-0.987181,-0.997263,0.987181,0.222407
9,-0.985983,-0.996988,0.985983,0.217256
10,-0.985437,-0.995595,0.985437,0.214875
11,-0.983488,-0.994950,0.983488,0.212580
12,-0.983207,-0.994397,0.983207,0.210087
13,-0.982810,-0.994070,0.982810,0.200949
14,-0.982901,-0.993684,0.982901,0.200326
15,-0.983051,-0.993635,0.983051,0.197425
16,-0.982824,-0.993135,0.982824,0.193543
17,-0.981360,-0.991977,0.981360,0.189915
18,-0.980403,-0.991644,0.980403,0.188626
19,-0.980535,-0.991572,0.980535,0.180028
20,-0.980647,-0.990016,0.980647,0.175938
