Iteration,Poisson_v12,Poisson_v21,Objective,Volume_Fraction
0,nan,nan,nan,0.918000
1,0.297575,0.297575,6.048425,0.851010
2,0.321062,0.321061,7.974175,0.785288
3,0.321062,0.321061,7.995085,0.719566
4,0.321062,0.321061,7.676433,0.653844
5,0.321062,0.321061,7.030789,0.588122
6,0.321062,0.321061,6.099674,0.522400
7,0.321062,0.321061,4.958816,0.456678
8,0.321062,0.321061,3.717465,0.390956
9,0.321062,0.321061,2.508421,0.325234
10,0.321062,0.321061,1.466490,0.259511
11,0.321062,0.321061,0.696385,0.193789
12,0.321062,0.321061,0.237711,0.128067
13,0.321062,0.321061,0.044173,0.062345
14,0.321060,0.321060,0.001794,0.000000
15,0.000000,0.000000,0.000000,0.000000
16,0.000000,0.000000,0.000000,0.000000
17,0.000000,0.000000,0.000000,0.000000
18,0.000000,0.000000,0.000000,0.000000
19,0.000000,0.000000,0.000000,0.000000
