Iteration,Poisson_v12,Poisson_v21,Objective,Volume_Fraction
0,nan,nan,nan,0.982000
1,0.358603,0.358603,-50.129471,0.784882
2,0.228416,0.228418,-60.521943,0.587414
3,0.228416,0.228418,-61.322100,0.389946
4,0.228416,0.228418,-61.778374,0.192478
5,0.228416,0.228418,-61.973057,0.000000
6,0.000000,0.000000,-62.007815,0.000000
7,0.000000,0.000000,-62.007815,0.000000
8,0.000000,0.000000,-62.007815,0.000000
9,0.000000,0.000000,-62.007815,0.000000
10,0.000000,0.000000,-62.007815,0.000000
