{
  "git_hash": "ddbe82c",
  "timestamp": "2026-07-11T08:40:36",
  "version": "1.3.0",
  "params": {
    "volfrac": 0.3218573057281841,
    "penal": 2.671268480258741,
    "rmin": 5.017057138511727,
    "move": 0.2010159145583742,
    "void_size_frac": 0.1546041555482014,
    "rotation_deg": 51.244614736921704,
    "beta_second": 0.7557593671719995,
    "nelx": 50,
    "nely": 50,
    "ft": 2,
    "E0": 199.0,
    "Emin": 1e-09,
    "nu": 0.3,
    "max_iter": 150,
    "tol_change": 0.01,
    "tol_obj": 0.05,
    "window_size": 20,
    "save_every": 9999,
    "scale_factor": 1,
    "seed": "nine_circle",
    "objective": "second"
  }
}