{
  "git_hash": "ddbe82c",
  "timestamp": "2026-07-11T08:06:47",
  "version": "1.3.0",
  "params": {
    "volfrac": 0.3815437427812698,
    "penal": 3.3372881432714867,
    "rmin": 1.5335686459672613,
    "move": 0.05296806569279965,
    "void_size_frac": 0.2891158776920038,
    "rotation_deg": 10.499448744166132,
    "nelx": 50,
    "nely": 50,
    "ft": 2,
    "E0": 199.0,
    "Emin": 1e-09,
    "nu": 0.3,
    "max_iter": 150,
    "tol_change": 0.01,
    "tol_obj": 0.05,
    "window_size": 20,
    "save_every": 9999,
    "scale_factor": 1,
    "seed": "nine_circle",
    "objective": "auxetic"
  }
}