{
  "git_hash": "e6455de",
  "timestamp": "2026-07-12T23:27:52",
  "version": "1.3.0",
  "params": {
    "volfrac": 0.5625729046354496,
    "penal": 1.962146905452478,
    "rmin": 1.5559477432787687,
    "move": 0.2966134428213328,
    "void_size_frac": 0.40185979615333967,
    "rotation_deg": 62.49908124027689,
    "nelx": 50,
    "nely": 50,
    "ft": 2,
    "E0": 199.0,
    "Emin": 1e-09,
    "nu": 0.3,
    "max_iter": 150,
    "tol_change": 0.01,
    "tol_obj": 0.05,
    "window_size": 20,
    "save_every": 9999,
    "scale_factor": 1,
    "mu": 0.2,
    "seed": "nine_circle",
    "objective": "auxetic"
  }
}