Iteration,Poisson_v12,Poisson_v21,Objective,Volume_Fraction
0,nan,nan,nan,0.836800
1,0.369398,0.369398,-151.298268,0.730166
2,0.426532,0.426532,-203.435632,0.623538
3,0.426532,0.426532,-237.605285,0.516910
4,0.426532,0.426532,-268.468648,0.410281
5,0.426532,0.426532,-295.042010,0.303653
6,0.426532,0.426532,-316.497296,0.197025
7,0.426532,0.426532,-332.157986,0.090396
8,0.426532,0.426532,-341.485581,0.000000
9,0.000000,0.000000,-344.083401,0.000000
10,0.000000,0.000000,-344.083401,0.000000
11,0.000000,0.000000,-344.083401,0.000000
12,0.000000,0.000000,-344.083401,0.000000
13,0.000000,0.000000,-344.083401,0.000000
