Iteration,Poisson_v12,Poisson_v21,Objective,Volume_Fraction
0,nan,nan,nan,0.849200
1,-1.000000,-1.000000,254.653228,0.617326
2,-1.000000,-1.000000,325.565743,0.557139
3,-1.000000,-1.000000,315.109866,0.557139
4,-1.000000,-1.000000,308.407342,0.557139
5,-1.000000,-1.000000,307.717561,0.557139
6,-1.000000,-1.000000,307.812153,0.557139
7,-1.000000,-1.000000,308.437843,0.557139
8,-1.000000,-1.000000,309.401283,0.557139
9,-1.000000,-1.000000,311.048196,0.557139
10,-1.000000,-1.000000,313.929992,0.557139
11,-1.000000,-1.000000,318.886206,0.557139
12,-1.000000,-1.000000,327.401886,0.557139
13,-1.000000,-1.000000,340.244997,0.557139
14,-1.000000,-1.000000,354.152426,0.557139
15,-1.000000,-1.000000,365.420083,0.557139
16,-1.000000,-1.000000,373.166761,0.557139
17,-1.000000,-1.000000,377.578737,0.557139
18,-1.000000,-1.000000,379.244610,0.557139
19,-1.000000,-1.000000,379.649198,0.557139
20,-1.000000,-1.000000,379.667623,0.557139
21,-1.000000,-1.000000,379.494225,0.557139
