Iteration,Poisson_v12,Poisson_v21,Objective,Volume_Fraction
0,nan,nan,nan,0.646400
1,-1.000000,-1.000000,52.138797,0.600375
2,-1.000000,-1.000000,62.421467,0.556265
3,-1.000000,-1.000000,66.026741,0.512155
4,-1.000000,-1.000000,69.284008,0.468045
5,-1.000000,-1.000000,72.185876,0.423935
6,-1.000000,-1.000000,74.730749,0.384803
7,-1.000000,-1.000000,76.689327,0.384803
8,-1.000000,-1.000000,76.647006,0.384803
9,-1.000000,-1.000000,77.019007,0.384803
10,-1.000000,-1.000000,77.643651,0.384803
11,-1.000000,-1.000000,78.371123,0.384803
12,-1.000000,-1.000000,79.100708,0.384803
13,-1.000000,-1.000000,79.765453,0.384803
14,-1.000000,-1.000000,80.333581,0.384803
15,-1.000000,-1.000000,80.910881,0.384803
16,-1.000000,-1.000000,81.387196,0.384803
17,-1.000000,-1.000000,81.667686,0.384803
18,-1.000000,-1.000000,81.776310,0.384803
19,-1.000000,-1.000000,81.799049,0.384803
20,-1.000000,-1.000000,81.792611,0.384803
21,-1.000000,-1.000000,81.777343,0.384803
22,-1.000000,-1.000000,81.759123,0.384803
