Iteration,Poisson_v12,Poisson_v21,Objective,Volume_Fraction
0,nan,nan,nan,0.779200
1,0.415145,0.415145,-13.590279,0.607858
2,0.449437,0.449437,-43.266315,0.436517
3,0.449437,0.449437,-68.674139,0.265175
4,0.449437,0.449437,-91.813083,0.093834
5,0.449437,0.449437,-108.481945,0.000000
6,0.000000,0.000000,-112.419895,0.000000
7,0.000000,0.000000,-112.419895,0.000000
8,0.000000,0.000000,-112.419895,0.000000
9,0.000000,0.000000,-112.419895,0.000000
10,0.000000,0.000000,-112.419895,0.000000
