{
  "git_hash": "ddbe82c",
  "timestamp": "2026-07-11T08:39:52",
  "version": "1.3.0",
  "params": {
    "volfrac": 0.37572223934129656,
    "penal": 1.6277109283846354,
    "rmin": 3.0884509936334643,
    "move": 0.2198942599183178,
    "void_size_frac": 0.34766762754501446,
    "rotation_deg": 86.08564535231547,
    "beta_second": 1.337864722694913,
    "nelx": 50,
    "nely": 50,
    "ft": 2,
    "E0": 199.0,
    "Emin": 1e-09,
    "nu": 0.3,
    "max_iter": 150,
    "tol_change": 0.01,
    "tol_obj": 0.05,
    "window_size": 20,
    "save_every": 9999,
    "scale_factor": 1,
    "seed": "four_circle",
    "objective": "second"
  }
}