{
  "git_hash": "e6455de",
  "timestamp": "2026-07-12T23:34:51",
  "version": "1.3.0",
  "params": {
    "volfrac": 0.3524381480956971,
    "penal": 2.3396134139907008,
    "rmin": 5.784847026976647,
    "move": 0.20404119058973574,
    "void_size_frac": 0.367440349094324,
    "rotation_deg": 33.19186928985311,
    "nelx": 50,
    "nely": 50,
    "ft": 2,
    "E0": 199.0,
    "Emin": 1e-09,
    "nu": 0.3,
    "max_iter": 150,
    "tol_change": 0.01,
    "tol_obj": 0.05,
    "window_size": 20,
    "save_every": 9999,
    "scale_factor": 1,
    "mu": 0.2,
    "seed": "small_square_cross",
    "objective": "auxetic"
  }
}