Iteration,Poisson_v12,Poisson_v21,Objective,Volume_Fraction
0,nan,nan,nan,0.787600
1,0.410481,0.409448,-115.642230,0.557994
2,0.456633,0.452996,-291.878554,0.328388
3,0.456633,0.452996,-350.184251,0.098782
4,0.456633,0.452996,-357.104366,0.000000
5,0.000000,0.000000,-357.144218,0.000000
6,0.000000,0.000000,-357.144218,0.000000
7,0.000000,0.000000,-357.144218,0.000000
8,0.000000,0.000000,-357.144218,0.000000
9,0.000000,0.000000,-357.144218,0.000000
