Iteration,Poisson_v12,Poisson_v21,Objective,Volume_Fraction
0,nan,nan,nan,0.748800
1,0.138097,0.138097,8.345377,0.548523
2,0.186991,0.186991,-24.458403,0.349750
3,0.186991,0.186991,-45.279004,0.150976
4,0.186991,0.186991,-49.318122,0.000000
5,0.000000,0.000000,-49.441261,0.000000
6,0.000000,0.000000,-49.441261,0.000000
7,0.000000,0.000000,-49.441261,0.000000
8,0.000000,0.000000,-49.441261,0.000000
9,0.000000,0.000000,-49.441261,0.000000
