{
  "git_hash": "unknown",
  "timestamp": "2026-07-15T08:34:26",
  "version": "1.4.0",
  "params": {
    "volfrac": 0.5766579851910476,
    "penal": 2.031734227631412,
    "rmin": 1.8830429168055645,
    "move": 0.1549400045703359,
    "void_size_frac": 0.36619169007999647,
    "nelx": 80,
    "nely": 80,
    "ft": 2,
    "E0": 199.0,
    "Emin": 1e-09,
    "nu": 0.3,
    "max_iter": 200,
    "tol_change": 0.01,
    "tol_obj": 0.05,
    "window_size": 20,
    "save_every": 9999,
    "scale_factor": 1,
    "mu": 0.0,
    "beta": 3.0,
    "rotation_deg": 0.0,
    "seed": "hexagonal",
    "objective": "auxetic"
  }
}