Iteration,Poisson_v12,Poisson_v21,Objective,Volume_Fraction
0,nan,nan,nan,0.710400
1,-1.000000,-1.000000,1.000000,0.646427
2,-1.000000,-1.000000,1.000000,0.583602
3,-1.000000,-1.000000,1.000000,0.520777
4,-1.000000,-1.000000,1.000000,0.457952
5,-1.000000,-1.000000,1.000000,0.403403
6,-1.000000,-1.000000,1.000000,0.362184
7,-1.000000,-1.000000,1.000000,0.320856
8,-1.000000,-1.000000,1.000000,0.276869
9,-1.000000,-1.000000,1.000000,0.238847
10,-1.000000,-1.000000,1.000000,0.197278
11,-1.000000,-1.000000,1.000000,0.156943
12,-0.999999,-1.000000,0.999999,0.146839
13,-0.986069,-0.990299,0.986069,0.144102
14,-0.984550,-0.989367,0.984550,0.143211
15,-0.983839,-0.988861,0.983839,0.145307
16,-0.981992,-0.987703,0.981992,0.147395
17,-0.981275,-0.988329,0.981275,0.147681
18,-0.981612,-0.988324,0.981612,0.148352
19,-0.980772,-0.988504,0.980772,0.149875
20,-0.981466,-0.988901,0.981466,0.149076
