Iteration,Poisson_v12,Poisson_v21,Objective,Volume_Fraction
0,nan,nan,nan,0.970800
1,0.351667,0.351667,-42.946216,0.897299
2,0.350860,0.350860,-53.671160,0.823797
3,0.350860,0.350860,-55.444094,0.750296
4,0.350860,0.350860,-57.104222,0.676795
5,0.350860,0.350860,-58.645816,0.603293
6,0.350860,0.350860,-60.063198,0.529792
7,0.350860,0.350860,-61.350690,0.456291
8,0.350860,0.350860,-62.502541,0.382789
9,0.350860,0.350860,-63.512809,0.309288
10,0.350860,0.350860,-64.375170,0.235787
11,0.350860,0.350860,-65.082589,0.162285
12,0.350860,0.350860,-65.626665,0.088784
13,0.350860,0.350860,-65.996069,0.015283
14,0.350860,0.350860,-66.170772,0.000000
15,0.000000,0.000000,-66.177938,0.000000
16,0.000000,0.000000,-66.177938,0.000000
17,0.000000,0.000000,-66.177938,0.000000
18,0.000000,0.000000,-66.177938,0.000000
19,0.000000,0.000000,-66.177938,0.000000
