Iteration,Poisson_v12,Poisson_v21,Objective,Volume_Fraction
0,nan,nan,nan,0.956400
1,-1.000000,-1.000000,51.247948,0.769225
2,-1.000000,-1.000000,233.175318,0.582050
3,-1.000000,-1.000000,327.921067,0.435771
4,-1.000000,-1.000000,354.610627,0.435771
5,-1.000000,-1.000000,354.463198,0.435771
6,-1.000000,-1.000000,354.587605,0.435771
7,-1.000000,-1.000000,355.830043,0.435771
8,-1.000000,-1.000000,356.110341,0.435771
9,-1.000000,-1.000000,359.539813,0.435771
10,-1.000000,-1.000000,362.275083,0.435771
11,-1.000000,-1.000000,363.963413,0.435771
12,-1.000000,-1.000000,364.293404,0.435771
13,-1.000000,-1.000000,364.324316,0.435771
14,-1.000000,-1.000000,364.324166,0.435771
15,-1.000000,-1.000000,364.323744,0.435771
16,-1.000000,-1.000000,364.317284,0.435771
17,-1.000000,-1.000000,364.315981,0.435771
18,-1.000000,-1.000000,364.288760,0.435771
19,-1.000000,-1.000000,364.262914,0.435771
20,-1.000000,-1.000000,364.258755,0.435771
21,-1.000000,-1.000000,364.297991,0.435771
22,-1.000000,-1.000000,364.326729,0.435771
23,-0.999998,-0.999999,364.327787,0.435771
