Iteration,Poisson_v12,Poisson_v21,Objective,Volume_Fraction
0,nan,nan,nan,0.755600
1,0.273324,0.273327,10.026457,0.534028
2,0.338176,0.338032,2.512792,0.314284
3,0.338176,0.338032,0.334238,0.094540
4,0.338176,0.338032,0.002465,0.000000
5,0.000000,0.000000,0.000000,0.000000
6,0.000000,0.000000,0.000000,0.000000
7,0.000000,0.000000,0.000000,0.000000
8,0.000000,0.000000,0.000000,0.000000
9,0.000000,0.000000,0.000000,0.000000
