Iteration,Poisson_v12,Poisson_v21,Objective,Volume_Fraction
0,nan,nan,nan,0.340934
1,0.529490,0.371831,-155.838497,0.146257
2,0.583036,0.409819,-161.256959,0.000000
3,0.000000,0.000000,-162.767103,0.000000
4,0.000000,0.000000,-162.767103,0.000000
5,0.000000,0.000000,-162.767103,0.000000
6,0.000000,0.000000,-162.767103,0.000000
7,0.000000,0.000000,-162.767103,0.000000
8,0.000000,0.000000,-162.767103,0.000000
9,0.000000,0.000000,-162.767103,0.000000
