Iteration,Poisson_v12,Poisson_v21,Objective,Volume_Fraction
0,nan,nan,nan,0.819200
1,0.146925,0.146925,-7.748169,0.594024
2,0.178875,0.178877,-48.102506,0.372899
3,0.178875,0.178877,-77.551691,0.151773
4,0.178875,0.178877,-91.766462,0.000000
5,0.000000,0.000000,-93.658561,0.000000
6,0.000000,0.000000,-93.658561,0.000000
7,0.000000,0.000000,-93.658561,0.000000
8,0.000000,0.000000,-93.658561,0.000000
9,0.000000,0.000000,-93.658561,0.000000
