Iteration,Poisson_v12,Poisson_v21,Objective,Volume_Fraction
0,nan,nan,nan,0.920000
1,0.199391,0.199391,-56.789716,0.669302
2,0.215680,0.215681,-95.515176,0.420154
3,0.215680,0.215681,-111.743417,0.171006
4,0.215680,0.215681,-118.962305,0.000000
5,0.000000,0.000000,-119.900021,0.000000
6,0.000000,0.000000,-119.900021,0.000000
7,0.000000,0.000000,-119.900021,0.000000
8,0.000000,0.000000,-119.900021,0.000000
9,0.000000,0.000000,-119.900021,0.000000
