Iteration,Poisson_v12,Poisson_v21,Objective,Volume_Fraction
0,nan,nan,nan,0.727200
1,0.068618,0.068618,-36.549136,0.536238
2,0.077737,0.077738,-167.086865,0.344736
3,0.077737,0.077738,-259.438495,0.153234
4,0.077737,0.077738,-302.658406,0.000000
5,0.000000,0.000000,-308.935541,0.000000
6,0.000000,0.000000,-308.935541,0.000000
7,0.000000,0.000000,-308.935541,0.000000
8,0.000000,0.000000,-308.935541,0.000000
9,0.000000,0.000000,-308.935541,0.000000
