Iteration,Poisson_v12,Poisson_v21,Objective,Volume_Fraction
0,nan,nan,nan,0.338400
1,0.133460,0.133459,-47.051170,0.249512
2,0.197427,0.197426,-164.677614,0.160406
3,0.197427,0.197426,-220.002623,0.071300
4,0.197427,0.197426,-244.809906,0.000000
5,0.000000,0.000000,-248.368732,0.000000
6,0.000000,0.000000,-248.368732,0.000000
7,0.000000,0.000000,-248.368732,0.000000
8,0.000000,0.000000,-248.368732,0.000000
9,0.000000,0.000000,-248.368732,0.000000
