Iteration,Poisson_v12,Poisson_v21,Objective,Volume_Fraction
0,nan,nan,nan,0.388400
1,0.257537,0.257551,30.794170,0.342062
2,0.267627,0.267785,82.591141,0.321930
3,0.264811,0.265017,85.847413,0.288675
4,0.261493,0.261675,91.782135,0.274910
5,0.260969,0.261135,92.930510,0.274910
6,0.260969,0.261135,92.930510,0.274910
7,0.260969,0.261135,92.930510,0.274910
8,0.260969,0.261135,92.930510,0.274910
9,0.260969,0.261135,92.930510,0.274910
