{
  "git_hash": "ddbe82c",
  "timestamp": "2026-07-11T08:23:49",
  "version": "1.3.0",
  "params": {
    "volfrac": 0.3266470854454696,
    "penal": 3.562701447028546,
    "rmin": 1.1403957446765627,
    "move": 0.23033488389199896,
    "void_size_frac": 0.3911738345063222,
    "rotation_deg": 24.358713117200473,
    "beta": 0.5931656772179474,
    "nelx": 50,
    "nely": 50,
    "ft": 2,
    "E0": 199.0,
    "Emin": 1e-09,
    "nu": 0.3,
    "max_iter": 150,
    "tol_change": 0.01,
    "tol_obj": 0.05,
    "window_size": 20,
    "save_every": 9999,
    "scale_factor": 1,
    "seed": "square",
    "objective": "first"
  }
}