Iteration,Poisson_v12,Poisson_v21,Objective,Volume_Fraction
0,nan,nan,nan,0.959600
1,0.321292,0.321292,16.328254,0.691021
2,0.326706,0.326706,26.833590,0.422443
3,0.326706,0.326706,31.747820,0.203352
4,0.300572,0.300572,28.581650,0.203351
5,0.309934,0.309934,17.326259,0.203351
6,0.311124,0.311124,9.553221,0.203352
7,0.314246,0.314246,6.034812,0.203352
8,0.320250,0.320250,5.901224,0.203352
9,0.326502,0.326502,6.066944,0.203351
10,0.330220,0.330220,6.215400,0.203351
11,0.330187,0.330187,6.165557,0.203352
12,0.329836,0.329836,6.070216,0.203351
13,0.329719,0.329719,6.051937,0.203351
14,0.329448,0.329448,6.011449,0.203352
15,0.328993,0.328993,5.944660,0.203352
16,0.328196,0.328196,5.827653,0.203352
17,0.326789,0.326789,5.611250,0.203351
18,0.325809,0.325809,5.456400,0.203352
19,0.325302,0.325302,5.385418,0.203351
20,0.324426,0.324426,5.257740,0.203351
21,0.323401,0.323401,5.092904,0.203351
22,0.323162,0.323162,5.053988,0.203352
23,0.322829,0.322829,4.998679,0.203352
24,0.322255,0.322255,4.897046,0.203352
25,0.321999,0.321999,4.851819,0.203352
26,0.321919,0.321919,4.841865,0.203352
27,0.321814,0.321814,4.829393,0.203352
28,0.321681,0.321681,4.813880,0.203351
29,0.321513,0.321513,4.794501,0.203352
30,0.321303,0.321303,4.770331,0.203351
31,0.321045,0.321045,4.740322,0.203352
32,0.320742,0.320742,4.703967,0.203352
33,0.320415,0.320415,4.663042,0.203351
34,0.320117,0.320117,4.623403,0.203351
35,0.319901,0.319901,4.592758,0.203351
36,0.319776,0.319776,4.574245,0.203351
37,0.319713,0.319713,4.565393,0.203352
38,0.319667,0.319667,4.561200,0.203352
39,0.319602,0.319602,4.555784,0.203352
40,0.319524,0.319524,4.545273,0.203352
