{
  "git_hash": "e6455de",
  "timestamp": "2026-07-12T23:17:00",
  "version": "1.3.0",
  "params": {
    "volfrac": 0.5355858514706614,
    "penal": 2.6870840260620215,
    "rmin": 1.9015140847530971,
    "move": 0.24980996774141917,
    "void_size_frac": 0.41041440786758554,
    "rotation_deg": 70.5530896891713,
    "nelx": 50,
    "nely": 50,
    "ft": 2,
    "E0": 199.0,
    "Emin": 1e-09,
    "nu": 0.3,
    "max_iter": 150,
    "tol_change": 0.01,
    "tol_obj": 0.05,
    "window_size": 20,
    "save_every": 9999,
    "scale_factor": 1,
    "mu": 0.2,
    "seed": "circle",
    "objective": "auxetic"
  }
}