Iteration,Poisson_v12,Poisson_v21,Objective,Volume_Fraction
0,nan,nan,nan,0.650800
1,0.451815,0.451815,8.294123,0.456700
2,0.473317,0.473317,86.314717,0.377378
3,0.213246,0.213246,86.541966,0.377379
4,0.114355,0.114355,53.086032,0.377379
5,0.088574,0.088572,43.777902,0.377379
6,0.086942,0.086940,42.636278,0.377379
7,0.085840,0.085838,42.258904,0.377379
8,0.085541,0.085541,41.985937,0.377378
9,0.084791,0.084792,41.862492,0.377378
10,0.083837,0.083838,41.812553,0.377379
11,0.083399,0.083410,41.760387,0.377379
12,0.082820,0.082832,41.748910,0.377379
13,0.082857,0.082870,41.722312,0.377378
14,0.083248,0.083266,41.681879,0.377379
15,0.083665,0.083686,41.639076,0.377379
16,0.083818,0.083839,41.616237,0.377379
17,0.083988,0.084015,41.592435,0.377378
18,0.084200,0.084226,41.568925,0.377379
19,0.084445,0.084467,41.543050,0.377378
20,0.084724,0.084737,41.514217,0.377378
21,0.085034,0.085042,41.481197,0.377379
22,0.085325,0.085322,41.447501,0.377379
23,0.085552,0.085546,41.418984,0.377378
24,0.085759,0.085748,41.394188,0.377378
25,0.085968,0.085957,41.369303,0.377380
26,0.086165,0.086152,41.347476,0.377379
27,0.086372,0.086352,41.325733,0.377379
28,0.086585,0.086558,41.303576,0.377378
29,0.086763,0.086738,41.287061,0.377380
30,0.086933,0.086911,41.272577,0.377379
31,0.087114,0.087093,41.257828,0.377378
32,0.087305,0.087286,41.242765,0.377378
33,0.087504,0.087485,41.227645,0.377379
34,0.087697,0.087685,41.212476,0.377379
35,0.087871,0.087881,41.197984,0.377378
36,0.088014,0.088034,41.185900,0.377379
37,0.088162,0.088186,41.172470,0.377379
38,0.088318,0.088337,41.158776,0.377379
39,0.088415,0.088424,41.150690,0.377379
