{
  "git_hash": "e6455de",
  "timestamp": "2026-07-12T23:19:16",
  "version": "1.3.0",
  "params": {
    "volfrac": 0.5056315843734323,
    "penal": 1.7157780801170581,
    "rmin": 5.206985376652438,
    "move": 0.2720456169322511,
    "void_size_frac": 0.290293019756051,
    "rotation_deg": 39.320636636033406,
    "nelx": 50,
    "nely": 50,
    "ft": 2,
    "E0": 199.0,
    "Emin": 1e-09,
    "nu": 0.3,
    "max_iter": 150,
    "tol_change": 0.01,
    "tol_obj": 0.05,
    "window_size": 20,
    "save_every": 9999,
    "scale_factor": 1,
    "mu": 0.2,
    "seed": "square",
    "objective": "auxetic"
  }
}