{
  "git_hash": "ddbe82c",
  "timestamp": "2026-07-11T07:55:57",
  "version": "1.3.0",
  "params": {
    "volfrac": 0.4273789506240594,
    "penal": 4.629466848070235,
    "rmin": 3.9241912259914624,
    "move": 0.29822737015935064,
    "void_size_frac": 0.3841758118536306,
    "rotation_deg": 30.79238198162004,
    "nelx": 50,
    "nely": 50,
    "ft": 2,
    "E0": 199.0,
    "Emin": 1e-09,
    "nu": 0.3,
    "max_iter": 150,
    "tol_change": 0.01,
    "tol_obj": 0.05,
    "window_size": 20,
    "save_every": 9999,
    "scale_factor": 1,
    "seed": "square",
    "objective": "auxetic"
  }
}