{
  "git_hash": "ddbe82c",
  "timestamp": "2026-07-11T08:10:37",
  "version": "1.3.0",
  "params": {
    "volfrac": 0.4463688249433896,
    "penal": 2.4201728349638914,
    "rmin": 2.3763337637002415,
    "move": 0.2012699285987828,
    "void_size_frac": 0.23510058741945655,
    "rotation_deg": 86.21049945626258,
    "nelx": 50,
    "nely": 50,
    "ft": 2,
    "E0": 199.0,
    "Emin": 1e-09,
    "nu": 0.3,
    "max_iter": 150,
    "tol_change": 0.01,
    "tol_obj": 0.05,
    "window_size": 20,
    "save_every": 9999,
    "scale_factor": 1,
    "seed": "cross_rectangular",
    "objective": "auxetic"
  }
}