{
  "git_hash": "unknown",
  "timestamp": "2026-07-15T09:30:50",
  "version": "1.4.0",
  "params": {
    "volfrac": 0.516638799534801,
    "penal": 2.8831259729696592,
    "rmin": 1.640217320959243,
    "move": 0.17909202154285248,
    "void_size_frac": 0.25738811504849407,
    "nelx": 80,
    "nely": 80,
    "ft": 2,
    "E0": 199.0,
    "Emin": 1e-09,
    "nu": 0.3,
    "max_iter": 200,
    "tol_change": 0.01,
    "tol_obj": 0.05,
    "window_size": 20,
    "save_every": 9999,
    "scale_factor": 1,
    "mu": 0.0,
    "beta": 3.0,
    "rotation_deg": 0.0,
    "seed": "cross_rectangular",
    "objective": "auxetic"
  }
}