Iteration,Poisson_v12,Poisson_v21,Objective,Volume_Fraction
0,nan,nan,nan,0.904000
1,0.192489,0.192489,5.881555,0.715502
2,0.195193,0.195193,4.224353,0.527004
3,0.195193,0.195193,2.596688,0.338506
4,0.195193,0.195193,1.197322,0.150008
5,0.195193,0.195193,0.253862,0.000000
6,0.000000,0.000000,0.000000,0.000000
7,0.000000,0.000000,0.000000,0.000000
8,0.000000,0.000000,0.000000,0.000000
9,0.000000,0.000000,0.000000,0.000000
10,0.000000,0.000000,0.000000,0.000000
