Iteration,Poisson_v12,Poisson_v21,Objective,Volume_Fraction
0,nan,nan,nan,0.942000
1,0.323195,0.323195,-8.919094,0.670995
2,0.362132,0.362132,-23.416780,0.399991
3,0.362132,0.362132,-29.081126,0.128986
4,0.362132,0.362132,-29.871792,0.000000
5,0.000000,0.000000,-29.879405,0.000000
6,0.000000,0.000000,-29.879405,0.000000
7,0.000000,0.000000,-29.879405,0.000000
8,0.000000,0.000000,-29.879405,0.000000
9,0.000000,0.000000,-29.879405,0.000000
