Iteration,Poisson_v12,Poisson_v21,Objective,Volume_Fraction
0,nan,nan,nan,0.926000
1,-1.000000,-1.000000,1.000000,0.862453
2,-1.000000,-1.000000,1.000000,0.798906
3,-1.000000,-1.000000,1.000000,0.735360
4,-1.000000,-1.000000,1.000000,0.671813
5,-1.000000,-1.000000,1.000000,0.608266
6,-1.000000,-1.000000,1.000000,0.544948
7,-1.000000,-1.000000,1.000000,0.488363
8,-1.000000,-1.000000,1.000000,0.429243
9,-1.000000,-1.000000,1.000000,0.369147
10,-1.000000,-1.000000,1.000000,0.319070
11,-1.000000,-1.000000,1.000000,0.266491
12,-1.000000,-1.000000,1.000000,0.233481
13,-1.000000,-1.000000,1.000000,0.206598
14,-1.000000,-1.000000,1.000000,0.173898
15,-1.000000,-1.000000,1.000000,0.152125
16,-1.000000,-1.000000,1.000000,0.148884
17,-1.000000,-1.000000,1.000000,0.154265
18,-0.991901,-0.994461,0.991901,0.158734
19,-0.987570,-0.991844,0.987570,0.168208
20,-0.986358,-0.992225,0.986358,0.178325
