Iteration,Poisson_v12,Poisson_v21,Objective,Volume_Fraction
0,nan,nan,nan,0.860400
1,0.363847,0.363847,-157.732535,0.807933
2,0.413785,0.413785,-175.516850,0.755467
3,0.413785,0.413785,-200.959038,0.703000
4,0.413785,0.413785,-223.259044,0.650533
5,0.413785,0.413785,-242.312810,0.598067
6,0.413785,0.413785,-258.184671,0.545600
7,0.413785,0.413785,-271.061157,0.493133
8,0.413785,0.413785,-281.212541,0.440667
9,0.413785,0.413785,-288.961275,0.388200
10,0.413785,0.413785,-294.656486,0.335733
11,0.413785,0.413785,-298.653697,0.283267
12,0.413785,0.413785,-301.298984,0.230800
13,0.413785,0.413785,-302.916743,0.178333
14,0.413785,0.413785,-303.800274,0.125867
15,0.413785,0.413785,-304.204302,0.073400
16,0.413785,0.413785,-304.338384,0.020933
17,0.413786,0.413786,-304.359605,0.000000
18,0.000000,0.000000,-304.359819,0.000000
19,0.000000,0.000000,-304.359819,0.000000
20,0.000000,0.000000,-304.359819,0.000000
21,0.000000,0.000000,-304.359819,0.000000
22,0.000000,0.000000,-304.359819,0.000000
