Iteration,Poisson_v12,Poisson_v21,Objective,Volume_Fraction
0,nan,nan,nan,0.682800
1,-1.000000,-1.000000,193.563882,0.565076
2,-1.000000,-1.000000,266.828834,0.447351
3,-1.000000,-1.000000,290.455665,0.405342
4,-1.000000,-1.000000,288.134636,0.405342
5,-1.000000,-1.000000,271.957896,0.405342
6,-1.000000,-1.000000,259.109218,0.405342
7,-1.000000,-1.000000,256.150207,0.405342
8,-1.000000,-1.000000,254.404485,0.405342
9,-1.000000,-1.000000,253.309172,0.405342
10,-1.000000,-1.000000,252.564110,0.405342
11,-1.000000,-1.000000,252.278854,0.405342
12,-1.000000,-1.000000,252.194021,0.405342
13,-1.000000,-1.000000,252.147468,0.405342
14,-1.000000,-1.000000,252.108632,0.405342
15,-1.000000,-1.000000,252.074252,0.405342
16,-1.000000,-1.000000,252.042489,0.405342
17,-1.000000,-1.000000,252.013125,0.405342
18,-1.000000,-1.000000,251.992606,0.405342
19,-1.000000,-1.000000,251.976486,0.405342
20,-1.000000,-1.000000,251.961034,0.405342
21,-1.000000,-1.000000,251.949666,0.405342
22,-1.000000,-1.000000,251.943879,0.405342
23,-1.000000,-1.000000,251.940900,0.405342
24,-1.000000,-1.000000,251.938219,0.405342
