{
  "git_hash": "ddbe82c",
  "timestamp": "2026-07-11T08:11:18",
  "version": "1.3.0",
  "params": {
    "volfrac": 0.4185358142271983,
    "penal": 3.415651126750962,
    "rmin": 5.353261839844471,
    "move": 0.19607618275373906,
    "void_size_frac": 0.3058929792961381,
    "rotation_deg": 5.203540805821677,
    "nelx": 50,
    "nely": 50,
    "ft": 2,
    "E0": 199.0,
    "Emin": 1e-09,
    "nu": 0.3,
    "max_iter": 150,
    "tol_change": 0.01,
    "tol_obj": 0.05,
    "window_size": 20,
    "save_every": 9999,
    "scale_factor": 1,
    "seed": "cross_rectangular",
    "objective": "auxetic"
  }
}