{
  "git_hash": "unknown",
  "timestamp": "2026-07-15T10:30:29",
  "version": "1.4.0",
  "params": {
    "volfrac": 0.6809781954219352,
    "penal": 2.6319571039066822,
    "rmin": 2.4164570965224343,
    "move": 0.16192865286409203,
    "void_size_frac": 0.5313451360194056,
    "nelx": 80,
    "nely": 80,
    "ft": 2,
    "E0": 199.0,
    "Emin": 1e-09,
    "nu": 0.3,
    "max_iter": 200,
    "tol_change": 0.01,
    "tol_obj": 0.05,
    "window_size": 20,
    "save_every": 9999,
    "scale_factor": 1,
    "mu": 0.0,
    "beta": 3.0,
    "rotation_deg": 0.0,
    "seed": "small_square_cross",
    "objective": "auxetic"
  }
}