Iteration,Poisson_v12,Poisson_v21,Objective,Volume_Fraction
0,nan,nan,nan,0.882800
1,-1.000000,-1.000000,1.000000,0.732494
2,-1.000000,-1.000000,1.000000,0.582188
3,-1.000000,-1.000000,1.000000,0.431882
4,-1.000000,-1.000000,1.000000,0.350489
5,-1.000000,-1.000000,1.000000,0.264445
6,-1.000000,-1.000000,1.000000,0.190001
7,-1.000000,-1.000000,1.000000,0.195428
8,-0.998988,-0.999219,0.998988,0.224810
9,-0.992973,-0.995692,0.992973,0.242694
10,-0.988827,-0.994171,0.988827,0.245448
11,-0.987550,-0.994416,0.987550,0.243780
12,-0.986104,-0.994451,0.986104,0.238586
13,-0.985764,-0.993053,0.985764,0.238252
14,-0.985301,-0.993724,0.985301,0.236111
15,-0.985727,-0.993280,0.985727,0.240950
16,-0.985307,-0.993372,0.985307,0.235479
17,-0.985683,-0.992997,0.985683,0.238744
18,-0.985640,-0.993759,0.985640,0.236830
19,-0.985181,-0.993383,0.985181,0.234694
20,-0.984703,-0.994003,0.984703,0.233699
