{
  "git_hash": "e6455de",
  "timestamp": "2026-07-12T23:17:06",
  "version": "1.3.0",
  "params": {
    "volfrac": 0.4005977949516489,
    "penal": 4.629236129197071,
    "rmin": 4.923514037410277,
    "move": 0.1702604900337259,
    "void_size_frac": 0.25860203001872345,
    "rotation_deg": 11.656409779392078,
    "nelx": 50,
    "nely": 50,
    "ft": 2,
    "E0": 199.0,
    "Emin": 1e-09,
    "nu": 0.3,
    "max_iter": 150,
    "tol_change": 0.01,
    "tol_obj": 0.05,
    "window_size": 20,
    "save_every": 9999,
    "scale_factor": 1,
    "mu": 0.2,
    "seed": "circle",
    "objective": "auxetic"
  }
}