Iteration,Poisson_v12,Poisson_v21,Objective,Volume_Fraction
0,nan,nan,nan,0.831600
1,-1.000000,-1.000000,1.000000,0.632205
2,-1.000000,-1.000000,1.000000,0.455507
3,-1.000000,-1.000000,1.000000,0.301213
4,-1.000000,-1.000000,1.000000,0.204534
5,-1.000000,-1.000000,1.000000,0.175417
6,-1.000000,-1.000000,1.000000,0.206440
7,-0.999999,-1.000000,0.999999,0.224956
8,-0.994357,-0.997489,0.994357,0.200408
9,-0.987199,-0.994146,0.987199,0.217604
10,-0.986161,-0.994461,0.986161,0.217512
11,-0.985981,-0.994675,0.985981,0.218199
12,-0.985764,-0.993951,0.985764,0.213878
13,-0.985054,-0.993600,0.985054,0.211837
14,-0.985536,-0.994046,0.985536,0.213485
15,-0.984592,-0.994193,0.984592,0.206636
16,-0.985073,-0.993844,0.985073,0.209803
17,-0.984757,-0.993459,0.984757,0.208790
18,-0.985127,-0.993528,0.985127,0.209258
19,-0.985098,-0.993231,0.985098,0.201887
20,-0.985100,-0.992980,0.985100,0.206947
