Iteration,Poisson_v12,Poisson_v21,Objective,Volume_Fraction
0,nan,nan,nan,0.889200
1,0.368532,0.368532,-276.571378,0.761646
2,0.376695,0.376695,-395.565815,0.634091
3,0.376695,0.376695,-473.839106,0.506537
4,0.376695,0.376695,-515.610094,0.378983
5,0.376695,0.376695,-533.753458,0.251428
6,0.376695,0.376695,-539.588088,0.123874
7,0.376695,0.376695,-540.663073,0.000000
8,0.000000,0.000000,-540.711197,0.000000
9,0.000000,0.000000,-540.711197,0.000000
10,0.000000,0.000000,-540.711197,0.000000
11,0.000000,0.000000,-540.711197,0.000000
12,0.000000,0.000000,-540.711197,0.000000
