{
  "batch_id": 7,
  "strategy": "design_df",
  "n_samples": 1056,
  "n_total_tasks": 1056,
  "n_success": 1056,
  "n_converged": 1056,
  "n_workers": 10,
  "elapsed_time": 2228.8,
  "output_dir": "outputs/multi_batch/batch_7",
  "best_per_combo": {
    "circle/auxetic": {
      "sample_id": 94,
      "seed": "circle",
      "objective": "auxetic",
      "obj_value": 0.3686344719035505,
      "v12": -0.5413204365552563,
      "v21": -0.5484229058076848
    },
    "circle_half_quarter/auxetic": {
      "sample_id": 180,
      "seed": "circle_half_quarter",
      "objective": "auxetic",
      "obj_value": 0.3651374771342,
      "v12": -0.4707623876600841,
      "v21": -0.47079614480037735
    },
    "cross_rectangular/auxetic": {
      "sample_id": 244,
      "seed": "cross_rectangular",
      "objective": "auxetic",
      "obj_value": 0.5940636197547695,
      "v12": -0.6211573074056166,
      "v21": -0.6154807921872589
    },
    "four_circle/auxetic": {
      "sample_id": 341,
      "seed": "four_circle",
      "objective": "auxetic",
      "obj_value": 0.5490336851116363,
      "v12": -0.5225870622197725,
      "v21": -0.5705344664472741
    },
    "grid_circular_voids/auxetic": {
      "sample_id": 422,
      "seed": "grid_circular_voids",
      "objective": "auxetic",
      "obj_value": 0.22426363929030724,
      "v12": -0.52132383873042,
      "v21": -0.5225259942196531
    },
    "hexagonal/auxetic": {
      "sample_id": 517,
      "seed": "hexagonal",
      "objective": "auxetic",
      "obj_value": 1.3709339067639321,
      "v12": -0.5022904062309823,
      "v21": -0.5482102279651935
    },
    "hourglass/auxetic": {
      "sample_id": 578,
      "seed": "hourglass",
      "objective": "auxetic",
      "obj_value": 1.6837185076145311,
      "v12": -0.390978618650776,
      "v21": -0.2683760464549875
    },
    "nine_circle/auxetic": {
      "sample_id": 673,
      "seed": "nine_circle",
      "objective": "auxetic",
      "obj_value": 0.29967628385296563,
      "v12": -0.5245621299860859,
      "v21": -0.49930383153111957
    },
    "reentrant_bowtie/auxetic": {
      "sample_id": 837,
      "seed": "reentrant_bowtie",
      "objective": "auxetic",
      "obj_value": 1.6304464293568992,
      "v12": -0.24135693725971422,
      "v21": -0.19986940111013946
    },
    "small_square_cross/auxetic": {
      "sample_id": 890,
      "seed": "small_square_cross",
      "objective": "auxetic",
      "obj_value": 1.512022964503938,
      "v12": -0.5601168710472441,
      "v21": -0.5893149235551376
    },
    "square/auxetic": {
      "sample_id": 1041,
      "seed": "square",
      "objective": "auxetic",
      "obj_value": 0.18738332099363397,
      "v12": -0.5573947096393767,
      "v21": -0.5238101253904388
    }
  },
  "timestamp": "2026-07-16T19:36:13.290769"
}