Iteration,Poisson_v12,Poisson_v21,Objective,Volume_Fraction
0,nan,nan,nan,0.948800
1,0.335613,0.335613,1.941944,0.749247
2,0.359700,0.359700,0.272091,0.549696
3,0.359700,0.359700,0.139024,0.350144
4,0.359700,0.359700,0.057467,0.150592
5,0.359700,0.359700,0.013574,0.000000
6,0.000000,0.000000,0.000000,0.000000
7,0.000000,0.000000,0.000000,0.000000
8,0.000000,0.000000,0.000000,0.000000
9,0.000000,0.000000,0.000000,0.000000
10,0.000000,0.000000,0.000000,0.000000
