Iteration,Poisson_v12,Poisson_v21,Objective,Volume_Fraction
0,nan,nan,nan,0.878400
1,0.340708,0.340708,3.812525,0.693613
2,0.421523,0.421523,1.021089,0.508879
3,0.421523,0.421523,0.511980,0.324144
4,0.421523,0.421523,0.205913,0.139410
5,0.421523,0.421523,0.046611,0.000000
6,0.000000,0.000000,0.000000,0.000000
7,0.000000,0.000000,0.000000,0.000000
8,0.000000,0.000000,0.000000,0.000000
9,0.000000,0.000000,0.000000,0.000000
10,0.000000,0.000000,0.000000,0.000000
