{
  "git_hash": "unknown",
  "timestamp": "2026-07-15T07:25:13",
  "version": "1.4.0",
  "params": {
    "volfrac": 0.6301218882418163,
    "penal": 2.494331617880579,
    "rmin": 1.3064180708416915,
    "move": 0.19348754546929786,
    "void_size_frac": 0.5172976843726267,
    "nelx": 80,
    "nely": 80,
    "ft": 2,
    "E0": 199.0,
    "Emin": 1e-09,
    "nu": 0.3,
    "max_iter": 200,
    "tol_change": 0.01,
    "tol_obj": 0.05,
    "window_size": 20,
    "save_every": 9999,
    "scale_factor": 1,
    "mu": 0.0,
    "beta": 3.0,
    "rotation_deg": 0.0,
    "seed": "square",
    "objective": "auxetic"
  }
}