Iteration,Poisson_v12,Poisson_v21,Objective,Volume_Fraction
0,nan,nan,nan,0.929200
1,0.329939,0.345898,-153.905171,0.761137
2,0.337675,0.352793,-196.518089,0.593074
3,0.337675,0.352793,-232.405518,0.425011
4,0.337675,0.352793,-257.453340,0.256948
5,0.337675,0.352793,-271.837896,0.088885
6,0.337675,0.352793,-277.288820,0.000000
7,0.000000,0.000000,-277.710597,0.000000
8,0.000000,0.000000,-277.710597,0.000000
9,0.000000,0.000000,-277.710597,0.000000
10,0.000000,0.000000,-277.710597,0.000000
11,0.000000,0.000000,-277.710597,0.000000
