{
  "git_hash": "e6455de",
  "timestamp": "2026-07-12T23:33:15",
  "version": "1.3.0",
  "params": {
    "volfrac": 0.2869304801214016,
    "penal": 3.1283449925098425,
    "rmin": 4.407524588434753,
    "move": 0.21357564763447967,
    "void_size_frac": 0.20170210256867588,
    "rotation_deg": 30.575245583807092,
    "nelx": 50,
    "nely": 50,
    "ft": 2,
    "E0": 199.0,
    "Emin": 1e-09,
    "nu": 0.3,
    "max_iter": 150,
    "tol_change": 0.01,
    "tol_obj": 0.05,
    "window_size": 20,
    "save_every": 9999,
    "scale_factor": 1,
    "mu": 0.2,
    "seed": "grid_circular_voids",
    "objective": "auxetic"
  }
}