Iteration,Poisson_v12,Poisson_v21,Objective,Volume_Fraction
0,nan,nan,nan,0.778800
1,-1.000000,-1.000000,182.238490,0.574749
2,-1.000000,-1.000000,216.817861,0.456467
3,-1.000000,-1.000000,228.718678,0.456467
4,-1.000000,-1.000000,210.822946,0.456467
5,-1.000000,-1.000000,206.272968,0.456467
6,-1.000000,-1.000000,207.522185,0.456467
7,-1.000000,-1.000000,211.252348,0.456467
8,-1.000000,-1.000000,217.472226,0.456467
9,-1.000000,-1.000000,224.559383,0.456467
10,-1.000000,-1.000000,230.226986,0.456467
11,-1.000000,-1.000000,234.871348,0.456467
12,-1.000000,-1.000000,238.528058,0.456467
13,-1.000000,-1.000000,241.161811,0.456467
14,-1.000000,-1.000000,243.073219,0.456467
15,-1.000000,-1.000000,244.439749,0.456467
16,-1.000000,-1.000000,245.554574,0.456467
17,-1.000000,-1.000000,246.682719,0.456467
18,-1.000000,-1.000000,247.695352,0.456467
19,-1.000000,-1.000000,248.603392,0.456467
20,-1.000000,-1.000000,249.489199,0.456467
21,-1.000000,-1.000000,250.325712,0.456467
22,-1.000000,-1.000000,251.224617,0.456467
23,-1.000000,-1.000000,252.116754,0.456467
