Iteration,Poisson_v12,Poisson_v21,Objective,Volume_Fraction
0,nan,nan,nan,0.815600
1,0.406076,0.406076,-24.353287,0.773022
2,0.434799,0.434799,-44.363600,0.730445
3,0.434799,0.434799,-56.328890,0.687867
4,0.434799,0.434799,-67.770968,0.645290
5,0.434799,0.434799,-78.457568,0.602712
6,0.434799,0.434799,-88.227256,0.560135
7,0.434799,0.434799,-96.979037,0.517557
8,0.434799,0.434799,-104.662847,0.474980
9,0.434799,0.434799,-111.270903,0.432402
10,0.434799,0.434799,-116.829890,0.389824
11,0.434799,0.434799,-121.393947,0.347247
12,0.434799,0.434799,-125.038425,0.304669
13,0.434799,0.434799,-127.854382,0.262092
14,0.434799,0.434799,-129.943766,0.219514
15,0.434799,0.434799,-131.415243,0.176937
16,0.434799,0.434799,-132.380599,0.134359
17,0.434799,0.434799,-132.951624,0.091782
18,0.434799,0.434799,-133.237336,0.049204
19,0.434799,0.434799,-133.341225,0.006626
20,0.434817,0.434817,-133.357662,0.000000
21,0.000000,0.000000,-133.357689,0.000000
22,0.000000,0.000000,-133.357689,0.000000
23,0.000000,0.000000,-133.357689,0.000000
24,0.000000,0.000000,-133.357689,0.000000
