{
  "git_hash": "ddbe82c",
  "timestamp": "2026-07-11T07:57:54",
  "version": "1.3.0",
  "params": {
    "volfrac": 0.3240419027527375,
    "penal": 1.562599221405263,
    "rmin": 4.967417464186185,
    "move": 0.23814770146982567,
    "void_size_frac": 0.3451826651323452,
    "rotation_deg": 39.25895155364828,
    "nelx": 50,
    "nely": 50,
    "ft": 2,
    "E0": 199.0,
    "Emin": 1e-09,
    "nu": 0.3,
    "max_iter": 150,
    "tol_change": 0.01,
    "tol_obj": 0.05,
    "window_size": 20,
    "save_every": 9999,
    "scale_factor": 1,
    "seed": "hourglass",
    "objective": "auxetic"
  }
}