{
  "git_hash": "ddbe82c",
  "timestamp": "2026-07-11T08:41:44",
  "version": "1.3.0",
  "params": {
    "volfrac": 0.27313139407091647,
    "penal": 2.2262207925568154,
    "rmin": 4.071876621616099,
    "move": 0.2517028868265405,
    "void_size_frac": 0.1576380323142787,
    "rotation_deg": 81.41643451454823,
    "beta_second": 1.6556903621617642,
    "nelx": 50,
    "nely": 50,
    "ft": 2,
    "E0": 199.0,
    "Emin": 1e-09,
    "nu": 0.3,
    "max_iter": 150,
    "tol_change": 0.01,
    "tol_obj": 0.05,
    "window_size": 20,
    "save_every": 9999,
    "scale_factor": 1,
    "seed": "small_square_cross",
    "objective": "second"
  }
}