{
  "git_hash": "unknown",
  "timestamp": "2026-07-15T09:22:57",
  "version": "1.4.0",
  "params": {
    "volfrac": 0.5281460098788371,
    "penal": 4.584394100669083,
    "rmin": 1.22068404639758,
    "move": 0.09470895354691669,
    "void_size_frac": 0.265339514807036,
    "nelx": 80,
    "nely": 80,
    "ft": 2,
    "E0": 199.0,
    "Emin": 1e-09,
    "nu": 0.3,
    "max_iter": 200,
    "tol_change": 0.01,
    "tol_obj": 0.05,
    "window_size": 20,
    "save_every": 9999,
    "scale_factor": 1,
    "mu": 0.0,
    "beta": 3.0,
    "rotation_deg": 0.0,
    "seed": "cross_rectangular",
    "objective": "auxetic"
  }
}