batch,seed,sample_id,image_path,v12,v21,volfrac_achieved,obj_value,converged,volfrac,penal,rmin,move,void_size_frac,n_components,is_connected,degenerate,solid_frac,n_iters,max_iter,hit_cap,osc_score,osc_unstable
1,circle,1,outputs/multi_batch/batch_1/circle/sample_0001/iteration_00150.png,3.214699359769191e-05,3.235548369000134e-05,0.456511,0.8413833821152656,True,0.456512,2.360669,1.136855,0.090492,0.332027,1,True,False,0.45556640625,150,150,True,0.18729484456458778,True
1,circle,9,outputs/multi_batch/batch_1/circle/sample_0009/iteration_00150.png,-0.2869537832908558,-0.2984028186702886,0.622847,0.6837106933066914,True,0.63433,3.247278,2.124004,0.052368,0.282766,3,False,False,0.626708984375,150,150,True,0.0007953849611111606,False
1,circle,13,outputs/multi_batch/batch_1/circle/sample_0013/iteration_00150.png,-0.1041374468868904,-0.1041374468869677,0.6888,0.6710094073559295,True,0.6935,2.494026,1.729053,0.146183,0.433947,1,True,False,0.688720703125,150,150,True,0.18691798303097204,True
1,circle,14,outputs/multi_batch/batch_1/circle/sample_0014/iteration_00150.png,-0.0080839441164849,-0.0093288477911618,0.501768,1.63677679064361,True,0.602903,4.038759,2.356372,0.079108,0.30143,2,False,False,0.502685546875,150,150,True,1.782550845846797,True
1,circle,16,outputs/multi_batch/batch_1/circle/sample_0016/iteration_00150.png,-0.3329431892924739,-0.333063195086857,0.651875,0.6711589967901271,True,0.651875,3.901334,2.071143,0.240419,0.39533,2,False,False,0.66552734375,150,150,True,0.044294910931417124,False
1,circle,19,outputs/multi_batch/batch_1/circle/sample_0019/iteration_00150.png,-0.1122186375482908,-0.1122186391747889,0.617431,0.6465854677316459,True,0.617431,2.444499,1.268775,0.185851,0.487996,1,True,False,0.620361328125,150,150,True,0.1656703305427282,True
1,circle,20,outputs/multi_batch/batch_1/circle/sample_0020/iteration_00150.png,-0.0757013045139706,-0.0757012916857736,0.585868,0.8768984687188544,True,0.585869,4.653945,1.688254,0.159102,0.544149,1,True,False,0.584716796875,150,150,True,0.38806627701250623,True
1,circle,21,outputs/multi_batch/batch_1/circle/sample_0021/iteration_00150.png,-0.3555955719559078,-0.3480241461293335,0.491319,0.9208563448247092,True,0.491319,2.081488,1.869401,0.112808,0.323602,4,False,False,0.50244140625,150,150,True,0.0029410302428940728,False
1,circle,25,outputs/multi_batch/batch_1/circle/sample_0025/iteration_00150.png,-0.2168626689496253,-0.2168626689498588,0.573415,0.8340798922723066,True,0.658726,2.587172,2.496136,0.069279,0.521611,2,False,False,0.578125,150,150,True,0.19349936910548246,True
1,circle,26,outputs/multi_batch/batch_1/circle/sample_0026/iteration_00150.png,-0.4390669617144275,-0.4237968664402911,0.622328,0.6836451235723419,True,0.622328,4.130411,1.587567,0.105427,0.344714,2,False,False,0.630615234375,150,150,True,0.004361485250162269,False
1,circle,31,outputs/multi_batch/batch_1/circle/sample_0031/iteration_00150.png,-0.3858077307188081,-0.4074007436082787,0.518866,0.7286717869976738,True,0.532526,2.199259,1.4155,0.229035,0.27124,2,False,False,0.518798828125,150,150,True,0.004781211006891904,False
1,circle,34,outputs/multi_batch/batch_1/circle/sample_0034/iteration_00150.png,-0.1291584915891857,-0.2095808259497518,0.4012,1.6999099199541725,True,0.518387,4.998916,1.522834,0.130772,0.317944,2,False,False,0.40576171875,150,150,True,0.7535851523433449,True
1,circle,35,outputs/multi_batch/batch_1/circle/sample_0035/iteration_00150.png,-0.1064717426614753,-0.1064717426615554,0.579116,0.8660422956976357,True,0.675988,2.32099,2.079133,0.197369,0.545559,1,True,False,0.578369140625,150,150,True,0.2245863860506992,True
1,circle,36,outputs/multi_batch/batch_1/circle/sample_0036/iteration_00150.png,-0.0904500494828495,-0.0904500494828733,0.638593,0.8616388996913411,True,0.64456,4.589216,2.315537,0.171008,0.489224,1,True,False,0.64501953125,150,150,True,0.27114687329260434,True
1,circle,37,outputs/multi_batch/batch_1/circle/sample_0037/iteration_00150.png,0.0191638642727849,0.0130378280730704,0.347132,1.6968065355194484,True,0.549934,2.662028,1.009207,0.100899,0.261629,13,False,False,0.3359375,150,150,True,0.3263405391832356,True
1,circle,39,outputs/multi_batch/batch_1/circle/sample_0039/iteration_00150.png,-0.1295330993406666,-0.1306392956933955,0.60912,0.7420335694065086,True,0.60912,3.068019,1.724106,0.203696,0.394396,1,True,False,0.614013671875,150,150,True,0.3335304511162073,True
1,circle,41,outputs/multi_batch/batch_1/circle/sample_0041/iteration_00150.png,-0.2470827944258726,-0.2443739624516105,0.579458,0.753730026697348,True,0.600054,2.147257,1.624888,0.057761,0.494796,2,False,False,0.581787109375,150,150,True,0.24578368639918158,True
1,circle,47,outputs/multi_batch/batch_1/circle/sample_0047/iteration_00150.png,-0.2543744139929985,-0.254080297151097,0.474027,0.930775574651983,True,0.474026,2.557143,2.236958,0.240943,0.293639,2,False,False,0.480712890625,150,150,True,0.0012014853803298123,False
1,circle,48,outputs/multi_batch/batch_1/circle/sample_0048/iteration_00150.png,-0.098466968581207,-0.0984927759073166,0.680341,0.8206820254604995,True,0.680342,4.305692,1.584457,0.244789,0.464538,1,True,False,0.693115234375,150,150,True,0.5237211438314371,True
1,circle,49,outputs/multi_batch/batch_1/circle/sample_0049/iteration_00150.png,-0.2017009175960383,-0.1724076386881938,0.522939,1.0241059209896335,True,0.522939,2.378521,1.765604,0.077023,0.38461,3,False,False,0.525390625,150,150,True,0.018109920619403204,False
1,circle,52,outputs/multi_batch/batch_1/circle/sample_0052/iteration_00150.png,-0.3726993053340502,-0.362459350307813,0.614055,0.6601798087574687,True,0.620195,3.553078,1.937682,0.151021,0.306326,2,False,False,0.616455078125,150,150,True,0.0032219972108083446,False
1,circle,55,outputs/multi_batch/batch_1/circle/sample_0055/iteration_00150.png,-0.1053946329561018,-0.1053946329802094,0.645026,0.6867121775377047,True,0.648781,2.039137,1.346252,0.224273,0.408223,1,True,False,0.649658203125,150,150,True,0.3292439237917266,True
1,circle,57,outputs/multi_batch/batch_1/circle/sample_0057/iteration_00150.png,-0.3668375128764524,-0.3668375128767845,0.644691,0.3527758230387553,True,0.685209,2.994865,1.246976,0.064275,0.302547,4,False,False,0.6494140625,150,150,True,0.0013329960037323626,False
1,circle,58,outputs/multi_batch/batch_1/circle/sample_0058/iteration_00150.png,-0.0825688658674921,-0.0828178559249259,0.595569,0.88416529697074,True,0.595569,4.475052,2.038358,0.109457,0.432537,1,True,False,0.60302734375,150,150,True,0.21307494009463732,True
1,circle,60,outputs/multi_batch/batch_1/circle/sample_0060/iteration_00150.png,-0.2271869855862926,-0.2454923888071091,0.469705,0.6757238117435017,True,0.469705,4.814618,1.050006,0.188763,0.379027,1,True,False,0.473388671875,150,150,True,0.29333368643035657,True
1,circle,66,outputs/multi_batch/batch_1/circle/sample_0066/iteration_00150.png,-0.0695327164446515,-0.0695422664466024,0.672821,0.6727352106515723,True,0.672821,4.612194,1.029918,0.132314,0.35909,1,True,False,0.664794921875,150,150,True,0.16209032812835905,True
1,circle,72,outputs/multi_batch/batch_1/circle/sample_0072/iteration_00150.png,-0.1994130679188742,-0.1994092113228922,0.601266,0.8040882519187909,True,0.601266,4.356774,2.263128,0.221931,0.383336,1,True,False,0.6171875,150,150,True,0.321177935860332,True
1,circle,76,outputs/multi_batch/batch_1/circle/sample_0076/iteration_00150.png,-0.3633320101654613,-0.3633320101659323,0.563308,0.5528753096975314,True,0.668249,3.609662,1.118156,0.178151,0.539186,3,False,False,0.55810546875,150,150,True,0.02091894519844748,False
1,circle,79,outputs/multi_batch/batch_1/circle/sample_0079/iteration_00150.png,-0.0735231782509609,-0.0735231782540688,0.625259,0.7916043712083682,True,0.632335,2.170422,1.839226,0.24558,0.32713,1,True,False,0.63525390625,150,150,True,0.4990105590718893,True
1,circle,80,outputs/multi_batch/batch_1/circle/sample_0080/iteration_00150.png,-0.2646841773563519,-0.2712105691235484,0.522215,0.7195457693893531,True,0.522215,4.692407,1.372771,0.243297,0.498432,2,False,False,0.526611328125,150,150,True,0.04276514437090225,False
1,circle,85,outputs/multi_batch/batch_1/circle/sample_0085/iteration_00150.png,-0.333744749520077,-0.3337447495204761,0.612497,0.3679792868257984,True,0.618967,2.762263,1.17104,0.116174,0.420159,3,False,False,0.616455078125,150,150,True,0.00195778233399883,False
1,circle,86,outputs/multi_batch/batch_1/circle/sample_0086/iteration_00150.png,-0.1445649313660326,-0.1401168905159454,0.646102,1.1077660594912513,True,0.646103,4.330318,1.785908,0.058535,0.294711,1,True,False,0.657958984375,150,150,True,0.28608252649762866,True
1,circle,87,outputs/multi_batch/batch_1/circle/sample_0087/iteration_00150.png,-0.1987397151184154,-0.1967389745420047,0.553154,0.6204165328306015,True,0.553155,2.402415,1.604755,0.213423,0.517079,1,True,False,0.557373046875,150,150,True,0.15461655372940558,True
1,circle,88,outputs/multi_batch/batch_1/circle/sample_0088/iteration_00150.png,-0.1242853816758233,-0.1242853816667155,0.686893,0.7409891888965549,True,0.687888,3.704039,1.88517,0.206033,0.416351,1,True,False,0.691162109375,150,150,True,0.3362952326784831,True
1,circle,92,outputs/multi_batch/batch_1/circle/sample_0092/iteration_00150.png,-0.0716586801972897,-0.07165880362881,0.627742,0.8015554001863912,True,0.627742,4.451339,1.496058,0.199713,0.262845,1,True,False,0.635498046875,150,150,True,0.32263389116026314,True
1,circle,95,outputs/multi_batch/batch_1/circle/sample_0095/iteration_00150.png,-0.2164672900225541,-0.2164672900227917,0.635333,0.6726801445865488,True,0.656831,3.019492,2.217128,0.226554,0.472523,2,False,False,0.641845703125,150,150,True,0.030039813488044277,False
1,circle,98,outputs/multi_batch/batch_1/circle/sample_0098/iteration_00150.png,-0.3341230429992251,-0.3624857227888103,0.638775,0.6365818967483685,True,0.638774,4.157329,2.22119,0.127894,0.425816,3,False,False,0.64111328125,150,150,True,0.06705989241574246,False
1,circle,104,outputs/multi_batch/batch_1/circle/sample_0104/iteration_00150.png,-0.0075986217146349,-0.0075986217134962,0.635249,0.9451133778842468,True,0.637024,4.061187,1.016922,0.217952,0.468952,2,False,False,0.6806640625,150,150,True,1.276695966690499,True
1,circle,105,outputs/multi_batch/batch_1/circle/sample_0105/iteration_00150.png,0.022065983218243,0.0212613418909064,0.480203,1.4191938188859885,True,0.480203,2.883993,2.335701,0.060328,0.398946,3,False,False,0.481689453125,150,150,True,0.044339331089897786,False
1,circle,106,outputs/multi_batch/batch_1/circle/sample_0106/iteration_00150.png,-0.069277664566052,-0.0705730853503916,0.57027,0.8271785253380528,True,0.570269,4.399337,1.708382,0.115159,0.484436,1,True,False,0.57080078125,150,150,True,0.15334179147706778,True
1,circle,107,outputs/multi_batch/batch_1/circle/sample_0107/iteration_00150.png,-0.2352421448805599,-0.2352421448807987,0.605699,0.6960452546732577,True,0.663172,2.471045,1.902054,0.156756,0.266124,4,False,False,0.60595703125,150,150,True,0.030557610745808293,False
1,circle,109,outputs/multi_batch/batch_1/circle/sample_0109/iteration_00150.png,-0.2494785284605495,-0.2332507701926411,0.530915,0.7676204219499757,True,0.539311,2.130748,1.189265,0.141513,0.540752,2,False,False,0.529052734375,150,150,True,0.0030948610911184556,False
1,circle,112,outputs/multi_batch/batch_1/circle/sample_0112/iteration_00150.png,-0.071541601133394,-0.0726227629861334,0.556035,0.9030461613007964,True,0.556034,3.538056,2.376567,0.248057,0.279222,1,True,False,0.560546875,150,150,True,0.34712073321324594,True
1,circle,116,outputs/multi_batch/batch_1/circle/sample_0116/iteration_00150.png,-0.2779353042814889,-0.3173524357979161,0.490088,0.7895414064482302,True,0.490089,4.290661,1.242239,0.154375,0.437416,2,False,False,0.489013671875,150,150,True,0.18382853799982365,True
1,circle_half_quarter,121,outputs/multi_batch/batch_1/circle_half_quarter/sample_0121/iteration_00150.png,0.0608011474113247,0.0608011474113548,0.314658,1.7167684375099532,True,0.671686,3.741757,2.291426,0.166983,0.458564,1,True,False,0.3232421875,150,150,True,0.18081408684298741,True
1,circle_half_quarter,123,outputs/multi_batch/batch_1/circle_half_quarter/sample_0123/iteration_00150.png,0.1833404422743877,0.1833404422745317,0.360066,1.886135765103216,True,0.51956,4.885093,1.974481,0.116287,0.501055,5,False,False,0.333984375,150,150,True,0.14548417132216016,False
1,circle_half_quarter,124,outputs/multi_batch/batch_1/circle_half_quarter/sample_0124/iteration_00150.png,0.0780336478176709,0.0780336478177329,0.247844,1.8548255006036305,True,0.565055,2.536863,2.356625,0.133373,0.51876,3,False,False,0.23828125,150,150,True,0.017485864529221944,False
1,circle_half_quarter,125,outputs/multi_batch/batch_1/circle_half_quarter/sample_0125/iteration_00150.png,0.1168810525344283,0.1168810525344735,0.481877,1.6298060831503416,True,0.6117,4.340003,1.506448,0.238072,0.372412,1,True,False,0.413330078125,150,150,True,0.38154471377281685,True
1,circle_half_quarter,126,outputs/multi_batch/batch_1/circle_half_quarter/sample_0126/iteration_00150.png,0.1125371941052227,0.1125371941052679,0.487117,1.5857004851800354,True,0.655001,2.930147,1.923932,0.184236,0.403029,1,True,False,0.37158203125,150,150,True,0.7688743377291657,True
1,circle_half_quarter,128,outputs/multi_batch/batch_1/circle_half_quarter/sample_0128/iteration_00150.png,-0.1947854790210743,-0.1947854790212292,0.491364,1.1450204373697734,True,0.691116,2.021794,1.778617,0.081655,0.387843,3,False,False,0.492919921875,150,150,True,0.005826122827299145,False
1,circle_half_quarter,129,outputs/multi_batch/batch_1/circle_half_quarter/sample_0129/iteration_00150.png,0.2354989737973773,0.2354989737977246,0.297975,1.9422572907065565,True,0.487733,4.762593,1.31079,0.18948,0.541224,5,False,False,0.282958984375,150,150,True,0.05343782399350963,False
1,circle_half_quarter,131,outputs/multi_batch/batch_1/circle_half_quarter/sample_0131/iteration_00150.png,0.0373616847253627,0.0373616847253777,0.421936,1.4136663459334984,True,0.577533,3.607543,1.463678,0.140567,0.436625,9,False,False,0.3369140625,150,150,True,0.46310707811263685,True
1,circle_half_quarter,133,outputs/multi_batch/batch_1/circle_half_quarter/sample_0133/iteration_00150.png,0.1501914367861987,0.1501914367862599,0.537625,1.5706554713468672,True,0.543958,4.164428,2.119205,0.218407,0.288737,5,False,False,0.51220703125,150,150,True,0.6610872033159965,True
1,circle_half_quarter,134,outputs/multi_batch/batch_1/circle_half_quarter/sample_0134/iteration_00150.png,0.1665130667573044,0.1665130667574017,0.31422,1.749505176951029,True,0.469811,2.565608,1.684149,0.160078,0.488984,5,False,False,0.29296875,150,150,True,0.4107879786571873,True
1,circle_half_quarter,138,outputs/multi_batch/batch_1/circle_half_quarter/sample_0138/iteration_00150.png,0.0281908698697671,0.028190869869826,0.153984,1.965382814782126,True,0.683745,3.063971,1.402584,0.222612,0.52318,16,False,False,0.14306640625,150,150,True,0.2141535261459401,True
1,circle_half_quarter,141,outputs/multi_batch/batch_1/circle_half_quarter/sample_0141/iteration_00150.png,0.0156551026919184,0.0156551026919353,0.212236,1.8688424078919328,True,0.666495,3.514141,1.032165,0.22705,0.505986,1,True,False,0.21826171875,150,150,True,1.3639609707662637,True
1,circle_half_quarter,142,outputs/multi_batch/batch_1/circle_half_quarter/sample_0142/iteration_00150.png,0.1355238847947208,0.135523884794764,0.558159,1.454372522009676,True,0.615832,2.114518,2.211367,0.195282,0.306918,1,True,False,0.4931640625,150,150,True,0.3387008359599836,True
1,circle_half_quarter,143,outputs/multi_batch/batch_1/circle_half_quarter/sample_0143/iteration_00150.png,0.0793684380488876,0.0793684380489283,0.391733,1.6785181536604248,True,0.568697,4.667685,1.746103,0.078107,0.472305,5,False,False,0.35791015625,150,150,True,0.06489050479756336,False
1,circle_half_quarter,144,outputs/multi_batch/batch_1/circle_half_quarter/sample_0144/iteration_00150.png,0.0809756658930755,0.0809756658931283,0.323096,1.768128468329563,True,0.589417,2.835275,2.26526,0.095803,0.483956,5,False,False,0.30859375,150,150,True,0.18496331785197875,True
1,circle_half_quarter,146,outputs/multi_batch/batch_1/circle_half_quarter/sample_0146/iteration_00150.png,0.1204279812530272,0.1204279812530695,0.396036,1.4680762353722785,True,0.491962,2.443403,2.018638,0.246696,0.437968,1,True,False,0.329833984375,150,150,True,0.2935068491857001,True
1,circle_half_quarter,149,outputs/multi_batch/batch_1/circle_half_quarter/sample_0149/iteration_00150.png,0.0972039955683567,0.0972039955683904,0.473228,1.313985723311606,True,0.473507,4.978412,2.383192,0.204431,0.422313,1,True,False,0.47998046875,150,150,True,0.4047210930995641,True
1,circle_half_quarter,150,outputs/multi_batch/batch_1/circle_half_quarter/sample_0150/iteration_00150.png,0.0704586008518133,0.0704586008518373,0.540072,1.2790360557045577,True,0.555885,3.392754,1.233292,0.17403,0.392871,1,True,False,0.42529296875,150,150,True,0.19573199772619018,True
1,circle_half_quarter,151,outputs/multi_batch/batch_1/circle_half_quarter/sample_0151/iteration_00150.png,0.0507478635525952,0.0507478635526758,0.199248,1.9633189151050825,True,0.633751,3.836592,1.880197,0.053754,0.536854,1,True,False,0.2001953125,150,150,True,0.38061392310434844,True
1,circle_half_quarter,153,outputs/multi_batch/batch_1/circle_half_quarter/sample_0153/iteration_00150.png,0.0904006085476452,0.0904006085476793,0.60976,1.4922637354177777,True,0.657404,4.852111,1.433265,0.171215,0.313255,1,True,False,0.53662109375,150,150,True,0.5320999253209994,True
1,circle_half_quarter,154,outputs/multi_batch/batch_1/circle_half_quarter/sample_0154/iteration_00150.png,0.1182183178474036,0.1182183178474891,0.188758,1.934712720166928,True,0.606368,3.448002,1.762852,0.200239,0.511451,1,True,False,0.19677734375,150,150,True,1.7029686056172881,True
1,circle_half_quarter,155,outputs/multi_batch/batch_1/circle_half_quarter/sample_0155/iteration_00150.png,0.0591772032728576,0.0591772032726819,0.539428,1.1364899373515722,True,0.559721,3.710285,1.303803,0.120515,0.34635,1,True,False,0.576171875,150,150,True,0.29854670888939155,True
1,circle_half_quarter,157,outputs/multi_batch/batch_1/circle_half_quarter/sample_0157/iteration_00150.png,0.009464381832141,0.0094643818321702,0.135476,1.9899044210070649,True,0.593512,3.880045,2.148299,0.248538,0.527107,16,False,False,0.09521484375,150,150,True,1.6052140121861498,True
1,circle_half_quarter,158,outputs/multi_batch/batch_1/circle_half_quarter/sample_0158/iteration_00150.png,0.0932160684526435,0.0932160684526834,0.5505,1.4534667101102894,True,0.675143,2.476049,1.048198,0.17913,0.257718,1,True,False,0.55517578125,150,150,True,0.2849627516030236,True
1,circle_half_quarter,160,outputs/multi_batch/batch_1/circle_half_quarter/sample_0160/iteration_00150.png,-0.1162579472519043,-0.1162579472521582,0.308579,1.836364605912179,True,0.638993,3.196595,1.102279,0.079784,0.533171,6,False,False,0.30810546875,150,150,True,0.10505902601022965,False
1,circle_half_quarter,161,outputs/multi_batch/batch_1/circle_half_quarter/sample_0161/iteration_00150.png,0.1122917734755686,0.1122917734756104,0.459312,1.3407236927553647,True,0.467346,3.646385,1.941082,0.196935,0.395904,1,True,False,0.46533203125,150,150,True,0.16911898448194984,True
1,circle_half_quarter,162,outputs/multi_batch/batch_1/circle_half_quarter/sample_0162/iteration_00150.png,0.1296220501981796,0.1296220501982278,0.396961,1.512705726572677,True,0.54935,2.053311,1.629067,0.230842,0.426228,1,True,False,0.29833984375,150,150,True,0.7024868622501759,True
1,circle_half_quarter,163,outputs/multi_batch/batch_1/circle_half_quarter/sample_0163/iteration_00150.png,0.143466406063974,0.1434664060641027,0.627281,1.577043974090195,True,0.627706,4.799923,2.281476,0.148018,0.281949,1,True,False,0.704345703125,150,150,True,0.18150793530948464,True
1,circle_half_quarter,165,outputs/multi_batch/batch_1/circle_half_quarter/sample_0165/iteration_00150.png,0.0926757308816409,0.0926757308816834,0.435992,1.431492141707397,True,0.535289,4.618532,1.249486,0.219595,0.443421,1,True,False,0.44677734375,150,150,True,0.5778364842180577,True
1,circle_half_quarter,168,outputs/multi_batch/batch_1/circle_half_quarter/sample_0168/iteration_00150.png,-0.3404931854081689,-0.3378773176667244,0.570199,0.6304020668758449,True,0.571101,3.120344,2.00221,0.064892,0.262729,2,False,False,0.569091796875,150,150,True,2.635520669065355e-05,False
1,circle_half_quarter,169,outputs/multi_batch/batch_1/circle_half_quarter/sample_0169/iteration_00150.png,0.0623522711908317,0.0623522711908553,0.525468,1.4137098134103674,True,0.618234,4.132612,1.15756,0.157043,0.409368,1,True,False,0.6650390625,150,150,True,0.5745258003230754,True
1,circle_half_quarter,170,outputs/multi_batch/batch_1/circle_half_quarter/sample_0170/iteration_00150.png,0.1255021717112732,0.1255021717113203,0.474735,1.630595689382493,True,0.661161,2.715341,2.225428,0.214386,0.377874,1,True,False,0.42138671875,150,150,True,0.18730088744223847,True
1,circle_half_quarter,171,outputs/multi_batch/batch_1/circle_half_quarter/sample_0171/iteration_00150.png,0.2140152001346617,0.2140152001347986,0.32195,1.8508622027399808,True,0.458297,4.524432,1.567148,0.106562,0.512776,5,False,False,0.296630859375,150,150,True,0.06525262761050139,False
1,circle_half_quarter,173,outputs/multi_batch/batch_1/circle_half_quarter/sample_0173/iteration_00150.png,-0.120388219154582,-0.1203882191546704,0.623736,1.1139251088318836,True,0.679311,4.706527,1.849144,0.234389,0.360682,1,True,False,0.640380859375,150,150,True,0.2371384796357748,True
1,circle_half_quarter,174,outputs/multi_batch/batch_1/circle_half_quarter/sample_0174/iteration_00150.png,0.0434441253247688,0.0434441253247924,0.33486,1.589479588330575,True,0.604967,3.289326,1.5342,0.193303,0.461607,1,True,False,0.3369140625,150,150,True,0.36487219815494415,True
1,circle_half_quarter,177,outputs/multi_batch/batch_1/circle_half_quarter/sample_0177/iteration_00150.png,0.0860133347578744,0.0860133347579468,0.386413,1.828427024925588,True,0.553421,4.377767,2.427083,0.186108,0.492016,1,True,False,0.39453125,150,150,True,0.6366976508109664,True
1,circle_half_quarter,179,outputs/multi_batch/batch_1/circle_half_quarter/sample_0179/iteration_00150.png,0.0644498204875993,0.0644498204876339,0.353354,1.630142970394228,True,0.651035,3.974223,1.806552,0.136969,0.448373,1,True,False,0.3603515625,150,150,True,0.2513070996147495,True
1,circle_half_quarter,180,outputs/multi_batch/batch_1/circle_half_quarter/sample_0180/iteration_00150.png,0.0641410686853744,0.0641410686854006,0.453384,1.5336809185110456,True,0.69923,3.353958,2.174407,0.113466,0.430666,1,True,False,0.406005859375,150,150,True,0.33893896701643433,True
1,circle_half_quarter,182,outputs/multi_batch/batch_1/circle_half_quarter/sample_0182/iteration_00150.png,0.111054554305264,0.1110545543054167,0.136414,1.965656918528416,True,0.538918,2.200374,2.044578,0.162773,0.547552,16,False,False,0.1005859375,150,150,True,1.5654511900216372,True
1,circle_half_quarter,183,outputs/multi_batch/batch_1/circle_half_quarter/sample_0183/iteration_00150.png,-0.3418104541846295,-0.2923272643789405,0.334659,1.5436628909957848,True,0.586021,4.946941,1.021572,0.058073,0.382184,7,False,False,0.33203125,150,150,True,0.034937975934275486,False
1,circle_half_quarter,184,outputs/multi_batch/batch_1/circle_half_quarter/sample_0184/iteration_00150.png,0.0554749849813726,0.0554749849814124,0.328639,1.7826871920038476,True,0.659674,2.495126,2.106629,0.057267,0.489555,3,False,False,0.32470703125,150,150,True,0.0005841586787393722,False
1,circle_half_quarter,186,outputs/multi_batch/batch_1/circle_half_quarter/sample_0186/iteration_00150.png,0.0508064568853247,0.0508064568853468,0.327433,1.548487565580872,True,0.561877,2.853305,2.165779,0.206374,0.451167,1,True,False,0.3232421875,150,150,True,0.41485821814593565,True
1,circle_half_quarter,189,outputs/multi_batch/batch_1/circle_half_quarter/sample_0189/iteration_00150.png,0.0533576810791396,0.0533576810791615,0.426593,1.4034634644941997,True,0.512888,3.724791,1.792429,0.242401,0.42903,1,True,False,0.3466796875,150,150,True,0.9214147527159086,True
1,circle_half_quarter,191,outputs/multi_batch/batch_1/circle_half_quarter/sample_0191/iteration_00150.png,0.0936938825635423,0.0936938825636937,0.10981,1.9988231275812367,True,0.673018,4.832919,2.482907,0.093078,0.548863,16,False,False,0.04296875,150,150,True,1.5712022929551968,True
1,circle_half_quarter,194,outputs/multi_batch/batch_1/circle_half_quarter/sample_0194/iteration_00150.png,0.1018942313898662,0.1018942313899544,0.257423,1.884532616836121,True,0.628883,2.65388,1.27888,0.236806,0.515809,5,False,False,0.248291015625,150,150,True,0.6179356476537787,True
1,circle_half_quarter,196,outputs/multi_batch/batch_1/circle_half_quarter/sample_0196/iteration_00150.png,0.0819219791674388,0.0819219791674679,0.483348,1.2147872687500083,True,0.533509,2.074148,2.31087,0.108979,0.358527,1,True,False,0.427734375,150,150,True,0.28569951882077504,True
1,circle_half_quarter,197,outputs/multi_batch/batch_1/circle_half_quarter/sample_0197/iteration_00150.png,0.0844840920206945,0.0844840920207704,0.325367,1.8730666213578813,True,0.580642,4.767919,1.646365,0.213629,0.495795,1,True,False,0.29736328125,150,150,True,0.2343762102208475,True
1,circle_half_quarter,198,outputs/multi_batch/batch_1/circle_half_quarter/sample_0198/iteration_00150.png,0.0995815587352613,0.0995815587353005,0.624166,1.4242434594067284,True,0.686054,3.180817,1.970098,0.157897,0.319572,1,True,False,0.79052734375,150,150,True,0.37062351956821477,True
1,circle_half_quarter,200,outputs/multi_batch/batch_1/circle_half_quarter/sample_0200/iteration_00150.png,0.0713387997190419,0.071338799719072,0.533802,1.3575818118579708,True,0.620475,3.275644,2.405131,0.071415,0.398169,1,True,False,0.49658203125,150,150,True,0.20019779686635022,True
1,circle_half_quarter,201,outputs/multi_batch/batch_1/circle_half_quarter/sample_0201/iteration_00150.png,0.0981141186923573,0.098114118692469,0.226731,1.956464572320624,True,0.573858,3.578882,1.551692,0.15109,0.535119,7,False,False,0.217529296875,150,150,True,0.043471761910407275,False
1,circle_half_quarter,202,outputs/multi_batch/batch_1/circle_half_quarter/sample_0202/iteration_00150.png,0.0969947787181892,0.0969947787188607,0.455939,1.1557126181692523,True,0.46042,2.16747,1.878355,0.220352,0.280093,13,False,False,0.4638671875,150,150,True,0.33370175140282266,True
1,circle_half_quarter,203,outputs/multi_batch/batch_1/circle_half_quarter/sample_0203/iteration_00150.png,0.020989169615444,0.0209891696154556,0.513196,1.4071939386509316,True,0.663806,4.673873,1.211286,0.100003,0.424093,1,True,False,0.530517578125,150,150,True,0.6369659721181233,True
1,circle_half_quarter,204,outputs/multi_batch/batch_1/circle_half_quarter/sample_0204/iteration_00150.png,0.063201395746218,0.063201395746247,0.397787,1.5740653066540302,True,0.676585,2.748055,1.596359,0.148775,0.446743,1,True,False,0.350830078125,150,150,True,0.36611568725007815,True
1,circle_half_quarter,205,outputs/multi_batch/batch_1/circle_half_quarter/sample_0205/iteration_00150.png,0.1248085301310013,0.1248085301310518,0.501557,1.4393664168733773,True,0.504937,4.504348,2.243275,0.228425,0.300107,1,True,False,0.49755859375,150,150,True,0.44518408023050726,True
1,circle_half_quarter,206,outputs/multi_batch/batch_1/circle_half_quarter/sample_0206/iteration_00150.png,0.0466574108354752,0.0466574108354966,0.297285,1.4898730759253302,True,0.524457,3.093006,1.187126,0.199254,0.475151,1,True,False,0.29296875,150,150,True,0.3848506672315188,True
1,circle_half_quarter,209,outputs/multi_batch/batch_1/circle_half_quarter/sample_0209/iteration_00150.png,0.0666533531007239,0.0666533531007664,0.398718,1.768996551208482,True,0.633068,4.925646,2.073961,0.179935,0.468217,5,False,False,0.389404296875,150,150,True,0.47956265486029553,True
1,circle_half_quarter,210,outputs/multi_batch/batch_1/circle_half_quarter/sample_0210/iteration_00150.png,0.1199535488424304,0.119953548842477,0.486072,1.6152723775234987,True,0.652184,3.328199,1.729726,0.24783,0.344733,1,True,False,0.416015625,150,150,True,0.3186647066795943,True
1,circle_half_quarter,211,outputs/multi_batch/batch_1/circle_half_quarter/sample_0211/iteration_00150.png,0.2194015044547808,0.2194015044549132,0.28644,1.900828376068865,True,0.480568,3.818931,2.203435,0.13063,0.510103,5,False,False,0.252197265625,150,150,True,0.09502128033725357,False
1,circle_half_quarter,212,outputs/multi_batch/batch_1/circle_half_quarter/sample_0212/iteration_00150.png,0.2356165806633285,0.2356165806635703,0.224053,1.9442819819176789,True,0.494583,2.759202,1.824216,0.119807,0.529604,1,True,False,0.19140625,150,150,True,0.6522778414520345,True
1,circle_half_quarter,213,outputs/multi_batch/batch_1/circle_half_quarter/sample_0213/iteration_00150.png,0.028077448328088,0.0280774483280997,0.501308,1.4974077032444175,True,0.697937,3.999916,1.358941,0.202607,0.36687,5,False,False,0.3828125,150,150,True,0.570012909571525,True
1,circle_half_quarter,214,outputs/multi_batch/batch_1/circle_half_quarter/sample_0214/iteration_00150.png,0.068797612891191,0.0687976128912167,0.400499,1.4496602322595702,True,0.584385,2.402539,2.444393,0.168944,0.410961,1,True,False,0.360107421875,150,150,True,0.6425442328356177,True
1,circle_half_quarter,218,outputs/multi_batch/batch_1/circle_half_quarter/sample_0218/iteration_00150.png,0.1305922270982454,0.1305922270983114,0.517484,1.3250946769149283,True,0.518297,2.551545,1.488601,0.205236,0.305857,1,True,False,0.593017578125,150,150,True,0.2495801012885443,True
1,circle_half_quarter,220,outputs/multi_batch/batch_1/circle_half_quarter/sample_0220/iteration_00150.png,0.0551377379318825,0.0551377379319033,0.361332,1.4838230278229418,True,0.613337,2.358125,1.956633,0.127201,0.420969,1,True,False,0.32763671875,150,150,True,0.39267026949643896,True
1,circle_half_quarter,221,outputs/multi_batch/batch_1/circle_half_quarter/sample_0221/iteration_00150.png,0.1408965164350158,0.1408965164350178,0.565467,1.5040734916887597,True,0.566233,4.870295,1.109386,0.244426,0.283719,9,False,False,0.63427734375,150,150,True,0.4309460688507461,True
1,circle_half_quarter,222,outputs/multi_batch/batch_1/circle_half_quarter/sample_0222/iteration_00150.png,0.1118571005311113,0.111857100531271,0.210777,1.9494443489770068,True,0.453398,3.454581,2.273933,0.177895,0.53846,3,False,False,0.197021484375,150,150,True,0.7623791457593927,True
1,circle_half_quarter,225,outputs/multi_batch/batch_1/circle_half_quarter/sample_0225/iteration_00150.png,0.1049685896950752,0.1049685896951158,0.501957,1.6702366876462276,True,0.688473,4.54285,1.66684,0.196039,0.41429,1,True,False,0.48046875,150,150,True,0.37039273910782294,True
1,circle_half_quarter,226,outputs/multi_batch/batch_1/circle_half_quarter/sample_0226/iteration_00150.png,0.0631697888856896,0.0631697888857119,0.470267,1.371960355975674,True,0.575295,2.938057,2.090178,0.226196,0.37049,1,True,False,0.384765625,150,150,True,0.8155654304580755,True
1,circle_half_quarter,227,outputs/multi_batch/batch_1/circle_half_quarter/sample_0227/iteration_00150.png,0.1884985892870792,0.1884985892872749,0.250334,1.9236645824696783,True,0.52816,4.184722,1.069724,0.146521,0.526506,5,False,False,0.2548828125,150,150,True,0.08228022638320694,False
1,circle_half_quarter,228,outputs/multi_batch/batch_1/circle_half_quarter/sample_0228/iteration_00150.png,0.1488462629465025,0.1488462629465894,0.268042,1.8396197699638888,True,0.546569,3.143487,1.434651,0.104606,0.503856,5,False,False,0.2333984375,150,150,True,0.1745253755818299,True
1,circle_half_quarter,229,outputs/multi_batch/batch_1/circle_half_quarter/sample_0229/iteration_00150.png,0.1194740464099188,0.119474046409961,0.510991,1.5771940286678188,True,0.624467,3.639987,2.475258,0.224931,0.350477,1,True,False,0.45947265625,150,150,True,0.4187740557354781,True
1,circle_half_quarter,230,outputs/multi_batch/batch_1/circle_half_quarter/sample_0230/iteration_00019.png,0.04507971979828,0.0450797197983012,0.2944,1.576105827861956,True,0.644185,2.035307,1.281407,0.153518,0.474257,1,True,False,0.29638671875,19,150,False,2.8345539410225142,True
1,circle_half_quarter,231,outputs/multi_batch/batch_1/circle_half_quarter/sample_0231/iteration_00150.png,-0.1928487957608707,-0.194730586525026,0.471635,1.50701151328543,True,0.47208,4.734983,1.761308,0.073867,0.309177,2,False,False,0.475830078125,150,150,True,0.44968015143655815,True
1,circle_half_quarter,232,outputs/multi_batch/batch_1/circle_half_quarter/sample_0232/iteration_00150.png,0.0467771311604401,0.0467771311584651,0.123216,1.958071005767044,True,0.600332,2.130139,1.716903,0.067146,0.543464,16,False,False,0.09033203125,150,150,True,0.0,False
1,circle_half_quarter,234,outputs/multi_batch/batch_1/circle_half_quarter/sample_0234/iteration_00150.png,0.1001845624543359,0.1001845624543752,0.439252,1.4269282563201129,True,0.510348,3.236803,1.002587,0.216088,0.434783,1,True,False,0.365234375,150,150,True,0.3589408836848763,True
1,circle_half_quarter,235,outputs/multi_batch/batch_1/circle_half_quarter/sample_0235/iteration_00150.png,0.1131081573566664,0.1131081573567067,0.646682,1.4584316723935171,True,0.681993,3.545946,2.040631,0.111413,0.269394,1,True,False,0.69873046875,150,150,True,0.20038277419696957,True
1,circle_half_quarter,237,outputs/multi_batch/batch_1/circle_half_quarter/sample_0237/iteration_00150.png,0.0513136763013501,0.0513136763013761,0.344199,1.386816565571113,True,0.464778,4.091259,1.385102,0.233573,0.454795,1,True,False,0.34716796875,150,150,True,0.46422123387203307,True
1,circle_half_quarter,238,outputs/multi_batch/batch_1/circle_half_quarter/sample_0238/iteration_00150.png,0.1456134278251498,0.1456134278252098,0.570479,1.4549561709093548,True,0.570479,2.685777,1.811369,0.188723,0.329846,1,True,False,0.54833984375,150,150,True,0.5024621292937914,True
1,cross_rectangular,241,outputs/multi_batch/batch_1/cross_rectangular/sample_0241/iteration_00150.png,-0.1539936662160734,-0.1539936662161951,0.586457,0.7274118802468765,True,0.698182,2.223806,1.028334,0.224054,0.486906,1,True,False,0.587158203125,150,150,True,0.21377305805308966,True
1,cross_rectangular,246,outputs/multi_batch/batch_1/cross_rectangular/sample_0246/iteration_00150.png,0.080472447057969,0.0804724470580959,0.654704,1.1379546517052286,True,0.654705,3.813459,1.383036,0.244936,0.52337,1,True,False,0.69482421875,150,150,True,1.3253877551020408,True
1,cross_rectangular,249,outputs/multi_batch/batch_1/cross_rectangular/sample_0249/iteration_00150.png,-0.3333240747099005,-0.3390306982833849,0.487935,1.0978563669678936,True,0.487935,3.488557,2.14719,0.232264,0.426931,1,True,False,0.490966796875,150,150,True,0.15016014594928265,True
1,cross_rectangular,252,outputs/multi_batch/batch_1/cross_rectangular/sample_0252/iteration_00150.png,-0.0765917228509092,-0.0765917228510133,0.619547,0.8201810696935732,True,0.619547,3.637237,2.320037,0.142544,0.511396,1,True,False,0.625,150,150,True,0.1965624237353137,True
1,cross_rectangular,253,outputs/multi_batch/batch_1/cross_rectangular/sample_0253/iteration_00150.png,-0.2573863416267102,-0.2476911949431289,0.554664,0.7605896075196258,True,0.554663,2.413397,1.682069,0.194769,0.332107,2,False,False,0.565185546875,150,150,True,0.0013973248776469832,False
1,cross_rectangular,259,outputs/multi_batch/batch_1/cross_rectangular/sample_0259/iteration_00150.png,-0.3594855517646493,-0.3676088752056673,0.503852,0.7511749521769316,True,0.503852,2.519909,1.35934,0.144315,0.269309,3,False,False,0.506103515625,150,150,True,0.03865773084355132,False
1,cross_rectangular,264,outputs/multi_batch/batch_1/cross_rectangular/sample_0264/iteration_00150.png,-0.611660988912416,-0.5442387943816128,0.588275,0.2643168407418945,True,0.588274,3.753636,1.049184,0.094103,0.47403,4,False,False,0.594482421875,150,150,True,0.008155432210449088,False
1,cross_rectangular,265,outputs/multi_batch/batch_1/cross_rectangular/sample_0265/iteration_00150.png,-0.0315663109282995,-0.0315783083579428,0.523391,0.9359042532116786,True,0.523391,2.71887,1.921514,0.243192,0.294762,1,True,False,0.531494140625,150,150,True,0.22108591093435148,True
1,cross_rectangular,268,outputs/multi_batch/batch_1/cross_rectangular/sample_0268/iteration_00150.png,-0.2847345109276048,-0.3209029477496886,0.637879,0.6503420899975616,True,0.637879,4.365906,2.123657,0.131598,0.380992,2,False,False,0.64404296875,150,150,True,0.04670533693784246,False
1,cross_rectangular,271,outputs/multi_batch/batch_1/cross_rectangular/sample_0271/iteration_00150.png,-0.1463687887888575,-0.151757440775923,0.608367,0.7464302499878012,True,0.608367,2.328228,1.456624,0.074405,0.433117,2,False,False,0.6123046875,150,150,True,0.009581940733274036,False
1,cross_rectangular,277,outputs/multi_batch/batch_1/cross_rectangular/sample_0277/iteration_00150.png,-0.2678074682578197,-0.265278652567981,0.557371,0.8760580063377879,True,0.601807,2.623729,1.140116,0.155214,0.414353,2,False,False,0.555908203125,150,150,True,0.13564310936728785,False
1,cross_rectangular,279,outputs/multi_batch/batch_1/cross_rectangular/sample_0279/iteration_00150.png,-0.0559669657240553,-0.0649238709523261,0.512057,0.8960240477476047,True,0.512057,2.845805,1.661467,0.099106,0.520286,1,True,False,0.5146484375,150,150,True,0.3083462463990571,True
1,cross_rectangular,281,outputs/multi_batch/batch_1/cross_rectangular/sample_0281/iteration_00150.png,-0.3163500712661485,-0.3029539020992863,0.464148,0.773641785934115,True,0.464148,2.063275,1.605444,0.225905,0.250033,3,False,False,0.462158203125,150,150,True,0.015109243766802331,False
1,cross_rectangular,282,outputs/multi_batch/batch_1/cross_rectangular/sample_0282/iteration_00150.png,-0.0664852625368335,-0.0673705080132499,0.555672,0.8899480141835082,True,0.555672,4.443361,1.875962,0.167494,0.535364,1,True,False,0.552978515625,150,150,True,0.30803568342864535,True
1,cross_rectangular,288,outputs/multi_batch/batch_1/cross_rectangular/sample_0288/iteration_00150.png,-0.0388953561630673,-0.0364688528263462,0.571048,1.1890418812464958,True,0.572834,3.545209,1.632196,0.055911,0.387127,1,True,False,0.575439453125,150,150,True,0.3663981424377223,True
1,cross_rectangular,290,outputs/multi_batch/batch_1/cross_rectangular/sample_0290/iteration_00150.png,-0.2466921929146749,-0.2466921929148281,0.652663,0.5348309465739954,True,0.662101,4.986034,1.075788,0.199925,0.287025,1,True,False,0.6708984375,150,150,True,0.22294285719410323,True
1,cross_rectangular,294,outputs/multi_batch/batch_1/cross_rectangular/sample_0294/iteration_00150.png,-0.1149341156234092,-0.1164456295175405,0.595279,0.7561932610135467,True,0.595279,3.904945,2.097504,0.237418,0.493109,1,True,False,0.6015625,150,150,True,0.4124605724134081,True
1,cross_rectangular,297,outputs/multi_batch/batch_1/cross_rectangular/sample_0297/iteration_00150.png,-0.3300648949824461,-0.3309453576415664,0.547177,0.5971580867353445,True,0.547177,2.834583,1.338932,0.249359,0.457194,2,False,False,0.559814453125,150,150,True,0.004755718093011385,False
1,cross_rectangular,312,outputs/multi_batch/batch_1/cross_rectangular/sample_0312/iteration_00150.png,-0.0108392705122237,-0.0113270680901288,0.46269,1.110748488108151,True,0.462691,3.67644,2.035449,0.077661,0.529207,1,True,False,0.46728515625,150,150,True,1.0002789144227002,True
1,cross_rectangular,313,outputs/multi_batch/batch_1/cross_rectangular/sample_0313/iteration_00150.png,-0.4442745232514169,-0.4355154712067601,0.49799,1.5165753877288202,True,0.647569,2.468627,1.220235,0.23466,0.389892,3,False,False,0.500244140625,150,150,True,0.0028752965710293014,False
1,cross_rectangular,314,outputs/multi_batch/batch_1/cross_rectangular/sample_0314/iteration_00150.png,-0.0626680695499207,-0.0625019428135128,0.614086,0.8903800587943811,True,0.614086,4.837177,2.2641,0.171147,0.405686,1,True,False,0.622314453125,150,150,True,0.3177415873041099,True
1,cross_rectangular,315,outputs/multi_batch/batch_1/cross_rectangular/sample_0315/iteration_00150.png,-0.3181695094416145,-0.2927635934712327,0.558122,0.8317299668999228,True,0.558122,3.065314,1.390291,0.115757,0.284883,1,True,False,0.5625,150,150,True,0.17262554895143326,True
1,cross_rectangular,316,outputs/multi_batch/batch_1/cross_rectangular/sample_0316/iteration_00150.png,-0.3125101372332081,-0.3589811817183204,0.513514,1.1192199055929115,True,0.513515,4.476256,1.041542,0.140154,0.323435,4,False,False,0.531005859375,150,150,True,0.004553405212163149,False
1,cross_rectangular,317,outputs/multi_batch/batch_1/cross_rectangular/sample_0317/iteration_00150.png,-0.2527406901597296,-0.2574327223923235,0.582551,0.7546418819972174,True,0.582551,3.450084,1.856744,0.197165,0.446529,2,False,False,0.5888671875,150,150,True,0.017090434635050264,False
1,cross_rectangular,318,outputs/multi_batch/batch_1/cross_rectangular/sample_0318/iteration_00150.png,0.0520170644564054,0.052017064456478,0.67456,1.2135728052508257,True,0.67456,4.043266,1.56316,0.208654,0.348665,1,True,False,0.74658203125,150,150,True,1.056219285477525,True
1,cross_rectangular,319,outputs/multi_batch/batch_1/cross_rectangular/sample_0319/iteration_00150.png,-0.0639449072741053,-0.0710809161172119,0.484437,1.100801862959123,True,0.484438,2.078043,2.436957,0.053251,0.490453,2,False,False,0.48974609375,150,150,True,0.14035532351673966,False
1,cross_rectangular,321,outputs/multi_batch/batch_1/cross_rectangular/sample_0321/iteration_00150.png,-0.1328574674300301,-0.1331420345495874,0.574306,0.7513286432856537,True,0.574307,2.113697,2.101708,0.204585,0.431958,1,True,False,0.581298828125,150,150,True,0.15404685066551072,True
1,cross_rectangular,325,outputs/multi_batch/batch_1/cross_rectangular/sample_0325/iteration_00150.png,0.0641418075457165,0.0642492346930259,0.499556,1.0431062951891996,True,0.499556,3.00724,1.068294,0.167078,0.338691,2,False,False,0.509033203125,150,150,True,0.02039134646038934,False
1,cross_rectangular,329,outputs/multi_batch/batch_1/cross_rectangular/sample_0329/iteration_00150.png,-0.0711268790683817,-0.0711268790684112,0.606818,0.787573965717189,True,0.613762,3.191497,1.721302,0.239332,0.483892,1,True,False,0.611328125,150,150,True,0.2858534846414355,True
1,cross_rectangular,333,outputs/multi_batch/batch_1/cross_rectangular/sample_0333/iteration_00150.png,0.1095895784164596,0.1095895784165098,0.641968,1.3988359471308385,True,0.678782,2.678791,2.199607,0.176838,0.277526,1,True,False,0.663330078125,150,150,True,0.1602562850389702,True
1,cross_rectangular,334,outputs/multi_batch/batch_1/cross_rectangular/sample_0334/iteration_00150.png,-0.2161963011561499,-0.2161962954034513,0.582861,0.629538057801742,True,0.58286,4.76609,1.366595,0.216476,0.518327,1,True,False,0.580810546875,150,150,True,0.2860007104234914,True
1,cross_rectangular,340,outputs/multi_batch/batch_1/cross_rectangular/sample_0340/iteration_00150.png,-0.0763485109936981,-0.076348510993751,0.598515,0.8311786832395498,True,0.623178,4.310881,1.589398,0.109788,0.53655,1,True,False,0.603515625,150,150,True,0.15411600462968486,True
1,cross_rectangular,342,outputs/multi_batch/batch_1/cross_rectangular/sample_0342/iteration_00150.png,-0.4280881249565509,-0.4661654321025365,0.471169,0.541775309141344,True,0.471169,4.157922,1.021174,0.241362,0.435295,3,False,False,0.4765625,150,150,True,0.07455588760534364,False
1,cross_rectangular,345,outputs/multi_batch/batch_1/cross_rectangular/sample_0345/iteration_00150.png,-0.0833872685125293,-0.0833872685125845,0.62095,0.8018853773502659,True,0.6716,3.097036,1.756123,0.228301,0.514422,1,True,False,0.626220703125,150,150,True,0.3617514875607885,True
1,cross_rectangular,351,outputs/multi_batch/batch_1/cross_rectangular/sample_0351/iteration_00150.png,0.0461463384151382,0.022619356547763,0.393337,1.5721708921168704,True,0.461624,3.462312,1.478275,0.059612,0.35761,4,False,False,0.401611328125,150,150,True,0.8205060196432727,True
1,cross_rectangular,353,outputs/multi_batch/batch_1/cross_rectangular/sample_0353/iteration_00150.png,-0.4600322537480113,-0.4752060297209782,0.535872,0.481114112966267,True,0.535872,3.357358,1.144193,0.210726,0.266083,3,False,False,0.537109375,150,150,True,0.003114458406852574,False
1,cross_rectangular,358,outputs/multi_batch/batch_1/cross_rectangular/sample_0358/iteration_00150.png,-0.0968774694162018,-0.0973726386493168,0.567507,0.8041501390242878,True,0.567507,4.935064,1.545312,0.233558,0.30489,1,True,False,0.5732421875,150,150,True,0.48127936798559817,True
1,four_circle,361,outputs/multi_batch/batch_1/four_circle/sample_0361/iteration_00150.png,-0.2368552100957063,-0.2553724032798142,0.533661,1.2145618069837758,True,0.537996,2.777304,1.478647,0.0538,0.251745,1,True,False,0.544921875,150,150,True,0.3956737798210722,True
1,four_circle,362,outputs/multi_batch/batch_1/four_circle/sample_0362/iteration_00150.png,-0.247246656884777,-0.2580854098641565,0.511993,0.7484367241515217,True,0.511993,3.583474,2.106444,0.105974,0.489991,3,False,False,0.51220703125,150,150,True,0.0007489517695193209,False
1,four_circle,363,outputs/multi_batch/batch_1/four_circle/sample_0363/iteration_00150.png,-0.4145452236041093,-0.4145452236044676,0.610036,0.3703159022199275,True,0.632592,2.262446,1.029258,0.172821,0.379169,3,False,False,0.62744140625,150,150,True,0.012172034935103632,False
1,four_circle,365,outputs/multi_batch/batch_1/four_circle/sample_0365/iteration_00127.png,-0.206914017215682,-0.2026324779598879,0.479734,0.7282575301087322,True,0.479735,2.406135,2.297736,0.139896,0.546317,3,False,False,0.4833984375,127,150,False,0.008144299184022563,False
1,four_circle,366,outputs/multi_batch/batch_1/four_circle/sample_0366/iteration_00150.png,-0.0119570456677491,-0.1282244559252609,0.276238,1.995089039390079,True,0.570188,4.717462,1.281978,0.087822,0.307917,12,False,False,0.265380859375,150,150,True,2.2417033995647,True
1,four_circle,369,outputs/multi_batch/batch_1/four_circle/sample_0369/iteration_00150.png,-0.3293143321982478,-0.3378417871434702,0.636313,0.4770886279588302,True,0.640314,2.034798,1.864689,0.080117,0.338442,2,False,False,0.63916015625,150,150,True,0.0017765518460325896,False
1,four_circle,370,outputs/multi_batch/batch_1/four_circle/sample_0370/iteration_00150.png,-0.5266177961790857,-0.5794039145757619,0.455158,1.2880435984453769,True,0.613579,4.340265,1.743957,0.129654,0.407982,4,False,False,0.4541015625,150,150,True,1.8953108021225512e-06,False
1,four_circle,371,outputs/multi_batch/batch_1/four_circle/sample_0371/iteration_00150.png,-0.163407006956323,-0.1317187908586853,0.480869,0.8963653223948833,True,0.483217,3.017031,2.165213,0.199525,0.292463,2,False,False,0.48681640625,150,150,True,0.0009310505353539758,False
1,four_circle,373,outputs/multi_batch/batch_1/four_circle/sample_0373/iteration_00150.png,-0.3230694257612538,-0.3230694257615374,0.572456,0.6541771642772836,True,0.581381,3.148641,1.183662,0.113478,0.464302,3,False,False,0.581298828125,150,150,True,0.011470388335955687,False
1,four_circle,377,outputs/multi_batch/batch_1/four_circle/sample_0377/iteration_00150.png,-0.0071101752369775,-0.0178081589160101,0.355009,1.627297644124244,True,0.500941,2.746455,1.22839,0.071541,0.436952,5,False,False,0.35400390625,150,150,True,3.3784949121361367,True
1,four_circle,378,outputs/multi_batch/batch_1/four_circle/sample_0378/iteration_00143.png,-0.285750444224833,-0.2888835414025856,0.529381,0.6959785227098317,True,0.529382,4.941108,2.193107,0.119465,0.346385,3,False,False,0.533935546875,143,150,False,0.0003976636909329992,False
1,four_circle,383,outputs/multi_batch/batch_1/four_circle/sample_0383/iteration_00150.png,0.143511933157486,0.1435119331575668,0.590291,1.4316901827435726,True,0.591245,2.134748,2.49703,0.241963,0.265722,3,False,False,0.6123046875,150,150,True,0.34926436991684184,True
1,four_circle,384,outputs/multi_batch/batch_1/four_circle/sample_0384/iteration_00150.png,-0.0832673823882616,-0.1155172783173385,0.390281,1.6936683338204963,True,0.490349,4.793659,1.54463,0.227598,0.390033,3,False,False,0.389404296875,150,150,True,0.1567934886935156,True
1,four_circle,386,outputs/multi_batch/batch_1/four_circle/sample_0386/iteration_00150.png,-0.4231551964418077,-0.434302405449192,0.646972,0.0629616964909752,True,0.646973,4.183585,1.057062,0.145885,0.278395,4,False,False,0.650146484375,150,150,True,0.005392152633142338,False
1,four_circle,387,outputs/multi_batch/batch_1/four_circle/sample_0387/iteration_00150.png,-0.2757725517740181,-0.2490620236342797,0.443838,1.1934035889311578,True,0.524409,2.506086,2.040545,0.175132,0.468891,3,False,False,0.440185546875,150,150,True,0.0014333604721064666,False
1,four_circle,390,outputs/multi_batch/batch_1/four_circle/sample_0390/iteration_00150.png,0.0270288758391003,0.0151757266884668,0.528095,1.4776717444199965,True,0.588528,4.562445,1.782032,0.060521,0.519076,1,True,False,0.539794921875,150,150,True,1.2983073077544502,True
1,four_circle,397,outputs/multi_batch/batch_1/four_circle/sample_0397/iteration_00150.png,-0.3655254674055287,-0.3738387462625843,0.50746,0.5444609181493627,True,0.50746,3.33295,1.454478,0.148775,0.348609,3,False,False,0.528564453125,150,150,True,0.0002918891241429494,False
1,four_circle,398,outputs/multi_batch/batch_1/four_circle/sample_0398/iteration_00150.png,-0.3301552805351357,-0.3310687017616101,0.543469,0.8817306365255034,True,0.543469,4.120604,1.943115,0.097726,0.429968,4,False,False,0.548095703125,150,150,True,0.0002627235188282281,False
1,four_circle,399,outputs/multi_batch/batch_1/four_circle/sample_0399/iteration_00150.png,-0.3489342627815888,-0.3489342627818324,0.572478,0.6560649629566025,True,0.663092,2.440184,1.145714,0.230879,0.319585,13,False,False,0.5869140625,150,150,True,0.025318360513891257,False
1,four_circle,402,outputs/multi_batch/batch_1/four_circle/sample_0402/iteration_00150.png,-0.2057837336984518,-0.2095290730165091,0.578072,0.7216079274954105,True,0.578071,3.741942,2.395206,0.131676,0.304132,3,False,False,0.58203125,150,150,True,0.0014272281753225946,False
1,four_circle,404,outputs/multi_batch/batch_1/four_circle/sample_0404/iteration_00150.png,-0.3728124690489333,-0.3407313377491467,0.48875,0.5822877675355582,True,0.488751,3.879777,1.325785,0.155223,0.471281,3,False,False,0.489501953125,150,150,True,0.0009603263504589255,False
1,four_circle,407,outputs/multi_batch/batch_1/four_circle/sample_0407/iteration_00097.png,-0.0222279768318052,-0.0235733628311766,0.515242,1.4795991447960062,True,0.515242,3.185226,2.283132,0.204565,0.382881,3,False,False,0.529541015625,97,150,False,0.43676015665757967,True
1,four_circle,408,outputs/multi_batch/batch_1/four_circle/sample_0408/iteration_00150.png,-0.422876590958681,-0.4755519453753872,0.595565,0.5881388324910342,True,0.595566,4.975036,1.083382,0.209758,0.425219,5,False,False,0.592041015625,150,150,True,0.02638512349779888,False
1,four_circle,409,outputs/multi_batch/batch_1/four_circle/sample_0409/iteration_00150.png,-0.3272882448149787,-0.2853298943303541,0.466167,0.9454949901345502,True,0.466166,3.273137,2.066773,0.067914,0.314997,3,False,False,0.47265625,150,150,True,0.02207158078014112,False
1,four_circle,415,outputs/multi_batch/batch_1/four_circle/sample_0415/iteration_00150.png,-0.1667026568643087,-0.152611079035208,0.62026,0.9052015102466164,True,0.625807,3.036059,1.653795,0.244364,0.444039,2,False,False,0.6318359375,150,150,True,0.01037536525061801,False
1,four_circle,420,outputs/multi_batch/batch_1/four_circle/sample_0420/iteration_00150.png,0.0128195455061309,0.0174380315840237,0.372891,1.802098672226522,True,0.521884,4.596374,1.379833,0.170217,0.290022,7,False,False,0.37646484375,150,150,True,0.07801960920659201,False
1,four_circle,422,outputs/multi_batch/batch_1/four_circle/sample_0422/iteration_00150.png,-0.3921831028694906,-0.4342177117155976,0.607723,0.4684082919908002,True,0.61552,3.614254,1.126641,0.050025,0.340686,4,False,False,0.609619140625,150,150,True,0.00013734260124597335,False
1,four_circle,424,outputs/multi_batch/batch_1/four_circle/sample_0424/iteration_00073.png,-0.3259942752674453,-0.3104647735042955,0.561406,0.8487373665997803,True,0.571872,4.147076,1.165302,0.219341,0.398745,1,True,False,0.5693359375,73,150,False,0.2003848863220838,True
1,four_circle,425,outputs/multi_batch/batch_1/four_circle/sample_0425/iteration_00150.png,-0.2108586207611583,-0.2108586207614057,0.619875,0.8428222108797184,True,0.693444,2.448845,1.961606,0.051811,0.507952,2,False,False,0.626708984375,150,150,True,0.0007602282573537658,False
1,four_circle,428,outputs/multi_batch/batch_1/four_circle/sample_0428/iteration_00150.png,-0.0495640747866302,-0.0295518472433764,0.281294,1.8654781732593384,True,0.505308,4.52886,1.849534,0.186761,0.403861,7,False,False,0.279052734375,150,150,True,0.0012649221282315117,False
1,four_circle,432,outputs/multi_batch/batch_1/four_circle/sample_0432/iteration_00150.png,-0.1181485074732846,-0.1176307875150553,0.672847,0.9280814251380574,True,0.672846,4.901663,2.301252,0.245753,0.312002,1,True,False,0.710205078125,150,150,True,0.4291855761428588,True
1,four_circle,433,outputs/multi_batch/batch_1/four_circle/sample_0433/iteration_00150.png,-0.2794691182880084,-0.2897172331650984,0.545411,0.8912065646453661,True,0.545411,3.205633,1.599111,0.075003,0.425905,4,False,False,0.54833984375,150,150,True,0.0037753603599270068,False
1,four_circle,434,outputs/multi_batch/batch_1/four_circle/sample_0434/iteration_00150.png,-0.0956145593383028,-0.1260882056675199,0.454714,1.4388808524221623,True,0.454714,3.917962,1.816529,0.127712,0.357432,2,False,False,0.453857421875,150,150,True,0.008716757656020339,False
1,four_circle,438,outputs/multi_batch/batch_1/four_circle/sample_0438/iteration_00150.png,-0.0464167403104492,-0.0369630672015048,0.485323,1.6076134567841769,True,0.513212,4.289132,1.044315,0.066176,0.444578,5,False,False,0.488037109375,150,150,True,0.9678967690663706,True
1,four_circle,439,outputs/multi_batch/batch_1/four_circle/sample_0439/iteration_00150.png,-0.2863408383701296,-0.2863408383703554,0.533088,0.7907203902628951,True,0.642597,2.962969,2.123425,0.211048,0.255831,3,False,False,0.532958984375,150,150,True,0.006504672505625699,False
1,four_circle,444,outputs/multi_batch/batch_1/four_circle/sample_0444/iteration_00150.png,0.0353817828844071,0.0281455638811958,0.324514,1.5761502027507008,True,0.534537,3.994256,2.35769,0.187703,0.284855,4,False,False,0.32373046875,150,150,True,0.0005220999409204105,False
1,four_circle,447,outputs/multi_batch/batch_1/four_circle/sample_0447/iteration_00150.png,-0.3722671222103572,-0.3331293406769304,0.500722,0.6443013155877519,True,0.500722,3.305486,1.063434,0.240024,0.493796,3,False,False,0.5009765625,150,150,True,0.00019019427943822435,False
1,four_circle,453,outputs/multi_batch/batch_1/four_circle/sample_0453/iteration_00150.png,0.0257364106519915,0.0148384757570163,0.296949,1.6812998757298234,True,0.524128,3.452934,1.924314,0.106652,0.537442,2,False,False,0.29638671875,150,150,True,7.480270785809926e-05,False
1,four_circle,454,outputs/multi_batch/batch_1/four_circle/sample_0454/iteration_00150.png,-0.2592253216249672,-0.2371522083826129,0.495444,0.7353021237148558,True,0.495444,4.234625,1.661257,0.059363,0.316793,3,False,False,0.491943359375,150,150,True,0.007615620011054818,False
1,four_circle,456,outputs/multi_batch/batch_1/four_circle/sample_0456/iteration_00150.png,-0.3174716337031791,-0.3184915184768033,0.532626,0.8769494671405967,True,0.536364,4.673387,1.825363,0.216987,0.500868,3,False,False,0.536865234375,150,150,True,0.002735530771576835,False
1,four_circle,457,outputs/multi_batch/batch_1/four_circle/sample_0457/iteration_00150.png,-0.3893961659766823,-0.3715078508452134,0.582308,0.8632519567319769,True,0.666725,3.375293,1.310356,0.061862,0.386965,2,False,False,0.588623046875,150,150,True,0.007523809535975051,False
1,four_circle,460,outputs/multi_batch/batch_1/four_circle/sample_0460/iteration_00150.png,-0.3575696378535729,-0.33124433500626,0.437788,0.7272073217623389,True,0.477369,3.557008,1.000508,0.176912,0.301222,3,False,False,0.4423828125,150,150,True,0.03484668564918653,False
1,four_circle,463,outputs/multi_batch/batch_1/four_circle/sample_0463/iteration_00068.png,0.2999999999999593,0.3000000000000113,0.0,1.999999999995317,True,0.568554,2.768616,2.391306,0.225812,0.519542,0,True,True,0.0,68,150,False,1.242702165194751,True
1,four_circle,465,outputs/multi_batch/batch_1/four_circle/sample_0465/iteration_00150.png,-0.231346574225376,-0.2340544814016359,0.517473,0.8959397495206494,True,0.517472,2.632441,2.446283,0.085545,0.323709,3,False,False,0.52685546875,150,150,True,0.002022516199494105,False
1,four_circle,466,outputs/multi_batch/batch_1/four_circle/sample_0466/iteration_00150.png,-0.2939279932467518,-0.315621729243091,0.481707,0.6017291008497508,True,0.481707,4.82111,1.162236,0.135959,0.535142,3,False,False,0.474365234375,150,150,True,0.005808224861276918,False
1,four_circle,468,outputs/multi_batch/batch_1/four_circle/sample_0468/iteration_00150.png,-0.2339900165732286,-0.223721642444823,0.57987,0.8718823255521653,True,0.57987,4.302049,2.137922,0.15011,0.364482,3,False,False,0.5888671875,150,150,True,0.0033546962550592614,False
1,four_circle,469,outputs/multi_batch/batch_1/four_circle/sample_0469/iteration_00117.png,-0.2245012081836476,-0.2353072626837923,0.451456,0.8361196222539147,True,0.451457,2.996631,1.715566,0.12086,0.478824,3,False,False,0.447998046875,117,150,False,0.001006808598588859,False
1,four_circle,470,outputs/multi_batch/batch_1/four_circle/sample_0470/iteration_00150.png,-0.0035241816304074,-0.0042434496881013,0.46884,1.6954250431834992,True,0.547773,3.690443,1.887573,0.070151,0.267526,5,False,False,0.46533203125,150,150,True,1.1718760413195604,True
1,four_circle,475,outputs/multi_batch/batch_1/four_circle/sample_0475/iteration_00150.png,-0.2607488510869306,-0.2606645910689253,0.531287,1.263561906382911,True,0.531288,3.084535,1.134477,0.15745,0.406232,2,False,False,0.5263671875,150,150,True,0.08683888432957801,False
1,four_circle,478,outputs/multi_batch/batch_1/four_circle/sample_0478/iteration_00150.png,-0.414188122100866,-0.4393982299873237,0.490323,1.3019097688095789,True,0.593398,4.027844,1.199653,0.078778,0.50549,4,False,False,0.498291015625,150,150,True,0.1905658173149956,True
1,grid_circular_voids,481,outputs/multi_batch/batch_1/grid_circular_voids/sample_0481/iteration_00150.png,-0.317382793545673,-0.3244392431143668,0.601397,0.302187353222932,True,0.601397,2.233028,1.977376,0.127882,0.434405,2,False,False,0.604248046875,150,150,True,0.002105308074656474,False
1,grid_circular_voids,482,outputs/multi_batch/batch_1/grid_circular_voids/sample_0482/iteration_00150.png,-0.3648911206014331,-0.3615910103013422,0.649565,0.3189474987639928,True,0.649565,3.995312,1.279012,0.093482,0.337063,2,False,False,0.652099609375,150,150,True,0.0007843616328003682,False
1,grid_circular_voids,483,outputs/multi_batch/batch_1/grid_circular_voids/sample_0483/iteration_00083.png,-0.227587394040843,-0.2331008977938181,0.491369,0.7425045874503693,True,0.491368,3.417344,2.150267,0.235296,0.522115,2,False,False,0.494384765625,83,150,False,0.007913643243508248,False
1,grid_circular_voids,485,outputs/multi_batch/batch_1/grid_circular_voids/sample_0485/iteration_00150.png,-0.1770421209394094,-0.1686400956417063,0.694281,0.7482979554600144,True,0.696207,2.967216,1.699424,0.069284,0.395073,7,False,False,0.6962890625,150,150,True,0.00020217904077281956,False
1,grid_circular_voids,486,outputs/multi_batch/batch_1/grid_circular_voids/sample_0486/iteration_00150.png,-0.2665644928712155,-0.2572730901787378,0.617239,1.0294610396602843,True,0.617239,4.756082,2.48861,0.109931,0.452567,2,False,False,0.6279296875,150,150,True,0.0040745931685528545,False
1,grid_circular_voids,489,outputs/multi_batch/batch_1/grid_circular_voids/sample_0489/iteration_00061.png,-0.383677021389196,-0.3836767876376856,0.55335,0.3457829027958652,True,0.553351,3.250675,1.080999,0.121359,0.478357,2,False,False,0.56005859375,61,150,False,0.0056379113718773655,False
1,grid_circular_voids,490,outputs/multi_batch/batch_1/grid_circular_voids/sample_0490/iteration_00150.png,-0.2997520890843952,-0.2942124916128152,0.511072,0.5949022749450288,True,0.511072,4.474111,1.776434,0.061958,0.27555,2,False,False,0.520263671875,150,150,True,0.005408360287876313,False
1,grid_circular_voids,491,outputs/multi_batch/batch_1/grid_circular_voids/sample_0491/iteration_00150.png,-0.316682609242768,-0.3166826092429745,0.573051,0.4428493142560155,True,0.661485,2.019484,1.652294,0.217028,0.465272,2,False,False,0.57373046875,150,150,True,0.0016197999311191487,False
1,grid_circular_voids,492,outputs/multi_batch/batch_1/grid_circular_voids/sample_0492/iteration_00150.png,-0.4499154475708544,-0.4499154475710613,0.669085,0.3187195902694866,True,0.677326,4.92258,1.325637,0.24594,0.407262,2,False,False,0.672119140625,150,150,True,0.07686063181166553,False
1,grid_circular_voids,493,outputs/multi_batch/batch_1/grid_circular_voids/sample_0493/iteration_00150.png,-0.2721090357492713,-0.2668457008296887,0.464461,0.6868735054822339,True,0.464461,2.513559,2.290585,0.075221,0.29254,2,False,False,0.471435546875,150,150,True,0.022728396026933915,False
1,grid_circular_voids,495,outputs/multi_batch/batch_1/grid_circular_voids/sample_0495/iteration_00144.png,-0.3754256405890854,-0.3680005427676335,0.637094,0.3080983438713138,True,0.637094,2.758885,2.117751,0.18659,0.345081,2,False,False,0.64501953125,144,150,False,0.0032692063881887795,False
1,grid_circular_voids,498,outputs/multi_batch/batch_1/grid_circular_voids/sample_0498/iteration_00150.png,-0.3691531610857113,-0.3819622654886356,0.592366,0.4845447095660505,True,0.592366,4.879424,1.582344,0.081596,0.497972,2,False,False,0.5947265625,150,150,True,0.0018168219053568424,False
1,grid_circular_voids,499,outputs/multi_batch/batch_1/grid_circular_voids/sample_0499/iteration_00071.png,-0.3007467019398575,-0.2985889635713694,0.567,0.4338072377058776,True,0.566999,2.457194,1.800977,0.239809,0.383471,2,False,False,0.578125,71,150,False,0.002564645042688573,False
1,grid_circular_voids,501,outputs/multi_batch/batch_1/grid_circular_voids/sample_0501/iteration_00150.png,-0.2092042978489228,-0.2233574784572924,0.595936,0.8016014774323268,True,0.607773,2.157879,1.349425,0.055833,0.514966,3,False,False,0.597900390625,150,150,True,0.008839493903138212,False
1,grid_circular_voids,502,outputs/multi_batch/batch_1/grid_circular_voids/sample_0502/iteration_00150.png,-0.3168250900611763,-0.3431440944704406,0.686275,0.3971423838715864,True,0.691037,4.119549,2.048522,0.115185,0.312157,2,False,False,0.69580078125,150,150,True,0.003972319866328406,False
1,grid_circular_voids,504,outputs/multi_batch/batch_1/grid_circular_voids/sample_0504/iteration_00150.png,-0.2761781132670217,-0.2761781132672128,0.648994,0.6346553710621294,True,0.655326,4.718694,2.001951,0.17347,0.542324,2,False,False,0.656982421875,150,150,True,0.000479951210974623,False
1,grid_circular_voids,506,outputs/multi_batch/batch_1/grid_circular_voids/sample_0506/iteration_00150.png,-0.3546343947993518,-0.3304041869040885,0.546784,0.6131622615123099,True,0.546784,3.651522,2.174763,0.062963,0.414193,2,False,False,0.555419921875,150,150,True,0.001695917731958994,False
1,grid_circular_voids,508,outputs/multi_batch/batch_1/grid_circular_voids/sample_0508/iteration_00150.png,-0.3003450678694706,-0.300345067870108,0.62133,0.5262486552824277,True,0.627105,3.952153,1.723256,0.22897,0.287369,2,False,False,0.62548828125,150,150,True,0.03696130486654909,False
1,grid_circular_voids,509,outputs/multi_batch/batch_1/grid_circular_voids/sample_0509/iteration_00140.png,-0.3186034036844301,-0.3189686163268209,0.531406,0.5297506165180339,True,0.531406,3.360981,1.848105,0.099662,0.472199,2,False,False,0.53564453125,140,150,False,0.0029796354100622056,False
1,grid_circular_voids,510,outputs/multi_batch/batch_1/grid_circular_voids/sample_0510/iteration_00150.png,-0.3313853424378443,-0.3549627103257257,0.453912,0.8147649051210432,True,0.453912,4.408465,1.151938,0.134014,0.374863,2,False,False,0.45751953125,150,150,True,0.033746509811482375,False
1,grid_circular_voids,511,outputs/multi_batch/batch_1/grid_circular_voids/sample_0511/iteration_00150.png,-0.2267118956596652,-0.226711895659772,0.567784,0.6360800023499092,True,0.670732,2.365656,2.419422,0.188319,0.48549,2,False,False,0.574462890625,150,150,True,0.003532612879739379,False
1,grid_circular_voids,512,outputs/multi_batch/batch_1/grid_circular_voids/sample_0512/iteration_00150.png,-0.3206212368640724,-0.3121469654383688,0.523235,0.734762964412854,True,0.523236,4.062301,1.759758,0.192113,0.421754,2,False,False,0.535888671875,150,150,True,0.01752376662809266,False
1,grid_circular_voids,517,outputs/multi_batch/batch_1/grid_circular_voids/sample_0517/iteration_00150.png,-0.2804212542022893,-0.2804212542024954,0.634351,0.435290196894779,True,0.649107,2.704885,2.101104,0.066006,0.501365,2,False,False,0.639892578125,150,150,True,0.001002559726962276,False
1,grid_circular_voids,518,outputs/multi_batch/batch_1/grid_circular_voids/sample_0518/iteration_00150.png,-0.3666468814781481,-0.3796018841528742,0.603076,0.2937366523436095,True,0.603075,3.564492,1.297271,0.100306,0.251683,2,False,False,0.614013671875,150,150,True,0.0008670277107762933,False
1,grid_circular_voids,519,outputs/multi_batch/batch_1/grid_circular_voids/sample_0519/iteration_00035.png,-0.2718609223709642,-0.2718607259888546,0.569847,0.521658746192155,True,0.569847,3.022037,2.273915,0.171001,0.441093,2,False,False,0.577880859375,35,150,False,0.02385583977608185,False
1,grid_circular_voids,520,outputs/multi_batch/batch_1/grid_circular_voids/sample_0520/iteration_00150.png,-0.4015608477865308,-0.41869597618724,0.62986,0.2217908173095354,True,0.629861,4.515153,1.250272,0.16016,0.49034,2,False,False,0.6318359375,150,150,True,0.018736773797751387,False
1,grid_circular_voids,521,outputs/multi_batch/batch_1/grid_circular_voids/sample_0521/iteration_00111.png,-0.2941265298119735,-0.2941841182680519,0.541963,0.3604956999304191,True,0.541963,2.047893,2.133223,0.118374,0.380561,2,False,False,0.548583984375,111,150,False,0.0006028540056939611,False
1,grid_circular_voids,522,outputs/multi_batch/batch_1/grid_circular_voids/sample_0522/iteration_00150.png,-0.3365707246527688,-0.3281401429252756,0.459244,0.7021132600662277,True,0.459243,4.222927,1.423141,0.052821,0.46618,2,False,False,0.467529296875,150,150,True,0.009994032403841297,False
1,grid_circular_voids,523,outputs/multi_batch/batch_1/grid_circular_voids/sample_0523/iteration_00150.png,-0.3519387574332988,-0.3519387574335456,0.67772,0.3433303817602831,True,0.683826,3.301099,1.960354,0.21961,0.280497,2,False,False,0.68603515625,150,150,True,0.0032954148474703,False
1,grid_circular_voids,524,outputs/multi_batch/batch_1/grid_circular_voids/sample_0524/iteration_00150.png,-0.2685008396977461,-0.2605050463985509,0.667985,0.5331536629966216,True,0.667985,3.778866,2.471594,0.242284,0.301007,2,False,False,0.679931640625,150,150,True,0.0007983295233210257,False
1,grid_circular_voids,525,outputs/multi_batch/batch_1/grid_circular_voids/sample_0525/iteration_00137.png,-0.458078687102208,-0.4484119275471417,0.505854,0.2209417193750661,True,0.505853,2.814341,1.099407,0.084847,0.41169,2,False,False,0.524169921875,137,150,False,0.00044877617538791525,False
1,grid_circular_voids,526,outputs/multi_batch/batch_1/grid_circular_voids/sample_0526/iteration_00150.png,-0.3147199168240396,-0.3178284056493218,0.535355,1.0210963919596872,True,0.557837,4.963156,1.900311,0.144147,0.361223,3,False,False,0.535400390625,150,150,True,1.900436150098347e-05,False
1,grid_circular_voids,527,outputs/multi_batch/batch_1/grid_circular_voids/sample_0527/iteration_00150.png,-0.2763842470209876,-0.2834766043090228,0.583217,0.4852981933964966,True,0.583217,2.544065,1.67069,0.176587,0.546001,2,False,False,0.596435546875,150,150,True,0.0060641321778194986,False
1,grid_circular_voids,528,outputs/multi_batch/batch_1/grid_circular_voids/sample_0528/iteration_00150.png,-0.2339547891986091,-0.2170109171633469,0.472877,0.9285445800423502,True,0.472876,4.812977,2.203154,0.183005,0.263189,2,False,False,0.47998046875,150,150,True,0.012312663003353798,False
1,grid_circular_voids,531,outputs/multi_batch/batch_1/grid_circular_voids/sample_0531/iteration_00150.png,-0.329265975298834,-0.3292659752990399,0.499907,0.6147380189045658,True,0.51269,2.863377,1.398588,0.248555,0.508186,2,False,False,0.49658203125,150,150,True,0.004357483583575058,False
1,grid_circular_voids,533,outputs/multi_batch/batch_1/grid_circular_voids/sample_0533/iteration_00150.png,-0.3197399642178531,-0.3088480772002757,0.596913,0.48984959496981,True,0.596913,3.170032,2.447797,0.059098,0.343377,2,False,False,0.6064453125,150,150,True,0.016956633159299534,False
1,grid_circular_voids,536,outputs/multi_batch/batch_1/grid_circular_voids/sample_0536/iteration_00150.png,-0.40145093418195,-0.389930723749581,0.674363,0.1595043556525035,True,0.674364,3.609203,1.599357,0.164724,0.349353,2,False,False,0.685546875,150,150,True,0.0012930786349715365,False
1,grid_circular_voids,537,outputs/multi_batch/batch_1/grid_circular_voids/sample_0537/iteration_00150.png,-0.2993777039478901,-0.2993611694952736,0.453638,0.7001900494897529,True,0.453637,3.077024,1.829731,0.106535,0.539126,2,False,False,0.4599609375,150,150,True,0.0048409416800071015,False
1,grid_circular_voids,538,outputs/multi_batch/batch_1/grid_circular_voids/sample_0538/iteration_00150.png,-0.0833172605696534,-0.0982718616532647,0.469804,1.6331622875681913,True,0.532901,4.65143,1.028096,0.072088,0.289442,9,False,False,0.46923828125,150,150,True,0.7350812705003039,True
1,grid_circular_voids,540,outputs/multi_batch/batch_1/grid_circular_voids/sample_0540/iteration_00089.png,-0.3022744796338007,-0.3138407704999437,0.577585,0.523682145264418,True,0.577585,4.346411,2.077259,0.232638,0.458995,2,False,False,0.5791015625,89,150,False,0.023676322773173913,False
1,grid_circular_voids,541,outputs/multi_batch/batch_1/grid_circular_voids/sample_0541/iteration_00117.png,-0.3705470683073089,-0.3881416952440917,0.548281,0.3719217652829796,True,0.54828,2.311108,1.539334,0.090049,0.268937,2,False,False,0.551025390625,117,150,False,0.0030128482225877753,False
1,grid_circular_voids,542,outputs/multi_batch/batch_1/grid_circular_voids/sample_0542/iteration_00150.png,-0.2930839522010426,-0.2970899698612651,0.500774,0.6955072426517819,True,0.500774,3.912121,2.250151,0.130748,0.48346,2,False,False,0.508056640625,150,150,True,0.0017025797488354373,False
1,grid_circular_voids,543,outputs/multi_batch/batch_1/grid_circular_voids/sample_0543/iteration_00150.png,-0.3748969631864235,-0.3815983128049045,0.658958,0.1143791010129312,True,0.658958,3.331385,1.366443,0.198335,0.368686,2,False,False,0.668212890625,150,150,True,0.004236185609445567,False
1,grid_circular_voids,544,outputs/multi_batch/batch_1/grid_circular_voids/sample_0544/iteration_00090.png,-0.2690835905921068,-0.269544462287856,0.620349,0.5731716012245489,True,0.620349,3.585846,2.308893,0.199777,0.536441,2,False,False,0.6298828125,90,150,False,0.00202720944983507,False
1,grid_circular_voids,545,outputs/multi_batch/batch_1/grid_circular_voids/sample_0545/iteration_00120.png,-0.4515777807272908,-0.4463322177172212,0.520766,0.4732825057591593,True,0.520766,3.006585,1.308799,0.129062,0.350866,2,False,False,0.52783203125,120,150,False,0.002944071163796256,False
1,grid_circular_voids,546,outputs/multi_batch/batch_1/grid_circular_voids/sample_0546/iteration_00150.png,-0.2698724307338729,-0.2982666483448967,0.480441,1.070738468751531,True,0.48044,4.76872,2.112633,0.088414,0.401182,3,False,False,0.47998046875,150,150,True,0.050484724913490805,False
1,grid_circular_voids,549,outputs/multi_batch/batch_1/grid_circular_voids/sample_0549/iteration_00136.png,-0.2470819875175992,-0.2560027483245902,0.496315,0.5684126108773946,True,0.496314,2.240899,2.342615,0.073576,0.456849,2,False,False,0.500244140625,136,150,False,0.0019612186134547456,False
1,grid_circular_voids,552,outputs/multi_batch/batch_1/grid_circular_voids/sample_0552/iteration_00150.png,-0.415138848954206,-0.3559148766076473,0.540467,0.5942350087581406,True,0.540466,4.97696,1.682588,0.155715,0.451468,2,False,False,0.543212890625,150,150,True,0.0026433732328755696,False
1,grid_circular_voids,555,outputs/multi_batch/batch_1/grid_circular_voids/sample_0555/iteration_00150.png,-0.2370718423766627,-0.2184266933034536,0.461712,0.9561565292112822,True,0.461712,2.839996,2.483491,0.215064,0.396464,3,False,False,0.460205078125,150,150,True,0.007642228845487245,False
1,grid_circular_voids,556,outputs/multi_batch/batch_1/grid_circular_voids/sample_0556/iteration_00150.png,-0.2752623641558352,-0.2755579956391646,0.508323,0.6633229583552093,True,0.508324,4.242818,1.972264,0.247115,0.340798,2,False,False,0.513916015625,150,150,True,0.03588461545999737,False
1,grid_circular_voids,559,outputs/multi_batch/batch_1/grid_circular_voids/sample_0559/iteration_00150.png,-0.357357548308589,-0.3680308040078446,0.556341,0.3908811100321602,True,0.55634,2.079363,1.262181,0.181513,0.430962,3,False,False,0.563720703125,150,150,True,0.007105070106949671,False
1,grid_circular_voids,560,outputs/multi_batch/batch_1/grid_circular_voids/sample_0560/iteration_00150.png,-0.0658476306187769,-0.0660198645310524,0.688169,0.915767657893762,True,0.68817,4.538694,1.86496,0.17534,0.378599,1,True,False,0.705078125,150,150,True,1.0123493635464402,True
1,grid_circular_voids,561,outputs/multi_batch/batch_1/grid_circular_voids/sample_0561/iteration_00150.png,-0.2894817487253783,-0.2780822454628479,0.471378,0.5832467677011194,True,0.471378,2.118148,1.704942,0.146029,0.493473,2,False,False,0.4775390625,150,150,True,0.003441339782404089,False
1,grid_circular_voids,562,outputs/multi_batch/batch_1/grid_circular_voids/sample_0562/iteration_00150.png,-0.2493329730320722,-0.2495909830709708,0.515161,0.9606817295862512,True,0.515161,4.10582,2.412829,0.086677,0.279092,3,False,False,0.52294921875,150,150,True,0.005950098162586484,False
1,grid_circular_voids,563,outputs/multi_batch/batch_1/grid_circular_voids/sample_0563/iteration_00150.png,-0.4767587926425339,-0.4767587926430526,0.598016,0.3096315682425161,True,0.610887,3.136911,1.157074,0.240991,0.468757,2,False,False,0.599365234375,150,150,True,0.008955883210948817,False
1,grid_circular_voids,564,outputs/multi_batch/batch_1/grid_circular_voids/sample_0564/iteration_00150.png,-0.3883931137358947,-0.3891667588655561,0.595481,0.3040796964134116,True,0.595481,3.802177,1.387058,0.221439,0.413095,2,False,False,0.599365234375,150,150,True,0.0017627665222155876,False
1,grid_circular_voids,565,outputs/multi_batch/batch_1/grid_circular_voids/sample_0565/iteration_00150.png,-0.3689965302632586,-0.3512968266829365,0.562296,0.4598456871744638,True,0.562297,2.884734,1.995339,0.051529,0.298431,2,False,False,0.5673828125,150,150,True,0.006281355904610248,False
1,grid_circular_voids,567,outputs/multi_batch/batch_1/grid_circular_voids/sample_0567/iteration_00092.png,-0.3067193727397682,-0.3026442489062081,0.64106,0.4938963984133879,True,0.641061,2.380105,2.191622,0.162041,0.358089,2,False,False,0.645751953125,92,150,False,0.00042567910846544863,False
1,grid_circular_voids,570,outputs/multi_batch/batch_1/grid_circular_voids/sample_0570/iteration_00150.png,-0.4095718208448401,-0.4100930427919912,0.622281,0.2412631879300496,True,0.622281,4.377885,1.527429,0.06725,0.333597,2,False,False,0.627197265625,150,150,True,0.013111504355129758,False
1,grid_circular_voids,571,outputs/multi_batch/batch_1/grid_circular_voids/sample_0571/iteration_00134.png,-0.2632967543924838,-0.2601776693246779,0.534399,0.5795559584200588,True,0.534399,2.285635,2.041926,0.209819,0.518554,2,False,False,0.544677734375,134,150,False,0.0002837586749755939,False
1,grid_circular_voids,572,outputs/multi_batch/batch_1/grid_circular_voids/sample_0572/iteration_00103.png,-0.2302107018792369,-0.2317374727719256,0.549776,0.7561493068668198,True,0.549776,4.631721,2.365649,0.227806,0.499216,2,False,False,0.55322265625,103,150,False,0.010814334629022692,False
1,grid_circular_voids,573,outputs/multi_batch/batch_1/grid_circular_voids/sample_0573/iteration_00150.png,-0.3650623603678477,-0.3659070855816201,0.575172,0.4133846579870773,True,0.575172,2.587618,1.016201,0.094588,0.389258,2,False,False,0.583740234375,150,150,True,0.01419070833405822,False
1,grid_circular_voids,574,outputs/multi_batch/batch_1/grid_circular_voids/sample_0574/iteration_00150.png,-0.3170798851538963,-0.3170798851511509,0.654427,0.3888090123720271,True,0.660389,3.634862,1.817837,0.135187,0.439577,2,False,False,0.661376953125,150,150,True,0.0038365708993892264,False
1,grid_circular_voids,575,outputs/multi_batch/batch_1/grid_circular_voids/sample_0575/iteration_00033.png,-0.2976612095928754,-0.2976577746972252,0.498304,0.5737183106528871,True,0.498304,3.045372,1.564012,0.193408,0.254371,1,True,False,0.510986328125,33,150,False,0.24808374602834024,True
1,grid_circular_voids,576,outputs/multi_batch/batch_1/grid_circular_voids/sample_0576/iteration_00150.png,-0.3981055993219597,-0.4001945850201241,0.599961,0.5499271731800457,True,0.599961,4.742005,1.116267,0.190151,0.355291,2,False,False,0.596435546875,150,150,True,0.06207402436104937,False
1,grid_circular_voids,577,outputs/multi_batch/batch_1/grid_circular_voids/sample_0577/iteration_00039.png,-0.1904410773928094,-0.1904410719626989,0.574548,0.6016585582404023,True,0.574548,2.694812,2.453263,0.132718,0.544902,2,False,False,0.582763671875,39,150,False,0.005847647341883277,False
1,grid_circular_voids,578,outputs/multi_batch/batch_1/grid_circular_voids/sample_0578/iteration_00128.png,-0.3415775575919613,-0.3713487684757361,0.489876,0.5558063359746561,True,0.489875,3.534277,1.664079,0.098418,0.302398,2,False,False,0.496826171875,128,150,False,0.0020684408513561912,False
1,grid_circular_voids,579,outputs/multi_batch/batch_1/grid_circular_voids/sample_0579/iteration_00150.png,-0.2410692280107708,-0.2410692280108869,0.621465,0.656663722895344,True,0.651973,2.94165,1.905451,0.230848,0.417331,1,True,False,0.635986328125,150,150,True,0.152427570784234,True
1,grid_circular_voids,580,outputs/multi_batch/batch_1/grid_circular_voids/sample_0580/iteration_00150.png,-0.3208875343426063,-0.3208875343427785,0.656467,0.5299938222649869,True,0.698617,3.975694,2.138359,0.206624,0.474165,2,False,False,0.65966796875,150,150,True,0.003457477846156329,False
1,grid_circular_voids,581,outputs/multi_batch/batch_1/grid_circular_voids/sample_0581/iteration_00150.png,-0.3447928459028035,-0.3736340652034963,0.474,0.538013645519066,True,0.474001,3.431236,1.243676,0.064842,0.284232,2,False,False,0.48095703125,150,150,True,0.00749512033412802,False
1,grid_circular_voids,582,outputs/multi_batch/batch_1/grid_circular_voids/sample_0582/iteration_00087.png,-0.3300615332011942,-0.3197293969882099,0.527938,0.5701439872971601,True,0.527938,4.291358,1.942041,0.105395,0.486896,2,False,False,0.535400390625,87,150,False,0.002461820610095948,False
1,grid_circular_voids,585,outputs/multi_batch/batch_1/grid_circular_voids/sample_0585/iteration_00150.png,-0.3302564678025438,-0.3302043111284721,0.588042,0.3387935362249368,True,0.588041,2.774243,1.486942,0.113304,0.442338,2,False,False,0.590087890625,150,150,True,0.004911598011450238,False
1,grid_circular_voids,586,outputs/multi_batch/batch_1/grid_circular_voids/sample_0586/iteration_00150.png,-0.3750196871227828,-0.3565240308962299,0.662922,0.4955820386670633,True,0.662921,4.949793,2.279057,0.054004,0.384986,2,False,False,0.669189453125,150,150,True,0.008942174116980126,False
1,grid_circular_voids,587,outputs/multi_batch/batch_1/grid_circular_voids/sample_0587/iteration_00150.png,-0.3830819087652292,-0.39613760064233,0.508598,0.3839979929728757,True,0.508598,2.480529,1.290659,0.224689,0.495285,2,False,False,0.5068359375,150,150,True,0.0020927461846800247,False
1,grid_circular_voids,591,outputs/multi_batch/batch_1/grid_circular_voids/sample_0591/iteration_00150.png,-0.3059147348143776,-0.3168801614067773,0.53897,1.0568447326202453,True,0.538971,3.223643,2.312762,0.178529,0.315474,4,False,False,0.534912109375,150,150,True,0.09995510505283228,False
1,grid_circular_voids,592,outputs/multi_batch/batch_1/grid_circular_voids/sample_0592/iteration_00150.png,-0.3406243723531492,-0.381228782218894,0.641518,0.3483101567965666,True,0.641519,4.133444,1.557626,0.184953,0.475037,2,False,False,0.646728515625,150,150,True,0.003920757333252083,False
1,grid_circular_voids,593,outputs/multi_batch/batch_1/grid_circular_voids/sample_0593/iteration_00150.png,-0.2721475431603601,-0.2605142032017062,0.483308,0.9879395562931734,True,0.483308,3.180466,2.060427,0.14236,0.36539,3,False,False,0.48291015625,150,150,True,0.013411402302180585,False
1,grid_circular_voids,594,outputs/multi_batch/batch_1/grid_circular_voids/sample_0594/iteration_00144.png,-0.3814784684980212,-0.3721307374217385,0.564524,0.4513477436947706,True,0.564525,4.591172,1.361331,0.076661,0.462583,2,False,False,0.568603515625,144,150,False,0.0037054024374739516,False
1,grid_circular_voids,595,outputs/multi_batch/batch_1/grid_circular_voids/sample_0595/iteration_00150.png,0.1242210227591822,0.1242210227592313,0.583106,1.3991526911814036,True,0.593802,2.183627,2.256722,0.244256,0.277067,5,False,False,0.58984375,150,150,True,0.09128150019625117,False
1,grid_circular_voids,596,outputs/multi_batch/batch_1/grid_circular_voids/sample_0596/iteration_00150.png,-0.356936453137101,-0.3584090069884685,0.609208,0.4855721020738744,True,0.609208,4.899223,1.836321,0.218466,0.295229,2,False,False,0.619873046875,150,150,True,0.02933971190954192,False
1,grid_circular_voids,597,outputs/multi_batch/batch_1/grid_circular_voids/sample_0597/iteration_00150.png,-0.3446286214672743,-0.3511482904978645,0.517387,0.4644570705561165,True,0.517388,2.44312,1.594238,0.060275,0.405745,2,False,False,0.5224609375,150,150,True,0.007930882759625005,False
1,grid_circular_voids,598,outputs/multi_batch/batch_1/grid_circular_voids/sample_0598/iteration_00150.png,-0.2138285512957747,-0.2105377895452037,0.467929,0.9593843493601432,True,0.467929,3.833558,2.384155,0.119722,0.3484,3,False,False,0.46533203125,150,150,True,0.028855585128588265,False
1,grid_circular_voids,599,outputs/multi_batch/batch_1/grid_circular_voids/sample_0599/iteration_00029.png,-0.3998827258685622,-0.3998827258688699,0.6548,0.2995457922267455,True,0.688628,2.92289,1.046404,0.152916,0.533047,3,False,False,0.655029296875,29,150,False,0.8165175888467003,True
1,nine_circle,841,outputs/multi_batch/batch_1/nine_circle/sample_0841/iteration_00150.png,-0.2668756815050623,-0.2668756815052489,0.596792,0.4109686924207848,True,0.621532,2.040668,2.197644,0.181001,0.3929,2,False,False,0.596923828125,150,150,True,0.003134591766944335,False
1,nine_circle,842,outputs/multi_batch/batch_1/nine_circle/sample_0842/iteration_00150.png,-0.345400046044191,-0.3454000460431075,0.652666,0.4234712941638706,True,0.655075,4.480921,1.082799,0.238647,0.462029,4,False,False,0.658447265625,150,150,True,0.00860208195316837,False
1,nine_circle,843,outputs/multi_batch/batch_1/nine_circle/sample_0843/iteration_00150.png,-0.3886264056185644,-0.3956764177118025,0.564936,0.3660714692410611,True,0.564935,3.209871,1.760925,0.080081,0.305798,2,False,False,0.57080078125,150,150,True,0.002545233320102989,False
1,nine_circle,844,outputs/multi_batch/batch_1/nine_circle/sample_0844/iteration_00150.png,-0.2517405955407455,-0.2552958007764852,0.52192,1.078950832951972,True,0.52192,4.701264,2.494673,0.066885,0.26517,3,False,False,0.520263671875,150,150,True,0.08461163853797239,False
1,nine_circle,846,outputs/multi_batch/batch_1/nine_circle/sample_0846/iteration_00127.png,-0.2938416808298373,-0.3134071610776974,0.594237,0.5341072537018318,True,0.594237,3.532429,2.046986,0.166169,0.356191,2,False,False,0.6005859375,127,150,False,0.0034105386663876806,False
1,nine_circle,847,outputs/multi_batch/batch_1/nine_circle/sample_0847/iteration_00150.png,-0.3605586745808911,-0.3578567364908746,0.504673,0.4542199043854088,True,0.504673,2.636426,1.359329,0.102555,0.477263,2,False,False,0.510498046875,150,150,True,0.0015222979280971496,False
1,nine_circle,850,outputs/multi_batch/batch_1/nine_circle/sample_0850/iteration_00150.png,-0.216019447684943,-0.2157865702091541,0.555786,0.7349991303068921,True,0.555787,3.906428,2.358091,0.224266,0.501417,2,False,False,0.558837890625,150,150,True,0.003950829708854755,False
1,nine_circle,853,outputs/multi_batch/batch_1/nine_circle/sample_0853/iteration_00137.png,-0.2779181822524924,-0.281021565617203,0.528397,0.6129684810042351,True,0.528397,2.411005,1.896794,0.234434,0.538164,2,False,False,0.5322265625,137,150,False,0.0007064314668240679,False
1,nine_circle,854,outputs/multi_batch/batch_1/nine_circle/sample_0854/iteration_00150.png,0.0622949683681451,0.0632788263724728,0.46793,1.1974248065436583,True,0.495038,4.857837,1.534895,0.195932,0.316768,3,False,False,0.46533203125,150,150,True,0.00012640027808062855,False
1,nine_circle,856,outputs/multi_batch/batch_1/nine_circle/sample_0856/iteration_00150.png,-0.3387196561519016,-0.3656400750719568,0.571306,0.41901802888008,True,0.571306,4.93323,1.251481,0.126321,0.347467,2,False,False,0.57177734375,150,150,True,0.022037484415980767,False
1,nine_circle,857,outputs/multi_batch/batch_1/nine_circle/sample_0857/iteration_00150.png,-0.2506843957189382,-0.2506843957190967,0.620045,0.5235750821958314,True,0.661399,2.923213,1.96734,0.192406,0.484779,2,False,False,0.627685546875,150,150,True,0.011790143440084121,False
1,nine_circle,859,outputs/multi_batch/batch_1/nine_circle/sample_0859/iteration_00150.png,-0.2542404042950656,-0.2390784909397556,0.452375,0.7800341038388222,True,0.452375,2.498118,2.363382,0.09329,0.435397,3,False,False,0.457275390625,150,150,True,0.02182976832545774,False
1,nine_circle,860,outputs/multi_batch/batch_1/nine_circle/sample_0860/iteration_00150.png,-0.3491440039289328,-0.3394247808313876,0.511014,0.5407529990764227,True,0.511014,4.006722,1.881227,0.053482,0.471891,2,False,False,0.51611328125,150,150,True,0.02905534904011567,False
1,nine_circle,861,outputs/multi_batch/batch_1/nine_circle/sample_0861/iteration_00150.png,-0.3290437699118584,-0.3290658989800868,0.600591,0.4126941135076739,True,0.600592,2.371659,1.150003,0.215241,0.294729,2,False,False,0.6025390625,150,150,True,0.007185556271678505,False
1,nine_circle,862,outputs/multi_batch/batch_1/nine_circle/sample_0862/iteration_00150.png,-0.3124906527842707,-0.3124906527844072,0.616782,0.6873031609156443,True,0.673076,4.431454,2.28828,0.154186,0.525631,2,False,False,0.62890625,150,150,True,0.012414051082742301,False
1,nine_circle,863,outputs/multi_batch/batch_1/nine_circle/sample_0863/iteration_00104.png,-0.368375594343117,-0.3920377686528863,0.512635,0.4654226175093429,True,0.512635,3.452458,1.492944,0.114589,0.381576,2,False,False,0.51318359375,104,150,False,0.000362739702591254,False
1,nine_circle,864,outputs/multi_batch/batch_1/nine_circle/sample_0864/iteration_00150.png,-0.3514464284696156,-0.352232133949758,0.639067,0.3066780409865162,True,0.639068,3.632906,2.142877,0.11233,0.307786,2,False,False,0.6435546875,150,150,True,0.0014380045602046994,False
1,nine_circle,866,outputs/multi_batch/batch_1/nine_circle/sample_0866/iteration_00150.png,-0.204452045833347,-0.2179184778073815,0.476904,0.9810435361356352,True,0.476904,4.801562,1.836191,0.211641,0.370867,2,False,False,0.48583984375,150,150,True,0.053019751992127245,False
1,nine_circle,868,outputs/multi_batch/batch_1/nine_circle/sample_0868/iteration_00139.png,-0.3488377604351159,-0.371049091891415,0.578748,0.4930300421535187,True,0.578749,4.556497,1.74714,0.082854,0.511606,2,False,False,0.583984375,139,150,False,0.00043451606987659027,False
1,nine_circle,869,outputs/multi_batch/batch_1/nine_circle/sample_0869/iteration_00114.png,-0.2220314327298896,-0.220930157753507,0.488669,0.7981387717110799,True,0.488668,3.296983,2.409176,0.248421,0.330051,4,False,False,0.503173828125,114,150,False,0.002742522474320835,False
1,nine_circle,871,outputs/multi_batch/batch_1/nine_circle/sample_0871/iteration_00150.png,-0.3025433208593214,-0.3025433208595816,0.581976,0.5959052484734297,True,0.697619,2.127964,2.111986,0.147522,0.271255,2,False,False,0.588623046875,150,150,True,0.007267461083704862,False
1,nine_circle,874,outputs/multi_batch/batch_1/nine_circle/sample_0874/iteration_00150.png,0.0455797903086533,0.0455797903087016,0.67318,1.4368682696197888,True,0.677666,4.085786,2.017964,0.246779,0.289605,5,False,False,0.697509765625,150,150,True,0.7524272494743748,True
1,nine_circle,878,outputs/multi_batch/batch_1/nine_circle/sample_0878/iteration_00150.png,-0.4028844288501298,-0.40288442916464,0.615665,0.2723386103076587,True,0.617406,4.631422,1.100834,0.173551,0.493425,3,False,False,0.6181640625,150,150,True,0.010290767054115496,False
1,nine_circle,882,outputs/multi_batch/batch_1/nine_circle/sample_0882/iteration_00138.png,-0.4337873211027641,-0.4824518674737955,0.532572,0.4015423415127432,True,0.532573,4.260559,1.400587,0.21687,0.32932,2,False,False,0.538330078125,138,150,False,0.005872525738843549,False
1,nine_circle,883,outputs/multi_batch/batch_1/nine_circle/sample_0883/iteration_00150.png,-0.2587911204988069,-0.2587911204991645,0.640409,0.650390143574471,True,0.68512,3.364327,2.193143,0.051902,0.504134,2,False,False,0.651611328125,150,150,True,0.0009503125066127406,False
1,nine_circle,885,outputs/multi_batch/batch_1/nine_circle/sample_0885/iteration_00150.png,-0.3587099548376398,-0.3448612509450165,0.552145,0.4227953611888542,True,0.552146,2.765868,1.343311,0.230091,0.363393,2,False,False,0.553955078125,150,150,True,0.003174130281342029,False
1,nine_circle,886,outputs/multi_batch/batch_1/nine_circle/sample_0886/iteration_00150.png,-0.2212655865465143,-0.2303144396878948,0.472218,0.8336395430940445,True,0.472218,3.706099,2.457976,0.187786,0.453744,2,False,False,0.480712890625,150,150,True,0.025435623092129482,False
1,nine_circle,888,outputs/multi_batch/batch_1/nine_circle/sample_0888/iteration_00098.png,-0.354349919336717,-0.3357667846167838,0.517297,0.5871989325541075,True,0.517298,3.781491,1.80533,0.133716,0.482098,2,False,False,0.51611328125,98,150,False,0.0003432532587254866,False
1,nine_circle,892,outputs/multi_batch/batch_1/nine_circle/sample_0892/iteration_00150.png,-0.3219765703966277,-0.1092850583579456,0.456485,1.8348318201639355,True,0.456485,4.360855,1.316393,0.061628,0.29745,3,False,False,0.45361328125,150,150,True,0.5540268858839361,True
1,nine_circle,894,outputs/multi_batch/batch_1/nine_circle/sample_0894/iteration_00150.png,-0.3732816726086441,-0.3674430622911867,0.665528,0.3185567049149327,True,0.665529,4.029714,1.70477,0.162344,0.397738,2,False,False,0.669677734375,150,150,True,0.0011976637003103337,False
1,nine_circle,897,outputs/multi_batch/batch_1/nine_circle/sample_0897/iteration_00150.png,-0.2256548907571596,-0.2210002174850934,0.540865,0.76757476679125,True,0.540865,3.0967,2.402859,0.164576,0.323943,2,False,False,0.553466796875,150,150,True,0.0015976432555291416,False
1,nine_circle,898,outputs/multi_batch/batch_1/nine_circle/sample_0898/iteration_00145.png,-0.3537523060023606,-0.3449232021689544,0.484497,0.5141800418872351,True,0.484496,3.656426,1.264764,0.203472,0.533624,2,False,False,0.491943359375,145,150,False,0.001958765170728055,False
1,nine_circle,901,outputs/multi_batch/batch_1/nine_circle/sample_0901/iteration_00150.png,-0.3300459952532791,-0.3666939727714733,0.480541,0.5018081188494969,True,0.480541,2.151114,1.491589,0.243304,0.495408,2,False,False,0.4833984375,150,150,True,0.0031011040081542337,False
1,nine_circle,902,outputs/multi_batch/batch_1/nine_circle/sample_0902/iteration_00150.png,-0.2186833017236104,-0.2015429094777741,0.544844,1.0619160541713797,True,0.544845,4.580039,1.853311,0.176332,0.283351,2,False,False,0.54931640625,150,150,True,0.23607125177999716,True
1,nine_circle,903,outputs/multi_batch/batch_1/nine_circle/sample_0903/iteration_00150.png,-0.4486730047794495,-0.448573177958449,0.642694,0.0788254652708133,True,0.642694,3.226225,1.17792,0.142393,0.408233,2,False,False,0.65185546875,150,150,True,0.016844164671730735,False
1,nine_circle,906,outputs/multi_batch/batch_1/nine_circle/sample_0906/iteration_00107.png,-0.2502279903343731,-0.2278878737136438,0.527121,0.7447590880601933,True,0.527121,3.592062,2.255247,0.24132,0.37566,2,False,False,0.533447265625,107,150,False,0.06672093603990188,False
1,nine_circle,909,outputs/multi_batch/batch_1/nine_circle/sample_0909/iteration_00150.png,-0.2473297048394964,-0.2473297048396362,0.56223,0.4565598828647713,True,0.562229,2.075031,1.989891,0.206249,0.33477,2,False,False,0.571044921875,150,150,True,0.002690384409282683,False
1,nine_circle,912,outputs/multi_batch/batch_1/nine_circle/sample_0912/iteration_00082.png,-0.35902292432517,-0.33938950356069,0.490297,0.5672847762361181,True,0.490298,3.717138,1.670265,0.121648,0.361561,2,False,False,0.491943359375,82,150,False,0.011493636399257219,False
1,nine_circle,917,outputs/multi_batch/batch_1/nine_circle/sample_0917/iteration_00150.png,0.0979022282343738,0.0979028237325647,0.652395,1.3714183682775838,True,0.652395,3.400257,1.381376,0.232443,0.299449,1,True,False,0.737060546875,150,150,True,0.5266515737408637,True
1,nine_circle,920,outputs/multi_batch/batch_1/nine_circle/sample_0920/iteration_00150.png,-0.2713889099758048,-0.2713889099759903,0.660799,0.5256844361300594,True,0.671864,4.040662,2.423473,0.128237,0.415232,2,False,False,0.66943359375,150,150,True,9.911803305769677e-05,False
1,nine_circle,921,outputs/multi_batch/batch_1/nine_circle/sample_0921/iteration_00150.png,-0.305485497105043,-0.3033353519810808,0.519819,0.5276674913923405,True,0.51982,2.312398,1.732711,0.190491,0.277595,2,False,False,0.533447265625,150,150,True,0.0019656346432838294,False
1,nine_circle,923,outputs/multi_batch/batch_1/nine_circle/sample_0923/iteration_00150.png,-0.3784276708751554,-0.3764586674243129,0.603722,0.2321728435775868,True,0.603722,3.487463,1.285372,0.089836,0.327198,2,False,False,0.60791015625,150,150,True,0.0011736208537392108,False
1,nine_circle,924,outputs/multi_batch/batch_1/nine_circle/sample_0924/iteration_00150.png,-0.4165541263882065,-0.4302847175471448,0.607706,0.3188139949361713,True,0.607706,4.992039,1.459926,0.051469,0.365488,2,False,False,0.613525390625,150,150,True,0.00818995991274473,False
1,nine_circle,926,outputs/multi_batch/batch_1/nine_circle/sample_0926/iteration_00150.png,-0.3904318373973165,-0.4484523648530772,0.570521,0.2547721977932129,True,0.570522,3.817343,1.022128,0.150634,0.311967,2,False,False,0.57177734375,150,150,True,0.006707737477588634,False
1,nine_circle,929,outputs/multi_batch/batch_1/nine_circle/sample_0929/iteration_00150.png,-0.3540506667351415,-0.3540506667353991,0.655172,0.302492976533545,True,0.694944,3.262075,1.872562,0.173179,0.388172,2,False,False,0.660888671875,150,150,True,0.0010454665218230857,False
1,nine_circle,930,outputs/multi_batch/batch_1/nine_circle/sample_0930/iteration_00089.png,-0.3847400883753687,-0.3926356189978771,0.579439,0.4704303876651564,True,0.579438,4.197202,1.507903,0.208945,0.466759,2,False,False,0.586669921875,89,150,False,0.004339905091086313,False
1,nine_circle,931,outputs/multi_batch/batch_1/nine_circle/sample_0931/iteration_00150.png,-0.3118471647874898,-0.3368832570620013,0.482004,0.5655022636536235,True,0.482005,2.186955,2.273372,0.072283,0.291622,2,False,False,0.490966796875,150,150,True,0.010448943321564019,False
1,nine_circle,934,outputs/multi_batch/batch_1/nine_circle/sample_0934/iteration_00126.png,-0.2953037010084274,-0.2920633231853711,0.644116,0.5359720044070245,True,0.644117,4.742851,2.371841,0.186497,0.351388,2,False,False,0.655517578125,126,150,False,0.0008501961186523918,False
1,nine_circle,936,outputs/multi_batch/batch_1/nine_circle/sample_0936/iteration_00150.png,-0.4102749191731239,-0.4112097274957751,0.618157,0.1665183939350998,True,0.618156,3.521484,1.328678,0.149495,0.447406,2,False,False,0.623779296875,150,150,True,0.0029024646478222464,False
1,nine_circle,937,outputs/multi_batch/batch_1/nine_circle/sample_0937/iteration_00150.png,-0.2566426587275486,-0.2721576021443745,0.4583,0.7675283021917982,True,0.4583,2.625481,2.077506,0.181779,0.309767,2,False,False,0.46533203125,150,150,True,0.0460634839175393,False
1,nine_circle,938,outputs/multi_batch/batch_1/nine_circle/sample_0938/iteration_00150.png,-0.3316929031674141,-0.3315706031594474,0.56538,0.5929035858879675,True,0.565381,4.690333,1.689223,0.248795,0.547801,4,False,False,0.5751953125,150,150,True,0.011475164777894715,False
1,nine_circle,941,outputs/multi_batch/batch_1/nine_circle/sample_0941/iteration_00150.png,-0.4456373651286784,-0.4491659456489574,0.522458,0.3690436079617116,True,0.522458,3.174036,1.066901,0.210476,0.509511,2,False,False,0.519287109375,150,150,True,0.0012972255057387017,False
1,nine_circle,942,outputs/multi_batch/batch_1/nine_circle/sample_0942/iteration_00086.png,-0.2813352881606711,-0.2845766071576662,0.501192,0.7121168615740516,True,0.501191,4.119806,2.178801,0.171635,0.269247,2,False,False,0.508544921875,86,150,False,0.003950348306181795,False
1,nine_circle,944,outputs/multi_batch/batch_1/nine_circle/sample_0944/iteration_00150.png,-0.22569619255688,-0.2133010665903385,0.467202,1.103526848264584,True,0.467203,4.82199,2.230429,0.113388,0.486827,2,False,False,0.471923828125,150,150,True,0.04518772225374703,False
1,nine_circle,946,outputs/multi_batch/batch_1/nine_circle/sample_0946/iteration_00150.png,-0.3146744308286769,-0.3146744308123353,0.647054,0.5179187974160423,True,0.64877,3.740658,1.915686,0.212538,0.433379,2,False,False,0.65576171875,150,150,True,0.007360181795227877,False
1,nine_circle,948,outputs/multi_batch/batch_1/nine_circle/sample_0948/iteration_00150.png,-0.3610357763114649,-0.3721503432160526,0.53185,0.5269324576034442,True,0.53185,3.895495,1.641241,0.091331,0.292648,2,False,False,0.543212890625,150,150,True,0.002083151495601808,False
1,nine_circle,949,outputs/multi_batch/batch_1/nine_circle/sample_0949/iteration_00150.png,-0.2036520709769821,-0.2036520709771357,0.609201,0.6879886482364798,True,0.691817,2.24853,2.327437,0.227393,0.473936,2,False,False,0.622314453125,150,150,True,0.011618420405956677,False
1,nine_circle,950,outputs/multi_batch/batch_1/nine_circle/sample_0950/iteration_00074.png,-0.4013066512034186,-0.3938695686903837,0.584552,0.3469099257504985,True,0.584552,4.320031,1.1921,0.192022,0.383635,2,False,False,0.587890625,74,150,False,0.04895111519788911,False
1,nine_circle,951,outputs/multi_batch/batch_1/nine_circle/sample_0951/iteration_00150.png,-0.3032294399787422,-0.2531502264556577,0.49447,1.0281940178483668,True,0.494469,3.329499,2.026585,0.126754,0.523611,4,False,False,0.49951171875,150,150,True,0.03984388540682488,False
1,nine_circle,953,outputs/multi_batch/batch_1/nine_circle/sample_0953/iteration_00150.png,-0.2349756213315771,-0.2351287397516419,0.574636,0.6943543989206609,True,0.574636,3.416519,2.30423,0.194741,0.403118,2,False,False,0.588623046875,150,150,True,0.00041521324377726584,False
1,nine_circle,956,outputs/multi_batch/batch_1/nine_circle/sample_0956/iteration_00117.png,-0.2741456371912402,-0.2611214963354717,0.600039,0.6519127968786163,True,0.600039,3.841043,2.393901,0.058954,0.540231,2,False,False,0.609130859375,117,150,False,0.009460725865533424,False
1,nine_circle,957,outputs/multi_batch/batch_1/nine_circle/sample_0957/iteration_00075.png,-0.2902881940218783,-0.2845598411192757,0.510477,0.5913448161740845,True,0.510476,2.487093,1.574784,0.222269,0.377561,2,False,False,0.514404296875,75,150,False,0.019091026416299842,False
1,nine_circle,958,outputs/multi_batch/batch_1/nine_circle/sample_0958/iteration_00150.png,-0.286269262624108,-0.2502605898312092,0.516117,0.8333368255432975,True,0.516117,4.922197,1.939623,0.158083,0.439577,2,False,False,0.52783203125,150,150,True,0.011492403841746407,False
1,nine_circle,959,outputs/multi_batch/batch_1/nine_circle/sample_0959/iteration_00150.png,-0.4061119871073661,-0.4132531004320576,0.676543,-0.0052777389495491,True,0.676543,2.91218,1.279055,0.123192,0.318804,2,False,False,0.677490234375,150,150,True,0.002694125150946429,False
1,small_square_cross,1081,outputs/multi_batch/batch_1/small_square_cross/sample_1081/iteration_00150.png,-0.2450731394810238,-0.2551544297080173,0.600442,0.7925492026723135,True,0.601161,3.455988,1.869215,0.183808,0.385418,2,False,False,0.602783203125,150,150,True,0.0014497373620059016,False
1,small_square_cross,1085,outputs/multi_batch/batch_1/small_square_cross/sample_1085/iteration_00150.png,-0.2292505553394193,-0.2292505553395457,0.533862,0.7038625760229399,True,0.659995,2.252536,1.218686,0.23788,0.531053,3,False,False,0.537353515625,150,150,True,0.020572204742009183,False
1,small_square_cross,1088,outputs/multi_batch/batch_1/small_square_cross/sample_1088/iteration_00150.png,-0.0642116389009412,-0.0642116389265114,0.565351,0.8724314797728594,True,0.582599,3.521163,2.191241,0.118687,0.54551,1,True,False,0.56689453125,150,150,True,0.21427298116346796,True
1,small_square_cross,1089,outputs/multi_batch/batch_1/small_square_cross/sample_1089/iteration_00150.png,-0.1095932659804508,-0.107325149691718,0.537048,0.7637672565914617,True,0.537047,2.495707,1.492479,0.164738,0.270451,1,True,False,0.53759765625,150,150,True,0.1527150669880184,True
1,small_square_cross,1092,outputs/multi_batch/batch_1/small_square_cross/sample_1092/iteration_00150.png,-0.1384405700559583,-0.155311686512177,0.626278,1.2539489701271398,True,0.647299,4.724448,1.716406,0.060013,0.363015,1,True,False,0.634521484375,150,150,True,0.20351929761309298,True
1,small_square_cross,1097,outputs/multi_batch/batch_1/small_square_cross/sample_1097/iteration_00150.png,-0.2036975195220061,-0.2036975195221864,0.631328,0.6621912422396102,True,0.675679,2.182951,2.130052,0.195275,0.462673,2,False,False,0.6298828125,150,150,True,0.020328820116054223,False
1,small_square_cross,1100,outputs/multi_batch/batch_1/small_square_cross/sample_1100/iteration_00150.png,-0.1024550335489809,-0.1244091127620524,0.563475,1.1047025962964394,True,0.563474,4.410228,2.397924,0.081249,0.480241,1,True,False,0.57080078125,150,150,True,0.26168067555744384,True
1,small_square_cross,1101,outputs/multi_batch/batch_1/small_square_cross/sample_1101/iteration_00150.png,-0.1283114774480508,-0.1270574297673075,0.616842,0.7484037151193923,True,0.616842,3.197445,1.667022,0.227178,0.298195,1,True,False,0.62890625,150,150,True,0.40563144494692893,True
1,small_square_cross,1102,outputs/multi_batch/batch_1/small_square_cross/sample_1102/iteration_00150.png,-0.1065761653908946,-0.1061129901957505,0.666914,0.716391733362177,True,0.666914,3.60927,1.781422,0.17056,0.421873,1,True,False,0.6748046875,150,150,True,0.2682647436934642,True
1,small_square_cross,1108,outputs/multi_batch/batch_1/small_square_cross/sample_1108/iteration_00150.png,-0.3752160669150629,-0.3759198841209781,0.617839,0.56754457309945,True,0.62954,3.826583,1.273928,0.073746,0.445141,2,False,False,0.63037109375,150,150,True,0.0006354714021250781,False
1,small_square_cross,1113,outputs/multi_batch/batch_1/small_square_cross/sample_1113/iteration_00150.png,-0.0876552190279308,-0.08738206317789,0.613481,0.7207626483879214,True,0.613481,2.7399,1.349707,0.178661,0.42614,1,True,False,0.619873046875,150,150,True,0.256742083671113,True
1,small_square_cross,1115,outputs/multi_batch/batch_1/small_square_cross/sample_1115/iteration_00150.png,-0.0830553406465329,-0.088739443763932,0.462983,1.0197953311915144,True,0.462983,3.451497,1.471086,0.069536,0.475718,3,False,False,0.470947265625,150,150,True,0.1251766454064664,False
1,small_square_cross,1116,outputs/multi_batch/batch_1/small_square_cross/sample_1116/iteration_00150.png,0.0023788409633921,0.0020848011370906,0.501077,0.9091598199694328,True,0.501077,4.965749,1.128322,0.095811,0.521059,1,True,False,0.493896484375,150,150,True,0.7744287001392416,True
1,small_square_cross,1117,outputs/multi_batch/batch_1/small_square_cross/sample_1117/iteration_00150.png,0.0412709980085424,0.0412709980085651,0.583173,1.2618264222465747,True,0.679154,3.014469,1.812369,0.249674,0.261815,1,True,False,0.621826171875,150,150,True,0.8154738552933923,True
1,small_square_cross,1118,outputs/multi_batch/batch_1/small_square_cross/sample_1118/iteration_00150.png,-0.1992464644633405,-0.196657955676257,0.604668,0.7742742058530292,True,0.604668,4.178816,1.739347,0.15551,0.45815,2,False,False,0.6103515625,150,150,True,0.04966358341630899,False
1,small_square_cross,1120,outputs/multi_batch/batch_1/small_square_cross/sample_1120/iteration_00150.png,-0.121649384730791,-0.1107696552235465,0.632032,0.9576201902177028,True,0.632031,4.283124,1.590155,0.118757,0.280373,1,True,False,0.645263671875,150,150,True,0.2480866041024238,True
1,small_square_cross,1124,outputs/multi_batch/batch_1/small_square_cross/sample_1124/iteration_00150.png,-0.2235469227244006,-0.2235469227400656,0.675466,0.6733508088836201,True,0.691847,4.008378,2.252129,0.052516,0.406667,3,False,False,0.6826171875,150,150,True,0.017470603429880636,False
1,small_square_cross,1126,outputs/multi_batch/batch_1/small_square_cross/sample_1126/iteration_00150.png,-0.0250327119800376,-0.0315437352543079,0.541348,1.0231166259141786,True,0.541348,4.808042,2.11609,0.198897,0.497718,1,True,False,0.55517578125,150,150,True,2.3310765092084162,True
1,small_square_cross,1127,outputs/multi_batch/batch_1/small_square_cross/sample_1127/iteration_00150.png,-0.1442088049526162,-0.1439479245518329,0.578297,0.6788672560513793,True,0.578298,2.798166,1.194644,0.146585,0.322924,1,True,False,0.580810546875,150,150,True,0.19560650832214108,True
1,small_square_cross,1128,outputs/multi_batch/batch_1/small_square_cross/sample_1128/iteration_00150.png,-0.0781830739038712,-0.1096247306358946,0.45419,1.138463563108998,True,0.454261,4.707208,2.408636,0.139981,0.472526,1,True,False,0.4658203125,150,150,True,0.6624728445296216,True
1,small_square_cross,1130,outputs/multi_batch/batch_1/small_square_cross/sample_1130/iteration_00150.png,-0.095570271925481,-0.0955702719255469,0.591134,0.8404710677851531,True,0.62035,3.921733,1.91188,0.211335,0.525616,1,True,False,0.594482421875,150,150,True,0.324877058777613,True
1,small_square_cross,1133,outputs/multi_batch/batch_1/small_square_cross/sample_1133/iteration_00150.png,-0.200271613114625,-0.2002716131148134,0.573399,0.750250559661429,True,0.597915,2.43594,2.301531,0.235256,0.490089,2,False,False,0.5771484375,150,150,True,0.018752122533554526,False
1,small_square_cross,1139,outputs/multi_batch/batch_1/small_square_cross/sample_1139/iteration_00150.png,-0.2619075169088589,-0.2718040403712619,0.62524,0.7002233543550661,True,0.625239,3.10212,2.152605,0.089207,0.367867,2,False,False,0.62744140625,150,150,True,0.008642971535928037,False
1,small_square_cross,1143,outputs/multi_batch/batch_1/small_square_cross/sample_1143/iteration_00150.png,-0.1617671937747533,-0.1617671937748882,0.582525,0.8500144475386482,True,0.698722,2.653233,1.689851,0.132096,0.541573,1,True,False,0.584228515625,150,150,True,0.16108527594940056,True
1,small_square_cross,1144,outputs/multi_batch/batch_1/small_square_cross/sample_1144/iteration_00150.png,-0.0916428568596141,-0.0894712961477502,0.610351,0.8637951291531565,True,0.610352,4.187169,2.356466,0.134258,0.307349,1,True,False,0.61962890625,150,150,True,0.21498001179396753,True
1,small_square_cross,1150,outputs/multi_batch/batch_1/small_square_cross/sample_1150/iteration_00150.png,-0.2307741171159481,-0.250185613398676,0.516281,0.9079413872074378,True,0.516282,3.780447,1.358935,0.160392,0.543436,2,False,False,0.5166015625,150,150,True,0.005454517186695704,False
1,small_square_cross,1151,outputs/multi_batch/batch_1/small_square_cross/sample_1151/iteration_00150.png,-0.3397434184603866,-0.3094463686164429,0.603525,0.7314252793759562,True,0.603525,2.708108,1.949232,0.106626,0.277239,2,False,False,0.60498046875,150,150,True,0.014333194048644644,False
1,small_square_cross,1153,outputs/multi_batch/batch_1/small_square_cross/sample_1153/iteration_00150.png,-0.0914832416120173,-0.091483241612088,0.605969,0.801070662134975,True,0.630857,2.835863,2.081567,0.168324,0.474169,1,True,False,0.608642578125,150,150,True,0.1773898303089519,True
1,small_square_cross,1154,outputs/multi_batch/batch_1/small_square_cross/sample_1154/iteration_00150.png,-0.0693763917394206,-0.0693763917519189,0.651127,0.7767770410992958,True,0.651128,3.970863,1.445957,0.237439,0.255569,1,True,False,0.66015625,150,150,True,0.46715430216811393,True
1,small_square_cross,1155,outputs/multi_batch/batch_1/small_square_cross/sample_1155/iteration_00150.png,-0.1061317945293771,-0.0988517801934775,0.46867,1.129640935468565,True,0.468671,2.043054,2.238497,0.083479,0.523743,1,True,False,0.46533203125,150,150,True,0.7672091598670416,True
1,small_square_cross,1156,outputs/multi_batch/batch_1/small_square_cross/sample_1156/iteration_00150.png,-0.0450761594068165,-0.0515065094549732,0.49111,0.9546660653421016,True,0.49111,3.563134,1.884007,0.057399,0.491742,2,False,False,0.500244140625,150,150,True,0.3035415203086219,True
1,small_square_cross,1157,outputs/multi_batch/batch_1/small_square_cross/sample_1157/iteration_00150.png,-0.3605219262912489,-0.3605219262917066,0.518987,0.6965716612413057,True,0.689205,2.549386,1.056311,0.209616,0.291098,3,False,False,0.5185546875,150,150,True,0.020423760190573355,False
1,small_square_cross,1159,outputs/multi_batch/batch_1/small_square_cross/sample_1159/iteration_00150.png,-0.0212459441337694,-0.0226639290853693,0.542646,0.9313860759960952,True,0.542646,3.243593,1.576156,0.138965,0.388004,1,True,False,0.5458984375,150,150,True,0.26177662613779823,True
1,small_square_cross,1160,outputs/multi_batch/batch_1/small_square_cross/sample_1160/iteration_00150.png,-0.0835246402345478,-0.0835246402346049,0.589183,0.9084425328704888,True,0.66278,4.355531,2.048937,0.144861,0.538404,1,True,False,0.592041015625,150,150,True,0.21055250051603402,True
1,small_square_cross,1161,outputs/multi_batch/batch_1/small_square_cross/sample_1161/iteration_00031.png,0.0650784051953416,0.0650784052872752,0.456866,0.9569573017642494,True,0.456867,3.154478,1.259423,0.197151,0.281943,1,True,False,0.464111328125,31,150,False,0.24215342089339856,True
1,small_square_cross,1164,outputs/multi_batch/batch_1/small_square_cross/sample_1164/iteration_00150.png,-0.3649309848024325,-0.5384325531674982,0.559041,1.1258872205090251,True,0.594661,3.883214,1.012059,0.076826,0.37452,4,False,False,0.55810546875,150,150,True,0.07282979065046094,False
1,small_square_cross,1166,outputs/multi_batch/batch_1/small_square_cross/sample_1166/iteration_00150.png,-0.0543524149527846,-0.0654360677637407,0.510603,1.0214825762799613,True,0.510603,4.675371,1.619772,0.174977,0.320987,1,True,False,0.5224609375,150,150,True,0.1647302345833239,True
1,small_square_cross,1169,outputs/multi_batch/batch_1/small_square_cross/sample_1169/iteration_00150.png,-0.1550736468575241,-0.1550736468648192,0.63578,0.7416569558488111,True,0.642273,2.620436,2.383235,0.154496,0.392675,2,False,False,0.637939453125,150,150,True,0.012922610749320477,False
1,small_square_cross,1170,outputs/multi_batch/batch_1/small_square_cross/sample_1170/iteration_00150.png,-0.3170809748101935,-0.3173438264826348,0.622015,0.568861748443404,True,0.622016,4.572816,1.144105,0.247931,0.47759,3,False,False,0.625732421875,150,150,True,0.3413175734783186,True
1,small_square_cross,1173,outputs/multi_batch/batch_1/small_square_cross/sample_1173/iteration_00150.png,-0.0939084079662714,-0.0939084081235412,0.583925,0.798631434170501,True,0.583925,3.092941,1.545481,0.224204,0.519406,1,True,False,0.5849609375,150,150,True,0.3748076417820816,True
1,small_square_cross,1177,outputs/multi_batch/batch_1/small_square_cross/sample_1177/iteration_00150.png,0.0942235550945394,0.0942235550866461,0.519509,1.235012365596344,True,0.519793,2.963686,2.260958,0.175802,0.316171,7,False,False,0.53515625,150,150,True,0.010955785208123306,False
1,small_square_cross,1178,outputs/multi_batch/batch_1/small_square_cross/sample_1178/iteration_00150.png,-0.4062596172099092,-0.4217718838232046,0.500483,0.7311832970226991,True,0.500483,4.217846,1.209437,0.220015,0.404675,2,False,False,0.5009765625,150,150,True,0.00073391946252548,False
1,small_square_cross,1184,outputs/multi_batch/batch_1/small_square_cross/sample_1184/iteration_00150.png,-0.0377393351612185,-0.036122525998779,0.538341,0.9324052468188644,True,0.538341,4.060156,1.797668,0.12318,0.465415,1,True,False,0.5458984375,150,150,True,0.15209476748779843,True
1,small_square_cross,1186,outputs/multi_batch/batch_1/small_square_cross/sample_1186/iteration_00150.png,0.1089823982925061,0.108982398292516,0.684722,1.3452926253645807,True,0.684722,4.756286,2.33544,0.225017,0.513675,1,True,False,0.74951171875,150,150,True,1.2469646982411855,True
1,small_square_cross,1189,outputs/multi_batch/batch_1/small_square_cross/sample_1189/iteration_00150.png,-0.0878814789989307,-0.0878814789989947,0.617515,0.7953629553188533,True,0.646641,3.288895,1.975086,0.202855,0.482992,1,True,False,0.628173828125,150,150,True,0.2947834928918135,True
1,small_square_cross,1192,outputs/multi_batch/batch_1/small_square_cross/sample_1192/iteration_00150.png,-0.4520963484685453,-0.4518688855808513,0.659554,0.8932622346570591,True,0.672949,3.618495,1.169616,0.142595,0.273267,3,False,False,0.671630859375,150,150,True,0.010132786529604944,False
1,small_square_cross,1196,outputs/multi_batch/batch_1/small_square_cross/sample_1196/iteration_00150.png,-0.2489730850640689,-0.2335343900847648,0.380547,1.4699362340327735,True,0.615575,4.668155,2.019365,0.085739,0.418173,2,False,False,0.3818359375,150,150,True,0.8849551728600785,True
1,small_square_cross,1197,outputs/multi_batch/batch_1/small_square_cross/sample_1197/iteration_00150.png,-0.0939039418937158,-0.094465466069231,0.566602,0.71306526254004,True,0.566602,2.845768,1.297229,0.23167,0.365839,1,True,False,0.567626953125,150,150,True,0.29133435527371865,True
1,square,1200,outputs/multi_batch/batch_1/square/sample_1200/iteration_00117.png,-0.4931878518462539,-0.4399627117877763,0.509315,0.6604142818097013,True,0.509316,2.612551,1.556895,0.239084,0.261621,2,False,False,0.51953125,117,150,False,0.002775463488767678,False
1,square,1204,outputs/multi_batch/batch_1/square/sample_1204/iteration_00150.png,-0.237907508592867,-0.2493647302750354,0.474218,1.5039656309132512,True,0.537117,3.036972,2.229277,0.182177,0.426671,3,False,False,0.47802734375,150,150,True,0.008222179715261716,False
1,square,1207,outputs/multi_batch/batch_1/square/sample_1207/iteration_00150.png,-0.0258891175986481,-0.027717322751365,0.451443,1.332832542649781,True,0.451442,4.137496,1.310608,0.205067,0.290135,1,True,False,0.458740234375,150,150,True,0.2362443043065453,True
1,square,1208,outputs/multi_batch/batch_1/square/sample_1208/iteration_00150.png,-0.2689568554274462,-0.2689568568256256,0.649452,0.6137355472603755,True,0.660432,3.354559,1.764185,0.220608,0.36297,2,False,False,0.6611328125,150,150,True,0.009965806524866994,False
1,square,1211,outputs/multi_batch/batch_1/square/sample_1211/iteration_00150.png,-0.2174052364071275,-0.2174052360677796,0.573878,0.7630687451372885,True,0.589859,3.846326,1.601386,0.191563,0.499148,3,False,False,0.580810546875,150,150,True,0.16744197585997295,True
1,square,1213,outputs/multi_batch/batch_1/square/sample_1213/iteration_00150.png,-0.2755990458469108,-0.2922460426739894,0.523708,1.009939375919669,True,0.523708,3.978339,2.003693,0.13907,0.283595,2,False,False,0.537353515625,150,150,True,0.009701206447804176,False
1,square,1214,outputs/multi_batch/batch_1/square/sample_1214/iteration_00150.png,-0.2699591570978866,-0.2708846985417526,0.468764,0.8678792527466681,True,0.468764,2.829567,1.465941,0.072905,0.447274,2,False,False,0.474609375,150,150,True,0.028482084097179415,False
1,square,1215,outputs/multi_batch/batch_1/square/sample_1215/iteration_00150.png,-0.0257798198788099,-0.0257797989718335,0.679246,1.1572068076625772,True,0.679245,4.832549,2.361619,0.236022,0.338712,1,True,False,0.72021484375,150,150,True,3.077739855896852,True
1,square,1232,outputs/multi_batch/batch_1/square/sample_1232/iteration_00150.png,-0.0789174026835151,-0.0704534363097229,0.454728,1.1887419332357554,True,0.454729,3.254327,2.157574,0.244841,0.518496,1,True,False,0.468017578125,150,150,True,0.21224523242050078,True
1,square,1234,outputs/multi_batch/batch_1/square/sample_1234/iteration_00150.png,-0.3034326713758898,-0.3034325974846003,0.598452,0.5465997094104179,True,0.611204,2.590958,1.788845,0.129286,0.458615,2,False,False,0.605712890625,150,150,True,0.002338219697281177,False
1,square,1235,outputs/multi_batch/batch_1/square/sample_1235/iteration_00148.png,-0.4573955321151725,-0.4820093934658148,0.540437,0.555968585261286,True,0.540437,3.55944,1.194971,0.167354,0.345948,5,False,False,0.54345703125,148,150,False,0.017699535417574692,False
1,square,1239,outputs/multi_batch/batch_1/square/sample_1239/iteration_00113.png,-0.194699099590679,-0.2084832612617856,0.488604,1.3199327472655091,True,0.505737,4.732396,2.028472,0.210248,0.492326,1,True,False,0.489990234375,113,150,False,1.1779456543498645,True
1,square,1240,outputs/multi_batch/batch_1/square/sample_1240/iteration_00150.png,-0.291294940113146,-0.2912949401133913,0.630971,0.5767204307622709,True,0.683465,2.525628,1.146108,0.213289,0.41473,3,False,False,0.63720703125,150,150,True,0.004226496514335134,False
1,square,1242,outputs/multi_batch/batch_1/square/sample_1242/iteration_00150.png,-0.0427165297089026,-0.0363848387097807,0.521922,1.1880871772025534,True,0.526982,3.379792,1.537632,0.110241,0.507266,3,False,False,0.53076171875,150,150,True,0.4029089756314793,True
1,square,1243,outputs/multi_batch/batch_1/square/sample_1243/iteration_00150.png,-0.0956342577524825,-0.0973917164646535,0.629069,0.8465856104898306,True,0.629068,4.28231,2.477451,0.198686,0.31612,1,True,False,0.641357421875,150,150,True,0.24901323137668213,True
1,square,1244,outputs/multi_batch/batch_1/square/sample_1244/iteration_00150.png,-0.1499608984336092,-0.1534863065419411,0.585349,0.7392992914325827,True,0.585349,2.760387,1.879993,0.157941,0.273113,1,True,False,0.587890625,150,150,True,0.3204791050435809,True
1,square,1247,outputs/multi_batch/batch_1/square/sample_1247/iteration_00150.png,-0.192215242409133,-0.1922152431103392,0.652025,0.7426392894377232,True,0.655894,4.050493,1.673238,0.229278,0.446018,1,True,False,0.67529296875,150,150,True,0.2939589387108169,True
1,square,1249,outputs/multi_batch/batch_1/square/sample_1249/iteration_00150.png,-0.4349125340038016,-0.4349125340044291,0.602882,0.3031796389417137,True,0.621297,3.966619,1.102371,0.071344,0.482107,3,False,False,0.60595703125,150,150,True,0.005036590021572174,False
1,square,1258,outputs/multi_batch/batch_1/square/sample_1258/iteration_00150.png,-0.2955989697147696,-0.2936515319168472,0.478206,0.9231960087023146,True,0.478207,2.165232,1.239165,0.122187,0.282087,2,False,False,0.468994140625,150,150,True,0.004270162299817282,False
1,square,1259,outputs/multi_batch/batch_1/square/sample_1259/iteration_00150.png,-0.0713246637702535,-0.0713246637702985,0.578588,0.9184003822255268,True,0.674043,4.172654,1.839128,0.186856,0.541234,1,True,False,0.58056640625,150,150,True,0.3155259250633206,True
1,square,1264,outputs/multi_batch/batch_1/square/sample_1264/iteration_00150.png,0.0888485491880416,0.0888485491880847,0.699687,1.2034237394257723,True,0.699687,3.096164,1.991346,0.242898,0.452947,1,True,False,0.7734375,150,150,True,1.3005721422733243,True
1,square,1265,outputs/multi_batch/batch_1/square/sample_1265/iteration_00150.png,-0.0199478184941665,-0.02053376425307,0.455998,0.8736044382355725,True,0.455997,4.753442,1.086972,0.054401,0.342335,1,True,False,0.4375,150,150,True,0.31758938180078916,True
1,square,1268,outputs/multi_batch/batch_1/square/sample_1268/iteration_00150.png,-0.2337436978331441,-0.2452846516654329,0.600534,0.7372253106020613,True,0.600534,2.582386,1.234018,0.185743,0.308624,2,False,False,0.60400390625,150,150,True,0.0013385628226111439,False
1,square,1272,outputs/multi_batch/batch_1/square/sample_1272/iteration_00150.png,-0.3312425261072467,-0.3290830535763917,0.46994,0.7520593506070995,True,0.46994,2.308791,1.681523,0.223874,0.480431,3,False,False,0.47265625,150,150,True,0.005584808115703125,False
1,square,1274,outputs/multi_batch/batch_1/square/sample_1274/iteration_00150.png,-0.309232481099719,-0.3177471779347565,0.607265,0.5924362914403356,True,0.627422,2.787956,1.325155,0.102021,0.423122,3,False,False,0.6083984375,150,150,True,0.00025468056126436243,False
1,square,1276,outputs/multi_batch/batch_1/square/sample_1276/iteration_00150.png,-0.0723041851163154,-0.065728271678681,0.561218,1.1265602112638242,True,0.561219,3.387288,2.468157,0.154418,0.357275,1,True,False,0.576171875,150,150,True,0.22222502880253034,True
1,square,1284,outputs/multi_batch/batch_1/square/sample_1284/iteration_00150.png,-0.0820316670088854,-0.0820316670089403,0.563703,0.8356734665513311,True,0.645388,2.868189,1.497329,0.197454,0.534691,1,True,False,0.559326171875,150,150,True,0.3117743935912815,True
1,square,1286,outputs/multi_batch/batch_1/square/sample_1286/iteration_00150.png,-0.1933719163092978,-0.1974360227191059,0.553359,0.6884417155886382,True,0.553358,2.227846,1.139496,0.075503,0.44449,2,False,False,0.557373046875,150,150,True,0.007209062821833119,False
1,square,1287,outputs/multi_batch/batch_1/square/sample_1287/iteration_00150.png,-0.1205743783640564,-0.1221510180328871,0.590988,0.7855470072821856,True,0.590989,3.922548,2.032208,0.215571,0.332116,1,True,False,0.594482421875,150,150,True,0.32863723865802147,True
1,square,1289,outputs/multi_batch/batch_1/square/sample_1289/iteration_00150.png,-0.1282645237157598,-0.1282645237158638,0.583104,0.8541614198258844,True,0.637335,4.513762,1.941339,0.097437,0.521508,1,True,False,0.5849609375,150,150,True,0.16644041094742482,True
1,square,1291,outputs/multi_batch/batch_1/square/sample_1291/iteration_00150.png,-0.1312550365400628,-0.1623174065299152,0.470627,1.336265457198595,True,0.479365,3.686286,2.33323,0.175492,0.457086,5,False,False,0.4814453125,150,150,True,0.48611173014353193,True
1,square,1292,outputs/multi_batch/batch_1/square/sample_1292/iteration_00150.png,-0.2320429991979961,-0.2442776878379912,0.484993,0.9294328629901096,True,0.484994,2.161421,1.805664,0.16629,0.432096,2,False,False,0.484130859375,150,150,True,0.002247763732955455,False
1,square,1295,outputs/multi_batch/batch_1/square/sample_1295/iteration_00150.png,-0.2542995082174092,-0.2545528610486539,0.570703,0.7001270777957083,True,0.570703,4.670277,1.640349,0.246515,0.305803,1,True,False,0.58154296875,150,150,True,0.18355861806857776,True
1,square,1298,outputs/multi_batch/batch_1/square/sample_1298/iteration_00150.png,-0.2698026584853396,-0.2533899950268392,0.549618,0.768516356795907,True,0.549618,3.073856,1.65979,0.126232,0.276662,2,False,False,0.552978515625,150,150,True,0.010341324586065704,False
1,square,1299,outputs/multi_batch/batch_1/square/sample_1299/iteration_00150.png,-0.0567894841434703,-0.0567894841435072,0.59283,0.8835326785570533,True,0.605807,4.775745,2.262647,0.164726,0.537278,1,True,False,0.597900390625,150,150,True,0.3416600903938591,True
1,square,1300,outputs/multi_batch/batch_1/square/sample_1300/iteration_00150.png,-0.1040314667212789,-0.1040314667213925,0.601393,0.7570884545767995,True,0.608506,3.300696,2.110085,0.180183,0.511264,1,True,False,0.607177734375,150,150,True,0.20581741466268647,True
1,square,1301,outputs/multi_batch/batch_1/square/sample_1301/iteration_00150.png,-0.3903896345252048,-0.4152284166801878,0.539624,0.7863741782109899,True,0.539625,4.548917,1.155711,0.117117,0.321583,2,False,False,0.538818359375,150,150,True,0.013613054718449214,False
1,square,1303,outputs/multi_batch/batch_1/square/sample_1303/iteration_00150.png,-0.2191730642539023,-0.2191730642128787,0.676325,0.7005312641361877,True,0.694155,3.510503,1.525812,0.207769,0.374275,1,True,False,0.67822265625,150,150,True,0.25467646714929226,True
1,square,1307,outputs/multi_batch/batch_1/square/sample_1307/iteration_00150.png,0.0337378988376137,0.0339219798668861,0.541595,1.1637439516848749,True,0.563575,4.00458,1.059263,0.195895,0.433585,3,False,False,0.543212890625,150,150,True,0.01576512252241971,False
1,square,1311,outputs/multi_batch/batch_1/square/sample_1311/iteration_00150.png,0.0403696158105799,0.0403707856689195,0.467353,1.1140116634299009,True,0.467354,4.334542,1.778512,0.226239,0.254102,1,True,False,0.489013671875,150,150,True,0.8626109595490993,True
1,square,1314,outputs/multi_batch/batch_1/square/sample_1314/iteration_00150.png,0.0790904903099043,0.0799890969886078,0.492493,1.1048140359185634,True,0.50098,2.375243,1.020747,0.138227,0.500971,5,False,False,0.498779296875,150,150,True,0.010013677830620685,False
1,square,1316,outputs/multi_batch/batch_1/square/sample_1316/iteration_00150.png,-0.0969550478080812,-0.0969550478081314,0.666518,0.9053530978522242,True,0.684838,2.250199,2.209333,0.193651,0.285271,1,True,False,0.68408203125,150,150,True,0.45887956623511905,True
2,circle,5,outputs/multi_batch/batch_2/circle/sample_0005/iteration_00150.png,-0.3220516582110359,-0.312421647857897,0.489118,0.6507257562060197,True,0.489118,2.308449,1.310767,0.187033,0.361386,2,False,False,0.4921875,150,150,True,0.0008754462687891579,False
2,circle,6,outputs/multi_batch/batch_2/circle/sample_0006/iteration_00150.png,-0.1590685981892273,-0.1626729734859661,0.549249,0.8475788231778617,True,0.549248,3.99113,2.303296,0.22976,0.467792,1,True,False,0.5498046875,150,150,True,0.2560368037221946,True
2,circle,9,outputs/multi_batch/batch_2/circle/sample_0009/iteration_00150.png,0.0875315956096675,0.0875315956097015,0.683769,1.1793222997577306,True,0.689629,2.54275,1.721061,0.248897,0.520994,1,True,False,0.737060546875,150,150,True,1.0176562819551436,True
2,circle,10,outputs/multi_batch/batch_2/circle/sample_0010/iteration_00150.png,-0.0755803527447758,-0.0755803527448312,0.601786,0.9098885503818852,True,0.630476,3.850567,1.846219,0.193677,0.252245,1,True,False,0.611572265625,150,150,True,0.25033425897356776,True
2,circle,13,outputs/multi_batch/batch_2/circle/sample_0013/iteration_00150.png,-0.326635697705043,-0.3236985207207117,0.603184,0.8148912677634538,True,0.603183,3.236269,2.432074,0.154779,0.305385,2,False,False,0.613037109375,150,150,True,0.006801202023289128,False
2,circle,14,outputs/multi_batch/batch_2/circle/sample_0014/iteration_00150.png,-0.26627152182751,-0.2662715218278019,0.636706,0.6308286666944091,True,0.654543,4.563681,1.181916,0.21205,0.486237,1,True,False,0.6474609375,150,150,True,0.1615684942447164,True
2,circle,16,outputs/multi_batch/batch_2/circle/sample_0016/iteration_00150.png,-0.2834100136269613,-0.2832784337570835,0.60209,0.7018023543095228,True,0.613405,4.453924,1.700224,0.106687,0.464376,2,False,False,0.609619140625,150,150,True,0.01995379979794065,False
2,circle,18,outputs/multi_batch/batch_2/circle/sample_0018/iteration_00124.png,-0.3904907134709571,-0.4264301711222817,0.526041,0.8269388881796853,True,0.526041,4.116462,1.211531,0.159705,0.539971,5,False,False,0.53369140625,124,150,False,0.0025941132796875517,False
2,circle,21,outputs/multi_batch/batch_2/circle/sample_0021/iteration_00150.png,-0.1123881602469063,-0.1110614049396024,0.55333,0.6970567214696515,True,0.55333,2.750648,1.375603,0.198114,0.505287,1,True,False,0.558349609375,150,150,True,0.31067808812073333,True
2,circle,26,outputs/multi_batch/batch_2/circle/sample_0026/iteration_00150.png,-0.1070862153845095,-0.1071213964020648,0.693222,0.7719816072250614,True,0.693223,4.340376,2.344547,0.178977,0.40849,1,True,False,0.701416015625,150,150,True,0.3095681978082746,True
2,circle,28,outputs/multi_batch/batch_2/circle/sample_0028/iteration_00150.png,-0.2772461119824538,-0.2514930092489557,0.556766,0.8783328368325551,True,0.569371,4.688191,1.337075,0.06992,0.267414,2,False,False,0.566162109375,150,150,True,0.00340788684952905,False
2,circle,30,outputs/multi_batch/batch_2/circle/sample_0030/iteration_00150.png,-0.2422442805145019,-0.2364210464411355,0.591307,0.6473315723031449,True,0.591306,3.506979,1.621822,0.223133,0.342881,2,False,False,0.604736328125,150,150,True,0.005220791689587427,False
2,circle,31,outputs/multi_batch/batch_2/circle/sample_0031/iteration_00150.png,-0.2348621628672784,-0.2052466150865091,0.504275,1.0462090301617972,True,0.504275,3.018004,2.235671,0.112543,0.52192,2,False,False,0.50634765625,150,150,True,0.008169090390283528,False
2,circle,33,outputs/multi_batch/batch_2/circle/sample_0033/iteration_00150.png,-0.3468024958038196,-0.3459117955153786,0.512512,0.902509286912317,True,0.54462,2.749543,1.268434,0.220761,0.317151,2,False,False,0.5234375,150,150,True,0.0011910412980624732,False
2,circle,35,outputs/multi_batch/batch_2/circle/sample_0035/iteration_00150.png,-0.2433819546723086,-0.2440400736894028,0.585141,0.7547876343909282,True,0.585185,3.05515,1.739949,0.07378,0.391593,2,False,False,0.588623046875,150,150,True,0.014626129557903052,False
2,circle,39,outputs/multi_batch/batch_2/circle/sample_0039/iteration_00150.png,-0.2124456539575038,-0.2124456539577266,0.620077,0.7408626263506005,True,0.672476,2.341498,2.41319,0.130455,0.457055,2,False,False,0.623046875,150,150,True,0.011213629661378165,False
2,circle,40,outputs/multi_batch/batch_2/circle/sample_0040/iteration_00150.png,-0.2129733907868131,-0.2138025414777129,0.56237,0.7940218159782185,True,0.562369,3.811842,1.493956,0.148811,0.529241,2,False,False,0.560546875,150,150,True,0.022148578853548165,False
2,circle,41,outputs/multi_batch/batch_2/circle/sample_0041/iteration_00150.png,-0.1124313649496144,-0.1128009272363288,0.65722,0.8727042229468059,True,0.65722,2.900632,2.386882,0.240552,0.33556,1,True,False,0.66455078125,150,150,True,0.4085068709423173,True
2,circle,42,outputs/multi_batch/batch_2/circle/sample_0042/iteration_00150.png,-0.0161868929101621,-0.0207790143154538,0.381125,1.7676258162431733,True,0.60002,4.99269,1.045904,0.19578,0.456062,12,False,False,0.38232421875,150,150,True,4.413572274986642,True
2,circle,43,outputs/multi_batch/batch_2/circle/sample_0043/iteration_00150.png,-0.3153808926073587,-0.3180978659227062,0.511278,0.6115929287696883,True,0.511277,2.482232,2.12008,0.093003,0.260094,2,False,False,0.516357421875,150,150,True,0.004922609833566772,False
2,circle,46,outputs/multi_batch/batch_2/circle/sample_0046/iteration_00150.png,0.0827378047642952,0.0827378047647668,0.684511,1.311739954321166,True,0.684512,4.15984,1.800959,0.201618,0.371488,1,True,False,0.747802734375,150,150,True,0.9395678654801399,True
2,circle,47,outputs/multi_batch/batch_2/circle/sample_0047/iteration_00150.png,-0.4390313543599459,-0.449321096194711,0.534971,0.5616264724829951,True,0.53497,3.289462,1.283055,0.112111,0.476028,2,False,False,0.537841796875,150,150,True,0.001070037474030007,False
2,circle,48,outputs/multi_batch/batch_2/circle/sample_0048/iteration_00150.png,-0.0824077924067728,-0.0797505523223337,0.580872,0.877017340345077,True,0.580873,4.108499,2.313949,0.104644,0.279088,1,True,False,0.5830078125,150,150,True,0.18485613794193215,True
2,circle,49,outputs/multi_batch/batch_2/circle/sample_0049/iteration_00150.png,-0.3764588457991339,-0.3905753568463285,0.482356,0.7477910034588124,True,0.482357,3.191378,1.520108,0.206555,0.474531,2,False,False,0.49072265625,150,150,True,0.011470790676495087,False
2,circle,53,outputs/multi_batch/batch_2/circle/sample_0053/iteration_00150.png,-0.3410091080768805,-0.2982725892304974,0.520919,0.7891833656958743,True,0.520919,2.40449,2.263525,0.18821,0.390502,2,False,False,0.523193359375,150,150,True,0.006008067600413194,False
2,circle,57,outputs/multi_batch/batch_2/circle/sample_0057/iteration_00150.png,-0.0866426768327586,-0.0842355671764722,0.596427,0.7412955933208457,True,0.596426,2.263973,1.900193,0.225857,0.493558,1,True,False,0.60498046875,150,150,True,0.34134511584920096,True
2,circle,61,outputs/multi_batch/batch_2/circle/sample_0061/iteration_00150.png,-0.3530047427950812,-0.3530047427967425,0.681674,0.3827882862469639,True,0.69639,2.95694,1.133436,0.169982,0.258984,2,False,False,0.6865234375,150,150,True,0.0006668795406443693,False
2,circle,62,outputs/multi_batch/batch_2/circle/sample_0062/iteration_00150.png,-0.0815751124468414,-0.0817229566248889,0.623715,0.9052041022836916,True,0.623715,4.649279,2.486121,0.213193,0.514255,1,True,False,0.634765625,150,150,True,0.3862486688927644,True
2,circle,70,outputs/multi_batch/batch_2/circle/sample_0070/iteration_00150.png,-0.3685755241748717,-0.3911101956046941,0.669648,0.5509489623970929,True,0.669648,4.749553,1.247716,0.227606,0.331993,4,False,False,0.686767578125,150,150,True,0.0010043582651511512,False
2,circle,72,outputs/multi_batch/batch_2/circle/sample_0072/iteration_00150.png,-0.2780005650620409,-0.2780005650309277,0.65782,0.5084934048952625,True,0.660002,4.195725,1.327213,0.142403,0.470727,3,False,False,0.668701171875,150,150,True,0.09456278973742982,False
2,circle,73,outputs/multi_batch/batch_2/circle/sample_0073/iteration_00150.png,-0.0588782668941553,-0.0589968470563463,0.55954,0.8207719773254812,True,0.559541,3.278468,1.838729,0.246744,0.281721,1,True,False,0.564208984375,150,150,True,0.4013502950182339,True
2,circle,75,outputs/multi_batch/batch_2/circle/sample_0075/iteration_00118.png,-0.2639918615721474,-0.2551319627439465,0.59274,0.7264585465292168,True,0.601022,2.104214,2.293375,0.099389,0.356125,4,False,False,0.5986328125,118,150,False,0.011770932410257154,False
2,circle,82,outputs/multi_batch/batch_2/circle/sample_0082/iteration_00150.png,-0.0227671112340631,-0.0228256229405804,0.645891,1.1294500696614098,True,0.645891,4.904182,2.219917,0.157172,0.26333,1,True,False,0.654052734375,150,150,True,0.37789691502050593,True
2,circle,83,outputs/multi_batch/batch_2/circle/sample_0083/iteration_00150.png,-0.2377077507685585,-0.2422154204820158,0.559094,0.6694878865699867,True,0.559094,2.393495,1.614101,0.053699,0.451654,2,False,False,0.569091796875,150,150,True,0.00898054978723797,False
2,circle,85,outputs/multi_batch/batch_2/circle/sample_0085/iteration_00150.png,0.0782183551150318,0.0782183551150664,0.562086,1.3276893798376466,True,0.680976,2.038367,2.055817,0.194398,0.294488,5,False,False,0.5693359375,150,150,True,0.41421279151236123,True
2,circle,86,outputs/multi_batch/batch_2/circle/sample_0086/iteration_00150.png,-0.3943139898229125,-0.3943139894825773,0.599587,0.5387600321081243,True,0.607389,4.074077,1.558588,0.238785,0.478678,3,False,False,0.6044921875,150,150,True,0.04727038765472048,False
2,circle,87,outputs/multi_batch/batch_2/circle/sample_0087/iteration_00150.png,0.0970789013486456,0.0904075796327631,0.43943,1.5373288217644787,True,0.455901,3.203838,2.357398,0.147044,0.367666,1,True,False,0.4482421875,150,150,True,6.108305789060952,True
2,circle,94,outputs/multi_batch/batch_2/circle/sample_0094/iteration_00150.png,-0.0842842475279077,-0.0812848097296926,0.471454,1.2877180253348368,True,0.471455,4.294699,1.92699,0.219428,0.460264,1,True,False,0.48193359375,150,150,True,0.20993778925535547,True
2,circle,97,outputs/multi_batch/batch_2/circle/sample_0097/iteration_00150.png,-0.0840641492588658,-0.0840641492587664,0.665103,0.7905018574978461,True,0.67428,3.461823,2.277231,0.224857,0.481316,1,True,False,0.6728515625,150,150,True,0.3231268881430776,True
2,circle,102,outputs/multi_batch/batch_2/circle/sample_0102/iteration_00150.png,-0.0929642539326655,-0.0929642539327443,0.620252,0.862010414387794,True,0.639191,3.595717,2.113114,0.23607,0.526319,1,True,False,0.624755859375,150,150,True,0.27897867489677014,True
2,circle,104,outputs/multi_batch/batch_2/circle/sample_0104/iteration_00150.png,0.0979162965948578,0.0979162965948955,0.633149,1.2895852074115917,True,0.69058,4.552687,1.939841,0.146265,0.271569,1,True,False,0.655029296875,150,150,True,0.5233834399454077,True
2,circle,110,outputs/multi_batch/batch_2/circle/sample_0110/iteration_00150.png,-0.2677719398612144,-0.2505388445613937,0.564661,0.9059431754131833,True,0.564661,4.9417,1.730074,0.205714,0.432252,2,False,False,0.566650390625,150,150,True,0.002070875625329055,False
2,circle,111,outputs/multi_batch/batch_2/circle/sample_0111/iteration_00150.png,-0.3697005571071511,-0.3697005571040577,0.635563,0.4947662690402604,True,0.655353,2.530307,2.15077,0.108405,0.321258,2,False,False,0.639404296875,150,150,True,0.009255567235775248,False
2,circle,113,outputs/multi_batch/batch_2/circle/sample_0113/iteration_00150.png,-0.0714167108798704,-0.0714167108799218,0.582971,0.8845801509221167,True,0.610555,2.45566,2.013142,0.210259,0.329356,1,True,False,0.586669921875,150,150,True,0.2196298732029921,True
2,circle,115,outputs/multi_batch/batch_2/circle/sample_0115/iteration_00150.png,0.0188997966210291,0.0198054491572892,0.52705,0.9833617391723456,True,0.527051,2.786534,2.496706,0.057625,0.252533,1,True,False,0.537353515625,150,150,True,0.18245182001077384,True
2,circle,118,outputs/multi_batch/batch_2/circle/sample_0118/iteration_00150.png,-0.2161797319713951,-0.2223255917709599,0.575469,0.7121000916831287,True,0.575469,4.466384,2.177265,0.247546,0.377872,1,True,False,0.589599609375,150,150,True,0.31158618937419924,True
2,cross_rectangular,122,outputs/multi_batch/batch_2/cross_rectangular/sample_0122/iteration_00150.png,-0.0937283602852431,-0.0937283602853069,0.647546,0.7657715209539115,True,0.657253,4.646541,1.756881,0.178863,0.4686,1,True,False,0.65771484375,150,150,True,0.2622302735673828,True
2,cross_rectangular,125,outputs/multi_batch/batch_2/cross_rectangular/sample_0125/iteration_00150.png,-0.0877225211323628,-0.0877225211324102,0.680229,0.7331760850068034,True,0.68568,3.209531,2.222431,0.17462,0.427729,1,True,False,0.685302734375,150,150,True,0.2799369926087483,True
2,cross_rectangular,132,outputs/multi_batch/batch_2/cross_rectangular/sample_0132/iteration_00150.png,-0.3177731803234684,-0.3372770168278519,0.664141,0.5705965459714952,True,0.679313,3.551007,1.920703,0.054843,0.387114,2,False,False,0.66552734375,150,150,True,0.024360605448081503,False
2,cross_rectangular,135,outputs/multi_batch/batch_2/cross_rectangular/sample_0135/iteration_00150.png,-0.2829600987991802,-0.2881798338343792,0.606475,0.5799296240586963,True,0.618338,3.472375,1.661654,0.134597,0.455276,2,False,False,0.6142578125,150,150,True,0.006727133135405875,False
2,cross_rectangular,138,outputs/multi_batch/batch_2/cross_rectangular/sample_0138/iteration_00150.png,-0.1686728573923225,-0.1879276755520891,0.587793,1.1486552355418858,True,0.598739,3.661959,2.169501,0.193238,0.254008,3,False,False,0.59326171875,150,150,True,0.021824161485687388,False
2,cross_rectangular,140,outputs/multi_batch/batch_2/cross_rectangular/sample_0140/iteration_00150.png,-0.1425231137261192,-0.1226338507836777,0.498264,0.9104762579653632,True,0.498264,4.199802,1.073345,0.088528,0.45924,2,False,False,0.505126953125,150,150,True,0.04191524448494481,False
2,cross_rectangular,141,outputs/multi_batch/batch_2/cross_rectangular/sample_0141/iteration_00150.png,-0.4026269882092259,-0.4039289332692563,0.616032,0.5994956172965592,True,0.634705,2.131196,1.879369,0.159503,0.304251,2,False,False,0.621826171875,150,150,True,0.006954945924493073,False
2,cross_rectangular,142,outputs/multi_batch/batch_2/cross_rectangular/sample_0142/iteration_00150.png,0.0996573350579608,0.0996573350580053,0.69568,1.2648770421292437,True,0.695679,4.845311,1.725694,0.229932,0.536382,1,True,False,0.720703125,150,150,True,1.1218490978592082,True
2,cross_rectangular,143,outputs/multi_batch/batch_2/cross_rectangular/sample_0143/iteration_00150.png,-0.325291805910549,-0.3238741480754056,0.56705,0.6573648349794651,True,0.567051,2.77681,2.320059,0.121224,0.37264,2,False,False,0.572998046875,150,150,True,0.01697541848209771,False
2,cross_rectangular,144,outputs/multi_batch/batch_2/cross_rectangular/sample_0144/iteration_00150.png,-0.2954993219950571,-0.2956651156523434,0.642848,0.6251810237126452,True,0.642848,3.772465,1.608381,0.103574,0.320211,2,False,False,0.647705078125,150,150,True,0.005065554634272364,False
2,cross_rectangular,145,outputs/multi_batch/batch_2/cross_rectangular/sample_0145/iteration_00150.png,-0.091928454259282,-0.0921193259562267,0.521498,0.8573430841257025,True,0.521498,2.466071,2.483996,0.245245,0.445922,1,True,False,0.525146484375,150,150,True,0.17407552416074498,True
2,cross_rectangular,146,outputs/multi_batch/batch_2/cross_rectangular/sample_0146/iteration_00150.png,-0.3445760956104554,-0.364634259071569,0.465163,1.0072115303684577,True,0.465163,4.604298,1.096931,0.165295,0.396511,3,False,False,0.458984375,150,150,True,0.026985032573679117,False
2,cross_rectangular,151,outputs/multi_batch/batch_2/cross_rectangular/sample_0151/iteration_00150.png,-0.2928243349034943,-0.2928243349037763,0.635686,0.4405697098870601,True,0.668834,2.206548,1.318442,0.149907,0.276704,3,False,False,0.6376953125,150,150,True,0.004262162019891243,False
2,cross_rectangular,153,outputs/multi_batch/batch_2/cross_rectangular/sample_0153/iteration_00150.png,-0.1133998119607912,-0.1133998119608774,0.573896,0.8542927351743552,True,0.625436,3.028729,2.194352,0.205987,0.535422,1,True,False,0.572021484375,150,150,True,0.18426906223448433,True
2,cross_rectangular,154,outputs/multi_batch/batch_2/cross_rectangular/sample_0154/iteration_00150.png,-0.4360062656516628,-0.4360062654117287,0.674527,0.5414706902702493,True,0.689339,4.041542,1.22321,0.185802,0.298804,2,False,False,0.685791015625,150,150,True,0.1186295030863936,False
2,cross_rectangular,158,outputs/multi_batch/batch_2/cross_rectangular/sample_0158/iteration_00150.png,-0.2749629081155293,-0.2749629081468577,0.597093,0.7419072201981337,True,0.597252,4.451091,1.904414,0.247546,0.510958,3,False,False,0.6025390625,150,150,True,0.08260209231465844,False
2,cross_rectangular,168,outputs/multi_batch/batch_2/cross_rectangular/sample_0168/iteration_00150.png,-0.464728836068158,-0.4893384883435759,0.562913,0.6372881662611891,True,0.562913,3.632253,1.14032,0.132406,0.501568,3,False,False,0.568359375,150,150,True,0.0022935249834621905,False
2,cross_rectangular,170,outputs/multi_batch/batch_2/cross_rectangular/sample_0170/iteration_00150.png,-0.0705155798176981,-0.0705232148260567,0.631031,0.884651617790629,True,0.631032,4.275759,1.566457,0.19881,0.419079,1,True,False,0.646240234375,150,150,True,0.18703528727350163,True
2,cross_rectangular,174,outputs/multi_batch/batch_2/cross_rectangular/sample_0174/iteration_00150.png,-0.2377251571966177,-0.2379119452488941,0.663609,0.8517321427674505,True,0.663609,4.21688,2.294524,0.237068,0.371059,2,False,False,0.687744140625,150,150,True,0.27041871223116004,True
2,cross_rectangular,175,outputs/multi_batch/batch_2/cross_rectangular/sample_0175/iteration_00150.png,-0.2739691001783024,-0.2690394211456243,0.511595,0.6800986787603298,True,0.534913,2.160084,1.413059,0.114089,0.54478,2,False,False,0.508544921875,150,150,True,0.011953472239552655,False
2,cross_rectangular,177,outputs/multi_batch/batch_2/cross_rectangular/sample_0177/iteration_00150.png,-0.0635352676438332,-0.0634810527367666,0.551661,0.8289508373664677,True,0.55166,3.220479,1.529915,0.238121,0.310953,1,True,False,0.55908203125,150,150,True,0.3123941125931251,True
2,cross_rectangular,179,outputs/multi_batch/batch_2/cross_rectangular/sample_0179/iteration_00150.png,-0.2791323125124596,-0.2514679331029418,0.609082,0.6129221463886507,True,0.609083,2.39104,1.264728,0.081089,0.384689,4,False,False,0.614501953125,150,150,True,0.013412089581030438,False
2,cross_rectangular,181,outputs/multi_batch/batch_2/cross_rectangular/sample_0181/iteration_00150.png,-0.1134572167249845,-0.1373301073890498,0.461496,1.0569547433314903,True,0.461496,2.272234,2.348802,0.176379,0.478557,2,False,False,0.46875,150,150,True,0.042182633814666734,False
2,cross_rectangular,184,outputs/multi_batch/batch_2/cross_rectangular/sample_0184/iteration_00118.png,0.2999999999999593,0.3000000000000113,0.0,1.9999999999979816,True,0.622163,4.48242,1.027083,0.141504,0.314907,0,True,True,0.0,118,150,False,1.5335378275807463,True
2,cross_rectangular,185,outputs/multi_batch/batch_2/cross_rectangular/sample_0185/iteration_00150.png,-0.2926101769972978,-0.3486853619840144,0.508611,0.7686208078274853,True,0.508611,3.163825,1.926125,0.206559,0.451146,2,False,False,0.518310546875,150,150,True,0.07355044160146161,False
2,cross_rectangular,189,outputs/multi_batch/batch_2/cross_rectangular/sample_0189/iteration_00150.png,-0.150327550520623,-0.1858398645368389,0.543599,0.9655289238902862,True,0.543598,2.331737,1.200988,0.169865,0.358616,2,False,False,0.55126953125,150,150,True,0.008503300153271056,False
2,cross_rectangular,193,outputs/multi_batch/batch_2/cross_rectangular/sample_0193/iteration_00150.png,-0.1113675006984558,-0.1113675006986086,0.608781,0.7178047190844521,True,0.617777,2.570995,1.428415,0.234908,0.500541,1,True,False,0.613037109375,150,150,True,0.4091978666952537,True
2,cross_rectangular,194,outputs/multi_batch/batch_2/cross_rectangular/sample_0194/iteration_00150.png,-0.0982916096260862,-0.0982916096261553,0.543395,0.9953355229427684,True,0.681925,4.358733,1.965779,0.155336,0.268611,1,True,False,0.548583984375,150,150,True,0.2084128380359519,True
2,cross_rectangular,199,outputs/multi_batch/batch_2/cross_rectangular/sample_0199/iteration_00150.png,-0.0273058470868141,-0.0372599767142901,0.452863,0.9651498671927684,True,0.452863,2.080427,1.761754,0.13332,0.367397,1,True,False,0.462158203125,150,150,True,0.3525511812528062,True
2,cross_rectangular,201,outputs/multi_batch/batch_2/cross_rectangular/sample_0201/iteration_00150.png,-0.0494576715045251,-0.0499422378267931,0.559808,0.8282004610527025,True,0.559808,2.179659,2.269926,0.221718,0.271422,1,True,False,0.5634765625,150,150,True,0.3100277345120406,True
2,cross_rectangular,204,outputs/multi_batch/batch_2/cross_rectangular/sample_0204/iteration_00150.png,-0.1048865639159637,-0.1265637929540874,0.605974,1.0321623872059655,True,0.606137,4.259481,2.490706,0.093549,0.392437,1,True,False,0.617431640625,150,150,True,0.16425852539732125,True
2,cross_rectangular,206,outputs/multi_batch/batch_2/cross_rectangular/sample_0206/iteration_00150.png,-0.3459098819116621,-0.3455155016122795,0.53312,0.7106184611828061,True,0.533119,3.61374,1.804007,0.225583,0.324304,3,False,False,0.537353515625,150,150,True,0.13655563140268165,False
2,cross_rectangular,207,outputs/multi_batch/batch_2/cross_rectangular/sample_0207/iteration_00150.png,-0.3254899794880187,-0.3254899794883313,0.618645,0.4273838319310205,True,0.662228,2.670251,1.115169,0.123255,0.441757,3,False,False,0.623046875,150,150,True,0.08760389637014343,False
2,cross_rectangular,209,outputs/multi_batch/batch_2/cross_rectangular/sample_0209/iteration_00150.png,-0.1697159723647925,-0.1694421512212408,0.676291,0.7712780627229452,True,0.67629,3.086778,1.091766,0.249241,0.376751,1,True,False,0.67919921875,150,150,True,0.5178983480319966,True
2,cross_rectangular,213,outputs/multi_batch/batch_2/cross_rectangular/sample_0213/iteration_00150.png,-0.2081359348780535,-0.2054510409752271,0.579289,0.6877681347254392,True,0.57929,2.417653,2.054209,0.185985,0.431802,2,False,False,0.585205078125,150,150,True,0.0631647873907524,False
2,cross_rectangular,215,outputs/multi_batch/batch_2/cross_rectangular/sample_0215/iteration_00150.png,-0.1514156846049461,-0.152285322082947,0.526765,0.8651667213011349,True,0.526765,3.252095,2.152589,0.144579,0.509934,1,True,False,0.52685546875,150,150,True,0.15902679805862105,True
2,cross_rectangular,216,outputs/multi_batch/batch_2/cross_rectangular/sample_0216/iteration_00150.png,-0.2355938128056599,-0.2265666290396226,0.591444,0.7816340570725722,True,0.591983,3.830594,1.959011,0.147063,0.442553,2,False,False,0.6005859375,150,150,True,0.017599902804631067,False
2,cross_rectangular,218,outputs/multi_batch/batch_2/cross_rectangular/sample_0218/iteration_00150.png,0.0048538213337424,0.0051368567196419,0.53946,0.98332729823243,True,0.539459,4.499681,2.24781,0.183781,0.515593,1,True,False,0.552734375,150,150,True,0.7558813033572154,True
2,cross_rectangular,220,outputs/multi_batch/batch_2/cross_rectangular/sample_0220/iteration_00150.png,-0.3395309276322851,-0.4344274073023538,0.647877,1.0291358236017571,True,0.687031,4.662136,1.186987,0.08532,0.347585,4,False,False,0.658447265625,150,150,True,0.03585689245114235,False
2,cross_rectangular,221,outputs/multi_batch/batch_2/cross_rectangular/sample_0221/iteration_00150.png,-0.1537502431615286,-0.1462274035219515,0.573985,0.8314079880607159,True,0.57399,2.980636,1.782086,0.162742,0.493182,2,False,False,0.574951171875,150,150,True,0.01162828049211401,False
2,cross_rectangular,222,outputs/multi_batch/batch_2/cross_rectangular/sample_0222/iteration_00150.png,-0.4796939366110149,-0.5522841077065538,0.376252,1.7222748551204958,True,0.504959,3.995876,1.613584,0.245475,0.275387,5,False,False,0.37939453125,150,150,True,9.778008011729293e-05,False
2,cross_rectangular,225,outputs/multi_batch/batch_2/cross_rectangular/sample_0225/iteration_00150.png,-0.1164396441810648,-0.1152755780528678,0.585632,0.824382755623551,True,0.585631,3.492364,2.395474,0.229336,0.333089,1,True,False,0.590087890625,150,150,True,0.27469942498693156,True
2,cross_rectangular,226,outputs/multi_batch/batch_2/cross_rectangular/sample_0226/iteration_00150.png,-0.4168865631373767,-0.4168865631377071,0.636356,0.2859113451043553,True,0.649534,3.577999,1.022867,0.162472,0.433751,3,False,False,0.636474609375,150,150,True,0.023932020011916407,False
2,cross_rectangular,230,outputs/multi_batch/batch_2/cross_rectangular/sample_0230/iteration_00150.png,-0.1031044857702536,-0.1034839372803346,0.621444,0.936105335388238,True,0.621444,4.926444,2.122925,0.224215,0.376303,1,True,False,0.631103515625,150,150,True,0.8007891447095452,True
2,cross_rectangular,234,outputs/multi_batch/batch_2/cross_rectangular/sample_0234/iteration_00150.png,-0.0962992478668048,-0.0883605545153679,0.473369,0.9377977112565424,True,0.473369,4.171391,1.856963,0.194204,0.356939,1,True,False,0.486572265625,150,150,True,0.37115929829219446,True
2,cross_rectangular,238,outputs/multi_batch/batch_2/cross_rectangular/sample_0238/iteration_00150.png,-0.4175422635010055,-0.4443609133111837,0.563473,0.6077650607847012,True,0.563473,4.32416,1.269601,0.232509,0.451907,2,False,False,0.5654296875,150,150,True,0.00447177220682426,False
2,square,480,outputs/multi_batch/batch_2/square/sample_0480/iteration_00150.png,-0.0414760821363365,-0.0397915697984143,0.491099,0.8988705661281688,True,0.491099,4.958885,1.590303,0.214654,0.494694,1,True,False,0.47998046875,150,150,True,0.24392469548745618,True
2,square,486,outputs/multi_batch/batch_2/square/sample_0486/iteration_00089.png,-0.2090669983342588,-0.2007367851801187,0.601676,0.7707307280135688,True,0.601676,4.261398,1.862027,0.130024,0.31257,2,False,False,0.6083984375,89,150,False,0.014230852545701446,False
2,square,490,outputs/multi_batch/batch_2/square/sample_0490/iteration_00150.png,-0.1287465478042792,-0.1720999143110213,0.518835,0.951696527389962,True,0.518835,4.699465,2.137163,0.06802,0.542437,2,False,False,0.519775390625,150,150,True,0.012360830090890928,False
2,square,492,outputs/multi_batch/batch_2/square/sample_0492/iteration_00150.png,-0.3699621866332398,-0.3882402795421661,0.542386,1.2017316763456096,True,0.691431,4.564923,1.314652,0.177928,0.282965,3,False,False,0.55126953125,150,150,True,0.08852008133215147,False
2,square,495,outputs/multi_batch/batch_2/square/sample_0495/iteration_00150.png,-0.2391076185471538,-0.2103429263619144,0.543537,1.046998702355345,True,0.583094,3.00622,2.383582,0.210344,0.451893,2,False,False,0.5576171875,150,150,True,0.004711748208164636,False
2,square,496,outputs/multi_batch/batch_2/square/sample_0496/iteration_00150.png,-0.4298673711415009,-0.4272593991908365,0.537967,0.5270928866914687,True,0.537967,3.528161,1.105505,0.202408,0.319666,3,False,False,0.5439453125,150,150,True,0.003029730360962773,False
2,square,498,outputs/multi_batch/batch_2/square/sample_0498/iteration_00150.png,-0.3755656378738045,-0.3607737307150244,0.579716,1.2342492313276054,True,0.625048,4.528074,1.519042,0.08704,0.350923,2,False,False,0.585693359375,150,150,True,0.2997018726446674,True
2,square,500,outputs/multi_batch/batch_2/square/sample_0500/iteration_00150.png,-0.2153994209407842,-0.2112695533538881,0.452421,0.8499757742653425,True,0.452421,4.756822,2.026614,0.1717,0.460591,1,True,False,0.466796875,150,150,True,0.24522426686697954,True
2,square,502,outputs/multi_batch/batch_2/square/sample_0502/iteration_00150.png,-0.1300959244872069,-0.1300959244873202,0.622355,0.871483986789553,True,0.679824,4.236908,2.345497,0.143538,0.511146,1,True,False,0.63037109375,150,150,True,0.22916365553184428,True
2,square,503,outputs/multi_batch/batch_2/square/sample_0503/iteration_00150.png,-0.2123754558498486,-0.2123754557451506,0.564611,0.7015597811845415,True,0.572112,3.17467,1.695241,0.241615,0.254528,2,False,False,0.5654296875,150,150,True,0.04457092756685282,False
2,square,505,outputs/multi_batch/batch_2/square/sample_0505/iteration_00150.png,-0.07039338757349,-0.0642505628360163,0.521329,1.0119946973400389,True,0.52133,2.272594,1.640108,0.131466,0.440276,2,False,False,0.53466796875,150,150,True,0.008652396279749716,False
2,square,507,outputs/multi_batch/batch_2/square/sample_0507/iteration_00150.png,-0.1357036763092889,-0.1357036763094019,0.600209,0.6712169878399747,True,0.606397,2.780731,1.232415,0.153305,0.492809,1,True,False,0.600341796875,150,150,True,0.19989137650111635,True
2,square,508,outputs/multi_batch/batch_2/square/sample_0508/iteration_00150.png,-0.1123148933673934,-0.1123148933673071,0.5757,0.7334684200420144,True,0.582079,3.930912,1.392863,0.189391,0.540175,1,True,False,0.57861328125,150,150,True,0.2474216580721936,True
2,square,511,outputs/multi_batch/batch_2/square/sample_0511/iteration_00150.png,0.0131724805721826,0.0131724805721892,0.68631,0.9547419296423116,True,0.692492,2.513052,1.905973,0.222587,0.334323,1,True,False,0.705322265625,150,150,True,3.3542877805902487,True
2,square,512,outputs/multi_batch/batch_2/square/sample_0512/iteration_00150.png,0.0545014592809452,0.0551770356735119,0.459452,1.1168005504048235,True,0.459452,4.019434,2.162886,0.219919,0.258748,2,False,False,0.46826171875,150,150,True,0.10688762182114488,False
2,square,514,outputs/multi_batch/batch_2/square/sample_0514/iteration_00150.png,-0.3261119395613625,-0.3789109496430222,0.578637,1.0792790195852875,True,0.669246,4.924493,1.825528,0.091416,0.374343,2,False,False,0.587646484375,150,150,True,0.013671372541680323,False
2,square,515,outputs/multi_batch/batch_2/square/sample_0515/iteration_00132.png,-0.3193108004323439,-0.3083209662390958,0.513254,0.7488801678842815,True,0.566081,2.413891,1.1869,0.193743,0.464591,2,False,False,0.519775390625,132,150,False,0.0045579350115996465,False
2,square,516,outputs/multi_batch/batch_2/square/sample_0516/iteration_00150.png,-0.40574738932715,-0.4233202571352925,0.529853,0.7363353988738813,True,0.529853,4.309127,1.722255,0.151308,0.418393,2,False,False,0.535400390625,150,150,True,0.0008581575063270385,False
2,square,517,outputs/multi_batch/batch_2/square/sample_0517/iteration_00150.png,-0.2706396087108567,-0.2706396087109916,0.593017,0.7605456279055242,True,0.644919,2.373019,2.360976,0.052595,0.346921,2,False,False,0.60498046875,150,150,True,0.016514222015517527,False
2,square,522,outputs/multi_batch/batch_2/square/sample_0522/iteration_00150.png,-0.238961899525247,-0.2346848681006637,0.549383,0.97061730238609,True,0.549383,4.138139,1.56751,0.072406,0.304138,2,False,False,0.553466796875,150,150,True,0.02359746830653589,False
2,square,523,outputs/multi_batch/batch_2/square/sample_0523/iteration_00150.png,-0.083522588184393,-0.0835225881844537,0.562206,0.991859482923448,True,0.687887,3.273467,2.428881,0.173684,0.53502,1,True,False,0.562255859375,150,150,True,0.19474375540628572,True
2,square,524,outputs/multi_batch/batch_2/square/sample_0524/iteration_00150.png,-0.0875338377396041,-0.0875338377396327,0.618569,0.799031853095085,True,0.657525,3.62824,1.887577,0.181255,0.488589,1,True,False,0.62744140625,150,150,True,0.31841859095808583,True
2,square,525,outputs/multi_batch/batch_2/square/sample_0525/iteration_00150.png,-0.2740869244245301,-0.2831526832115976,0.515298,0.6319501158606701,True,0.515299,2.939623,1.026298,0.083592,0.276501,4,False,False,0.5166015625,150,150,True,0.055987350162287716,False
2,square,527,outputs/multi_batch/batch_2/square/sample_0527/iteration_00150.png,-0.0555110336761231,-0.064872523181583,0.526111,1.198042601777237,True,0.617914,2.069755,1.462345,0.205088,0.395246,6,False,False,0.526123046875,150,150,True,0.030872693694792452,False
2,square,532,outputs/multi_batch/batch_2/square/sample_0532/iteration_00150.png,-0.0032318514297103,-0.0029227624091038,0.482971,0.9102314994304752,True,0.48297,4.1922,1.081962,0.162867,0.367249,1,True,False,0.483154296875,150,150,True,1.7984634123489174,True
2,square,535,outputs/multi_batch/batch_2/square/sample_0535/iteration_00150.png,-0.1979005986969971,-0.1988235587851098,0.542479,0.7887225909288457,True,0.54248,2.610289,2.244706,0.249202,0.498897,1,True,False,0.5517578125,150,150,True,0.3377853192647756,True
2,square,536,outputs/multi_batch/batch_2/square/sample_0536/iteration_00150.png,0.0605198545696311,0.0605198545682458,0.697005,1.1010960260491438,True,0.697004,3.848041,1.54458,0.225802,0.44791,1,True,False,0.7509765625,150,150,True,1.5730568744464286,True
2,square,540,outputs/multi_batch/batch_2/square/sample_0540/iteration_00150.png,-0.1513297245101301,-0.1499585995194559,0.610673,0.8319677165860069,True,0.610673,4.870158,2.322891,0.195182,0.287669,2,False,False,0.620361328125,150,150,True,0.029923811218131143,False
2,square,544,outputs/multi_batch/batch_2/square/sample_0544/iteration_00150.png,-0.3286496000110068,-0.3342983720161908,0.603905,0.6542237156235126,True,0.603905,3.71771,1.970571,0.216135,0.389357,4,False,False,0.60791015625,150,150,True,0.034821256822440326,False
2,square,545,outputs/multi_batch/batch_2/square/sample_0545/iteration_00150.png,-0.2916297236592411,-0.3546082023233593,0.461494,1.2407996813632964,True,0.461495,2.847269,1.320132,0.117461,0.451481,3,False,False,0.474853515625,150,150,True,0.026867119418461687,False
2,square,547,outputs/multi_batch/batch_2/square/sample_0547/iteration_00150.png,-0.2562578685302574,-0.2562578685305169,0.574567,0.6684160111544515,True,0.671593,2.346496,1.727801,0.195427,0.482627,2,False,False,0.576416015625,150,150,True,0.017798804166923553,False
2,square,549,outputs/multi_batch/batch_2/square/sample_0549/iteration_00150.png,-0.2147056611123257,-0.2306743602579607,0.531712,0.7097561600426744,True,0.531712,2.387657,1.81789,0.061359,0.291203,2,False,False,0.541015625,150,150,True,0.006002985792779681,False
2,square,550,outputs/multi_batch/batch_2/square/sample_0550/iteration_00150.png,-0.4174728435141803,-0.3938160523846071,0.49381,0.7747200827487603,True,0.493809,4.040109,1.480579,0.125027,0.422567,2,False,False,0.49951171875,150,150,True,0.03827111176777095,False
2,square,555,outputs/multi_batch/batch_2/square/sample_0555/iteration_00150.png,-0.3595452120557728,-0.3770011000450377,0.551242,0.6835188680520837,True,0.551243,2.965861,1.844095,0.165261,0.403129,2,False,False,0.555908203125,150,150,True,0.000895734556413162,False
2,square,556,outputs/multi_batch/batch_2/square/sample_0556/iteration_00150.png,-0.3191615876177158,-0.3714307971712627,0.513191,1.2663862102312349,True,0.513191,4.11165,2.433557,0.179571,0.467989,2,False,False,0.521240234375,150,150,True,0.11957990971368915,False
2,square,557,outputs/multi_batch/batch_2/square/sample_0557/iteration_00150.png,-0.3122674871001061,-0.2828018758433374,0.631141,0.8063212648589119,True,0.659874,3.299987,1.607525,0.080588,0.370709,2,False,False,0.63720703125,150,150,True,0.002005858126196828,False
2,square,563,outputs/multi_batch/batch_2/square/sample_0563/iteration_00150.png,-0.4422281435397778,-0.4746899388816165,0.593003,0.4882950409783149,True,0.593491,3.16655,1.061734,0.18433,0.303021,4,False,False,0.6025390625,150,150,True,0.0015466751564456077,False
2,square,564,outputs/multi_batch/batch_2/square/sample_0564/iteration_00150.png,0.0981540992276696,0.0966809889333856,0.627698,1.4189393195745192,True,0.627698,3.568187,1.64561,0.173145,0.275275,4,False,False,0.65185546875,150,150,True,0.06634367602877456,False
2,square,567,outputs/multi_batch/batch_2/square/sample_0567/iteration_00150.png,-0.2454068649149577,-0.2454068649158682,0.622906,0.5468662650347886,True,0.647778,2.126855,2.076611,0.23995,0.444497,2,False,False,0.626220703125,150,150,True,0.02806170935143557,False
2,square,569,outputs/multi_batch/batch_2/square/sample_0569/iteration_00150.png,0.0772657260481427,0.0772657260481434,0.669067,1.3447923966478543,True,0.698558,3.425877,2.008657,0.136036,0.255251,5,False,False,0.665771484375,150,150,True,0.19277372726275624,True
2,square,571,outputs/multi_batch/batch_2/square/sample_0571/iteration_00150.png,0.011236451294081,0.0136053150497395,0.46085,1.5257202723326369,True,0.47311,2.520819,2.351689,0.151844,0.373152,2,False,False,0.47021484375,150,150,True,1.6405844679260766,True
2,square,573,outputs/multi_batch/batch_2/square/sample_0573/iteration_00150.png,-0.3078477740207072,-0.3078476498231727,0.595535,0.4402408566652127,True,0.613022,2.198685,1.099976,0.092932,0.414932,2,False,False,0.5947265625,150,150,True,0.006123374537801369,False
2,square,576,outputs/multi_batch/batch_2/square/sample_0576/iteration_00150.png,-0.3301685501736113,-0.3713955620671917,0.612383,0.5757589984841833,True,0.635674,4.282093,1.04352,0.224297,0.439049,3,False,False,0.614013671875,150,150,True,0.030702534323434272,False
2,square,578,outputs/multi_batch/batch_2/square/sample_0578/iteration_00150.png,-0.1775759956010006,-0.2039148154544898,0.522476,1.0546288525229153,True,0.535012,3.773955,1.456887,0.090154,0.489348,3,False,False,0.526123046875,150,150,True,0.018383882898390016,False
2,square,579,outputs/multi_batch/batch_2/square/sample_0579/iteration_00150.png,-0.082505680059598,-0.0825056800596595,0.577682,0.907764160344182,True,0.638787,2.911119,2.306631,0.188755,0.270193,1,True,False,0.574951171875,150,150,True,0.19740747536454006,True
2,square,581,outputs/multi_batch/batch_2/square/sample_0581/iteration_00150.png,-0.2949901557255168,-0.2885554276125727,0.552362,0.536673909699121,True,0.559453,3.326902,1.242423,0.054068,0.536604,2,False,False,0.54931640625,150,150,True,0.001551552355173615,False
2,square,584,outputs/multi_batch/batch_2/square/sample_0584/iteration_00150.png,-0.1697846782025101,-0.1890474850971462,0.507999,0.880764185058704,True,0.507999,3.655631,2.378885,0.242739,0.518926,1,True,False,0.51806640625,150,150,True,0.3824073773759216,True
2,square,585,outputs/multi_batch/batch_2/square/sample_0585/iteration_00150.png,-0.1379296226157346,-0.1686630003887386,0.429619,1.5568822086402778,True,0.61916,3.026529,1.705009,0.140852,0.316206,4,False,False,0.430419921875,150,150,True,0.00358346056300706,False
2,square,587,outputs/multi_batch/batch_2/square/sample_0587/iteration_00150.png,-0.2682894062298885,-0.2777468411283033,0.51266,1.0661452743026962,True,0.516483,2.026616,1.297514,0.168916,0.349695,3,False,False,0.521728515625,150,150,True,0.0025283603954653626,False
2,square,596,outputs/multi_batch/batch_2/square/sample_0596/iteration_00150.png,-0.1512399843920933,-0.1522858360044684,0.596783,0.8103192332873803,True,0.596783,4.507788,2.200592,0.167282,0.477527,2,False,False,0.603271484375,150,150,True,0.039572994408992826,False
2,square,599,outputs/multi_batch/batch_2/square/sample_0599/iteration_00150.png,-0.3432134824559705,-0.3432134824563957,0.638503,0.4636175476211652,True,0.677777,3.066307,1.125709,0.244227,0.383892,1,True,False,0.632568359375,150,150,True,0.16283822524525018,True
3,grid_circular_voids,0,outputs/multi_batch/batch_3/grid_circular_voids/sample_0000/iteration_00110.png,-0.3967671678296655,-0.3738903776645778,0.491241,0.4390800899722161,True,0.491241,3.027231,1.183285,0.188298,0.29691,2,False,False,0.498046875,110,150,False,0.020437230728668123,False
3,grid_circular_voids,1,outputs/multi_batch/batch_3/grid_circular_voids/sample_0001/iteration_00150.png,-0.3132206000285941,-0.2985952677670919,0.624146,0.5236479588865401,True,0.624145,3.58891,1.921565,0.118075,0.519603,2,False,False,0.6328125,150,150,True,0.00021005748891552245,False
3,grid_circular_voids,2,outputs/multi_batch/batch_3/grid_circular_voids/sample_0002/iteration_00150.png,-0.2887409043091085,-0.2887409043092493,0.643758,0.6793424532710741,True,0.686417,2.62568,1.488951,0.093929,0.330807,6,False,False,0.64453125,150,150,True,0.0017375414306910312,False
3,grid_circular_voids,3,outputs/multi_batch/batch_3/grid_circular_voids/sample_0003/iteration_00103.png,-0.2813590431119898,-0.2902294792575332,0.554002,0.7419405187492555,True,0.554002,4.687726,2.227231,0.223529,0.412875,2,False,False,0.5634765625,103,150,False,0.0032533299179873534,False
3,grid_circular_voids,4,outputs/multi_batch/batch_3/grid_circular_voids/sample_0004/iteration_00095.png,-0.3010166268769843,-0.3037147268082222,0.529975,0.5163173622270336,True,0.529974,2.293351,1.962654,0.239622,0.444086,2,False,False,0.533447265625,95,150,False,0.009135575879237169,False
3,grid_circular_voids,6,outputs/multi_batch/batch_3/grid_circular_voids/sample_0006/iteration_00150.png,-0.3032316487302152,-0.2885867379336553,0.584554,0.6139503834842144,True,0.584554,3.450395,2.362298,0.14651,0.48605,2,False,False,0.59375,150,150,True,0.0030554105954922303,False
3,grid_circular_voids,9,outputs/multi_batch/batch_3/grid_circular_voids/sample_0009/iteration_00150.png,-0.3362162616651193,-0.3544328267841953,0.506063,0.6916312795126115,True,0.506063,4.855562,1.659464,0.135766,0.468238,2,False,False,0.511474609375,150,150,True,0.001504170959264943,False
3,grid_circular_voids,10,outputs/multi_batch/batch_3/grid_circular_voids/sample_0010/iteration_00150.png,-0.3013096566398369,-0.3356379605685415,0.568336,0.4656667268552062,True,0.568335,2.766056,2.117521,0.052245,0.279013,2,False,False,0.5703125,150,150,True,0.009233647184236278,False
3,grid_circular_voids,11,outputs/multi_batch/batch_3/grid_circular_voids/sample_0011/iteration_00150.png,-0.4283186295519736,-0.4283186295520985,0.643971,0.3759892794705797,True,0.669989,3.703646,1.3558,0.228885,0.501705,2,False,False,0.652099609375,150,150,True,0.013646610844879947,False
3,grid_circular_voids,13,outputs/multi_batch/batch_3/grid_circular_voids/sample_0013/iteration_00150.png,-0.3431714818110683,-0.3551359734553296,0.515153,0.6533795386034381,True,0.515153,4.215433,2.192412,0.086295,0.315203,2,False,False,0.52197265625,150,150,True,0.015314906064911106,False
3,grid_circular_voids,14,outputs/multi_batch/batch_3/grid_circular_voids/sample_0014/iteration_00150.png,-0.2561156943739122,-0.2569800817947662,0.452879,0.4383378977709184,True,0.45288,2.187439,1.033419,0.101115,0.425015,5,False,False,0.45361328125,150,150,True,0.013080905263642618,False
3,grid_circular_voids,15,outputs/multi_batch/batch_3/grid_circular_voids/sample_0015/iteration_00150.png,-0.3426949924869893,-0.3396924350803728,0.600982,0.5010501266034535,True,0.600983,4.622109,1.795137,0.180695,0.357009,3,False,False,0.606689453125,150,150,True,0.003975440547199365,False
3,grid_circular_voids,16,outputs/multi_batch/batch_3/grid_circular_voids/sample_0016/iteration_00138.png,-0.3408658297516289,-0.3387038907199321,0.548744,0.3683985975122178,True,0.548744,2.021241,1.726477,0.184281,0.480992,2,False,False,0.552490234375,138,150,False,0.0004211683913121662,False
3,grid_circular_voids,17,outputs/multi_batch/batch_3/grid_circular_voids/sample_0017/iteration_00140.png,-0.2928494760000955,-0.3077143978063504,0.697517,0.5697201463842171,True,0.697517,4.460135,2.464759,0.110762,0.262986,2,False,False,0.70654296875,140,150,False,0.0006668950895765113,False
3,grid_circular_voids,18,outputs/multi_batch/batch_3/grid_circular_voids/sample_0018/iteration_00150.png,-0.4588687541739951,-0.4591916130636151,0.622214,0.2656313342013754,True,0.634759,3.161439,1.326866,0.07724,0.449144,2,False,False,0.62109375,150,150,True,0.0016853712062702454,False
3,grid_circular_voids,19,outputs/multi_batch/batch_3/grid_circular_voids/sample_0019/iteration_00113.png,-0.3354934489409627,-0.3342032920122235,0.486473,0.8469992610729985,True,0.486473,4.099233,2.06515,0.203886,0.371764,2,False,False,0.491455078125,113,150,False,0.005576651189698033,False
3,grid_circular_voids,21,outputs/multi_batch/batch_3/grid_circular_voids/sample_0021/iteration_00150.png,-0.4262530551213095,-0.4211643610626147,0.581512,0.5419744140849223,True,0.581511,3.866857,1.392246,0.061294,0.407679,3,False,False,0.582275390625,150,150,True,0.012250852452237955,False
3,grid_circular_voids,22,outputs/multi_batch/batch_3/grid_circular_voids/sample_0022/iteration_00150.png,-0.2744894186542597,-0.2780143035898733,0.64427,0.4830969202084801,True,0.64427,2.535969,1.824803,0.126113,0.292731,3,False,False,0.647705078125,150,150,True,0.008177220836657615,False
3,grid_circular_voids,25,outputs/multi_batch/batch_3/grid_circular_voids/sample_0025/iteration_00150.png,-0.452137297933706,-0.4422939221973433,0.565534,0.283414380047852,True,0.565534,3.943322,1.118468,0.143077,0.352107,2,False,False,0.578369140625,150,150,True,0.004693469132809722,False
3,grid_circular_voids,26,outputs/multi_batch/batch_3/grid_circular_voids/sample_0026/iteration_00150.png,-0.2496128026060612,-0.259089102674474,0.502776,0.6112257993037926,True,0.502776,2.271315,2.277404,0.06893,0.538111,2,False,False,0.51025390625,150,150,True,0.007592482646322392,False
3,grid_circular_voids,29,outputs/multi_batch/batch_3/grid_circular_voids/sample_0029/iteration_00150.png,-0.3010623035555893,-0.3187670323434761,0.46325,0.7804587057447342,True,0.46325,4.759258,2.026737,0.09107,0.506315,2,False,False,0.467529296875,150,150,True,0.0029204079925462755,False
3,grid_circular_voids,30,outputs/multi_batch/batch_3/grid_circular_voids/sample_0030/iteration_00097.png,-0.3561562036373525,-0.3376178091807771,0.52601,0.4235243876001965,True,0.526009,3.04913,1.568715,0.121514,0.390936,2,False,False,0.531494140625,97,150,False,0.0003191819534523601,False
3,grid_circular_voids,32,outputs/multi_batch/batch_3/grid_circular_voids/sample_0032/iteration_00119.png,-0.2189865432302384,-0.1973507799508717,0.471273,0.7310862247287566,True,0.471272,2.590837,2.086408,0.193828,0.530203,2,False,False,0.4814453125,119,150,False,0.007614922896077751,False
3,grid_circular_voids,33,outputs/multi_batch/batch_3/grid_circular_voids/sample_0033/iteration_00150.png,-0.565001705676686,-0.5093546247423996,0.556123,1.2092104312272016,True,0.588307,4.652349,1.348129,0.123627,0.28876,4,False,False,0.565185546875,150,150,True,0.007712168224529337,False
3,grid_circular_voids,35,outputs/multi_batch/batch_3/grid_circular_voids/sample_0035/iteration_00150.png,-0.3617825872114542,-0.372227454458272,0.533542,0.536508814420487,True,0.533542,3.507025,1.699388,0.217972,0.34126,2,False,False,0.54345703125,150,150,True,0.0025112890722772904,False
3,grid_circular_voids,39,outputs/multi_batch/batch_3/grid_circular_voids/sample_0039/iteration_00150.png,-0.2470297706320573,-0.2437429980073164,0.495242,0.7598841571988544,True,0.495242,4.416676,2.19718,0.166174,0.475556,2,False,False,0.50732421875,150,150,True,0.006665073959645046,False
3,grid_circular_voids,40,outputs/multi_batch/batch_3/grid_circular_voids/sample_0040/iteration_00150.png,-0.3158436701193897,-0.3158436701182051,0.603664,0.3776711290700638,True,0.605227,2.824065,1.495901,0.152333,0.459977,3,False,False,0.60302734375,150,150,True,0.0022194479123317516,False
3,grid_circular_voids,41,outputs/multi_batch/batch_3/grid_circular_voids/sample_0041/iteration_00150.png,-0.2217992512103045,-0.224064871067074,0.456454,1.0712975065635644,True,0.456454,3.762917,2.257622,0.128794,0.39666,2,False,False,0.46435546875,150,150,True,0.03222697033520476,False
3,grid_circular_voids,49,outputs/multi_batch/batch_3/grid_circular_voids/sample_0049/iteration_00137.png,-0.4016711208434624,-0.408972938527548,0.639966,0.2887256948186251,True,0.639966,4.111448,1.561456,0.103792,0.489101,2,False,False,0.6484375,137,150,False,0.0004071872522582071,False
3,grid_circular_voids,52,outputs/multi_batch/batch_3/grid_circular_voids/sample_0052/iteration_00150.png,-0.2971032106540695,-0.278463791551349,0.482415,0.5260046137808474,True,0.482415,2.500398,1.602768,0.226023,0.418279,2,False,False,0.48779296875,150,150,True,0.009533649841072226,False
3,grid_circular_voids,55,outputs/multi_batch/batch_3/grid_circular_voids/sample_0055/iteration_00079.png,-0.2920942822408417,-0.302571301472913,0.545176,0.5807252248326925,True,0.545176,3.784234,1.989731,0.161205,0.303184,2,False,False,0.555419921875,79,150,False,0.003899398925255949,False
3,grid_circular_voids,57,outputs/multi_batch/batch_3/grid_circular_voids/sample_0057/iteration_00073.png,-0.258226951408868,-0.2700412628448627,0.522014,0.6969499091096052,True,0.522014,4.251086,2.043559,0.148631,0.41903,2,False,False,0.53466796875,73,150,False,0.02712528274642906,False
3,grid_circular_voids,61,outputs/multi_batch/batch_3/grid_circular_voids/sample_0061/iteration_00150.png,-0.4243844466149438,-0.443389626295118,0.499202,0.3380246107928084,True,0.499203,3.672479,1.053213,0.098087,0.284737,2,False,False,0.510498046875,150,150,True,0.0040704796004899825,False
3,grid_circular_voids,62,outputs/multi_batch/batch_3/grid_circular_voids/sample_0062/iteration_00076.png,-0.3037945437420327,-0.3017014555110209,0.561474,0.4091553492364352,True,0.561474,2.706314,2.166788,0.114518,0.474264,2,False,False,0.569580078125,76,150,False,0.008775151328522557,False
3,grid_circular_voids,64,outputs/multi_batch/batch_3/grid_circular_voids/sample_0064/iteration_00112.png,-0.2688228498760615,-0.2688415533702036,0.589431,0.4649039289885165,True,0.589431,2.332077,2.175983,0.19292,0.423037,2,False,False,0.599365234375,112,150,False,0.0010000670415312746,False
3,grid_circular_voids,66,outputs/multi_batch/batch_3/grid_circular_voids/sample_0066/iteration_00138.png,-0.3476828077688186,-0.3374297517285873,0.534879,0.4686713718464529,True,0.534879,3.483627,1.77651,0.099856,0.549246,2,False,False,0.54638671875,138,150,False,0.00814940013110648,False
3,grid_circular_voids,68,outputs/multi_batch/batch_3/grid_circular_voids/sample_0068/iteration_00150.png,-0.2974533541758449,-0.2974533541759387,0.680048,0.4331096629157468,True,0.689353,2.972209,1.678185,0.241691,0.285381,2,False,False,0.687255859375,150,150,True,0.03811004419055997,False
3,grid_circular_voids,69,outputs/multi_batch/batch_3/grid_circular_voids/sample_0069/iteration_00114.png,-0.2629137290678717,-0.2604864197004466,0.556877,0.6368693317301956,True,0.556877,3.532607,2.416464,0.065217,0.494011,2,False,False,0.564208984375,114,150,False,0.006443375581418237,False
3,grid_circular_voids,70,outputs/multi_batch/batch_3/grid_circular_voids/sample_0070/iteration_00150.png,-0.4224877863201018,-0.4246651115168353,0.494149,0.3695321380579952,True,0.494149,2.565166,1.372324,0.147174,0.384483,2,False,False,0.501708984375,150,150,True,0.003253193111883691,False
3,grid_circular_voids,71,outputs/multi_batch/batch_3/grid_circular_voids/sample_0071/iteration_00150.png,-0.3180893986200134,-0.3177936503026151,0.627114,0.4844656202054027,True,0.627114,4.625197,2.110604,0.170524,0.471238,2,False,False,0.629638671875,150,150,True,0.011334036685568679,False
3,grid_circular_voids,72,outputs/multi_batch/batch_3/grid_circular_voids/sample_0072/iteration_00150.png,-0.3683626940092394,-0.3629195497115587,0.455849,0.5295604003131092,True,0.455849,3.223723,1.219562,0.159408,0.493297,2,False,False,0.460693359375,150,150,True,0.003845743149888594,False
3,grid_circular_voids,76,outputs/multi_batch/batch_3/grid_circular_voids/sample_0076/iteration_00150.png,-0.2705971193672176,-0.2705971193674318,0.562027,0.5163327330597915,True,0.573179,2.454687,1.928482,0.212281,0.327364,2,False,False,0.56884765625,150,150,True,0.010070648401023556,False
3,grid_circular_voids,78,outputs/multi_batch/batch_3/grid_circular_voids/sample_0078/iteration_00137.png,-0.2804106739603594,-0.2710184284595444,0.612166,0.4220537406098675,True,0.612166,2.796912,2.23195,0.1051,0.305038,2,False,False,0.614501953125,137,150,False,0.007824674508340904,False
3,grid_circular_voids,81,outputs/multi_batch/batch_3/grid_circular_voids/sample_0081/iteration_00149.png,-0.4177374540873024,-0.4398854221258851,0.537436,0.3523120541528843,True,0.537436,3.805424,1.269736,0.107947,0.457107,2,False,False,0.53173828125,149,150,False,0.0014594446371262368,False
3,grid_circular_voids,82,outputs/multi_batch/batch_3/grid_circular_voids/sample_0082/iteration_00150.png,-0.2738791768152461,-0.2822839008683042,0.475196,0.861774665720795,True,0.475195,2.479114,2.313911,0.079066,0.271387,3,False,False,0.470947265625,150,150,True,0.01140201232461783,False
3,grid_circular_voids,83,outputs/multi_batch/batch_3/grid_circular_voids/sample_0083/iteration_00150.png,-0.332723895352112,-0.3327238953379021,0.576604,0.5376407873906154,True,0.576604,4.916324,1.575632,0.202402,0.508142,3,False,False,0.578857421875,150,150,True,0.05089082303479973,False
3,grid_circular_voids,87,outputs/multi_batch/batch_3/grid_circular_voids/sample_0087/iteration_00150.png,-0.3318717552189381,-0.3318717555023565,0.694611,0.3261939919096138,True,0.694611,4.138511,2.272596,0.150494,0.345881,2,False,False,0.70068359375,150,150,True,0.0043383719363635975,False
3,grid_circular_voids,88,outputs/multi_batch/batch_3/grid_circular_voids/sample_0088/iteration_00069.png,-0.3777671890692413,-0.3713921420140021,0.523103,0.3510430381450244,True,0.523103,2.727504,1.38533,0.167915,0.290459,2,False,False,0.52099609375,69,150,False,0.005409053765836428,False
3,grid_circular_voids,89,outputs/multi_batch/batch_3/grid_circular_voids/sample_0089/iteration_00150.png,-0.2981098601674272,-0.2981098601679847,0.653956,0.5532082869586227,True,0.655762,4.791026,2.147049,0.138114,0.527214,2,False,False,0.6650390625,150,150,True,0.010306593430596792,False
3,grid_circular_voids,94,outputs/multi_batch/batch_3/grid_circular_voids/sample_0094/iteration_00150.png,-0.3002564997375004,-0.3002564997376526,0.586124,0.4776811820799115,True,0.677695,2.216476,2.072155,0.122179,0.479596,2,False,False,0.588623046875,150,150,True,0.004669477184139563,False
3,grid_circular_voids,96,outputs/multi_batch/batch_3/grid_circular_voids/sample_0096/iteration_00077.png,-0.2906576660341761,-0.295125073565119,0.623057,0.5323753240557582,True,0.623056,3.424808,1.648131,0.199961,0.349265,3,False,False,0.627685546875,77,150,False,0.04423290744442106,False
3,grid_circular_voids,100,outputs/multi_batch/batch_3/grid_circular_voids/sample_0100/iteration_00150.png,-0.2732385022981388,-0.2732385022982799,0.597057,0.5349980658352506,True,0.64816,2.646959,2.251352,0.247076,0.504505,2,False,False,0.6083984375,150,150,True,0.01168917146991238,False
3,grid_circular_voids,102,outputs/multi_batch/batch_3/grid_circular_voids/sample_0102/iteration_00131.png,-0.2890399226870168,-0.2962035921900168,0.468334,0.6480068107567095,True,0.468334,3.007495,1.900264,0.141793,0.463129,2,False,False,0.475830078125,131,150,False,0.0019428813586228927,False
3,grid_circular_voids,104,outputs/multi_batch/batch_3/grid_circular_voids/sample_0104/iteration_00139.png,-0.3326168403798375,-0.3271834502326731,0.506696,0.474210848045848,True,0.506695,2.160381,1.769567,0.153974,0.259968,2,False,False,0.499755859375,139,150,False,0.0019160821867528351,False
3,grid_circular_voids,105,outputs/multi_batch/batch_3/grid_circular_voids/sample_0105/iteration_00150.png,-0.002670610237826,-0.0065392605461136,0.39271,1.9617852054795253,True,0.608592,4.596521,1.00785,0.127494,0.482661,13,False,False,0.397705078125,150,150,True,3.113641437820942,True
3,grid_circular_voids,107,outputs/multi_batch/batch_3/grid_circular_voids/sample_0107/iteration_00132.png,-0.3629775629747289,-0.3509087638062452,0.569424,0.5433794521423901,True,0.569424,4.24258,1.453454,0.232857,0.44978,2,False,False,0.57470703125,132,150,False,0.001650041127275068,False
3,grid_circular_voids,108,outputs/multi_batch/batch_3/grid_circular_voids/sample_0108/iteration_00150.png,-0.4309869646127482,-0.4313188950239527,0.514276,0.2262022296452739,True,0.514277,2.785888,1.330226,0.205191,0.405974,2,False,False,0.51611328125,150,150,True,0.0052038930319130055,False
3,grid_circular_voids,113,outputs/multi_batch/batch_3/grid_circular_voids/sample_0113/iteration_00150.png,-0.311865937540798,-0.3076958961940742,0.550081,0.5737961810647623,True,0.550081,4.997947,1.797762,0.102493,0.390221,2,False,False,0.559814453125,150,150,True,0.005765053547183152,False
3,grid_circular_voids,114,outputs/multi_batch/batch_3/grid_circular_voids/sample_0114/iteration_00150.png,-0.3468370494589674,-0.327357350786354,0.487353,0.5264945319907662,True,0.487353,2.90387,1.410604,0.084499,0.500033,3,False,False,0.48779296875,150,150,True,0.0011163045485957852,False
3,grid_circular_voids,117,outputs/multi_batch/batch_3/grid_circular_voids/sample_0117/iteration_00150.png,-0.3645617315317555,-0.3836806862371813,0.478948,0.6008289440856193,True,0.478948,4.079496,1.299834,0.050397,0.543257,2,False,False,0.485595703125,150,150,True,0.0032678364498531583,False
3,grid_circular_voids,118,outputs/multi_batch/batch_3/grid_circular_voids/sample_0118/iteration_00141.png,-0.2499705720548433,-0.2534188451374066,0.541676,0.4602676112348312,True,0.541675,2.041072,2.483126,0.13719,0.354031,2,False,False,0.550048828125,141,150,False,0.0052472967477492785,False
3,nine_circle,120,outputs/multi_batch/batch_3/nine_circle/sample_0120/iteration_00150.png,-0.4865025689872286,-0.486502569018289,0.564892,0.4727648272157979,True,0.581848,4.72052,1.101267,0.168378,0.547754,4,False,False,0.560546875,150,150,True,0.015585027706371416,False
3,nine_circle,121,outputs/multi_batch/batch_3/nine_circle/sample_0121/iteration_00150.png,-0.3279516855088795,-0.3188327988669888,0.549942,0.3826344540972223,True,0.549941,2.139799,2.331834,0.056135,0.313228,2,False,False,0.55712890625,150,150,True,0.013262646153488194,False
3,nine_circle,122,outputs/multi_batch/batch_3/nine_circle/sample_0122/iteration_00150.png,-0.3140479083143918,-0.3252846369040735,0.461088,0.6192208102752536,True,0.461089,3.815586,1.482336,0.137224,0.413433,2,False,False,0.464599609375,150,150,True,0.002329409991233017,False
3,nine_circle,123,outputs/multi_batch/batch_3/nine_circle/sample_0123/iteration_00150.png,0.0854546722655323,0.0854546722655674,0.678574,1.331781152594345,True,0.678574,3.419676,1.939452,0.249979,0.325694,1,True,False,0.720947265625,150,150,True,1.7437346410747727,True
3,nine_circle,124,outputs/multi_batch/batch_3/nine_circle/sample_0124/iteration_00150.png,-0.3005468868937512,-0.3005468868939028,0.63948,0.506059133854542,True,0.664072,4.163493,2.212926,0.205617,0.38584,2,False,False,0.645263671875,150,150,True,0.00632075503082204,False
3,nine_circle,125,outputs/multi_batch/batch_3/nine_circle/sample_0125/iteration_00150.png,-0.3916176678947131,-0.392819234437345,0.507006,0.5950289227097842,True,0.507007,3.070316,1.357544,0.118299,0.465678,2,False,False,0.5078125,150,150,True,0.005331520752459469,False
3,nine_circle,127,outputs/multi_batch/batch_3/nine_circle/sample_0127/iteration_00150.png,-0.198847650499936,-0.1988476505000612,0.619585,0.6766206153104463,True,0.627954,2.487693,1.738938,0.186961,0.490713,2,False,False,0.621337890625,150,150,True,0.012476224810730902,False
3,nine_circle,128,outputs/multi_batch/batch_3/nine_circle/sample_0128/iteration_00130.png,-0.3014247510902902,-0.3046993694373511,0.564839,0.535448949358144,True,0.56484,3.64283,1.851134,0.191367,0.442446,2,False,False,0.5712890625,130,150,False,0.0014564012226488132,False
3,nine_circle,130,outputs/multi_batch/batch_3/nine_circle/sample_0130/iteration_00150.png,-0.2870903894492973,-0.2870903894495002,0.67915,0.6911919460317992,True,0.693901,4.987941,2.232561,0.110011,0.49534,2,False,False,0.69091796875,150,150,True,0.005227275100143048,False
3,nine_circle,137,outputs/multi_batch/batch_3/nine_circle/sample_0137/iteration_00150.png,-0.2922604459716552,-0.2887882410919041,0.450741,0.6840732481328816,True,0.450741,2.778867,1.919776,0.063252,0.48369,2,False,False,0.451904296875,150,150,True,0.003844278060114525,False
3,nine_circle,138,outputs/multi_batch/batch_3/nine_circle/sample_0138/iteration_00150.png,-0.4053957284365374,-0.4036793614956925,0.557231,0.4589899003243243,True,0.557232,4.478034,1.268907,0.14417,0.392862,2,False,False,0.564453125,150,150,True,0.04384524205960248,False
3,nine_circle,139,outputs/multi_batch/batch_3/nine_circle/sample_0139/iteration_00150.png,-0.2425255766006976,-0.2425255765159765,0.587312,0.5095547649940362,True,0.587313,2.571204,2.311776,0.231903,0.458638,2,False,False,0.600830078125,150,150,True,0.002014131806429563,False
3,nine_circle,141,outputs/multi_batch/batch_3/nine_circle/sample_0141/iteration_00150.png,-0.4017971279264782,-0.4081020710216017,0.540777,0.2738849830087692,True,0.540777,2.220368,1.390758,0.100198,0.337404,2,False,False,0.544677734375,150,150,True,0.010348043390178025,False
3,nine_circle,143,outputs/multi_batch/batch_3/nine_circle/sample_0143/iteration_00150.png,-0.4657254495279934,-0.4657254495398428,0.653785,0.2955472016007726,True,0.653785,3.125309,1.009739,0.194054,0.324956,2,False,False,0.654052734375,150,150,True,0.02715248543075766,False
3,nine_circle,149,outputs/multi_batch/batch_3/nine_circle/sample_0149/iteration_00144.png,-0.345202029565628,-0.3491255846455362,0.620347,0.3322470902503973,True,0.620347,3.392724,2.140988,0.127509,0.269593,2,False,False,0.626953125,144,150,False,0.0013321406676971902,False
3,nine_circle,151,outputs/multi_batch/batch_3/nine_circle/sample_0151/iteration_00081.png,-0.2729227928657275,-0.2887897467006782,0.483411,0.5918719620835071,True,0.483412,2.047618,1.7596,0.171163,0.369365,2,False,False,0.488525390625,81,150,False,0.006435025289612795,False
3,nine_circle,152,outputs/multi_batch/batch_3/nine_circle/sample_0152/iteration_00074.png,-0.2967841746926759,-0.2979063288186192,0.625017,0.4876428203789307,True,0.625017,3.869769,2.247985,0.172355,0.317652,2,False,False,0.636474609375,74,150,False,0.01236246546636224,False
3,nine_circle,155,outputs/multi_batch/batch_3/nine_circle/sample_0155/iteration_00150.png,0.0027168777705317,0.0027168777705331,0.639711,1.1764241739647108,True,0.667025,2.170579,1.596933,0.241316,0.40846,5,False,False,0.6328125,150,150,True,1.8540636042402827,True
3,nine_circle,158,outputs/multi_batch/batch_3/nine_circle/sample_0158/iteration_00150.png,-0.3641998532110922,-0.4273009469807808,0.54702,0.4353360119226861,True,0.547019,4.226453,1.431702,0.09065,0.47635,2,False,False,0.542724609375,150,150,True,0.002112391270755468,False
3,nine_circle,160,outputs/multi_batch/batch_3/nine_circle/sample_0160/iteration_00126.png,-0.3787315011937422,-0.390832069422263,0.514133,0.786798349264133,True,0.514134,4.948512,1.497858,0.199928,0.366708,3,False,False,0.5263671875,126,150,False,0.0012555205396053697,False
3,nine_circle,161,outputs/multi_batch/batch_3/nine_circle/sample_0161/iteration_00129.png,-0.2972565184051071,-0.2973523189615279,0.607202,0.4634169503913968,True,0.607203,2.28493,1.978227,0.087269,0.447415,2,False,False,0.61767578125,129,150,False,0.006498165848375928,False
3,nine_circle,163,outputs/multi_batch/batch_3/nine_circle/sample_0163/iteration_00052.png,-0.2057366082423093,-0.2057307093644732,0.493581,0.747265126546919,True,0.493581,3.249185,2.347167,0.218431,0.509085,2,False,False,0.50048828125,52,150,False,0.00399011961158312,False
3,nine_circle,164,outputs/multi_batch/batch_3/nine_circle/sample_0164/iteration_00150.png,-0.2759928121538597,-0.2640886642641055,0.47891,0.7122260703856609,True,0.47891,4.005538,1.812951,0.237006,0.529387,2,False,False,0.48193359375,150,150,True,0.024408626735632377,False
3,nine_circle,166,outputs/multi_batch/batch_3/nine_circle/sample_0166/iteration_00150.png,-0.3144240910475616,-0.3253026332364078,0.592346,0.5247150642015482,True,0.592346,4.553731,2.181571,0.068352,0.431691,2,False,False,0.595458984375,150,150,True,0.003264054206160994,False
3,nine_circle,169,outputs/multi_batch/batch_3/nine_circle/sample_0169/iteration_00150.png,-0.3571240630530073,-0.3406145443970016,0.501722,0.4407099864131026,True,0.501722,2.631235,1.52324,0.07182,0.250906,2,False,False,0.51171875,150,150,True,0.003186423212017935,False
3,nine_circle,170,outputs/multi_batch/batch_3/nine_circle/sample_0170/iteration_00132.png,-0.2475856389197806,-0.2251999812906711,0.53787,0.7858748941725704,True,0.53787,3.932057,2.361243,0.140292,0.472982,2,False,False,0.548583984375,132,150,False,0.0013001524760860098,False
3,nine_circle,171,outputs/multi_batch/batch_3/nine_circle/sample_0171/iteration_00150.png,-0.4383533197556918,-0.4383540237261896,0.630356,0.350434320057834,True,0.630355,2.833002,1.154295,0.227974,0.38787,2,False,False,0.628173828125,150,150,True,0.004591651301552665,False
3,nine_circle,172,outputs/multi_batch/batch_3/nine_circle/sample_0172/iteration_00150.png,-0.3253314040595433,-0.3062778198985006,0.58436,0.4520813513054149,True,0.584361,3.578292,1.685582,0.221118,0.333035,2,False,False,0.591552734375,150,150,True,0.035451527168182846,False
3,nine_circle,173,outputs/multi_batch/batch_3/nine_circle/sample_0173/iteration_00150.png,-0.329573693012804,-0.3379198757533276,0.552296,0.5502215676609732,True,0.552296,3.18822,1.791138,0.108873,0.4155,2,False,False,0.560791015625,150,150,True,0.004531884830023862,False
3,nine_circle,177,outputs/multi_batch/batch_3/nine_circle/sample_0177/iteration_00110.png,-0.2715240883282507,-0.2741559252782907,0.643777,0.4624413085767946,True,0.643777,2.958514,2.273094,0.094216,0.356532,2,False,False,0.6484375,110,150,False,0.00016511934551080576,False
3,nine_circle,179,outputs/multi_batch/batch_3/nine_circle/sample_0179/iteration_00125.png,-0.3301076794628413,-0.3212981914687717,0.522466,0.4730793873731045,True,0.522467,2.410326,1.904535,0.200572,0.305718,2,False,False,0.53173828125,125,150,False,0.0012238441094569567,False
3,nine_circle,181,outputs/multi_batch/batch_3/nine_circle/sample_0181/iteration_00150.png,-0.2628182126690586,-0.2628182126691181,0.58532,0.5802098311052576,True,0.60074,2.01701,1.041374,0.131392,0.502063,1,True,False,0.579833984375,150,150,True,0.16140178397697824,True
3,nine_circle,183,outputs/multi_batch/batch_3/nine_circle/sample_0183/iteration_00060.png,-0.3505083489945517,-0.3667160726089389,0.471493,0.4982385162075504,True,0.471493,3.356225,1.398949,0.162542,0.440375,2,False,False,0.46826171875,60,150,False,0.03673988360239649,False
3,nine_circle,184,outputs/multi_batch/batch_3/nine_circle/sample_0184/iteration_00150.png,-0.3290783171639945,-0.3065078959304835,0.529235,1.0902180519540177,True,0.529235,4.240967,2.120542,0.164553,0.354885,3,False,False,0.53173828125,150,150,True,0.17386920038528886,True
3,nine_circle,186,outputs/multi_batch/batch_3/nine_circle/sample_0186/iteration_00150.png,-0.3166461547184613,-0.2981539842616719,0.601184,0.8943957308810789,True,0.666289,4.413426,2.477405,0.133215,0.302603,2,False,False,0.608642578125,150,150,True,0.009323246007275002,False
3,nine_circle,188,outputs/multi_batch/batch_3/nine_circle/sample_0188/iteration_00150.png,0.0647644145213575,0.0654163977352502,0.386557,1.185241365039749,True,0.462779,4.806742,1.571033,0.201632,0.499021,3,False,False,0.38037109375,150,150,True,0.0,False
3,nine_circle,191,outputs/multi_batch/batch_3/nine_circle/sample_0191/iteration_00150.png,-0.3078910080175299,-0.2920312656335564,0.543849,0.6754409593329824,True,0.543849,3.482505,2.221175,0.183136,0.37538,2,False,False,0.556396484375,150,150,True,0.005214339303535923,False
3,nine_circle,196,outputs/multi_batch/batch_3/nine_circle/sample_0196/iteration_00150.png,-0.0767818630578741,-0.0767818630578944,0.674678,0.9657238961973584,True,0.699566,3.635713,2.321247,0.226086,0.416785,4,False,False,0.68408203125,150,150,True,0.5888990684215777,True
3,nine_circle,197,outputs/multi_batch/batch_3/nine_circle/sample_0197/iteration_00150.png,-0.4014659952324667,-0.4297978761977158,0.480134,0.3413702428585194,True,0.480134,3.223141,1.114143,0.138475,0.331681,2,False,False,0.479736328125,150,150,True,0.002964184512646124,False
3,nine_circle,198,outputs/multi_batch/batch_3/nine_circle/sample_0198/iteration_00135.png,-0.3380890676453699,-0.3474749271144838,0.563127,0.495028015754295,True,0.563127,4.922182,1.951596,0.069728,0.544366,2,False,False,0.57275390625,135,150,False,0.006361518484178045,False
3,nine_circle,199,outputs/multi_batch/batch_3/nine_circle/sample_0199/iteration_00150.png,-0.4004338570318322,-0.4011206696690273,0.593075,0.2570738801489899,True,0.593075,2.311615,1.471016,0.157119,0.307204,2,False,False,0.598388671875,150,150,True,0.021430141582853612,False
3,nine_circle,200,outputs/multi_batch/batch_3/nine_circle/sample_0200/iteration_00150.png,-0.3041061221073162,-0.2748862616641055,0.504411,1.0775326989730534,True,0.504412,4.890217,2.128116,0.154334,0.450531,3,False,False,0.50341796875,150,150,True,0.00711039846488994,False
3,nine_circle,202,outputs/multi_batch/batch_3/nine_circle/sample_0202/iteration_00103.png,-0.3321875009165821,-0.3433652750810374,0.633525,0.4440048599017451,True,0.633525,3.551703,1.770917,0.148191,0.51073,2,False,False,0.637451171875,103,150,False,0.001988828611492683,False
3,nine_circle,203,outputs/multi_batch/batch_3/nine_circle/sample_0203/iteration_00106.png,-0.3373819128536323,-0.3392128781702683,0.538606,0.485089383538671,True,0.538606,3.214453,1.665525,0.235899,0.275326,2,False,False,0.54443359375,106,150,False,0.002034469644177446,False
3,nine_circle,204,outputs/multi_batch/batch_3/nine_circle/sample_0204/iteration_00087.png,-0.4037387135033289,-0.437654989839034,0.554986,0.3022862795627313,True,0.554986,3.946473,1.180221,0.216584,0.295563,2,False,False,0.552490234375,87,150,False,0.004839987656174665,False
3,nine_circle,208,outputs/multi_batch/batch_3/nine_circle/sample_0208/iteration_00150.png,-0.4045105891173755,-0.4045105891175619,0.615789,0.3133057369859803,True,0.642553,3.719327,1.377996,0.180449,0.532657,2,False,False,0.6220703125,150,150,True,0.023967517575098143,False
3,nine_circle,210,outputs/multi_batch/batch_3/nine_circle/sample_0210/iteration_00150.png,-0.3324252513059499,-0.292185593461585,0.510017,1.0207669519829634,True,0.521738,4.630859,1.021127,0.124104,0.405057,6,False,False,0.515869140625,150,150,True,0.0016040468753466919,False
3,nine_circle,211,outputs/multi_batch/batch_3/nine_circle/sample_0211/iteration_00150.png,-0.0549170542457568,-0.0549170542458114,0.54899,1.0276599331297278,True,0.614186,2.043425,2.415767,0.211348,0.343391,4,False,False,0.550537109375,150,150,True,0.10651823806967481,False
3,nine_circle,212,outputs/multi_batch/batch_3/nine_circle/sample_0212/iteration_00150.png,-0.3512529819534148,-0.3534259718992812,0.599514,0.4837830571392896,True,0.599515,4.274164,1.930429,0.242429,0.396249,2,False,False,0.611328125,150,150,True,0.026312050226505665,False
3,nine_circle,215,outputs/multi_batch/batch_3/nine_circle/sample_0215/iteration_00150.png,-0.2535768573457088,-0.2535768573460371,0.643291,0.6220882982342448,True,0.688367,2.973216,1.280293,0.173585,0.477702,3,False,False,0.638671875,150,150,True,0.005038790063474686,False
3,nine_circle,216,outputs/multi_batch/batch_3/nine_circle/sample_0216/iteration_00150.png,-0.3101184737395824,-0.3128908683212819,0.548723,0.5893180866506289,True,0.548724,4.350421,1.717958,0.170104,0.435372,2,False,False,0.5546875,150,150,True,0.0008033261558819958,False
3,nine_circle,217,outputs/multi_batch/batch_3/nine_circle/sample_0217/iteration_00150.png,-0.3777278704887417,-0.3521551477233142,0.579159,0.2795945062249892,True,0.579159,2.508067,1.800098,0.057738,0.350553,2,False,False,0.586181640625,150,150,True,0.010269465473659596,False
3,nine_circle,223,outputs/multi_batch/batch_3/nine_circle/sample_0223/iteration_00150.png,-0.2153575508603882,-0.2140727354596336,0.532204,0.7016882171771026,True,0.532203,2.107427,1.128101,0.176131,0.453111,2,False,False,0.537353515625,150,150,True,0.0012794664116971845,False
3,nine_circle,224,outputs/multi_batch/batch_3/nine_circle/sample_0224/iteration_00150.png,-0.2869401310776395,-0.2961079868923328,0.597996,0.6772202225414468,True,0.597996,4.021816,2.46784,0.195944,0.4797,2,False,False,0.611572265625,150,150,True,0.0017788260406955375,False
3,nine_circle,226,outputs/multi_batch/batch_3/nine_circle/sample_0226/iteration_00149.png,-0.2940193811093216,-0.3084719567092041,0.477182,0.7418935831673709,True,0.477182,4.605203,2.087534,0.102288,0.457867,2,False,False,0.484375,149,150,False,0.010191947209306166,False
3,nine_circle,228,outputs/multi_batch/batch_3/nine_circle/sample_0228/iteration_00150.png,-0.4059455994646056,-0.4188825217961576,0.586598,0.95799624337831,True,0.648955,4.956039,1.215584,0.233181,0.336706,4,False,False,0.590087890625,150,150,True,0.061970408980887445,False
3,nine_circle,229,outputs/multi_batch/batch_3/nine_circle/sample_0229/iteration_00150.png,-0.2575316527716308,-0.2580581288107416,0.491929,0.7563789759199657,True,0.491929,2.374496,2.258664,0.145425,0.402473,5,False,False,0.49658203125,150,150,True,0.021615188257216787,False
3,nine_circle,232,outputs/multi_batch/batch_3/nine_circle/sample_0232/iteration_00150.png,0.0755714383040804,0.0362697506144019,0.374484,1.989150827644257,True,0.453431,3.512215,1.030698,0.161399,0.377373,13,False,False,0.38330078125,150,150,True,1.6996950760382294,True
3,nine_circle,235,outputs/multi_batch/batch_3/nine_circle/sample_0235/iteration_00150.png,-0.2614780705726768,-0.2614780705701766,0.557969,0.4956316940344288,True,0.557969,2.187921,2.055422,0.230396,0.496331,2,False,False,0.563232421875,150,150,True,0.0037865196845584532,False
3,circle_half_quarter,361,outputs/multi_batch/batch_3/circle_half_quarter/sample_0361/iteration_00150.png,0.2172385974999988,0.217238597500127,0.299514,1.872321824169941,True,0.515549,3.485604,1.365595,0.210129,0.48733,1,True,False,0.248046875,150,150,True,0.45344680277003313,True
3,circle_half_quarter,366,outputs/multi_batch/batch_3/circle_half_quarter/sample_0366/iteration_00150.png,0.0793414104766803,0.0793414104769343,0.150553,1.983580403246792,True,0.564301,3.810243,1.498551,0.225096,0.547933,16,False,False,0.1298828125,150,150,True,1.6478427188212992,True
3,circle_half_quarter,367,outputs/multi_batch/batch_3/circle_half_quarter/sample_0367/iteration_00150.png,0.0651480564711164,0.0651480564711394,0.468814,1.493092087839703,True,0.679095,3.120448,2.200178,0.13791,0.393415,1,True,False,0.38525390625,150,150,True,0.41086840319277357,True
3,circle_half_quarter,369,outputs/multi_batch/batch_3/circle_half_quarter/sample_0369/iteration_00150.png,0.1189029837265438,0.1189029837265922,0.389391,1.6688676008217402,True,0.642888,2.456739,2.273487,0.246229,0.423268,1,True,False,0.331298828125,150,150,True,0.2184129216081703,True
3,circle_half_quarter,370,outputs/multi_batch/batch_3/circle_half_quarter/sample_0370/iteration_00150.png,-0.1807177884192992,-0.180717788419442,0.60038,0.9320338148774168,True,0.617017,4.038319,1.044904,0.197729,0.378954,1,True,False,0.584716796875,150,150,True,0.2028293309735371,True
3,circle_half_quarter,371,outputs/multi_batch/batch_3/circle_half_quarter/sample_0371/iteration_00150.png,0.1769196789304536,0.1769196789305951,0.245294,1.915784554781179,True,0.50137,3.219211,1.92824,0.085592,0.524619,5,False,False,0.2265625,150,150,True,0.14779535387290038,False
3,circle_half_quarter,373,outputs/multi_batch/batch_3/circle_half_quarter/sample_0373/iteration_00150.png,0.0966555444240508,0.096655544424083,0.579557,1.3251417140188932,True,0.603393,2.859273,1.637824,0.164062,0.356291,1,True,False,0.7607421875,150,150,True,0.48116059859244387,True
3,circle_half_quarter,374,outputs/multi_batch/batch_3/circle_half_quarter/sample_0374/iteration_00150.png,0.0632763300080346,0.0632763300080655,0.349905,1.6453348321713146,True,0.687855,4.276608,2.043806,0.218567,0.446157,1,True,False,0.351806640625,150,150,True,0.4385533940986219,True
3,circle_half_quarter,376,outputs/multi_batch/batch_3/circle_half_quarter/sample_0376/iteration_00150.png,0.0733031783205414,0.0733031783206493,0.284734,1.9433801558027484,True,0.637339,4.379946,2.224234,0.109699,0.533939,1,True,False,0.28662109375,150,150,True,0.818163716184823,True
3,circle_half_quarter,378,outputs/multi_batch/batch_3/circle_half_quarter/sample_0378/iteration_00150.png,0.1091568248288033,0.1091568248288473,0.51079,1.4145753066380502,True,0.526949,3.569087,1.889605,0.170926,0.413801,1,True,False,0.416015625,150,150,True,0.702261144739021,True
3,circle_half_quarter,380,outputs/multi_batch/batch_3/circle_half_quarter/sample_0380/iteration_00150.png,0.0736123340226697,0.0736123340227011,0.675842,1.2563660129830805,True,0.675843,3.93049,1.594061,0.080255,0.319297,1,True,False,0.70703125,150,150,True,0.21711450030086685,True
3,circle_half_quarter,381,outputs/multi_batch/batch_3/circle_half_quarter/sample_0381/iteration_00150.png,0.0644438247706741,0.0644438247707084,0.297355,1.6802415510757895,True,0.568042,3.140834,2.480235,0.192287,0.47441,1,True,False,0.30712890625,150,150,True,0.15846529394798486,True
3,circle_half_quarter,382,outputs/multi_batch/batch_3/circle_half_quarter/sample_0382/iteration_00150.png,0.1310459064294426,0.1310459064294887,0.454035,1.4548423149784673,True,0.471839,4.745837,1.201373,0.237583,0.328147,5,False,False,0.458984375,150,150,True,0.22993232317688428,True
3,circle_half_quarter,383,outputs/multi_batch/batch_3/circle_half_quarter/sample_0383/iteration_00022.png,0.0598670122956267,0.0598670122956654,0.2688,1.7450548440575555,True,0.584528,2.558582,2.099286,0.125398,0.483142,1,True,False,0.27099609375,22,150,False,2.882536006115748,True
3,circle_half_quarter,384,outputs/multi_batch/batch_3/circle_half_quarter/sample_0384/iteration_00150.png,0.0550894713350091,0.0550894713350345,0.36628,1.4075070736920092,True,0.505964,3.724609,1.327325,0.146635,0.450483,1,True,False,0.3681640625,150,150,True,0.16871678923869302,True
3,circle_half_quarter,385,outputs/multi_batch/batch_3/circle_half_quarter/sample_0385/iteration_00150.png,0.1127464079342283,0.1127464079342669,0.532143,1.4853704871787743,True,0.612911,3.01731,2.020255,0.233716,0.305413,1,True,False,0.47802734375,150,150,True,0.455062818336163,True
3,circle_half_quarter,386,outputs/multi_batch/batch_3/circle_half_quarter/sample_0386/iteration_00150.png,0.0689644658937143,0.0689644658937739,0.370602,1.844493992159584,True,0.645621,4.599784,1.661422,0.185217,0.496797,1,True,False,0.37158203125,150,150,True,1.0506338772796144,True
3,circle_half_quarter,391,outputs/multi_batch/batch_3/circle_half_quarter/sample_0391/iteration_00150.png,0.0869569596694265,0.0869569596694613,0.464994,1.213347767304728,True,0.464995,3.401419,1.543047,0.118241,0.437124,1,True,False,0.44140625,150,150,True,0.2926215781208255,True
3,circle_half_quarter,394,outputs/multi_batch/batch_3/circle_half_quarter/sample_0394/iteration_00150.png,0.0632733388151704,0.0632733388152063,0.419202,1.498376737811179,True,0.479733,4.220603,1.410633,0.155695,0.468883,5,False,False,0.42529296875,150,150,True,0.15620069422530786,True
3,circle_half_quarter,397,outputs/multi_batch/batch_3/circle_half_quarter/sample_0397/iteration_00150.png,0.0703089797132991,0.0703089797133272,0.489452,1.240423813817226,True,0.489452,3.051806,1.266047,0.184089,0.416984,9,False,False,0.390625,150,150,True,0.6285640562508062,True
3,circle_half_quarter,399,outputs/multi_batch/batch_3/circle_half_quarter/sample_0399/iteration_00150.png,0.0535099375275874,0.0535099375278379,0.08451,1.99355971630268,True,0.662373,2.271843,1.623181,0.147658,0.540569,16,False,False,0.056640625,150,150,True,0.04351922472968722,False
3,circle_half_quarter,401,outputs/multi_batch/batch_3/circle_half_quarter/sample_0401/iteration_00150.png,0.1354296920817932,0.1354296920818483,0.559558,1.6451205073735309,True,0.690646,3.293071,1.749088,0.242709,0.285486,1,True,False,0.5322265625,150,150,True,0.31408676095324606,True
3,circle_half_quarter,402,outputs/multi_batch/batch_3/circle_half_quarter/sample_0402/iteration_00150.png,0.1020022746185095,0.1020022746186024,0.344366,1.883918140900891,True,0.599326,4.686606,1.944235,0.187943,0.516714,1,True,False,0.34521484375,150,150,True,0.9592110838977514,True
3,circle_half_quarter,405,outputs/multi_batch/batch_3/circle_half_quarter/sample_0405/iteration_00150.png,0.069478358338969,0.0694783583390106,0.178968,1.857447824842975,True,0.620888,2.023303,2.185547,0.172244,0.502106,1,True,False,0.182861328125,150,150,True,0.2065575566878781,True
3,circle_half_quarter,406,outputs/multi_batch/batch_3/circle_half_quarter/sample_0406/iteration_00150.png,0.1444804453514438,0.1444804453515018,0.557674,1.6072725022600045,True,0.637987,3.627959,1.121106,0.220516,0.300326,1,True,False,0.5,150,150,True,0.1509972324693935,True
3,circle_half_quarter,407,outputs/multi_batch/batch_3/circle_half_quarter/sample_0407/iteration_00150.png,0.0599866744457186,0.0599866744457476,0.353077,1.4917106522750747,True,0.54364,2.926451,1.82859,0.108483,0.454697,1,True,False,0.355224609375,150,150,True,0.1556815604445452,True
3,circle_half_quarter,409,outputs/multi_batch/batch_3/circle_half_quarter/sample_0409/iteration_00150.png,0.1325725489745691,0.1325725489746954,0.125729,1.9759425226393736,True,0.469192,2.824588,2.404114,0.213641,0.544748,32,False,False,0.068359375,150,150,True,0.7885076067952298,True
3,circle_half_quarter,414,outputs/multi_batch/batch_3/circle_half_quarter/sample_0414/iteration_00150.png,0.0435412659096067,0.0435412659096434,0.386204,1.707666161787548,True,0.486814,3.90877,1.778238,0.248137,0.492859,1,True,False,0.3779296875,150,150,True,0.5474853047880709,True
3,circle_half_quarter,417,outputs/multi_batch/batch_3/circle_half_quarter/sample_0417/iteration_00150.png,0.1062895122061925,0.1062895122062361,0.391014,1.5318822211646363,True,0.595743,2.356024,1.050176,0.23022,0.44085,1,True,False,0.28564453125,150,150,True,0.7082150114220085,True
3,circle_half_quarter,418,outputs/multi_batch/batch_3/circle_half_quarter/sample_0418/iteration_00150.png,0.0784601993602031,0.0784601993602319,0.512656,1.5276886250671726,True,0.695847,3.751549,2.256432,0.175455,0.36138,1,True,False,0.49560546875,150,150,True,0.48615179443214024,True
3,circle_half_quarter,419,outputs/multi_batch/batch_3/circle_half_quarter/sample_0419/iteration_00150.png,0.1614011611996195,0.161401161199722,0.249955,1.8732418259423729,True,0.547794,2.944228,1.466845,0.087538,0.507036,5,False,False,0.2138671875,150,150,True,0.06039691576720451,False
3,circle_half_quarter,420,outputs/multi_batch/batch_3/circle_half_quarter/sample_0420/iteration_00150.png,-0.2330915560532482,-0.2330915560536177,0.390007,1.691040246091141,True,0.53029,4.111487,1.216061,0.072571,0.531175,3,False,False,0.393310546875,150,150,True,0.015988081064264484,False
3,circle_half_quarter,421,outputs/multi_batch/batch_3/circle_half_quarter/sample_0421/iteration_00150.png,0.1058016955133204,0.1058016955133642,0.55192,1.5026108664779223,True,0.650849,3.333555,2.108092,0.159757,0.376209,1,True,False,0.73388671875,150,150,True,0.6093978096616763,True
3,circle_half_quarter,422,outputs/multi_batch/batch_3/circle_half_quarter/sample_0422/iteration_00150.png,0.0498673446439508,0.0498673446439703,0.468774,1.5027316130639945,True,0.609339,4.939834,1.585277,0.208029,0.426231,1,True,False,0.369140625,150,150,True,0.8549657842607599,True
3,circle_half_quarter,424,outputs/multi_batch/batch_3/circle_half_quarter/sample_0424/iteration_00150.png,0.0781863202354024,0.078186320235434,0.500176,1.3911958414918604,True,0.562022,4.459808,1.654449,0.119256,0.438318,1,True,False,0.423828125,150,150,True,0.28494755522211485,True
3,circle_half_quarter,425,outputs/multi_batch/batch_3/circle_half_quarter/sample_0425/iteration_00150.png,0.1493203813118582,0.1493203813119129,0.581658,1.5886674566048744,True,0.681603,2.23449,2.444058,0.206435,0.293285,1,True,False,0.5830078125,150,150,True,0.5693201095618807,True
3,circle_half_quarter,426,outputs/multi_batch/batch_3/circle_half_quarter/sample_0426/iteration_00150.png,0.1543569720471478,0.1543569720472219,0.235345,1.893826010780131,True,0.578584,3.864236,1.237619,0.160959,0.504586,1,True,False,0.1943359375,150,150,True,0.21377407300948548,True
3,circle_half_quarter,427,outputs/multi_batch/batch_3/circle_half_quarter/sample_0427/iteration_00150.png,-0.2282129389559859,-0.2700704325458396,0.477554,0.8661364777920602,True,0.477554,3.065722,2.038922,0.073921,0.359434,3,False,False,0.4775390625,150,150,True,0.04587099137618291,False
3,circle_half_quarter,429,outputs/multi_batch/batch_3/circle_half_quarter/sample_0429/iteration_00150.png,0.0159087109389397,0.0159087109389619,0.149074,1.95992668740466,True,0.62749,3.449097,1.398407,0.177293,0.528352,3,False,False,0.142333984375,150,150,True,1.3075261331176478,True
3,circle_half_quarter,430,outputs/multi_batch/batch_3/circle_half_quarter/sample_0430/iteration_00150.png,0.1705996533962986,0.1705996533963598,0.663941,1.6864607151335724,True,0.664101,4.821215,1.91994,0.228775,0.269145,1,True,False,0.7353515625,150,150,True,0.18895643363728473,True
3,circle_half_quarter,431,outputs/multi_batch/batch_3/circle_half_quarter/sample_0431/iteration_00150.png,0.0674704815912461,0.0674704815912765,0.459836,1.257386275559901,True,0.517023,2.625285,1.027886,0.140862,0.423489,3,False,False,0.39794921875,150,150,True,0.39476767570781535,True
3,circle_half_quarter,432,outputs/multi_batch/batch_3/circle_half_quarter/sample_0432/iteration_00150.png,-0.0420501383527845,-0.0420501383527821,0.129505,1.99137175178438,True,0.688459,3.615508,1.799893,0.137105,0.542885,14,False,False,0.102294921875,150,150,True,0.06079463858305394,False
3,circle_half_quarter,433,outputs/multi_batch/batch_3/circle_half_quarter/sample_0433/iteration_00150.png,0.0625166604045527,0.0625166604045753,0.424295,1.371369218087671,True,0.555172,2.893492,1.101104,0.249926,0.397294,1,True,False,0.32763671875,150,150,True,0.42491196746515897,True
3,circle_half_quarter,434,outputs/multi_batch/batch_3/circle_half_quarter/sample_0434/iteration_00034.png,-0.1510003430879233,-0.1510003229086574,0.45507,0.9064882866886612,True,0.45507,4.333897,2.217266,0.195204,0.400441,1,True,False,0.45849609375,34,150,False,2.9026121595948373,True
3,circle_half_quarter,437,outputs/multi_batch/batch_3/circle_half_quarter/sample_0437/iteration_00150.png,0.0780813257033149,0.0780813257033474,0.335954,1.4642525094469518,True,0.499944,2.416936,1.965612,0.166566,0.461934,1,True,False,0.33935546875,150,150,True,0.22396895257111518,True
3,circle_half_quarter,439,outputs/multi_batch/batch_3/circle_half_quarter/sample_0439/iteration_00150.png,0.0634546970158185,0.0634546970158718,0.314409,1.8441014529271755,True,0.639678,3.282085,2.33559,0.102804,0.49062,1,True,False,0.3125,150,150,True,0.1730571637105746,True
3,circle_half_quarter,441,outputs/multi_batch/batch_3/circle_half_quarter/sample_0441/iteration_00150.png,0.1082957356092096,0.1082957356092472,0.426266,1.592082295237835,True,0.589156,3.174274,1.757227,0.218924,0.428694,1,True,False,0.3427734375,150,150,True,0.3165011710098238,True
3,circle_half_quarter,442,outputs/multi_batch/batch_3/circle_half_quarter/sample_0442/iteration_00150.png,0.0409657184180477,0.0409657184180638,0.535958,1.4830418117935515,True,0.669718,4.802348,1.561164,0.173448,0.36915,1,True,False,0.42236328125,150,150,True,0.8505536192386964,True
3,circle_half_quarter,443,outputs/multi_batch/batch_3/circle_half_quarter/sample_0443/iteration_00150.png,0.1183953006590166,0.1183953006591071,0.256662,1.8650383627717049,True,0.574395,2.501339,2.160321,0.061408,0.514779,5,False,False,0.25,150,150,True,0.10971699980209781,False
3,circle_half_quarter,444,outputs/multi_batch/batch_3/circle_half_quarter/sample_0444/iteration_00150.png,0.1813586887753888,0.1813586887755047,0.323336,1.874704558130953,True,0.521736,4.419703,2.01633,0.076912,0.49994,5,False,False,0.296875,150,150,True,0.09672461794167299,False
3,circle_half_quarter,445,outputs/multi_batch/batch_3/circle_half_quarter/sample_0445/iteration_00150.png,0.0873857132359522,0.0873857132359828,0.539557,1.3765057898008837,True,0.659876,2.13618,1.308869,0.18978,0.345019,1,True,False,0.42138671875,150,150,True,0.6330041556816659,True
3,circle_half_quarter,446,outputs/multi_batch/batch_3/circle_half_quarter/sample_0446/iteration_00150.png,0.0746450530385446,0.0746450530385781,0.340234,1.652025146407308,True,0.630097,3.506259,2.372761,0.241262,0.452467,1,True,False,0.34423828125,150,150,True,0.4091915218879883,True
3,circle_half_quarter,447,outputs/multi_batch/batch_3/circle_half_quarter/sample_0447/iteration_00150.png,-0.0392357188885642,-0.0244823797381478,0.48903,1.01952789756237,True,0.489031,2.813602,1.676993,0.128351,0.297574,1,True,False,0.500244140625,150,150,True,1.5429363874881534,True
3,circle_half_quarter,449,outputs/multi_batch/batch_3/circle_half_quarter/sample_0449/iteration_00150.png,0.0840440384958045,0.0840440384958433,0.316293,1.4726711271453388,True,0.458684,2.703513,1.59787,0.237413,0.476333,1,True,False,0.3212890625,150,150,True,0.4526027397260273,True
3,circle_half_quarter,454,outputs/multi_batch/batch_3/circle_half_quarter/sample_0454/iteration_00150.png,0.2756118863458274,0.2756118863462209,0.206964,1.982312742185304,True,0.511463,4.539519,1.07897,0.20238,0.537818,12,False,False,0.1484375,150,150,True,0.08309684930510079,False
3,circle_half_quarter,458,outputs/multi_batch/batch_3/circle_half_quarter/sample_0458/iteration_00150.png,0.0716032898812643,0.0716032898812994,0.571472,1.4251837171121924,True,0.622135,4.528083,1.83208,0.152739,0.349233,1,True,False,0.672119140625,150,150,True,0.38556855768963505,True
3,circle_half_quarter,459,outputs/multi_batch/batch_3/circle_half_quarter/sample_0459/iteration_00150.png,0.1406636497022555,0.1406636497023654,0.332623,1.7151219729958247,True,0.496725,2.215287,1.139173,0.06492,0.494853,5,False,False,0.31201171875,150,150,True,0.025478617692054808,False
3,circle_half_quarter,460,outputs/multi_batch/batch_3/circle_half_quarter/sample_0460/iteration_00150.png,0.2173696572437467,0.2173696572438901,0.324492,1.8813011379393616,True,0.475195,4.893243,1.730673,0.099953,0.517522,3,False,False,0.31787109375,150,150,True,0.09268895724923094,False
3,circle_half_quarter,461,outputs/multi_batch/batch_3/circle_half_quarter/sample_0461/iteration_00150.png,0.1321714722197726,0.132171472219817,0.526948,1.4472792827196064,True,0.581166,2.597933,2.344384,0.187042,0.362592,1,True,False,0.43603515625,150,150,True,0.42538098338561847,True
3,circle_half_quarter,462,outputs/multi_batch/batch_3/circle_half_quarter/sample_0462/iteration_00150.png,0.0480878640955113,0.0480878640955274,0.382775,1.632087203387321,True,0.677366,4.156997,1.348986,0.232283,0.434884,1,True,False,0.277099609375,150,150,True,0.7547437848807713,True
3,circle_half_quarter,465,outputs/multi_batch/batch_3/circle_half_quarter/sample_0465/iteration_00150.png,0.12235273467469,0.122352734674834,0.151626,1.944071125583105,True,0.536295,2.053493,2.077002,0.23936,0.531406,16,False,False,0.1240234375,150,150,True,0.9839196405353267,True
3,circle_half_quarter,467,outputs/multi_batch/batch_3/circle_half_quarter/sample_0467/iteration_00150.png,0.085941123666422,0.0859411236664569,0.498743,1.4088057713757502,True,0.615298,2.871724,2.411792,0.078722,0.411351,1,True,False,0.476806640625,150,150,True,0.18332266043871873,True
3,circle_half_quarter,468,outputs/multi_batch/batch_3/circle_half_quarter/sample_0468/iteration_00150.png,-0.0894740842914669,-0.0894740842914974,0.359392,1.6274221105542108,True,0.605608,4.049306,1.911157,0.056384,0.471587,7,False,False,0.36474609375,150,150,True,0.00034258118345225963,False
3,circle_half_quarter,470,outputs/multi_batch/batch_3/circle_half_quarter/sample_0470/iteration_00150.png,0.0143946889180575,0.0143946889180588,0.341356,1.7244435370601705,True,0.557703,4.627028,2.293411,0.223856,0.480401,1,True,False,0.343505859375,150,150,True,7.546009729841631,True
3,circle_half_quarter,472,outputs/multi_batch/batch_3/circle_half_quarter/sample_0472/iteration_00150.png,0.0697338347574117,0.0697338347574396,0.473928,1.2523741883716868,True,0.48325,4.736315,2.116004,0.104025,0.420744,1,True,False,0.47705078125,150,150,True,0.2207409177519667,True
3,circle_half_quarter,473,outputs/multi_batch/batch_3/circle_half_quarter/sample_0473/iteration_00150.png,0.1065047537582479,0.1065047537582911,0.583462,1.4161332566197076,True,0.635122,2.522693,1.232645,0.216987,0.275702,1,True,False,0.50927734375,150,150,True,0.37750955526964164,True
3,circle_half_quarter,475,outputs/multi_batch/batch_3/circle_half_quarter/sample_0475/iteration_00150.png,-0.1561827958431224,-0.1893837029238542,0.521079,0.9677493196444626,True,0.524764,3.153285,1.565626,0.052431,0.377016,3,False,False,0.52197265625,150,150,True,0.027045764651845883,False
3,circle_half_quarter,476,outputs/multi_batch/batch_3/circle_half_quarter/sample_0476/iteration_00150.png,-0.2853272368762231,-0.3389100438529929,0.555248,0.6755869483418299,True,0.56973,3.580073,1.07021,0.087466,0.354127,4,False,False,0.56298828125,150,150,True,0.03501420427182392,False
3,circle_half_quarter,477,outputs/multi_batch/batch_3/circle_half_quarter/sample_0477/iteration_00150.png,0.0193854154070037,0.0193854154070219,0.256136,1.86350223387042,True,0.673656,2.787395,1.856775,0.199553,0.508435,1,True,False,0.25732421875,150,150,True,1.1861950576869338,True
3,circle_half_quarter,478,outputs/multi_batch/batch_3/circle_half_quarter/sample_0478/iteration_00150.png,0.1461605317489461,0.1461605317489877,0.556639,1.5422953199915672,True,0.586249,4.345522,1.449878,0.244794,0.289072,1,True,False,0.625,150,150,True,0.44768515100051676,True
3,four_circle,480,outputs/multi_batch/batch_3/four_circle/sample_0480/iteration_00150.png,0.1323562199377087,0.1323562199377495,0.683978,1.4534018996034617,True,0.69414,3.220963,2.368587,0.229525,0.520677,1,True,False,0.7685546875,150,150,True,0.7304668304668305,True
3,four_circle,481,outputs/multi_batch/batch_3/four_circle/sample_0481/iteration_00087.png,-0.282894835046265,-0.2888863009670876,0.46095,0.6188547843941977,True,0.460951,3.932662,1.484651,0.114196,0.266912,3,False,False,0.4541015625,87,150,False,0.0037499488963731553,False
3,four_circle,482,outputs/multi_batch/batch_3/four_circle/sample_0482/iteration_00150.png,-0.2709143503420074,-0.2820137845090626,0.524,0.7844271901513358,True,0.537918,2.220478,1.887244,0.066672,0.44321,2,False,False,0.525390625,150,150,True,0.0013414358508838013,False
3,four_circle,483,outputs/multi_batch/batch_3/four_circle/sample_0483/iteration_00150.png,0.1216371112598612,0.1216371112654036,0.585658,1.4794401735964615,True,0.61485,4.602093,1.259472,0.177123,0.339406,3,False,False,0.603759765625,150,150,True,0.2854446572622927,True
3,four_circle,484,outputs/multi_batch/batch_3/four_circle/sample_0484/iteration_00150.png,-0.1968991130252954,-0.2219149854594757,0.525757,1.0639352395869883,True,0.587518,2.680388,1.72237,0.162343,0.369084,3,False,False,0.5302734375,150,150,True,3.031895541081297e-05,False
3,four_circle,485,outputs/multi_batch/batch_3/four_circle/sample_0485/iteration_00150.png,0.0294757447561045,0.0107870575487156,0.403462,1.6381922991066469,True,0.573142,4.892549,2.127474,0.09389,0.415281,3,False,False,0.40869140625,150,150,True,0.0002624671916010848,False
3,four_circle,489,outputs/multi_batch/batch_3/four_circle/sample_0489/iteration_00150.png,-0.2843734556108714,-0.2843734556111859,0.632959,0.8426762056605589,True,0.68161,4.324218,1.972282,0.129032,0.398392,2,False,False,0.654052734375,150,150,True,0.011850602980416255,False
3,four_circle,493,outputs/multi_batch/batch_3/four_circle/sample_0493/iteration_00150.png,0.0278474900603787,0.0228828502910445,0.246831,1.9132264718382648,True,0.598458,3.739243,1.32348,0.061863,0.547385,4,False,False,0.251708984375,150,150,True,0.368438327528353,True
3,four_circle,496,outputs/multi_batch/batch_3/four_circle/sample_0496/iteration_00150.png,0.1207618074137305,0.1207618074138433,0.599029,1.416194287419181,True,0.613199,2.499577,2.005233,0.238591,0.29868,6,False,False,0.6123046875,150,150,True,0.6927833723401972,True
3,four_circle,498,outputs/multi_batch/batch_3/four_circle/sample_0498/iteration_00150.png,-0.1976532273075796,-0.2249059615299523,0.45478,0.6992551256356978,True,0.454781,2.940492,2.250643,0.051543,0.376192,3,False,False,0.448486328125,150,150,True,0.009285614976241465,False
3,four_circle,501,outputs/multi_batch/batch_3/four_circle/sample_0501/iteration_00150.png,-0.1889869550698815,-0.1633269620421008,0.482206,1.3241333169767868,True,0.482206,4.112557,1.764308,0.084774,0.327904,2,False,False,0.4912109375,150,150,True,0.00392657050336057,False
3,four_circle,502,outputs/multi_batch/batch_3/four_circle/sample_0502/iteration_00150.png,-0.0346809710467222,-0.028516884789088,0.407845,1.4783875425577802,True,0.561126,2.029218,1.419949,0.134374,0.522806,2,False,False,0.416748046875,150,150,True,0.054577176816967554,False
3,four_circle,504,outputs/multi_batch/batch_3/four_circle/sample_0504/iteration_00150.png,-0.0388956070458445,-0.053606159017916,0.513477,1.3071254550449845,True,0.513477,2.845193,1.543968,0.205002,0.354612,2,False,False,0.51953125,150,150,True,0.032305328598610114,False
3,four_circle,505,outputs/multi_batch/batch_3/four_circle/sample_0505/iteration_00150.png,-0.221470384555538,-0.2214703845556909,0.590328,0.91779922281689,True,0.625573,3.555869,2.359068,0.138691,0.458377,2,False,False,0.601318359375,150,150,True,0.005996257974346827,False
3,four_circle,508,outputs/multi_batch/batch_3/four_circle/sample_0508/iteration_00150.png,-0.2405743758267567,-0.2329646651683712,0.482072,0.910509233704065,True,0.500958,2.306179,2.207328,0.184673,0.505619,3,False,False,0.482666015625,150,150,True,0.0008696768529294271,False
3,four_circle,509,outputs/multi_batch/batch_3/four_circle/sample_0509/iteration_00150.png,-0.3197918943595491,-0.3356234854636509,0.631458,0.8639683718892516,True,0.644241,4.519322,1.686468,0.071485,0.309422,2,False,False,0.641357421875,150,150,True,0.0023073272742898093,False
3,four_circle,511,outputs/multi_batch/batch_3/four_circle/sample_0511/iteration_00150.png,-0.437748258162018,-0.4646514755339084,0.54868,0.7737275575932046,True,0.548754,4.016878,1.069352,0.233679,0.381917,2,False,False,0.55517578125,150,150,True,0.0035207328238698456,False
3,four_circle,512,outputs/multi_batch/batch_3/four_circle/sample_0512/iteration_00150.png,0.1268414633329691,0.1268414633330069,0.664704,1.4062234547129728,True,0.664704,2.258877,1.606856,0.234913,0.255108,1,True,False,0.7119140625,150,150,True,0.8465567820622013,True
3,four_circle,513,outputs/multi_batch/batch_3/four_circle/sample_0513/iteration_00150.png,-0.2210561996180315,-0.2270102770721737,0.490107,0.8331656809636458,True,0.490108,4.56406,2.293209,0.121341,0.527512,3,False,False,0.496337890625,150,150,True,0.03206648820942365,False
3,four_circle,515,outputs/multi_batch/batch_3/four_circle/sample_0515/iteration_00090.png,0.0330014198877251,0.0379388145617854,0.411556,1.4235901648612148,True,0.585661,3.877058,1.950937,0.18422,0.454982,3,False,False,0.416748046875,90,150,False,0.08789009323237437,False
3,four_circle,518,outputs/multi_batch/batch_3/four_circle/sample_0518/iteration_00150.png,-0.2667668060591634,-0.2846306610344403,0.462747,0.9000404132773908,True,0.462748,2.735722,1.818607,0.142316,0.480982,2,False,False,0.46875,150,150,True,0.011443721985356436,False
3,four_circle,525,outputs/multi_batch/batch_3/four_circle/sample_0525/iteration_00150.png,-0.2892568539885473,-0.2795346673544117,0.631771,0.5359300626942928,True,0.63177,4.745723,2.085234,0.054949,0.286792,3,False,False,0.637939453125,150,150,True,0.0011617312622571308,False
3,four_circle,527,outputs/multi_batch/batch_3/four_circle/sample_0527/iteration_00150.png,-0.1300137568088935,-0.12886606055472,0.456854,1.2775550384157612,True,0.475242,3.695422,2.170608,0.242804,0.359278,2,False,False,0.4609375,150,150,True,0.002023893398097826,False
3,four_circle,529,outputs/multi_batch/batch_3/four_circle/sample_0529/iteration_00150.png,-0.1752094943395233,-0.1521918987370828,0.567128,1.13639336731303,True,0.567128,3.785552,1.929629,0.112495,0.291894,2,False,False,0.57568359375,150,150,True,0.0009076005876713435,False
3,four_circle,530,outputs/multi_batch/batch_3/four_circle/sample_0530/iteration_00122.png,-0.302089040570369,-0.301662241430149,0.487848,0.642076318582616,True,0.487849,2.543742,1.535833,0.05665,0.410615,3,False,False,0.48974609375,122,150,False,0.00029360098306829597,False
3,four_circle,533,outputs/multi_batch/batch_3/four_circle/sample_0533/iteration_00150.png,-0.1470610529693568,-0.1829231782627175,0.38527,1.2473846124743102,True,0.4528,4.371714,1.072938,0.079664,0.438505,4,False,False,0.387939453125,150,150,True,0.752403131399421,True
3,four_circle,540,outputs/multi_batch/batch_3/four_circle/sample_0540/iteration_00150.png,-0.2355266913782194,-0.2338518471392399,0.447222,1.066171098456776,True,0.471526,3.172239,1.375353,0.178992,0.316217,2,False,False,0.44921875,150,150,True,0.009982605110774164,False
3,four_circle,543,outputs/multi_batch/batch_3/four_circle/sample_0543/iteration_00026.png,0.0861503600543592,0.0861503625282661,0.519562,1.1279969655699826,True,0.519562,4.463694,1.784185,0.226875,0.421316,1,True,False,0.5205078125,26,150,False,0.18239079184267606,True
3,four_circle,544,outputs/multi_batch/batch_3/four_circle/sample_0544/iteration_00150.png,-0.3094359163071868,-0.2878555168821929,0.469368,0.9675019200291276,True,0.491264,2.725065,1.309021,0.225753,0.344079,4,False,False,0.473876953125,150,150,True,0.0634818407471176,False
3,four_circle,547,outputs/multi_batch/batch_3/four_circle/sample_0547/iteration_00150.png,-0.1569521036265828,-0.1581046040406305,0.5486,0.9858823139607936,True,0.570547,3.639367,2.414481,0.180896,0.544099,2,False,False,0.5595703125,150,150,True,0.005128595729555457,False
3,four_circle,548,outputs/multi_batch/batch_3/four_circle/sample_0548/iteration_00150.png,-0.286533643576789,-0.2734672845801777,0.539996,0.8769667506795179,True,0.543199,3.311052,1.975035,0.158547,0.497429,3,False,False,0.546142578125,150,150,True,0.00817492452774197,False
3,four_circle,549,outputs/multi_batch/batch_3/four_circle/sample_0549/iteration_00150.png,-0.4018765927234235,-0.4169764881928772,0.495203,1.2558558700168851,True,0.619579,3.912886,1.17146,0.09771,0.319983,2,False,False,0.5009765625,150,150,True,0.008059030844901102,False
3,four_circle,552,outputs/multi_batch/batch_3/four_circle/sample_0552/iteration_00150.png,0.09750620291953,0.097506202919521,0.63663,1.4012042931747823,True,0.649572,3.117751,2.147802,0.218714,0.288129,1,True,False,0.6689453125,150,150,True,0.23256973522429156,True
3,four_circle,557,outputs/multi_batch/batch_3/four_circle/sample_0557/iteration_00124.png,-0.2047903193221074,-0.2062358024280636,0.523959,0.7797346903556619,True,0.523958,4.26782,2.371693,0.057871,0.338446,3,False,False,0.528076171875,124,150,False,0.0027859459964059362,False
3,four_circle,558,outputs/multi_batch/batch_3/four_circle/sample_0558/iteration_00118.png,-0.3256269169247356,-0.3220568822794838,0.475917,0.5714868465941922,True,0.475917,3.403252,1.279804,0.110493,0.514589,3,False,False,0.467529296875,118,150,False,3.673966685375267e-05,False
3,four_circle,560,outputs/multi_batch/batch_3/four_circle/sample_0560/iteration_00150.png,-0.0324806685652759,-0.0226169715277635,0.521454,1.3411112633100584,True,0.563904,3.491874,1.695078,0.240899,0.436582,2,False,False,0.537109375,150,150,True,0.0184162607884646,False
3,four_circle,561,outputs/multi_batch/batch_3/four_circle/sample_0561/iteration_00150.png,0.0344495601692446,0.0339952862742093,0.562332,1.3964909724073662,True,0.581264,4.104501,2.204209,0.102907,0.390203,4,False,False,0.571044921875,150,150,True,0.011053660753612736,False
3,four_circle,563,outputs/multi_batch/batch_3/four_circle/sample_0563/iteration_00150.png,0.018429728966017,0.0126967323297049,0.455643,1.5905786347782578,True,0.486693,4.360856,2.051634,0.189955,0.312726,5,False,False,0.4541015625,150,150,True,0.011959926480105545,False
3,four_circle,564,outputs/multi_batch/batch_3/four_circle/sample_0564/iteration_00108.png,-0.0949995980226068,-0.1180490113442308,0.451514,0.9615892594932004,True,0.451515,2.532535,2.338748,0.17373,0.283197,3,False,False,0.460205078125,108,150,False,0.0067535124527672566,False
3,four_circle,566,outputs/multi_batch/batch_3/four_circle/sample_0566/iteration_00115.png,0.0333616174695239,0.0271711258012455,0.45034,1.4892972014823078,True,0.608653,3.026185,1.905388,0.136534,0.360699,2,False,False,0.45849609375,115,150,False,0.0,False
3,four_circle,570,outputs/multi_batch/batch_3/four_circle/sample_0570/iteration_00115.png,-0.1784077379654673,-0.1870531641129147,0.498119,0.7802812185078225,True,0.498119,3.207793,2.494308,0.090452,0.453743,3,False,False,0.50146484375,115,150,False,0.010497948383310403,False
3,four_circle,574,outputs/multi_batch/batch_3/four_circle/sample_0574/iteration_00150.png,-0.28276507972966,-0.2869024732389252,0.516804,0.7970718274186457,True,0.516804,2.623277,1.643751,0.12012,0.304749,3,False,False,0.520751953125,150,150,True,0.002633124601885206,False
3,four_circle,575,outputs/multi_batch/batch_3/four_circle/sample_0575/iteration_00150.png,0.155011860788002,0.1550118607881346,0.626011,1.659351133003787,True,0.628349,4.929152,2.259609,0.236036,0.482235,3,False,False,0.713623046875,150,150,True,0.0049165248438347445,False
3,four_circle,577,outputs/multi_batch/batch_3/four_circle/sample_0577/iteration_00150.png,-0.4642314104489917,-0.4608089801004733,0.692497,0.0746188147117676,True,0.6948,3.677421,1.009385,0.123771,0.355992,3,False,False,0.687255859375,150,150,True,0.003498999286204119,False
3,four_circle,581,outputs/multi_batch/batch_3/four_circle/sample_0581/iteration_00150.png,-0.3315819886333084,-0.33158318072441,0.590146,0.7230545274660362,True,0.590146,4.591161,1.862807,0.090952,0.504398,3,False,False,0.60107421875,150,150,True,0.007636142920827614,False
3,four_circle,583,outputs/multi_batch/batch_3/four_circle/sample_0583/iteration_00150.png,-0.0989099193706513,-0.0816545224358169,0.487398,1.4560951970075229,True,0.493435,3.968611,2.393034,0.203879,0.431876,1,True,False,0.50732421875,150,150,True,0.2729298164175582,True
3,four_circle,588,outputs/multi_batch/batch_3/four_circle/sample_0588/iteration_00150.png,0.1423792699931833,0.1423792699930899,0.597235,1.48207697939934,True,0.601697,3.353233,2.308048,0.191042,0.326524,1,True,False,0.648193359375,150,150,True,0.15656973967714402,True
3,four_circle,589,outputs/multi_batch/batch_3/four_circle/sample_0589/iteration_00150.png,0.0347976557385251,0.0565348205469494,0.515589,1.509740052738322,True,0.553146,4.245705,1.586526,0.052666,0.449039,1,True,False,0.51708984375,150,150,True,0.48188133387958715,True
3,four_circle,590,outputs/multi_batch/batch_3/four_circle/sample_0590/iteration_00150.png,-0.1752384187800016,-0.1860637040018383,0.504711,0.9779287078454586,True,0.505354,2.112513,1.947828,0.103189,0.253999,4,False,False,0.5048828125,150,150,True,0.00010780294755949015,False
3,four_circle,596,outputs/multi_batch/batch_3/four_circle/sample_0596/iteration_00150.png,-0.237692290357569,-0.24211709505527,0.484826,0.8060658919758144,True,0.484826,2.976596,1.623871,0.168082,0.548764,5,False,False,0.476806640625,150,150,True,0.00035617086983200883,False
3,four_circle,597,outputs/multi_batch/batch_3/four_circle/sample_0597/iteration_00150.png,-0.0648774355438449,-0.0742254777981615,0.526448,1.6566029533415083,True,0.654471,3.869779,2.226751,0.0756,0.276249,2,False,False,0.53759765625,150,150,True,0.2972469005418668,True
3,small_square_cross,600,outputs/multi_batch/batch_3/small_square_cross/sample_0600/iteration_00150.png,-0.0967759642283237,-0.0922651172378416,0.466356,1.0987643613395353,True,0.466356,3.349972,1.957625,0.184091,0.511769,1,True,False,0.472412109375,150,150,True,0.2811819712098588,True
3,small_square_cross,604,outputs/multi_batch/batch_3/small_square_cross/sample_0604/iteration_00150.png,-0.0677539896754516,-0.0644618358520209,0.570055,0.8374363382055663,True,0.570056,2.656634,1.644313,0.2308,0.293066,1,True,False,0.571533203125,150,150,True,0.3082777036048065,True
3,small_square_cross,610,outputs/multi_batch/batch_3/small_square_cross/sample_0610/iteration_00150.png,-0.0603641121584868,-0.0661021595369926,0.515157,0.9847172958775194,True,0.515158,3.304066,1.741516,0.092462,0.544878,1,True,False,0.516357421875,150,150,True,0.17731227140913494,True
3,small_square_cross,611,outputs/multi_batch/batch_3/small_square_cross/sample_0611/iteration_00150.png,-0.344198490486142,-0.2974561767722204,0.591402,0.8196118877668753,True,0.591403,4.563849,1.899235,0.248323,0.387668,2,False,False,0.59716796875,150,150,True,0.008003808589523488,False
3,small_square_cross,612,outputs/multi_batch/batch_3/small_square_cross/sample_0612/iteration_00150.png,-0.1384371853675735,-0.1384371853659554,0.6025,0.9279696069920956,True,0.636974,3.063252,2.126168,0.212452,0.327978,1,True,False,0.616943359375,150,150,True,0.16949970048933038,True
3,small_square_cross,613,outputs/multi_batch/batch_3/small_square_cross/sample_0613/iteration_00150.png,-0.0787864129639852,-0.0938584034995184,0.526448,1.0466382474185996,True,0.556457,4.803207,1.233056,0.053469,0.489436,1,True,False,0.528564453125,150,150,True,1.2831974578992735,True
3,small_square_cross,614,outputs/multi_batch/batch_3/small_square_cross/sample_0614/iteration_00150.png,-0.3292144850083632,-0.2936006805982392,0.490006,0.6923509035466531,True,0.490006,2.427606,2.031719,0.145769,0.250581,2,False,False,0.496826171875,150,150,True,0.007677786862822997,False
3,small_square_cross,627,outputs/multi_batch/batch_3/small_square_cross/sample_0627/iteration_00150.png,-0.1367656697802021,-0.1370278488334731,0.668242,0.8109731848833917,True,0.668242,3.507575,2.312135,0.234028,0.477809,1,True,False,0.681640625,150,150,True,0.4437222335529525,True
3,small_square_cross,633,outputs/multi_batch/batch_3/small_square_cross/sample_0633/iteration_00150.png,-0.0855827510436789,-0.0855827510437382,0.637158,0.8126184499404908,True,0.679748,4.241125,1.930351,0.132967,0.49998,1,True,False,0.646240234375,150,150,True,0.22495797285661562,True
3,small_square_cross,635,outputs/multi_batch/batch_3/small_square_cross/sample_0635/iteration_00150.png,-0.0850210345773241,-0.0829786247182276,0.571835,0.8954647046780212,True,0.571835,4.273081,2.399677,0.224486,0.427707,1,True,False,0.575439453125,150,150,True,0.405294388677934,True
3,small_square_cross,636,outputs/multi_batch/batch_3/small_square_cross/sample_0636/iteration_00150.png,-0.0512106299802746,-0.0529584404872391,0.531512,0.8679832297595741,True,0.531513,2.768084,2.076202,0.235539,0.437885,1,True,False,0.539306640625,150,150,True,0.28443732731294014,True
3,small_square_cross,637,outputs/multi_batch/batch_3/small_square_cross/sample_0637/iteration_00150.png,-0.2872886507756145,-0.2822042256964789,0.55714,0.8196184620752514,True,0.576025,4.859601,1.470915,0.080463,0.304561,5,False,False,0.563232421875,150,150,True,0.05597382784606639,False
3,small_square_cross,640,outputs/multi_batch/batch_3/small_square_cross/sample_0640/iteration_00150.png,-0.1289220205767554,-0.1278269539883026,0.696773,0.7551334698065548,True,0.696773,3.218866,2.247858,0.157172,0.322357,1,True,False,0.708251953125,150,150,True,0.24902869204118117,True
3,small_square_cross,641,outputs/multi_batch/batch_3/small_square_cross/sample_0641/iteration_00150.png,0.0097244807796842,0.009600985996221,0.495674,0.9520948531900292,True,0.495674,4.596315,1.298894,0.102096,0.460231,1,True,False,0.495361328125,150,150,True,0.762498038221482,True
3,small_square_cross,643,outputs/multi_batch/batch_3/small_square_cross/sample_0643/iteration_00150.png,-0.135929458611812,-0.1359294586119723,0.621279,0.7501963696708736,True,0.630924,3.913603,1.39344,0.24359,0.533089,1,True,False,0.6298828125,150,150,True,0.37062365014304693,True
3,small_square_cross,644,outputs/multi_batch/batch_3/small_square_cross/sample_0644/iteration_00150.png,-0.0786849364848406,-0.0786849364848913,0.592017,0.6986319093703419,True,0.597455,2.412741,1.154874,0.204594,0.482477,1,True,False,0.595703125,150,150,True,0.2214559130425078,True
3,small_square_cross,647,outputs/multi_batch/batch_3/small_square_cross/sample_0647/iteration_00150.png,-0.0937221354970725,-0.0937221354972755,0.651718,0.8340536824981972,True,0.6561,4.723956,1.830488,0.196109,0.262077,1,True,False,0.662109375,150,150,True,0.3449957604302697,True
3,small_square_cross,654,outputs/multi_batch/batch_3/small_square_cross/sample_0654/iteration_00150.png,-0.087768328667314,-0.0886353648650064,0.586047,0.7847954528458492,True,0.586046,3.185079,1.755965,0.111172,0.350488,1,True,False,0.58935546875,150,150,True,0.16439600034542198,True
3,small_square_cross,655,outputs/multi_batch/batch_3/small_square_cross/sample_0655/iteration_00150.png,-0.2748147933078675,-0.3174876913440493,0.366856,1.5033753891644168,True,0.53714,4.445538,1.60319,0.15453,0.507103,2,False,False,0.368896484375,150,150,True,0.00903752521953176,False
3,small_square_cross,656,outputs/multi_batch/batch_3/small_square_cross/sample_0656/iteration_00150.png,-0.173749047968086,-0.173749047968239,0.610801,0.7094931722548308,True,0.624832,2.591057,1.858389,0.174593,0.412456,5,False,False,0.609619140625,150,150,True,0.02156346704456709,False
3,small_square_cross,658,outputs/multi_batch/batch_3/small_square_cross/sample_0658/iteration_00150.png,0.0092226725428267,0.0101799223548802,0.485667,1.2883798804970783,True,0.485668,2.898407,2.326253,0.082909,0.484765,1,True,False,0.49462890625,150,150,True,0.6312837582452417,True
3,small_square_cross,659,outputs/multi_batch/batch_3/small_square_cross/sample_0659/iteration_00150.png,0.0808480101105216,0.0808480101609268,0.69116,1.370954654399449,True,0.691161,4.919713,1.033268,0.226267,0.332683,1,True,False,0.7978515625,150,150,True,0.4105256054012975,True
3,small_square_cross,660,outputs/multi_batch/batch_3/small_square_cross/sample_0660/iteration_00150.png,-0.03920797385033,-0.0392079738503562,0.657209,0.9185482208828868,True,0.662192,3.421866,1.544342,0.215399,0.383002,1,True,False,0.675048828125,150,150,True,0.7738098868591993,True
3,small_square_cross,662,outputs/multi_batch/batch_3/small_square_cross/sample_0662/iteration_00150.png,-0.3756669435052414,-0.3899620859620366,0.526941,0.7480222497728591,True,0.526941,2.088763,1.262249,0.130325,0.3104,2,False,False,0.521484375,150,150,True,0.008265116457712352,False
3,small_square_cross,663,outputs/multi_batch/batch_3/small_square_cross/sample_0663/iteration_00150.png,-0.1782877397285707,-0.1794506834999285,0.597003,0.8036890612404232,True,0.603066,4.087261,2.190659,0.185401,0.471859,2,False,False,0.60546875,150,150,True,0.01472658060709928,False
3,small_square_cross,664,outputs/multi_batch/batch_3/small_square_cross/sample_0664/iteration_00150.png,-0.291005527740307,-0.2910055277406296,0.643122,0.5816401169557773,True,0.677864,2.707687,1.220587,0.186782,0.258725,5,False,False,0.65478515625,150,150,True,0.0028361497637969645,False
3,small_square_cross,668,outputs/multi_batch/batch_3/small_square_cross/sample_0668/iteration_00150.png,-0.0624092114556473,-0.0620771714701901,0.578032,0.8670267270820672,True,0.578032,3.398622,2.378341,0.228014,0.546109,1,True,False,0.5830078125,150,150,True,0.3566036547394013,True
3,small_square_cross,671,outputs/multi_batch/batch_3/small_square_cross/sample_0671/iteration_00150.png,-0.0971970304525432,-0.0971970304526102,0.632593,0.781889125328112,True,0.644273,4.203884,1.732027,0.172845,0.306848,1,True,False,0.638916015625,150,150,True,0.2931017999461146,True
3,small_square_cross,675,outputs/multi_batch/batch_3/small_square_cross/sample_0675/iteration_00150.png,-0.1816500109257423,-0.181641447728198,0.552688,0.8301357846428369,True,0.552687,3.753102,1.185737,0.244865,0.453211,1,True,False,0.5517578125,150,150,True,0.5895221115982662,True
3,small_square_cross,677,outputs/multi_batch/batch_3/small_square_cross/sample_0677/iteration_00150.png,-0.2592856650048521,-0.2623691287673855,0.582087,0.802506571656522,True,0.595417,3.879658,1.94365,0.050607,0.273748,2,False,False,0.5869140625,150,150,True,0.013817469985717068,False
3,small_square_cross,680,outputs/multi_batch/batch_3/small_square_cross/sample_0680/iteration_00150.png,-0.1518254862154294,-0.1518254862199496,0.612038,0.6826027044876,True,0.612979,3.195998,1.581124,0.194728,0.456751,1,True,False,0.6220703125,150,150,True,0.29382113730371834,True
3,small_square_cross,681,outputs/multi_batch/batch_3/small_square_cross/sample_0681/iteration_00150.png,-0.092846690558298,-0.0965861636969564,0.563858,0.8954525636407364,True,0.563858,4.478567,1.7784,0.139651,0.323492,1,True,False,0.564453125,150,150,True,0.26013955882176937,True
3,small_square_cross,682,outputs/multi_batch/batch_3/small_square_cross/sample_0682/iteration_00150.png,-0.1743250653811718,-0.1595799177155777,0.498227,0.8133383325906356,True,0.498228,2.290443,1.111575,0.059489,0.534298,1,True,False,0.509765625,150,150,True,0.20854704060359996,True
3,small_square_cross,684,outputs/multi_batch/batch_3/small_square_cross/sample_0684/iteration_00150.png,-0.2429953761294251,-0.2429953761296922,0.636538,0.6500058238257901,True,0.649877,2.529726,2.017803,0.241843,0.338707,2,False,False,0.646484375,150,150,True,0.037089990711848035,False
3,small_square_cross,687,outputs/multi_batch/batch_3/small_square_cross/sample_0687/iteration_00150.png,-0.4654331113201851,-0.4404504369040746,0.584133,0.4225884661861759,True,0.584132,4.70107,1.342192,0.158919,0.408922,2,False,False,0.589599609375,150,150,True,0.00977128184329845,False
3,small_square_cross,688,outputs/multi_batch/batch_3/small_square_cross/sample_0688/iteration_00150.png,-0.2234715072650797,-0.223357531117001,0.547069,0.6887747876685805,True,0.547068,2.055551,2.212359,0.163953,0.501188,2,False,False,0.55029296875,150,150,True,0.033012667304015274,False
3,small_square_cross,689,outputs/multi_batch/batch_3/small_square_cross/sample_0689/iteration_00150.png,-0.217133050064767,-0.2386700064884153,0.622917,0.7180041564005644,True,0.622917,4.076525,1.240913,0.120596,0.353728,3,False,False,0.62646484375,150,150,True,0.031744510874064755,False
3,small_square_cross,690,outputs/multi_batch/batch_3/small_square_cross/sample_0690/iteration_00150.png,-0.2214895699517226,-0.2214895699519479,0.657852,0.6407187267330172,True,0.689154,3.435349,2.118036,0.078691,0.424228,3,False,False,0.661865234375,150,150,True,0.009619509992096615,False
3,small_square_cross,694,outputs/multi_batch/batch_3/small_square_cross/sample_0694/iteration_00150.png,-0.0957333456968126,-0.095757295091804,0.60495,0.7137045645397124,True,0.60495,2.577211,1.658231,0.13161,0.380606,1,True,False,0.614013671875,150,150,True,0.2362320401053367,True
3,small_square_cross,699,outputs/multi_batch/batch_3/small_square_cross/sample_0699/iteration_00150.png,-0.0586472634360282,-0.0586472634360673,0.576565,0.8742888660097335,True,0.580038,3.6718,1.610337,0.221779,0.343415,1,True,False,0.586181640625,150,150,True,0.43019751819246516,True
3,small_square_cross,700,outputs/multi_batch/batch_3/small_square_cross/sample_0700/iteration_00150.png,-0.1165133145794961,-0.1165133145801411,0.616575,0.6757406425631395,True,0.616575,2.174051,1.289334,0.23265,0.390946,1,True,False,0.618408203125,150,150,True,0.438079628208054,True
3,small_square_cross,701,outputs/multi_batch/batch_3/small_square_cross/sample_0701/iteration_00150.png,-0.0703358254931657,-0.0564180539308781,0.567925,1.009699401081402,True,0.568066,4.195335,2.257301,0.076789,0.539001,1,True,False,0.57177734375,150,150,True,0.20545508780493246,True
3,small_square_cross,707,outputs/multi_batch/batch_3/small_square_cross/sample_0707/iteration_00150.png,-0.1054858945479002,-0.1038607391874511,0.513166,1.2366162534498275,True,0.513166,4.766836,2.159778,0.240223,0.298651,2,False,False,0.520263671875,150,150,True,0.09874290827757749,False
3,small_square_cross,713,outputs/multi_batch/batch_3/small_square_cross/sample_0713/iteration_00150.png,-0.0505710034754729,-0.0439751137689505,0.54094,1.0952704194784788,True,0.54094,3.992299,1.553834,0.144391,0.468396,1,True,False,0.5478515625,150,150,True,0.211988665155598,True
3,small_square_cross,715,outputs/multi_batch/batch_3/small_square_cross/sample_0715/iteration_00150.png,0.0348719609982324,0.0348719609982752,0.647792,0.9991651904281732,True,0.647868,4.493363,1.273242,0.210708,0.541399,1,True,False,0.666748046875,150,150,True,0.6657253794564066,True
4,circle,0,outputs/multi_batch/batch_4/circle/sample_0000/iteration_00150.png,-0.4093571345204712,-0.434254334010901,0.560853,1.0051719133038066,True,0.609425,4.120883,1.060131,0.110869,0.353973,6,False,False,0.5576171875,150,150,True,0.0013692755996062892,False
4,circle,2,outputs/multi_batch/batch_4/circle/sample_0002/iteration_00150.png,-0.0725839505324488,-0.0711310802958839,0.587878,0.8058783845204465,True,0.587877,3.566473,1.302322,0.160655,0.42966,1,True,False,0.586181640625,150,150,True,0.20737117929482096,True
4,circle,5,outputs/multi_batch/batch_4/circle/sample_0005/iteration_00150.png,-0.528193275146347,-0.5480425496884439,0.521172,0.4002298497486661,True,0.521172,3.14429,1.072934,0.093518,0.4064,4,False,False,0.53369140625,150,150,True,0.016928156306989576,False
4,circle,7,outputs/multi_batch/batch_4/circle/sample_0007/iteration_00150.png,-0.0414904905084562,-0.0416627478675731,0.519154,0.8904406136165237,True,0.519155,4.04913,1.203694,0.18058,0.355938,1,True,False,0.52734375,150,150,True,0.19654683065279088,True
4,circle,8,outputs/multi_batch/batch_4/circle/sample_0008/iteration_00150.png,-0.3473059175031315,-0.3285126364471316,0.540287,0.5360785657776671,True,0.540287,3.490735,1.184192,0.141679,0.461222,2,False,False,0.5380859375,150,150,True,0.019274322743828724,False
4,circle,16,outputs/multi_batch/batch_4/circle/sample_0016/iteration_00150.png,-0.1446203493690473,-0.1446203493691324,0.563538,0.7925925165257239,True,0.613082,2.901899,1.662808,0.19407,0.295316,1,True,False,0.56640625,150,150,True,0.15326605301097923,True
4,circle,17,outputs/multi_batch/batch_4/circle/sample_0017/iteration_00150.png,-0.0802705675140709,-0.08027056751413,0.576331,0.8782021290589272,True,0.63684,3.736417,1.52784,0.167403,0.321264,5,False,False,0.578369140625,150,150,True,0.20010741198031157,True
4,circle,19,outputs/multi_batch/batch_4/circle/sample_0019/iteration_00150.png,-0.2439738646448754,-0.2510074325294282,0.591552,0.7327796929945846,True,0.591551,3.80573,1.598053,0.138991,0.335848,1,True,False,0.59814453125,150,150,True,0.18923021625689063,True
4,circle,25,outputs/multi_batch/batch_4/circle/sample_0025/iteration_00150.png,-0.4071390813204813,-0.3759721657275604,0.569196,0.9809032707715244,True,0.569196,3.31955,1.275921,0.069869,0.391695,3,False,False,0.5703125,150,150,True,0.027953244007772503,False
4,circle,31,outputs/multi_batch/batch_4/circle/sample_0031/iteration_00150.png,-0.0088454827921273,-0.0091317835728957,0.509787,0.906172284642102,True,0.509788,3.260761,1.632073,0.118454,0.308652,1,True,False,0.524658203125,150,150,True,0.2553016063094146,True
4,circle,32,outputs/multi_batch/batch_4/circle/sample_0032/iteration_00150.png,-0.3857163676026857,-0.4566041619545633,0.54685,0.7647267890513183,True,0.546851,2.880427,1.533644,0.077456,0.321759,2,False,False,0.552734375,150,150,True,0.0016117757422317444,False
4,circle,33,outputs/multi_batch/batch_4/circle/sample_0033/iteration_00150.png,-0.0290302446817689,-0.0289679933277453,0.542698,0.9289458785164524,True,0.542698,3.99097,1.606231,0.152175,0.330678,1,True,False,0.554443359375,150,150,True,0.1594578006211171,True
4,circle,35,outputs/multi_batch/batch_4/circle/sample_0035/iteration_00150.png,-0.2348084676651538,-0.2432557156102469,0.551763,0.5512143759562007,True,0.551764,3.112207,1.118525,0.186182,0.426182,2,False,False,0.547607421875,150,150,True,0.005519606296433449,False
4,circle,37,outputs/multi_batch/batch_4/circle/sample_0037/iteration_00150.png,-0.4040301321246964,-0.4007072753859128,0.489789,0.636663156118833,True,0.489789,4.303152,1.22611,0.198817,0.325019,3,False,False,0.48876953125,150,150,True,0.009356526071484813,False
4,circle,39,outputs/multi_batch/batch_4/circle/sample_0039/iteration_00124.png,-0.3759062145460247,-0.3797216245828911,0.602489,0.4277783892088276,True,0.602489,2.721114,1.318716,0.104574,0.376009,3,False,False,0.598876953125,124,150,False,0.002685813247514931,False
4,circle,41,outputs/multi_batch/batch_4/circle/sample_0041/iteration_00150.png,0.0190304601447741,0.0205510180143323,0.53477,1.1330560504549947,True,0.534771,3.69935,1.324761,0.149344,0.361829,2,False,False,0.536865234375,150,150,True,0.07287480779915503,False
4,circle,42,outputs/multi_batch/batch_4/circle/sample_0042/iteration_00150.png,-0.5099571656039086,-0.5066863012702,0.556835,0.3696437765761133,True,0.556835,2.851649,1.158398,0.090957,0.283542,3,False,False,0.555908203125,150,150,True,0.022372127155642522,False
4,circle,43,outputs/multi_batch/batch_4/circle/sample_0043/iteration_00150.png,-0.3931992964485627,-0.4054320014074646,0.571291,0.592741316573092,True,0.571291,2.831088,1.541172,0.079474,0.44203,4,False,False,0.573974609375,150,150,True,0.017825565271413598,False
4,circle,50,outputs/multi_batch/batch_4/circle/sample_0050/iteration_00150.png,-0.3511934526523431,-0.3489962472390736,0.611431,0.3960784268422651,True,0.611432,2.475982,1.17186,0.174137,0.431489,3,False,False,0.610107421875,150,150,True,0.010085309856314046,False
4,circle,52,outputs/multi_batch/batch_4/circle/sample_0052/iteration_00150.png,-0.2513053075720214,-0.2581989738940251,0.588939,0.7636608701442437,True,0.588938,2.619728,1.697172,0.166121,0.34899,2,False,False,0.598388671875,150,150,True,0.010655614063281171,False
4,circle,56,outputs/multi_batch/batch_4/circle/sample_0056/iteration_00150.png,-0.0918777087079284,-0.0918777087083708,0.62157,0.7848830528053986,True,0.623325,2.668453,1.681768,0.182612,0.343284,1,True,False,0.63427734375,150,150,True,0.2290399466107351,True
4,circle,57,outputs/multi_batch/batch_4/circle/sample_0057/iteration_00150.png,-0.0038035828194271,-0.0039307904852083,0.494974,0.9400310929213892,True,0.494974,3.525509,1.486427,0.17565,0.37425,1,True,False,0.489990234375,150,150,True,0.4375991403571612,True
4,circle,61,outputs/multi_batch/batch_4/circle/sample_0061/iteration_00150.png,-0.1458971499913325,-0.1431918525622763,0.638689,0.7145550998220065,True,0.638689,3.074319,1.56043,0.129491,0.412623,1,True,False,0.641357421875,150,150,True,0.25468683823832605,True
4,circle,62,outputs/multi_batch/batch_4/circle/sample_0062/iteration_00150.png,-0.10861701593083,-0.1086647228090577,0.566101,0.7597668529898964,True,0.566101,3.555718,1.370183,0.1684,0.450815,1,True,False,0.567138671875,150,150,True,0.21318625635041683,True
4,circle,63,outputs/multi_batch/batch_4/circle/sample_0063/iteration_00150.png,-0.3291850506722923,-0.3319627445762634,0.596758,0.6361991457277879,True,0.596758,3.167307,1.582917,0.159515,0.327097,2,False,False,0.611328125,150,150,True,0.006117202397424095,False
4,circle,65,outputs/multi_batch/batch_4/circle/sample_0065/iteration_00150.png,-0.3091455786152669,-0.3040817604294623,0.604099,0.6036009543897551,True,0.604099,3.747935,1.491345,0.131274,0.463761,3,False,False,0.608642578125,150,150,True,0.13668877530019388,False
4,circle,68,outputs/multi_batch/batch_4/circle/sample_0068/iteration_00150.png,-0.2517658155672326,-0.2461654693295308,0.511891,0.6803638613120756,True,0.51189,4.353536,1.512744,0.16353,0.439248,1,True,False,0.515380859375,150,150,True,0.15768662597701222,True
4,circle,69,outputs/multi_batch/batch_4/circle/sample_0069/iteration_00150.png,-0.2271312160772873,-0.2482575058641449,0.605718,0.6655968898187722,True,0.605719,2.987114,1.569902,0.171964,0.284811,2,False,False,0.621826171875,150,150,True,0.005000473463106898,False
4,circle,73,outputs/multi_batch/batch_4/circle/sample_0073/iteration_00139.png,-0.5300122257918123,-0.5465928113571927,0.599404,0.7493707231313751,True,0.615634,3.435104,1.30641,0.140402,0.389855,2,False,False,0.601806640625,139,150,False,0.039399335915914005,False
4,circle,74,outputs/multi_batch/batch_4/circle/sample_0074/iteration_00150.png,-0.103458701853927,-0.1060273681212498,0.539207,0.7829308705195155,True,0.539207,4.100553,1.432985,0.1362,0.446545,1,True,False,0.542724609375,150,150,True,0.22072310527259387,True
4,circle,77,outputs/multi_batch/batch_4/circle/sample_0077/iteration_00150.png,0.0612806785000383,0.0612595426989841,0.493627,0.9759888028579616,True,0.493627,3.963314,1.128684,0.133296,0.318885,2,False,False,0.498291015625,150,150,True,0.006785395077227891,False
4,circle,89,outputs/multi_batch/batch_4/circle/sample_0089/iteration_00150.png,-0.3301000881797914,-0.330100088179923,0.637312,0.6132800514709478,True,0.644314,3.836579,1.220126,0.188565,0.372915,2,False,False,0.6376953125,150,150,True,0.04236787603918805,False
4,circle,90,outputs/multi_batch/batch_4/circle/sample_0090/iteration_00150.png,-0.3010758710369975,-0.337197804163681,0.521175,1.069321086185296,True,0.582898,2.513666,1.675063,0.111846,0.397164,3,False,False,0.517578125,150,150,True,0.07545291419989308,False
4,circle,92,outputs/multi_batch/batch_4/circle/sample_0092/iteration_00150.png,-0.4046354008895905,-0.4083074305523996,0.510214,0.911914356753208,True,0.510215,3.940465,1.371163,0.153499,0.317465,5,False,False,0.51171875,150,150,True,0.01140174188601006,False
4,circle,94,outputs/multi_batch/batch_4/circle/sample_0094/iteration_00150.png,-0.2183956277532351,-0.2117620093402224,0.576585,0.8283516418417061,True,0.594532,3.014956,1.520099,0.070128,0.366605,2,False,False,0.57861328125,150,150,True,0.2311617016984067,True
4,circle,95,outputs/multi_batch/batch_4/circle/sample_0095/iteration_00150.png,-0.5098206039518318,-0.4941192677213087,0.642478,0.1343760129774784,True,0.642477,3.330936,1.090506,0.107368,0.432932,2,False,False,0.64013671875,150,150,True,0.0008652317392057297,False
4,circle_half_quarter,97,outputs/multi_batch/batch_4/circle_half_quarter/sample_0097/iteration_00150.png,0.132414824057894,0.1324148240580288,0.547056,1.4512056428871327,True,0.547055,2.797302,1.292237,0.190923,0.278482,13,False,False,0.484619140625,150,150,True,0.13395713371721052,False
4,circle_half_quarter,98,outputs/multi_batch/batch_4/circle_half_quarter/sample_0098/iteration_00150.png,0.0889618749542873,0.0889618749543202,0.536403,1.5095477097024688,True,0.645759,4.276198,1.496665,0.154752,0.398515,1,True,False,0.69873046875,150,150,True,0.32053704432163327,True
4,circle_half_quarter,100,outputs/multi_batch/batch_4/circle_half_quarter/sample_0100/iteration_00150.png,0.0586268355996038,0.0586268355996307,0.372422,1.4020613211345707,True,0.541526,3.319228,1.133601,0.15184,0.454018,1,True,False,0.3671875,150,150,True,0.15183144648239844,True
4,circle_half_quarter,101,outputs/multi_batch/batch_4/circle_half_quarter/sample_0101/iteration_00150.png,-0.0466608547140764,-0.0466608547141075,0.509895,1.178167603363303,True,0.559014,3.179332,1.163528,0.070402,0.419745,3,False,False,0.50048828125,150,150,True,0.00044070891176378394,False
4,circle_half_quarter,102,outputs/multi_batch/batch_4/circle_half_quarter/sample_0102/iteration_00150.png,0.0684694481841276,0.0684694481841527,0.458203,1.3025187262011353,True,0.52703,3.289898,1.464164,0.160732,0.42231,1,True,False,0.40966796875,150,150,True,0.37639937364152665,True
4,circle_half_quarter,103,outputs/multi_batch/batch_4/circle_half_quarter/sample_0103/iteration_00150.png,0.0702341947514579,0.0702341947514845,0.621889,1.1739469301124046,True,0.624121,2.653037,1.290149,0.095783,0.309951,1,True,False,0.73193359375,150,150,True,0.3573171841519612,True
4,circle_half_quarter,104,outputs/multi_batch/batch_4/circle_half_quarter/sample_0104/iteration_00150.png,-0.1900465617848379,-0.1797634962495076,0.505962,0.8372270020998331,True,0.505962,3.866681,1.175092,0.207037,0.367848,3,False,False,0.508544921875,150,150,True,0.011441015543287187,False
4,circle_half_quarter,108,outputs/multi_batch/batch_4/circle_half_quarter/sample_0108/iteration_00150.png,0.0833596602906115,0.0833596602906432,0.496577,1.3114319847713232,True,0.4971,4.24088,1.653733,0.164059,0.432633,9,False,False,0.463134765625,150,150,True,0.34881389909789506,True
4,circle_half_quarter,110,outputs/multi_batch/batch_4/circle_half_quarter/sample_0110/iteration_00040.png,-0.2099961903268571,-0.2099961780853122,0.532605,0.5290194715336584,True,0.532605,2.766327,1.081148,0.113779,0.335196,1,True,False,0.5361328125,40,150,False,0.19366616893062216,True
4,circle_half_quarter,115,outputs/multi_batch/batch_4/circle_half_quarter/sample_0115/iteration_00150.png,0.0840291110628849,0.0840291110629132,0.588206,1.2989344065324886,True,0.617613,3.058693,1.280278,0.157902,0.349734,1,True,False,0.7705078125,150,150,True,0.30210977318415344,True
4,circle_half_quarter,119,outputs/multi_batch/batch_4/circle_half_quarter/sample_0119/iteration_00150.png,-0.3802207389742804,-0.3780833809608984,0.511573,0.8819217259822245,True,0.512264,3.80334,1.248724,0.130378,0.285809,2,False,False,0.509033203125,150,150,True,0.3259232778825009,True
4,circle_half_quarter,121,outputs/multi_batch/batch_4/circle_half_quarter/sample_0121/iteration_00150.png,0.0806463522789458,0.0806463522789769,0.560342,1.340995830505615,True,0.629838,3.464923,1.377568,0.136709,0.385955,1,True,False,0.58935546875,150,150,True,0.3365480926079614,True
4,circle_half_quarter,122,outputs/multi_batch/batch_4/circle_half_quarter/sample_0122/iteration_00150.png,0.0935034929694638,0.093503492969501,0.592238,1.3899845395786223,True,0.60201,4.348658,1.563158,0.140494,0.372411,1,True,False,0.7412109375,150,150,True,0.40297501748140613,True
4,circle_half_quarter,123,outputs/multi_batch/batch_4/circle_half_quarter/sample_0123/iteration_00150.png,0.0470908945789346,0.047090894578959,0.330544,1.508219525558104,True,0.546506,2.575426,1.517043,0.193422,0.461912,1,True,False,0.3310546875,150,150,True,0.43469062266054753,True
4,circle_half_quarter,127,outputs/multi_batch/batch_4/circle_half_quarter/sample_0127/iteration_00150.png,0.0971530689627711,0.0971530689628073,0.468538,1.4222854969416412,True,0.582603,2.665804,1.437097,0.143659,0.411793,1,True,False,0.42236328125,150,150,True,0.628435238433163,True
4,circle_half_quarter,128,outputs/multi_batch/batch_4/circle_half_quarter/sample_0128/iteration_00150.png,0.1021391038739061,0.1021391038739425,0.511656,1.3693536690021246,True,0.513677,4.179597,1.529299,0.185919,0.435258,1,True,False,0.4189453125,150,150,True,0.4552812626467016,True
4,circle_half_quarter,131,outputs/multi_batch/batch_4/circle_half_quarter/sample_0131/iteration_00150.png,0.0996709821126361,0.099538482519904,0.482635,1.241820712585684,True,0.489667,3.266999,1.590223,0.148721,0.330397,4,False,False,0.47119140625,150,150,True,0.15034309668117365,True
4,circle_half_quarter,132,outputs/multi_batch/batch_4/circle_half_quarter/sample_0132/iteration_00150.png,0.05415338774445,0.054153387744476,0.401252,1.4625713135086116,True,0.556598,3.644453,1.662198,0.203293,0.443597,1,True,False,0.40087890625,150,150,True,0.26881366040460164,True
4,circle_half_quarter,133,outputs/multi_batch/batch_4/circle_half_quarter/sample_0133/iteration_00150.png,0.0060055939757462,0.0060055939757493,0.471003,1.2664010440431244,True,0.560566,2.790419,1.395957,0.106608,0.41538,5,False,False,0.44140625,150,150,True,1.0427327070879588,True
4,circle_half_quarter,136,outputs/multi_batch/batch_4/circle_half_quarter/sample_0136/iteration_00150.png,-0.1367378074904195,-0.1579490981248671,0.54028,1.0870580585102834,True,0.587187,4.106702,1.208335,0.069016,0.380242,5,False,False,0.53515625,150,150,True,0.016585515075203748,False
4,circle_half_quarter,140,outputs/multi_batch/batch_4/circle_half_quarter/sample_0140/iteration_00150.png,-0.1021094172825694,-0.1082820906226411,0.50226,0.94817670482186,True,0.502261,3.205048,1.568334,0.081088,0.391566,3,False,False,0.4990234375,150,150,True,0.007740456104920942,False
4,circle_half_quarter,141,outputs/multi_batch/batch_4/circle_half_quarter/sample_0141/iteration_00150.png,0.0893500212456502,0.0893500066565798,0.517694,1.2462706604255636,True,0.517695,2.839861,1.226102,0.149282,0.290977,1,True,False,0.617431640625,150,150,True,0.2480910109788683,True
4,circle_half_quarter,142,outputs/multi_batch/batch_4/circle_half_quarter/sample_0142/iteration_00150.png,0.0511998958089663,0.0511998958089945,0.319451,1.60387457616927,True,0.565154,3.997174,1.629479,0.166768,0.458932,1,True,False,0.32080078125,150,150,True,0.39102425792929135,True
4,circle_half_quarter,143,outputs/multi_batch/batch_4/circle_half_quarter/sample_0143/iteration_00150.png,0.0436103274832973,0.0436103274833169,0.371497,1.4776873476639052,True,0.6182,2.509696,1.669765,0.162591,0.431573,1,True,False,0.31396484375,150,150,True,0.6008546673462185,True
4,circle_half_quarter,145,outputs/multi_batch/batch_4/circle_half_quarter/sample_0145/iteration_00150.png,0.0520481750924451,0.0520481750924691,0.360075,1.4778673381471223,True,0.556113,3.46021,1.356968,0.183989,0.453796,1,True,False,0.354248046875,150,150,True,0.325187851234451,True
4,circle_half_quarter,146,outputs/multi_batch/batch_4/circle_half_quarter/sample_0146/iteration_00150.png,0.0598390064998388,0.0598390064998624,0.5257,1.36476530401815,True,0.567161,3.68543,1.429221,0.20468,0.339596,9,False,False,0.42822265625,150,150,True,0.12785795611902634,False
4,circle_half_quarter,153,outputs/multi_batch/batch_4/circle_half_quarter/sample_0153/iteration_00150.png,0.0988453777239152,0.0988453777239557,0.480976,1.3605897694391724,True,0.511408,3.001641,1.615477,0.182109,0.422788,1,True,False,0.3798828125,150,150,True,0.6681720703085855,True
4,circle_half_quarter,156,outputs/multi_batch/batch_4/circle_half_quarter/sample_0156/iteration_00150.png,0.0521209928109801,0.0521209928110067,0.408497,1.4222561100415605,True,0.575699,4.072879,1.298886,0.156416,0.446181,1,True,False,0.41162109375,150,150,True,0.16661345850194564,True
4,circle_half_quarter,158,outputs/multi_batch/batch_4/circle_half_quarter/sample_0158/iteration_00150.png,0.0851395818114089,0.0851395818114421,0.490998,1.4824052279286797,True,0.576939,4.061119,1.60523,0.180474,0.42656,1,True,False,0.3857421875,150,150,True,0.37540760963234115,True
4,circle_half_quarter,163,outputs/multi_batch/batch_4/circle_half_quarter/sample_0163/iteration_00150.png,0.0840296570342271,0.0840296570342597,0.553015,1.4948595718139133,True,0.625275,4.362042,1.335473,0.198233,0.328571,1,True,False,0.462890625,150,150,True,0.50991215964601,True
4,circle_half_quarter,164,outputs/multi_batch/batch_4/circle_half_quarter/sample_0164/iteration_00150.png,0.0471615858547071,0.0471615858547293,0.354446,1.5462606786246618,True,0.573358,4.119986,1.484742,0.175146,0.449901,1,True,False,0.35546875,150,150,True,0.3992288964411243,True
4,circle_half_quarter,165,outputs/multi_batch/batch_4/circle_half_quarter/sample_0165/iteration_00150.png,0.0585116150839296,0.0585116150839508,0.467286,1.3472520106329615,True,0.603678,2.489425,1.593329,0.146911,0.366791,1,True,False,0.3857421875,150,150,True,0.3959894345318312,True
4,circle_half_quarter,168,outputs/multi_batch/batch_4/circle_half_quarter/sample_0168/iteration_00055.png,-0.0193281537375601,-0.0193281537375701,0.524408,1.2092054586447962,True,0.606613,3.417693,1.556839,0.119692,0.405464,1,True,False,0.521240234375,55,150,False,0.2501039124636306,True
4,circle_half_quarter,169,outputs/multi_batch/batch_4/circle_half_quarter/sample_0169/iteration_00150.png,0.0340669745733274,0.0340669745733424,0.493306,1.4352212835672875,True,0.646014,4.295859,1.374813,0.114871,0.425513,3,False,False,0.46533203125,150,150,True,0.2926419572758809,True
4,circle_half_quarter,170,outputs/multi_batch/batch_4/circle_half_quarter/sample_0170/iteration_00150.png,0.1297199385179606,0.1297199385180045,0.570842,1.577547884208433,True,0.621463,4.398029,1.11625,0.200869,0.317358,1,True,False,0.51611328125,150,150,True,0.19481797310593632,True
4,circle_half_quarter,171,outputs/multi_batch/batch_4/circle_half_quarter/sample_0171/iteration_00150.png,0.0635192586161733,0.0635192818603656,0.538284,1.2567823974089087,True,0.538284,3.137104,1.444229,0.169493,0.347044,9,False,False,0.47265625,150,150,True,0.1254467888850456,False
4,circle_half_quarter,172,outputs/multi_batch/batch_4/circle_half_quarter/sample_0172/iteration_00150.png,0.1118691282116606,0.1118691282117071,0.52971,1.4153519322169463,True,0.529709,3.976507,1.466246,0.17338,0.381486,1,True,False,0.474609375,150,150,True,0.22331875664815035,True
4,circle_half_quarter,173,outputs/multi_batch/batch_4/circle_half_quarter/sample_0173/iteration_00150.png,-0.2657647821056896,-0.2877469890805385,0.576222,0.867263873425942,True,0.597512,3.921048,1.087603,0.074377,0.39286,2,False,False,0.568115234375,150,150,True,0.0038947118343494666,False
4,circle_half_quarter,174,outputs/multi_batch/batch_4/circle_half_quarter/sample_0174/iteration_00150.png,0.1164703446053972,0.1164703446054398,0.523106,1.4687657421448028,True,0.572408,3.372247,1.518138,0.182917,0.369233,1,True,False,0.4375,150,150,True,0.1654154742318877,True
4,circle_half_quarter,175,outputs/multi_batch/batch_4/circle_half_quarter/sample_0175/iteration_00150.png,0.0186415201658532,0.0186415201658607,0.434866,1.3229800173982116,True,0.588901,2.556194,1.250538,0.154174,0.409484,9,False,False,0.38134765625,150,150,True,0.8234977014420267,True
4,circle_half_quarter,178,outputs/multi_batch/batch_4/circle_half_quarter/sample_0178/iteration_00150.png,-0.1050863810050956,-0.1050863810051634,0.587222,1.1229266197100087,True,0.631153,4.215347,1.303945,0.179359,0.362887,5,False,False,0.595703125,150,150,True,0.33910469481238936,True
4,circle_half_quarter,182,outputs/multi_batch/batch_4/circle_half_quarter/sample_0182/iteration_00150.png,0.0764924510117796,0.076492451011813,0.465743,1.285684150824557,True,0.499533,3.248508,1.506825,0.139626,0.441219,3,False,False,0.432861328125,150,150,True,0.2227576513782521,True
4,circle_half_quarter,183,outputs/multi_batch/batch_4/circle_half_quarter/sample_0183/iteration_00150.png,-0.0665936873306691,-0.0665936873307088,0.512569,1.0311474640132836,True,0.543651,2.546783,1.499679,0.083021,0.401602,3,False,False,0.505859375,150,150,True,0.002785185185185092,False
4,circle_half_quarter,186,outputs/multi_batch/batch_4/circle_half_quarter/sample_0186/iteration_00150.png,-0.1895096194962989,-0.1895096194964583,0.607449,0.9045848710152458,True,0.635305,4.328316,1.094051,0.106479,0.386978,3,False,False,0.603271484375,150,150,True,0.004123754720752411,False
4,circle_half_quarter,187,outputs/multi_batch/batch_4/circle_half_quarter/sample_0187/iteration_00150.png,0.0665060792496462,0.0665060792496705,0.525762,1.3170149248001604,True,0.590933,3.063003,1.684683,0.186842,0.351384,1,True,False,0.447265625,150,150,True,0.45354164757628534,True
4,circle_half_quarter,191,outputs/multi_batch/batch_4/circle_half_quarter/sample_0191/iteration_00150.png,0.0676039988503034,0.0676039988503371,0.519801,1.3450459265617785,True,0.519802,4.024157,1.63515,0.170746,0.325824,5,False,False,0.51611328125,150,150,True,0.3044832188225991,True
4,cross_rectangular,192,outputs/multi_batch/batch_4/cross_rectangular/sample_0192/iteration_00150.png,-0.1896539868362654,-0.2051542159771038,0.562112,0.8197274430658916,True,0.562113,2.628136,1.679064,0.089125,0.460468,2,False,False,0.56689453125,150,150,True,0.05080924652360162,False
4,cross_rectangular,195,outputs/multi_batch/batch_4/cross_rectangular/sample_0195/iteration_00150.png,0.0022561813625897,0.0021900322135505,0.501408,0.9522523116749866,True,0.501408,3.272812,1.452862,0.0707,0.309413,1,True,False,0.50341796875,150,150,True,0.6152330323999817,True
4,cross_rectangular,196,outputs/multi_batch/batch_4/cross_rectangular/sample_0196/iteration_00150.png,-0.1710414880277253,-0.175406208625824,0.553302,0.7629045614635762,True,0.553303,4.185198,1.629049,0.146634,0.362714,1,True,False,0.558837890625,150,150,True,0.16117251131097235,True
4,cross_rectangular,199,outputs/multi_batch/batch_4/cross_rectangular/sample_0199/iteration_00130.png,-0.4817047073646769,-0.4777313310578305,0.568188,0.5652183323901053,True,0.568188,2.87501,1.235752,0.12492,0.359229,2,False,False,0.5712890625,130,150,False,0.002392328888676158,False
4,cross_rectangular,200,outputs/multi_batch/batch_4/cross_rectangular/sample_0200/iteration_00150.png,-0.4265809803764137,-0.4375210553334933,0.526783,0.5631308099039772,True,0.526782,3.8479,1.11111,0.138702,0.383434,2,False,False,0.524658203125,150,150,True,0.004653489208021372,False
4,cross_rectangular,204,outputs/multi_batch/batch_4/cross_rectangular/sample_0204/iteration_00150.png,-0.163640717609185,-0.163640717611335,0.638453,0.695325294200045,True,0.643006,3.051362,1.461599,0.20511,0.28372,1,True,False,0.65673828125,150,150,True,0.15685242818440312,True
4,cross_rectangular,211,outputs/multi_batch/batch_4/cross_rectangular/sample_0211/iteration_00150.png,-0.3337817807336423,-0.2633137905379854,0.568829,1.1523091975355897,True,0.598898,3.068851,1.530221,0.082424,0.351847,2,False,False,0.572998046875,150,150,True,0.05082673054866259,False
4,cross_rectangular,214,outputs/multi_batch/batch_4/cross_rectangular/sample_0214/iteration_00150.png,-0.2831642847689872,-0.2785435736878792,0.628556,0.621868742367836,True,0.645186,3.709727,1.650952,0.080168,0.379038,2,False,False,0.633056640625,150,150,True,0.004084349006393321,False
4,cross_rectangular,217,outputs/multi_batch/batch_4/cross_rectangular/sample_0217/iteration_00150.png,-0.1291623586588412,-0.129642642422354,0.622611,0.6807737383234844,True,0.622611,2.884258,1.145691,0.173907,0.358179,1,True,False,0.62255859375,150,150,True,0.2294286899797978,True
4,cross_rectangular,219,outputs/multi_batch/batch_4/cross_rectangular/sample_0219/iteration_00150.png,-0.286937414711065,-0.2284640424080426,0.488969,0.973116110661276,True,0.488969,4.006011,1.248489,0.190975,0.340021,3,False,False,0.48583984375,150,150,True,0.015188968639247106,False
4,cross_rectangular,222,outputs/multi_batch/batch_4/cross_rectangular/sample_0222/iteration_00150.png,-0.1691855146835421,-0.1679638612463931,0.575044,0.6728674092385392,True,0.575045,2.572655,1.551157,0.201365,0.407145,1,True,False,0.575439453125,150,150,True,0.20820041251424876,True
4,cross_rectangular,226,outputs/multi_batch/batch_4/cross_rectangular/sample_0226/iteration_00150.png,-0.3548967527166343,-0.3410816475436566,0.581258,0.9484848756717592,True,0.581258,3.809817,1.575741,0.148566,0.405986,3,False,False,0.590576171875,150,150,True,0.0038478950706016465,False
4,cross_rectangular,228,outputs/multi_batch/batch_4/cross_rectangular/sample_0228/iteration_00150.png,-0.1548962868391145,-0.1546478533904148,0.602851,0.7259893603971546,True,0.60285,4.402077,1.429146,0.18887,0.464981,1,True,False,0.610595703125,150,150,True,0.2748477233005512,True
4,cross_rectangular,229,outputs/multi_batch/batch_4/cross_rectangular/sample_0229/iteration_00150.png,-0.0482150301806442,-0.0611302919724408,0.49977,0.8928223573341844,True,0.49977,4.088661,1.299956,0.160204,0.445774,1,True,False,0.4970703125,150,150,True,2.5240197599217242,True
4,cross_rectangular,232,outputs/multi_batch/batch_4/cross_rectangular/sample_0232/iteration_00150.png,-0.1846745681386211,-0.1862169471970872,0.529556,0.9602295141934798,True,0.550042,2.690874,1.211169,0.067248,0.311344,2,False,False,0.531005859375,150,150,True,0.24774284195502969,True
4,cross_rectangular,234,outputs/multi_batch/batch_4/cross_rectangular/sample_0234/iteration_00150.png,-0.394633330823785,-0.3686519305636823,0.560293,0.6011391101572829,True,0.560292,3.430508,1.191925,0.16779,0.433842,2,False,False,0.5693359375,150,150,True,0.07199657422514241,False
4,cross_rectangular,238,outputs/multi_batch/batch_4/cross_rectangular/sample_0238/iteration_00150.png,-0.0582730482376081,-0.0580232479428001,0.548122,0.8711317703667915,True,0.548123,3.877764,1.325897,0.133007,0.431282,1,True,False,0.550537109375,150,150,True,0.25413777332789456,True
4,cross_rectangular,241,outputs/multi_batch/batch_4/cross_rectangular/sample_0241/iteration_00150.png,-0.3612005495833643,-0.3488720223887012,0.570826,0.5802644089671228,True,0.570827,3.511583,1.305635,0.200559,0.27729,2,False,False,0.57470703125,150,150,True,0.0004085442615610268,False
4,cross_rectangular,242,outputs/multi_batch/batch_4/cross_rectangular/sample_0242/iteration_00150.png,-0.0915043810535275,-0.0966644929618151,0.594822,0.860200512084843,True,0.594823,2.94382,1.636545,0.194595,0.33452,1,True,False,0.602294921875,150,150,True,0.37370828543880746,True
4,cross_rectangular,244,outputs/multi_batch/batch_4/cross_rectangular/sample_0244/iteration_00150.png,-0.2947722387422757,-0.2997287942209455,0.635449,0.4927053764379467,True,0.635449,3.556342,1.653713,0.134512,0.400944,2,False,False,0.638427734375,150,150,True,0.08075178713113332,False
4,cross_rectangular,245,outputs/multi_batch/batch_4/cross_rectangular/sample_0245/iteration_00125.png,-0.4138829722483609,-0.4215451134296306,0.582209,0.5663793276141154,True,0.58221,3.104994,1.469977,0.086323,0.3263,2,False,False,0.588623046875,125,150,False,0.0011661712045343447,False
4,cross_rectangular,247,outputs/multi_batch/batch_4/cross_rectangular/sample_0247/iteration_00150.png,-0.4777707214794529,-0.4593558409785852,0.524366,0.5431801994515346,True,0.524367,3.803251,1.422392,0.127807,0.374562,2,False,False,0.529052734375,150,150,True,0.0036329821171429263,False
4,cross_rectangular,252,outputs/multi_batch/batch_4/cross_rectangular/sample_0252/iteration_00150.png,-0.2582925464258357,-0.2582960319327567,0.605488,0.5889624401286562,True,0.605487,2.521002,1.662714,0.185091,0.424648,2,False,False,0.608642578125,150,150,True,0.005607244806423946,False
4,cross_rectangular,261,outputs/multi_batch/batch_4/cross_rectangular/sample_0261/iteration_00150.png,-0.3547830728799527,-0.3466583448472498,0.539788,1.0843823356872313,True,0.586155,3.149868,1.584773,0.117192,0.285632,3,False,False,0.54345703125,150,150,True,0.07534073964422267,False
4,cross_rectangular,262,outputs/multi_batch/batch_4/cross_rectangular/sample_0262/iteration_00150.png,0.009477359445576,0.0108235125613094,0.525709,1.001601785180949,True,0.525709,3.888085,1.669369,0.110663,0.381603,1,True,False,0.53955078125,150,150,True,0.4817144016376816,True
4,cross_rectangular,264,outputs/multi_batch/batch_4/cross_rectangular/sample_0264/iteration_00150.png,-0.0941494947278239,-0.0954366066505568,0.563553,0.7107575812389847,True,0.563554,2.660836,1.446293,0.142508,0.376355,1,True,False,0.56591796875,150,150,True,0.19729191742163774,True
4,cross_rectangular,271,outputs/multi_batch/batch_4/cross_rectangular/sample_0271/iteration_00150.png,-0.3818111309292062,-0.3480438450472125,0.530332,1.1021871033951725,True,0.530333,4.321989,1.410129,0.183085,0.320792,4,False,False,0.544677734375,150,150,True,0.014993319619835218,False
4,cross_rectangular,280,outputs/multi_batch/batch_4/cross_rectangular/sample_0280/iteration_00150.png,-0.2360442388951825,-0.2685667379474309,0.584748,0.9419811150660335,True,0.619181,4.351266,1.263415,0.162343,0.336078,3,False,False,0.591796875,150,150,True,0.0003797484377571498,False
4,cross_rectangular,281,outputs/multi_batch/batch_4/cross_rectangular/sample_0281/iteration_00150.png,-0.4891599241862062,-0.4929440279187939,0.586958,1.078035780303351,True,0.608749,4.281968,1.240915,0.112114,0.286647,3,False,False,0.59619140625,150,150,True,0.003642168214213461,False
4,cross_rectangular,287,outputs/multi_batch/batch_4/cross_rectangular/sample_0287/iteration_00150.png,-0.2405083394440613,-0.2405083394459824,0.606851,0.5446723875285944,True,0.610589,3.196728,1.264281,0.181221,0.457321,3,False,False,0.611572265625,150,150,True,0.04951341580618955,False
4,four_circle,289,outputs/multi_batch/batch_4/four_circle/sample_0289/iteration_00150.png,-0.3645481829718684,-0.3732274844987371,0.488839,0.8821189782635257,True,0.521907,3.849864,1.250625,0.125715,0.333912,5,False,False,0.50048828125,150,150,True,0.023748219056561954,False
4,four_circle,290,outputs/multi_batch/batch_4/four_circle/sample_0290/iteration_00150.png,-0.0037497144273476,-0.0005508642545206,0.36025,1.9060759812037384,True,0.586144,3.162069,1.609912,0.083437,0.430204,10,False,False,0.357666015625,150,150,True,4.686467915327496,True
4,four_circle,295,outputs/multi_batch/batch_4/four_circle/sample_0295/iteration_00150.png,-0.3662972317784773,-0.3172225989126637,0.54758,1.0770588382755744,True,0.54758,4.348977,1.072449,0.117387,0.284502,2,False,False,0.5439453125,150,150,True,0.021158731334654773,False
4,four_circle,297,outputs/multi_batch/batch_4/four_circle/sample_0297/iteration_00150.png,-0.327187628799863,-0.3271876301563043,0.599856,0.7956238360698245,True,0.613698,3.844674,1.656898,0.119204,0.317344,2,False,False,0.6103515625,150,150,True,0.01984152722742035,False
4,four_circle,298,outputs/multi_batch/batch_4/four_circle/sample_0298/iteration_00150.png,0.0091880701604084,0.0101462629855903,0.314978,1.716016983035717,True,0.580434,2.536762,1.668221,0.173305,0.4614,2,False,False,0.328125,150,150,True,0.0004908939178243382,False
4,four_circle,299,outputs/multi_batch/batch_4/four_circle/sample_0299/iteration_00150.png,-0.1811645078707961,-0.2374820688250745,0.505923,1.3105762548025883,True,0.505923,4.173929,1.295451,0.078636,0.432245,5,False,False,0.509765625,150,150,True,0.028201560369495844,False
4,four_circle,300,outputs/multi_batch/batch_4/four_circle/sample_0300/iteration_00150.png,-0.3479887287722604,-0.3465803335695149,0.498533,0.5521639766358758,True,0.498533,4.325945,1.332607,0.120349,0.381053,3,False,False,0.504150390625,150,150,True,0.003660123456136016,False
4,four_circle,302,outputs/multi_batch/batch_4/four_circle/sample_0302/iteration_00150.png,-0.1305599448800571,-0.1822353834400747,0.333131,1.882652607358157,True,0.602737,3.076072,1.587696,0.199231,0.302284,3,False,False,0.33642578125,150,150,True,0.8370913112677465,True
4,four_circle,308,outputs/multi_batch/batch_4/four_circle/sample_0308/iteration_00119.png,-0.3270414672774362,-0.2880726588395991,0.544728,1.1300070703131322,True,0.605602,3.576575,1.34242,0.101494,0.445642,3,False,False,0.55322265625,119,150,False,0.0032422825364043233,False
4,four_circle,313,outputs/multi_batch/batch_4/four_circle/sample_0313/iteration_00150.png,0.0165494022292049,0.0117963386720658,0.532275,1.2748586623336746,True,0.532275,3.810027,1.577042,0.165702,0.427247,2,False,False,0.541259765625,150,150,True,0.14168663216275948,False
4,four_circle,314,outputs/multi_batch/batch_4/four_circle/sample_0314/iteration_00150.png,-0.2624720372224093,-0.2935199799549416,0.496877,1.2328616025231591,True,0.496878,3.953139,1.098201,0.196824,0.32344,2,False,False,0.493896484375,150,150,True,0.010407937349405897,False
4,four_circle,315,outputs/multi_batch/batch_4/four_circle/sample_0315/iteration_00084.png,-0.1799285735132343,-0.202617280915775,0.529508,0.8603678519663749,True,0.529508,3.343796,1.59629,0.132119,0.437793,2,False,False,0.536376953125,84,150,False,2.763534826344999e-05,False
4,four_circle,316,outputs/multi_batch/batch_4/four_circle/sample_0316/iteration_00150.png,-0.3491167334118409,-0.3954157520967362,0.492941,0.5926042627403784,True,0.492941,3.592231,1.308081,0.097939,0.2942,3,False,False,0.49169921875,150,150,True,0.0034505343810758396,False
4,four_circle,317,outputs/multi_batch/batch_4/four_circle/sample_0317/iteration_00121.png,-0.6050656548742802,-0.5402243726062541,0.498809,1.3562917253388966,True,0.540782,3.689664,1.067859,0.195354,0.415238,4,False,False,0.50390625,121,150,False,0.027628557135284247,False
4,four_circle,318,outputs/multi_batch/batch_4/four_circle/sample_0318/iteration_00150.png,-0.2957970212031166,-0.2961695867303175,0.545308,0.9523312460515864,True,0.545308,3.32413,1.288052,0.073012,0.394097,2,False,False,0.560791015625,150,150,True,0.03460870680049172,False
4,four_circle,319,outputs/multi_batch/batch_4/four_circle/sample_0319/iteration_00150.png,-0.2279332228395633,-0.2246800984426083,0.56669,0.8836110167751243,True,0.56669,3.784398,1.521121,0.138164,0.343413,2,False,False,0.584716796875,150,150,True,0.0004981054515457129,False
4,four_circle,320,outputs/multi_batch/batch_4/four_circle/sample_0320/iteration_00150.png,-0.335728446607579,-0.3252108970266162,0.539002,1.0689110043786914,True,0.539002,3.537976,1.550392,0.190757,0.33929,2,False,False,0.529296875,150,150,True,0.002729790905434484,False
4,four_circle,321,outputs/multi_batch/batch_4/four_circle/sample_0321/iteration_00139.png,-0.3688420999099966,-0.3766460126953121,0.512158,0.6053611923767107,True,0.512158,3.944419,1.414935,0.114738,0.326636,3,False,False,0.50927734375,139,150,False,0.000975756637104755,False
4,four_circle,322,outputs/multi_batch/batch_4/four_circle/sample_0322/iteration_00112.png,-0.3764186756756932,-0.3719749701155215,0.576743,1.121505588796592,True,0.576732,4.054206,1.243498,0.16894,0.438201,3,False,False,0.580810546875,112,150,False,0.002285827801413603,False
4,four_circle,325,outputs/multi_batch/batch_4/four_circle/sample_0325/iteration_00113.png,-0.2929294474661263,-0.2908467524955305,0.494515,0.6504476590131705,True,0.494514,3.914254,1.56187,0.167462,0.280454,3,False,False,0.49658203125,113,150,False,0.0001258871000256682,False
4,four_circle,326,outputs/multi_batch/batch_4/four_circle/sample_0326/iteration_00150.png,0.0283574001452729,0.0360845509113323,0.376436,1.493522622264719,True,0.534207,3.5468,1.18481,0.184015,0.465045,2,False,False,0.380859375,150,150,True,0.00266048161538992,False
4,four_circle,330,outputs/multi_batch/batch_4/four_circle/sample_0330/iteration_00150.png,-0.2551639276893039,-0.2331357839080304,0.550611,0.8541175731704311,True,0.550655,3.516429,1.626365,0.111585,0.340628,2,False,False,0.563232421875,150,150,True,0.001108050533346884,False
4,four_circle,331,outputs/multi_batch/batch_4/four_circle/sample_0331/iteration_00150.png,-0.3235449297114565,-0.3154273936166696,0.527341,0.7970839838951819,True,0.553922,3.013853,1.644036,0.080116,0.344516,3,False,False,0.53173828125,150,150,True,0.0009371348950193943,False
4,four_circle,335,outputs/multi_batch/batch_4/four_circle/sample_0335/iteration_00150.png,-0.2047884414587387,-0.1883654875897757,0.489305,1.126190273442651,True,0.501719,2.995482,1.645952,0.193081,0.434966,4,False,False,0.496826171875,150,150,True,0.0,False
4,four_circle,336,outputs/multi_batch/batch_4/four_circle/sample_0336/iteration_00150.png,-0.3537249330481795,-0.3781389104530067,0.491312,1.1751567078190188,True,0.519874,4.158251,1.225391,0.192313,0.449809,5,False,False,0.486328125,150,150,True,0.0053366348108010355,False
4,four_circle,337,outputs/multi_batch/batch_4/four_circle/sample_0337/iteration_00150.png,-0.3041144049735928,-0.3225312570162291,0.583385,0.9432158495170578,True,0.58367,4.296649,1.661086,0.112463,0.364494,4,False,False,0.58837890625,150,150,True,5.2438041177024276e-05,False
4,four_circle,339,outputs/multi_batch/batch_4/four_circle/sample_0339/iteration_00067.png,-0.204924417091763,-0.1906199624954473,0.59328,0.8328880839945725,True,0.598382,2.575421,1.54379,0.151968,0.400657,1,True,False,0.6103515625,67,150,False,0.4953733657550363,True
4,four_circle,341,outputs/multi_batch/batch_4/four_circle/sample_0341/iteration_00150.png,-0.2699662198661781,-0.2699023648260329,0.517804,0.7963913701877728,True,0.517805,3.313428,1.692471,0.1215,0.291064,3,False,False,0.529296875,150,150,True,0.0007457611600205396,False
4,four_circle,342,outputs/multi_batch/batch_4/four_circle/sample_0342/iteration_00150.png,-0.3863131136609415,-0.3744769582777953,0.490157,0.7055001418172759,True,0.499679,3.484539,1.061444,0.093294,0.329082,2,False,False,0.486328125,150,150,True,0.10510341861575105,False
4,four_circle,348,outputs/multi_batch/batch_4/four_circle/sample_0348/iteration_00150.png,-0.3800121871304581,-0.3687485615227389,0.553026,0.4965082435576027,True,0.553027,2.502495,1.139958,0.067979,0.424133,2,False,False,0.55712890625,150,150,True,0.003381313781182518,False
4,four_circle,351,outputs/multi_batch/batch_4/four_circle/sample_0351/iteration_00150.png,-0.3683396276334352,-0.3144629583881127,0.57197,0.76092386017731,True,0.612205,3.023892,1.420456,0.188633,0.385696,5,False,False,0.581298828125,150,150,True,0.001168970331965894,False
4,four_circle,353,outputs/multi_batch/batch_4/four_circle/sample_0353/iteration_00150.png,-0.3004615554259022,-0.3077877447294255,0.526771,0.6707730112444011,True,0.52677,3.427326,1.403458,0.082219,0.33,3,False,False,0.523193359375,150,150,True,0.0026496561838676145,False
4,four_circle,355,outputs/multi_batch/batch_4/four_circle/sample_0355/iteration_00150.png,-0.2980910884863314,-0.3033697931232179,0.48869,0.7461904674662244,True,0.48879,2.693906,1.280728,0.14536,0.357206,4,False,False,0.492919921875,150,150,True,0.0013181930717913555,False
4,four_circle,361,outputs/multi_batch/batch_4/four_circle/sample_0361/iteration_00150.png,-0.4128286145996241,-0.3831784898588305,0.573495,0.4831715062969463,True,0.573495,4.022331,1.344603,0.127771,0.282948,2,False,False,0.572998046875,150,150,True,7.007970962835099e-05,False
4,four_circle,362,outputs/multi_batch/batch_4/four_circle/sample_0362/iteration_00150.png,-0.3629047140755758,-0.3629047140766097,0.627484,0.426102038695236,True,0.630947,4.005175,1.324183,0.077123,0.352596,4,False,False,0.624755859375,150,150,True,0.00035729991204915207,False
4,four_circle,364,outputs/multi_batch/batch_4/four_circle/sample_0364/iteration_00122.png,-0.2409902447535264,-0.2629773879415948,0.507833,0.7587327757521567,True,0.507833,2.533332,1.387363,0.097669,0.426016,3,False,False,0.5078125,122,150,False,0.005323216458191327,False
4,four_circle,365,outputs/multi_batch/batch_4/four_circle/sample_0365/iteration_00150.png,0.0214077265618961,0.0250839009169425,0.435931,1.5346380147520693,True,0.542484,4.402729,1.432177,0.086426,0.351054,14,False,False,0.434814453125,150,150,True,0.017299842384167947,False
4,four_circle,367,outputs/multi_batch/batch_4/four_circle/sample_0367/iteration_00150.png,-0.3231761744668234,-0.3284041454892032,0.564409,0.6959717368570069,True,0.564409,4.093001,1.623662,0.072011,0.407148,3,False,False,0.573486328125,150,150,True,0.0005337437092288737,False
4,four_circle,369,outputs/multi_batch/batch_4/four_circle/sample_0369/iteration_00150.png,-0.3439405883352648,-0.3445047111409157,0.490781,0.5971900169170488,True,0.49078,3.088894,1.110093,0.185657,0.315608,3,False,False,0.489990234375,150,150,True,0.005971952685096789,False
4,four_circle,370,outputs/multi_batch/batch_4/four_circle/sample_0370/iteration_00150.png,-0.3492486059261603,-0.3492486059097439,0.614213,0.5445719515636387,True,0.618756,4.237259,1.690897,0.085288,0.354531,2,False,False,0.622314453125,150,150,True,0.004481122627093783,False
4,four_circle,376,outputs/multi_batch/batch_4/four_circle/sample_0376/iteration_00095.png,-0.1957376782877652,-0.2103405214911191,0.524787,0.9662981277973868,True,0.530304,2.567138,1.479302,0.174339,0.346326,5,False,False,0.528076171875,95,150,False,0.01896819985664585,False
4,four_circle,377,outputs/multi_batch/batch_4/four_circle/sample_0377/iteration_00150.png,-0.0450265383697589,-0.0428976287515906,0.447842,1.9582911694298897,True,0.594833,3.627051,1.179331,0.156371,0.321166,10,False,False,0.447265625,150,150,True,6.308794011538184,True
4,four_circle,378,outputs/multi_batch/batch_4/four_circle/sample_0378/iteration_00150.png,-0.3100309593565833,-0.3126998944626065,0.478106,0.9877947264880176,True,0.503627,3.154645,1.088245,0.102137,0.456132,4,False,False,0.475830078125,150,150,True,0.9551772506875988,True
4,four_circle,379,outputs/multi_batch/batch_4/four_circle/sample_0379/iteration_00150.png,-0.217645964561472,-0.2121854858197027,0.535083,1.3790353279519345,True,0.535083,4.258821,1.168812,0.089225,0.433259,4,False,False,0.5390625,150,150,True,0.016630504400393802,False
4,four_circle,380,outputs/multi_batch/batch_4/four_circle/sample_0380/iteration_00150.png,-0.2660621416983271,-0.1763145037510663,0.464662,1.6393183561536089,True,0.604303,3.676184,1.131272,0.122895,0.359309,3,False,False,0.467529296875,150,150,True,0.06539418234460587,False
4,four_circle,382,outputs/multi_batch/batch_4/four_circle/sample_0382/iteration_00150.png,-0.3725906525286849,-0.3243442519521336,0.502265,0.5496422856624442,True,0.502264,4.132111,1.174585,0.109583,0.39844,3,False,False,0.498779296875,150,150,True,0.004405188309064595,False
4,grid_circular_voids,384,outputs/multi_batch/batch_4/grid_circular_voids/sample_0384/iteration_00150.png,-0.3956703315745831,-0.4132881556146891,0.600379,0.302423854493179,True,0.600378,3.493138,1.535039,0.096985,0.394268,2,False,False,0.609619140625,150,150,True,0.003641908466111243,False
4,grid_circular_voids,388,outputs/multi_batch/batch_4/grid_circular_voids/sample_0388/iteration_00112.png,-0.3851750056075607,-0.3738732958550722,0.602266,0.295140248465193,True,0.602265,3.364969,1.695953,0.195619,0.414577,2,False,False,0.61328125,112,150,False,0.0014715018282374281,False
4,grid_circular_voids,389,outputs/multi_batch/batch_4/grid_circular_voids/sample_0389/iteration_00150.png,-0.4142145226060408,-0.3996614319900051,0.508992,0.4377717032625405,True,0.508993,4.198034,1.133372,0.161534,0.343237,2,False,False,0.524658203125,150,150,True,0.03484703938622162,False
4,grid_circular_voids,391,outputs/multi_batch/batch_4/grid_circular_voids/sample_0391/iteration_00150.png,-0.2813578996390463,-0.2673071968195535,0.577342,0.5599253352633037,True,0.577342,2.969102,1.32441,0.166603,0.410153,3,False,False,0.585205078125,150,150,True,0.011278872794996397,False
4,grid_circular_voids,393,outputs/multi_batch/batch_4/grid_circular_voids/sample_0393/iteration_00104.png,-0.3886838560828108,-0.3798717254756888,0.516942,0.3541909338428797,True,0.516941,2.858183,1.331494,0.083735,0.383902,2,False,False,0.530029296875,104,150,False,0.00038739871511907437,False
4,grid_circular_voids,394,outputs/multi_batch/batch_4/grid_circular_voids/sample_0394/iteration_00150.png,-0.4244690749196841,-0.4245220463089962,0.538223,0.4451526759300519,True,0.538222,3.266544,1.148907,0.165743,0.295141,4,False,False,0.54052734375,150,150,True,0.0023851103383500083,False
4,grid_circular_voids,396,outputs/multi_batch/batch_4/grid_circular_voids/sample_0396/iteration_00113.png,-0.369033470621561,-0.3707968246913692,0.596921,0.3212294532035578,True,0.596922,3.125312,1.569609,0.102191,0.394806,2,False,False,0.6044921875,113,150,False,0.003278358101126478,False
4,grid_circular_voids,398,outputs/multi_batch/batch_4/grid_circular_voids/sample_0398/iteration_00150.png,-0.4409731758096417,-0.4126004121824759,0.551171,0.2951393316666573,True,0.551171,3.554626,1.448334,0.082336,0.311393,2,False,False,0.556884765625,150,150,True,0.0016096934291387076,False
4,grid_circular_voids,399,outputs/multi_batch/batch_4/grid_circular_voids/sample_0399/iteration_00150.png,-0.3641675037233924,-0.3644263361713339,0.645601,0.3824567635694119,True,0.645601,3.191574,1.087421,0.197289,0.307141,2,False,False,0.6494140625,150,150,True,0.04522325927540078,False
4,grid_circular_voids,400,outputs/multi_batch/batch_4/grid_circular_voids/sample_0400/iteration_00150.png,-0.3291743866561742,-0.3161999155785627,0.493563,0.6231801417348302,True,0.493563,3.67032,1.647549,0.106664,0.453278,2,False,False,0.49609375,150,150,True,0.006195607074538601,False
4,grid_circular_voids,402,outputs/multi_batch/batch_4/grid_circular_voids/sample_0402/iteration_00150.png,-0.4021345431389316,-0.4110543716523056,0.519313,0.4176829190835965,True,0.519312,4.00944,1.184191,0.131013,0.291319,2,False,False,0.518310546875,150,150,True,0.018128216064534568,False
4,grid_circular_voids,403,outputs/multi_batch/batch_4/grid_circular_voids/sample_0403/iteration_00050.png,-0.3283876091033076,-0.3283887452961523,0.546358,0.5095498159171264,True,0.546357,4.317026,1.67135,0.071333,0.313474,2,False,False,0.552978515625,50,150,False,0.1399574580048374,False
4,grid_circular_voids,408,outputs/multi_batch/batch_4/grid_circular_voids/sample_0408/iteration_00094.png,-0.3083898125775801,-0.297957360706484,0.575258,0.4682867943164928,True,0.575258,3.326144,1.661005,0.200827,0.345575,2,False,False,0.585693359375,94,150,False,0.007510304808586863,False
4,grid_circular_voids,414,outputs/multi_batch/batch_4/grid_circular_voids/sample_0414/iteration_00129.png,-0.3439428196431111,-0.3777212914945927,0.528874,0.6031566524529084,True,0.528874,3.900263,1.679358,0.141824,0.435635,2,False,False,0.5322265625,129,150,False,0.006905909599781719,False
4,grid_circular_voids,415,outputs/multi_batch/batch_4/grid_circular_voids/sample_0415/iteration_00150.png,-0.4317026763294697,-0.4644292650461821,0.570777,0.2744613373566119,True,0.570777,3.515045,1.20003,0.181727,0.447646,2,False,False,0.574951171875,150,150,True,0.0001664097715816971,False
4,grid_circular_voids,417,outputs/multi_batch/batch_4/grid_circular_voids/sample_0417/iteration_00150.png,-0.45381161459894,-0.4486380802536066,0.515145,0.7481970136428816,True,0.515145,4.301613,1.300428,0.116706,0.337573,3,False,False,0.521484375,150,150,True,0.0011477353005780728,False
4,grid_circular_voids,425,outputs/multi_batch/batch_4/grid_circular_voids/sample_0425/iteration_00150.png,-0.4625213259649289,-0.467659859164452,0.571857,0.1974744381780018,True,0.571857,2.816054,1.265342,0.150933,0.333163,2,False,False,0.573486328125,150,150,True,0.0029083158819975976,False
4,grid_circular_voids,426,outputs/multi_batch/batch_4/grid_circular_voids/sample_0426/iteration_00150.png,-0.4135358743396118,-0.4120478483250271,0.552479,0.3402457004942979,True,0.552479,2.904613,1.501509,0.09106,0.303169,2,False,False,0.555908203125,150,150,True,0.0006007198505582695,False
4,grid_circular_voids,427,outputs/multi_batch/batch_4/grid_circular_voids/sample_0427/iteration_00150.png,-0.4629257699382834,-0.4622661169081478,0.561404,0.0813200757738391,True,0.561404,3.70829,1.093798,0.178856,0.407916,5,False,False,0.56689453125,150,150,True,0.008337107641847814,False
4,grid_circular_voids,428,outputs/multi_batch/batch_4/grid_circular_voids/sample_0428/iteration_00150.png,-0.3236691585300317,-0.323669158530266,0.622862,0.3447181888885566,True,0.62887,2.705379,1.605125,0.169102,0.401534,2,False,False,0.63037109375,150,150,True,0.006808317320383814,False
4,grid_circular_voids,431,outputs/multi_batch/batch_4/grid_circular_voids/sample_0431/iteration_00150.png,-0.3882216935004953,-0.3885423753280379,0.557426,0.3800104199359417,True,0.557426,2.497803,1.141322,0.122984,0.445224,2,False,False,0.563232421875,150,150,True,0.012384826093492098,False
4,grid_circular_voids,436,outputs/multi_batch/batch_4/grid_circular_voids/sample_0436/iteration_00150.png,-0.3441645449352439,-0.4043025339612416,0.511344,0.5109860223759125,True,0.511344,4.354906,1.393618,0.177774,0.358937,2,False,False,0.513671875,150,150,True,0.01879358910774585,False
4,grid_circular_voids,437,outputs/multi_batch/batch_4/grid_circular_voids/sample_0437/iteration_00150.png,-0.4413217993433772,-0.4054848908250542,0.561762,0.3842826506567963,True,0.561763,4.164701,1.520118,0.11385,0.43279,2,False,False,0.565185546875,150,150,True,0.000903520499863582,False
4,grid_circular_voids,438,outputs/multi_batch/batch_4/grid_circular_voids/sample_0438/iteration_00150.png,-0.3653766879677947,-0.3641708578747618,0.542981,0.572264096843993,True,0.54298,2.754525,1.271333,0.101291,0.406167,6,False,False,0.54296875,150,150,True,0.0027925602268519525,False
4,grid_circular_voids,439,outputs/multi_batch/batch_4/grid_circular_voids/sample_0439/iteration_00150.png,-0.4318157568845409,-0.4318157568849146,0.589368,0.323085045168531,True,0.627434,3.313382,1.163803,0.192826,0.455635,3,False,False,0.591064453125,150,150,True,0.003821843304424421,False
4,grid_circular_voids,440,outputs/multi_batch/batch_4/grid_circular_voids/sample_0440/iteration_00150.png,-0.3433413175495169,-0.3433413191152483,0.599366,0.4980263322434966,True,0.606745,3.997826,1.492838,0.128539,0.463348,2,False,False,0.60205078125,150,150,True,0.00952919091475318,False
4,grid_circular_voids,441,outputs/multi_batch/batch_4/grid_circular_voids/sample_0441/iteration_00150.png,-0.3772857141909602,-0.3745248834759544,0.592804,0.2711731063625763,True,0.592804,2.937989,1.596525,0.104552,0.296709,2,False,False,0.595458984375,150,150,True,0.00626049005519314,False
4,grid_circular_voids,443,outputs/multi_batch/batch_4/grid_circular_voids/sample_0443/iteration_00150.png,-0.4169411517747813,-0.4065958254703816,0.641897,0.2212949031957161,True,0.641896,3.35888,1.212118,0.184635,0.387609,2,False,False,0.65185546875,150,150,True,0.008868177781729937,False
4,grid_circular_voids,447,outputs/multi_batch/batch_4/grid_circular_voids/sample_0447/iteration_00150.png,-0.3550442643857112,-0.3545533635349612,0.505064,0.503117014094249,True,0.505064,2.676234,1.162654,0.169594,0.29367,2,False,False,0.50537109375,150,150,True,0.001630498230867319,False
4,grid_circular_voids,450,outputs/multi_batch/batch_4/grid_circular_voids/sample_0450/iteration_00150.png,-0.3469361726073903,-0.3489099921831919,0.55513,0.5331845305684821,True,0.55513,4.07764,1.34102,0.201883,0.43684,2,False,False,0.559814453125,150,150,True,0.0315072996387405,False
4,grid_circular_voids,451,outputs/multi_batch/batch_4/grid_circular_voids/sample_0451/iteration_00150.png,-0.3669223116431209,-0.3967607871822522,0.531697,0.5738852479209893,True,0.531697,3.581273,1.459754,0.086537,0.461004,2,False,False,0.536865234375,150,150,True,0.0012747746958038228,False
4,grid_circular_voids,452,outputs/multi_batch/batch_4/grid_circular_voids/sample_0452/iteration_00132.png,-0.4012840142742772,-0.3982230454349358,0.637907,0.2904417817866298,True,0.637906,4.346731,1.654524,0.093984,0.420051,2,False,False,0.643310546875,132,150,False,0.0015764681543485853,False
4,grid_circular_voids,456,outputs/multi_batch/batch_4/grid_circular_voids/sample_0456/iteration_00150.png,-0.3702049231365449,-0.3780428207783469,0.533854,0.4559548282157757,True,0.533853,2.630475,1.437033,0.106441,0.397402,2,False,False,0.53466796875,150,150,True,0.004952040911725173,False
4,grid_circular_voids,457,outputs/multi_batch/batch_4/grid_circular_voids/sample_0457/iteration_00150.png,-0.3492301768130766,-0.3479268673143282,0.574195,0.4002321839369838,True,0.574196,2.950869,1.369222,0.137202,0.288866,2,False,False,0.579345703125,150,150,True,0.026058786252805836,False
4,grid_circular_voids,458,outputs/multi_batch/batch_4/grid_circular_voids/sample_0458/iteration_00095.png,-0.3706974903757414,-0.3749527321803408,0.515453,0.4222269387678993,True,0.515452,3.156971,1.256186,0.179677,0.299214,2,False,False,0.5166015625,95,150,False,0.022102038420940353,False
4,grid_circular_voids,459,outputs/multi_batch/batch_4/grid_circular_voids/sample_0459/iteration_00150.png,-0.3793541206445158,-0.3801694000801885,0.634493,0.1895348831612998,True,0.634494,2.725941,1.625616,0.09502,0.38621,2,False,False,0.63818359375,150,150,True,0.00034975839058543567,False
4,grid_circular_voids,467,outputs/multi_batch/batch_4/grid_circular_voids/sample_0467/iteration_00150.png,-0.3385671804528529,-0.3366453053891313,0.593279,0.5086508934399441,True,0.593279,4.241429,1.675927,0.202952,0.356512,2,False,False,0.595947265625,150,150,True,0.0077043630072363995,False
4,grid_circular_voids,468,outputs/multi_batch/batch_4/grid_circular_voids/sample_0468/iteration_00150.png,-0.4600124433678813,-0.4430720139314461,0.619898,0.124523457371684,True,0.619898,3.090029,1.235347,0.111603,0.284064,2,False,False,0.62158203125,150,150,True,0.0011771288418461624,False
4,grid_circular_voids,472,outputs/multi_batch/batch_4/grid_circular_voids/sample_0472/iteration_00150.png,-0.3422406503336191,-0.3408843600276521,0.495885,0.8372917806893311,True,0.495885,3.650834,1.415416,0.079321,0.456191,2,False,False,0.497314453125,150,150,True,0.013322524161355442,False
4,grid_circular_voids,476,outputs/multi_batch/batch_4/grid_circular_voids/sample_0476/iteration_00150.png,-0.3201463524936004,-0.3592510164200179,0.520698,0.5945961250613342,True,0.520697,3.81727,1.378382,0.099425,0.44889,2,False,False,0.52685546875,150,150,True,0.0017950344858535731,False
4,grid_circular_voids,478,outputs/multi_batch/batch_4/grid_circular_voids/sample_0478/iteration_00150.png,-0.3806181691972947,-0.3601932747499728,0.522919,0.489592857507354,True,0.522919,4.116339,1.402831,0.109596,0.361098,2,False,False,0.524658203125,150,150,True,0.00611760747737768,False
4,nine_circle,672,outputs/multi_batch/batch_4/nine_circle/sample_0672/iteration_00150.png,-0.3063099795438843,-0.3056372495725278,0.49064,0.6211940819643906,True,0.49064,2.838366,1.590031,0.093444,0.341479,2,False,False,0.49951171875,150,150,True,0.01030768912193665,False
4,nine_circle,676,outputs/multi_batch/batch_4/nine_circle/sample_0676/iteration_00150.png,-0.4229884841019959,-0.4352149953284822,0.630278,0.3074305950447956,True,0.630278,3.792861,1.395415,0.08128,0.423128,2,False,False,0.6376953125,150,150,True,1.651002583106575e-05,False
4,nine_circle,677,outputs/multi_batch/batch_4/nine_circle/sample_0677/iteration_00150.png,-0.4320520401495489,-0.4306989901139061,0.594508,0.3050371136187326,True,0.594508,2.568888,1.157886,0.195256,0.401602,2,False,False,0.59326171875,150,150,True,0.009608336754622797,False
4,nine_circle,678,outputs/multi_batch/batch_4/nine_circle/sample_0678/iteration_00150.png,-0.4249110872676598,-0.4218338151596355,0.565894,0.3910923448929059,True,0.565894,3.263132,1.213501,0.199469,0.382517,2,False,False,0.574462890625,150,150,True,0.00038042743135397285,False
4,nine_circle,679,outputs/multi_batch/batch_4/nine_circle/sample_0679/iteration_00150.png,-0.3997412157806395,-0.3946299288000882,0.55807,0.3732145133277478,True,0.55807,4.232405,1.55801,0.113943,0.354448,2,False,False,0.56005859375,150,150,True,0.005233605055727642,False
4,nine_circle,682,outputs/multi_batch/batch_4/nine_circle/sample_0682/iteration_00150.png,-0.3675319666936372,-0.3760421414910255,0.492241,0.4498722321421143,True,0.492241,2.996779,1.43554,0.085559,0.447791,2,False,False,0.490478515625,150,150,True,0.015392296672063197,False
4,nine_circle,683,outputs/multi_batch/batch_4/nine_circle/sample_0683/iteration_00150.png,-0.3956038571559493,-0.3754846336198122,0.555972,0.2370609090230179,True,0.555972,3.029923,1.240831,0.092538,0.312737,2,False,False,0.55859375,150,150,True,0.007707384481243374,False
4,nine_circle,688,outputs/multi_batch/batch_4/nine_circle/sample_0688/iteration_00081.png,-0.4541415492938692,-0.456882329620038,0.516257,0.3473089836727445,True,0.516256,3.15212,1.304886,0.067479,0.301846,2,False,False,0.529296875,81,150,False,0.0036567541412301672,False
4,nine_circle,691,outputs/multi_batch/batch_4/nine_circle/sample_0691/iteration_00150.png,-0.3118759306426854,-0.3118794384291862,0.602185,0.5114323855152331,True,0.602186,3.455214,1.609344,0.171557,0.462315,4,False,False,0.60888671875,150,150,True,0.003643842858156142,False
4,nine_circle,692,outputs/multi_batch/batch_4/nine_circle/sample_0692/iteration_00150.png,-0.4089883703228579,-0.4099818652206619,0.549661,0.2359827052711196,True,0.54966,2.726434,1.296734,0.088428,0.378757,2,False,False,0.55322265625,150,150,True,0.004129067441840589,False
4,nine_circle,698,outputs/multi_batch/batch_4/nine_circle/sample_0698/iteration_00150.png,-0.3929415915540521,-0.4080624596740062,0.59215,0.4425769035467147,True,0.592151,4.341533,1.525475,0.178414,0.387849,2,False,False,0.59521484375,150,150,True,0.014005482306607621,False
4,nine_circle,699,outputs/multi_batch/batch_4/nine_circle/sample_0699/iteration_00071.png,-0.2906298757514531,-0.2986044100416693,0.524451,0.4966291303477623,True,0.524451,3.621245,1.330961,0.125338,0.277305,2,False,False,0.53759765625,71,150,False,0.0012006160875695652,False
4,nine_circle,700,outputs/multi_batch/batch_4/nine_circle/sample_0700/iteration_00123.png,-0.4138924302050927,-0.3955194646214737,0.597116,0.2327919508337989,True,0.597116,3.783628,1.437668,0.152373,0.432726,2,False,False,0.603759765625,123,150,False,0.0007280582938436632,False
4,nine_circle,702,outputs/multi_batch/batch_4/nine_circle/sample_0702/iteration_00150.png,-0.3816191121615356,-0.3672854090314133,0.646831,0.3851759939375733,True,0.646832,4.030664,1.326823,0.11851,0.284389,4,False,False,0.649169921875,150,150,True,0.05670727254832858,False
4,nine_circle,706,outputs/multi_batch/batch_4/nine_circle/sample_0706/iteration_00150.png,-0.3878262533931431,-0.367787515768019,0.501212,0.4897923366788124,True,0.501212,3.039321,1.581205,0.097035,0.386612,2,False,False,0.51416015625,150,150,True,0.0008071643288890821,False
4,nine_circle,709,outputs/multi_batch/batch_4/nine_circle/sample_0709/iteration_00150.png,-0.4715387469840845,-0.471354841407843,0.62429,0.1549221480499446,True,0.62429,2.601924,1.138402,0.206496,0.393482,4,False,False,0.626708984375,150,150,True,0.023614017220677245,False
4,nine_circle,716,outputs/multi_batch/batch_4/nine_circle/sample_0716/iteration_00150.png,-0.3775084225466257,-0.3839517889101715,0.528949,0.4900578218461975,True,0.528949,3.906225,1.505889,0.150703,0.296216,2,False,False,0.538330078125,150,150,True,0.007829309952610879,False
4,nine_circle,717,outputs/multi_batch/batch_4/nine_circle/sample_0717/iteration_00150.png,-0.3617530185569568,-0.3712695245579874,0.636088,0.3328426613848865,True,0.636087,3.230903,1.648159,0.187374,0.307435,2,False,False,0.64501953125,150,150,True,0.021669298077144156,False
4,nine_circle,718,outputs/multi_batch/batch_4/nine_circle/sample_0718/iteration_00090.png,-0.4154296253411408,-0.41514656944357,0.505738,0.5675728417537146,True,0.505738,3.307884,1.428526,0.182114,0.402746,2,False,False,0.517333984375,90,150,False,0.012512949664592215,False
4,nine_circle,719,outputs/multi_batch/batch_4/nine_circle/sample_0719/iteration_00150.png,-0.4834812851621705,-0.4640054121315005,0.615818,0.1653168985837536,True,0.615817,4.138427,1.277338,0.158693,0.31451,2,False,False,0.60791015625,150,150,True,0.0024555917965930025,False
4,nine_circle,721,outputs/multi_batch/batch_4/nine_circle/sample_0721/iteration_00093.png,-0.4639852765111772,-0.4479814566536297,0.616911,0.0397191792732531,True,0.616912,2.793298,1.155636,0.083607,0.292653,2,False,False,0.621337890625,93,150,False,0.00022581441582030364,False
4,nine_circle,723,outputs/multi_batch/batch_4/nine_circle/sample_0723/iteration_00149.png,-0.3423406213403561,-0.3687745559542757,0.49531,0.6208901532011609,True,0.49531,4.00884,1.170055,0.160566,0.451472,2,False,False,0.498046875,149,150,False,0.0017784938402157383,False
4,nine_circle,725,outputs/multi_batch/batch_4/nine_circle/sample_0725/iteration_00150.png,-0.3874846323101128,-0.4174178315812635,0.567894,0.3518545433428646,True,0.567894,4.285382,1.36113,0.127637,0.380675,2,False,False,0.562744140625,150,150,True,0.0010768051911283463,False
4,nine_circle,727,outputs/multi_batch/batch_4/nine_circle/sample_0727/iteration_00150.png,-0.2155953580887089,-0.2033209717067394,0.511842,1.262329278445145,True,0.511843,4.125738,1.372346,0.203203,0.362018,3,False,False,0.51904296875,150,150,True,0.013818600058110468,False
4,nine_circle,729,outputs/multi_batch/batch_4/nine_circle/sample_0729/iteration_00113.png,-0.4230957401867251,-0.4304877971070346,0.600368,0.2304399648481186,True,0.600368,2.931849,1.323355,0.12067,0.310109,2,False,False,0.596923828125,113,150,False,0.0013575356485678773,False
4,nine_circle,730,outputs/multi_batch/batch_4/nine_circle/sample_0730/iteration_00150.png,-0.3726202494334003,-0.3768692519187563,0.608971,0.2588360796725403,True,0.60897,3.668874,1.487398,0.140039,0.309809,2,False,False,0.615966796875,150,150,True,0.0009746329027768362,False
4,nine_circle,731,outputs/multi_batch/batch_4/nine_circle/sample_0731/iteration_00150.png,-0.3823350945341274,-0.3804100707470163,0.569529,0.4404542391630764,True,0.569529,3.951771,1.613687,0.101864,0.367104,2,False,False,0.57177734375,150,150,True,0.002440036621404315,False
4,nine_circle,733,outputs/multi_batch/batch_4/nine_circle/sample_0733/iteration_00150.png,-0.3470285324731747,-0.349105793407836,0.643813,0.2888553429667807,True,0.643812,4.377883,1.519739,0.146111,0.396065,2,False,False,0.646728515625,150,150,True,0.0013352012751315552,False
4,nine_circle,736,outputs/multi_batch/batch_4/nine_circle/sample_0736/iteration_00150.png,-0.3565405065499154,-0.3410104184884494,0.513933,0.4984248845994613,True,0.513934,4.202681,1.301695,0.133532,0.459772,2,False,False,0.525146484375,150,150,True,0.0042652529868277955,False
4,nine_circle,738,outputs/multi_batch/batch_4/nine_circle/sample_0738/iteration_00117.png,-0.3558267473979968,-0.3626150909889863,0.536538,0.5917784223291733,True,0.536538,3.192359,1.491572,0.110961,0.295136,2,False,False,0.538818359375,117,150,False,0.001229512099351363,False
4,nine_circle,741,outputs/multi_batch/batch_4/nine_circle/sample_0741/iteration_00103.png,-0.3509802543977826,-0.3817792308255446,0.534075,0.4387672654285389,True,0.534074,3.740463,1.342017,0.132174,0.452268,2,False,False,0.53369140625,103,150,False,0.0002897377447326573,False
4,nine_circle,744,outputs/multi_batch/batch_4/nine_circle/sample_0744/iteration_00073.png,-0.3202957178540399,-0.3076559259238678,0.540854,0.5585115798122323,True,0.540854,3.93159,1.686888,0.144676,0.418885,2,False,False,0.546630859375,73,150,False,0.0022015269005878505,False
4,nine_circle,745,outputs/multi_batch/batch_4/nine_circle/sample_0745/iteration_00150.png,-0.3974323216281574,-0.4030529066049251,0.502718,0.3914671176577445,True,0.502718,3.004187,1.477772,0.191077,0.347681,2,False,False,0.498291015625,150,150,True,0.00467724558914281,False
4,nine_circle,746,outputs/multi_batch/batch_4/nine_circle/sample_0746/iteration_00150.png,-0.3183754879071724,-0.3194678735977407,0.570445,0.4570489290195786,True,0.570445,3.168946,1.693255,0.106658,0.461169,2,False,False,0.56884765625,150,150,True,0.0008332214801364807,False
4,nine_circle,751,outputs/multi_batch/batch_4/nine_circle/sample_0751/iteration_00150.png,-0.4028920401154748,-0.4094990622264622,0.552901,0.4966613165319806,True,0.552901,2.969776,1.077734,0.100339,0.289033,2,False,False,0.552978515625,150,150,True,0.0015833386193881938,False
4,nine_circle,753,outputs/multi_batch/batch_4/nine_circle/sample_0753/iteration_00150.png,-0.4037248913724071,-0.4020176340120616,0.500154,0.3980711788514787,True,0.500154,2.508835,1.20461,0.189876,0.324405,2,False,False,0.505615234375,150,150,True,0.0010567327206916757,False
4,nine_circle,754,outputs/multi_batch/batch_4/nine_circle/sample_0754/iteration_00150.png,-0.4312975209630046,-0.446040102407965,0.590221,0.1519439503340145,True,0.590222,2.487935,1.218204,0.116217,0.350956,2,False,False,0.59228515625,150,150,True,0.0008093130192682792,False
4,nine_circle,755,outputs/multi_batch/batch_4/nine_circle/sample_0755/iteration_00150.png,-0.4132365121471891,-0.4133354188347794,0.611658,0.630391868189727,True,0.611658,3.697318,1.453543,0.106431,0.397927,3,False,False,0.61669921875,150,150,True,0.0002776575601023754,False
4,nine_circle,756,outputs/multi_batch/batch_4/nine_circle/sample_0756/iteration_00150.png,-0.4191083579513121,-0.4157239569679259,0.596291,0.3779851898662852,True,0.596291,2.872571,1.234725,0.13775,0.341282,4,False,False,0.603515625,150,150,True,0.0039011725217240486,False
4,nine_circle,759,outputs/multi_batch/batch_4/nine_circle/sample_0759/iteration_00076.png,-0.3873921927450302,-0.3899406953010814,0.640766,0.1820979511498709,True,0.640766,3.589447,1.345614,0.135628,0.444254,2,False,False,0.64013671875,76,150,False,0.0039141934676976105,False
4,nine_circle,760,outputs/multi_batch/batch_4/nine_circle/sample_0760/iteration_00150.png,-0.4177025602339155,-0.4220190628032123,0.582891,0.2055587393083162,True,0.582891,3.135646,1.106648,0.102506,0.335733,4,False,False,0.588623046875,150,150,True,0.010811505167096896,False
4,nine_circle,762,outputs/multi_batch/batch_4/nine_circle/sample_0762/iteration_00150.png,-0.3126623443638346,-0.312662344364091,0.563891,0.6182401503940202,True,0.584907,3.537627,1.636635,0.201056,0.456499,4,False,False,0.5673828125,150,150,True,0.001847641385252363,False
4,nine_circle,765,outputs/multi_batch/batch_4/nine_circle/sample_0765/iteration_00150.png,-0.3449752675752802,-0.3360264609473164,0.513181,0.5673229767864533,True,0.513181,4.310811,1.631147,0.121591,0.430536,2,False,False,0.513427734375,150,150,True,0.0013193371719487275,False
4,nine_circle,767,outputs/multi_batch/batch_4/nine_circle/sample_0767/iteration_00150.png,-0.3543216108969865,-0.3543216108973951,0.599573,0.4374854640167804,True,0.605584,3.09894,1.665733,0.156797,0.406282,2,False,False,0.611572265625,150,150,True,0.010400932864288035,False
4,small_square_cross,864,outputs/multi_batch/batch_4/small_square_cross/sample_0864/iteration_00150.png,-0.2822746240212669,-0.2803980456627099,0.61596,0.8178448575965424,True,0.615959,4.151846,1.299925,0.113742,0.432808,2,False,False,0.624267578125,150,150,True,0.025936600947800228,False
4,small_square_cross,865,outputs/multi_batch/batch_4/small_square_cross/sample_0865/iteration_00150.png,-0.1328061494223439,-0.1505788400514567,0.525589,0.8096179486292214,True,0.525588,3.503405,1.645894,0.119732,0.281103,1,True,False,0.5244140625,150,150,True,0.17902371131904762,True
4,small_square_cross,871,outputs/multi_batch/batch_4/small_square_cross/sample_0871/iteration_00150.png,-0.210255895219395,-0.2189762161062804,0.548428,0.9931657020540714,True,0.552014,3.384662,1.330265,0.080592,0.384145,2,False,False,0.551513671875,150,150,True,0.08118117677277505,False
4,small_square_cross,872,outputs/multi_batch/batch_4/small_square_cross/sample_0872/iteration_00150.png,-0.4175088641596225,-0.3721243849393957,0.494474,0.6137345121051969,True,0.494474,3.922338,1.305215,0.10289,0.351449,2,False,False,0.49755859375,150,150,True,0.05827552803927872,False
4,small_square_cross,873,outputs/multi_batch/batch_4/small_square_cross/sample_0873/iteration_00150.png,-0.4777363668868367,-0.450079008198694,0.597078,0.5353213537611147,True,0.597077,3.725126,1.284734,0.163803,0.389342,3,False,False,0.59423828125,150,150,True,0.005792404133773076,False
4,small_square_cross,876,outputs/multi_batch/batch_4/small_square_cross/sample_0876/iteration_00150.png,0.0641647662619287,0.0669698176837207,0.506278,1.0563556198470447,True,0.507332,3.722626,1.116419,0.173887,0.339956,2,False,False,0.51123046875,150,150,True,0.012646187768866602,False
4,small_square_cross,879,outputs/multi_batch/batch_4/small_square_cross/sample_0879/iteration_00150.png,0.0740723953386942,0.074072395338733,0.616426,1.165423145962568,True,0.622528,2.945386,1.137354,0.129269,0.277454,5,False,False,0.586669921875,150,150,True,0.03426267175522541,False
4,small_square_cross,887,outputs/multi_batch/batch_4/small_square_cross/sample_0887/iteration_00150.png,-0.1051072779606825,-0.0970420402163042,0.56297,0.9927088025107464,True,0.562971,3.564647,1.470406,0.15894,0.294776,2,False,False,0.56787109375,150,150,True,0.025015398629816932,False
4,small_square_cross,890,outputs/multi_batch/batch_4/small_square_cross/sample_0890/iteration_00150.png,-0.5049790086563701,-0.5120568198772525,0.641861,0.446861799751622,True,0.641861,4.252578,1.065411,0.099929,0.284312,4,False,False,0.647216796875,150,150,True,0.0022613134670119877,False
4,small_square_cross,891,outputs/multi_batch/batch_4/small_square_cross/sample_0891/iteration_00150.png,-0.0523351510781904,-0.0523275173356111,0.605982,0.8441768285780678,True,0.605982,3.888448,1.573227,0.157452,0.460339,1,True,False,0.612548828125,150,150,True,0.2866361094857291,True
4,small_square_cross,899,outputs/multi_batch/batch_4/small_square_cross/sample_0899/iteration_00150.png,-0.3094866861680515,-0.3144426450122595,0.573222,0.6633214883201747,True,0.573222,3.984665,1.35943,0.152308,0.402791,3,False,False,0.573486328125,150,150,True,0.003843359250751386,False
4,small_square_cross,900,outputs/multi_batch/batch_4/small_square_cross/sample_0900/iteration_00150.png,-0.0588894221401076,-0.0589257092696763,0.589577,0.7825256442798045,True,0.589577,3.466835,1.535562,0.197549,0.437424,1,True,False,0.59765625,150,150,True,0.35608683878080394,True
4,small_square_cross,904,outputs/multi_batch/batch_4/small_square_cross/sample_0904/iteration_00150.png,-0.1814838695899414,-0.1658323602790544,0.497278,0.9120163191968912,True,0.497279,2.621615,1.410934,0.187392,0.446841,1,True,False,0.501953125,150,150,True,0.3634520584820902,True
4,small_square_cross,908,outputs/multi_batch/batch_4/small_square_cross/sample_0908/iteration_00150.png,0.045589020706075,0.0445006373103202,0.520057,1.0138037222926444,True,0.520057,4.040877,1.160877,0.155987,0.367543,3,False,False,0.52734375,150,150,True,0.09320862661909814,False
4,small_square_cross,909,outputs/multi_batch/batch_4/small_square_cross/sample_0909/iteration_00150.png,-0.0156089403796435,-0.0165181836342032,0.506879,0.8751291905523625,True,0.506878,3.319641,1.508985,0.078965,0.360555,1,True,False,0.5205078125,150,150,True,0.19809275330808865,True
4,small_square_cross,914,outputs/multi_batch/batch_4/small_square_cross/sample_0914/iteration_00150.png,-0.2225490252881308,-0.1758529967785533,0.600832,0.8398184726433249,True,0.600832,3.244109,1.057662,0.116672,0.348123,2,False,False,0.59912109375,150,150,True,0.032005086233175176,False
4,small_square_cross,915,outputs/multi_batch/batch_4/small_square_cross/sample_0915/iteration_00150.png,-0.3538419761238789,-0.3216382403651984,0.52134,0.6709801642671827,True,0.52134,3.12055,1.20983,0.089461,0.310222,2,False,False,0.521240234375,150,150,True,0.03237797690808233,False
4,small_square_cross,916,outputs/multi_batch/batch_4/small_square_cross/sample_0916/iteration_00150.png,-0.04432228340477,-0.0450031825087717,0.537274,0.8841798338141397,True,0.537274,3.433245,1.484655,0.107068,0.378183,1,True,False,0.546875,150,150,True,0.16997540144718498,True
4,small_square_cross,918,outputs/multi_batch/batch_4/small_square_cross/sample_0918/iteration_00150.png,-0.1879620893539716,-0.203538068423911,0.490781,0.9171123571884012,True,0.490781,4.245808,1.549857,0.07222,0.290488,1,True,False,0.503662109375,150,150,True,1.034650801908395,True
4,small_square_cross,926,outputs/multi_batch/batch_4/small_square_cross/sample_0926/iteration_00150.png,-0.400854943989428,-0.3448009589030427,0.637689,0.6266680393964104,True,0.637688,3.799567,1.389457,0.087669,0.364664,2,False,False,0.63916015625,150,150,True,0.027793835300867095,False
4,small_square_cross,936,outputs/multi_batch/batch_4/small_square_cross/sample_0936/iteration_00150.png,-0.3603213334904605,-0.3422419459247041,0.569309,0.5338727084585227,True,0.569309,2.766668,1.471206,0.162999,0.34975,3,False,False,0.577392578125,150,150,True,0.006667888835817272,False
4,small_square_cross,941,outputs/multi_batch/batch_4/small_square_cross/sample_0941/iteration_00150.png,-0.3143869530992428,-0.3421360558031953,0.621378,0.6164255311972296,True,0.645197,2.489896,1.458402,0.140193,0.406136,3,False,False,0.623046875,150,150,True,0.004688119082020678,False
4,small_square_cross,942,outputs/multi_batch/batch_4/small_square_cross/sample_0942/iteration_00150.png,-0.5150457008942227,-0.6117062369601269,0.513642,1.295232493361795,True,0.547294,4.365857,1.108778,0.204848,0.315171,10,False,False,0.52099609375,150,150,True,0.00043222272766648616,False
4,small_square_cross,943,outputs/multi_batch/batch_4/small_square_cross/sample_0943/iteration_00150.png,-0.3938323962870106,-0.4360123448568574,0.492312,0.6376728599672206,True,0.492311,4.002304,1.254527,0.075751,0.381679,2,False,False,0.49462890625,150,150,True,0.008028726905905325,False
4,small_square_cross,944,outputs/multi_batch/batch_4/small_square_cross/sample_0944/iteration_00150.png,0.0997579422524758,0.0997794943191659,0.629515,1.2929609780147235,True,0.629514,2.90357,1.172515,0.171909,0.290102,5,False,False,0.67626953125,150,150,True,0.03250495654207408,False
4,small_square_cross,945,outputs/multi_batch/batch_4/small_square_cross/sample_0945/iteration_00150.png,-0.1347605102497321,-0.1237215520019479,0.538518,0.8205534158929737,True,0.538518,3.668726,1.277257,0.153876,0.343366,1,True,False,0.541748046875,150,150,True,0.24289730801416487,True
4,small_square_cross,947,outputs/multi_batch/batch_4/small_square_cross/sample_0947/iteration_00150.png,-0.1070290041273528,-0.0930436093414189,0.514495,0.974371749662134,True,0.514494,4.330595,1.482686,0.16721,0.418363,1,True,False,0.523193359375,150,150,True,0.42499008776610064,True
4,small_square_cross,950,outputs/multi_batch/batch_4/small_square_cross/sample_0950/iteration_00150.png,0.004310848560233,0.0043074556772776,0.536515,0.9938876114698494,True,0.536514,3.747297,1.565965,0.17592,0.311996,1,True,False,0.54443359375,150,150,True,0.16140369145862069,True
4,square,962,outputs/multi_batch/batch_4/square/sample_0962/iteration_00150.png,-0.2847261592716145,-0.3161404380252104,0.544865,0.9260763772021436,True,0.544866,2.635658,1.64426,0.112255,0.364791,2,False,False,0.543701171875,150,150,True,0.038526129989335224,False
4,square,964,outputs/multi_batch/batch_4/square/sample_0964/iteration_00150.png,-0.1813839632758787,-0.1652796252833718,0.529608,0.9231047387364912,True,0.529607,3.899457,1.15205,0.089866,0.278061,1,True,False,0.537353515625,150,150,True,0.2179325961115821,True
4,square,965,outputs/multi_batch/batch_4/square/sample_0965/iteration_00150.png,-0.0760001713488549,-0.0760052296702284,0.628767,0.8281945026776596,True,0.628767,3.84741,1.570648,0.171208,0.333324,1,True,False,0.64990234375,150,150,True,0.39111254263414297,True
4,square,967,outputs/multi_batch/batch_4/square/sample_0967/iteration_00150.png,-0.450512844157266,-0.4210329173849639,0.55906,0.6884091573175011,True,0.559061,3.940377,1.603494,0.103346,0.418104,2,False,False,0.56494140625,150,150,True,0.0035458844773914103,False
4,square,969,outputs/multi_batch/batch_4/square/sample_0969/iteration_00150.png,-0.2267121764469452,-0.2403108590137467,0.582102,1.3301474359875805,True,0.607751,4.114982,1.654573,0.070653,0.413021,3,False,False,0.59716796875,150,150,True,0.17439909474918325,True
4,square,970,outputs/multi_batch/batch_4/square/sample_0970/iteration_00150.png,-0.4154579216721134,-0.369752570062123,0.525437,0.9505044908888082,True,0.525437,3.506286,1.124078,0.200329,0.393764,2,False,False,0.535400390625,150,150,True,0.029525884675282145,False
4,square,971,outputs/multi_batch/batch_4/square/sample_0971/iteration_00150.png,-0.3959336770745587,-0.333880363968854,0.49132,0.748918020219734,True,0.49132,4.062889,1.182877,0.139397,0.322203,2,False,False,0.493408203125,150,150,True,0.04972395309272918,False
4,square,974,outputs/multi_batch/batch_4/square/sample_0974/iteration_00150.png,0.023074408177695,0.0188821787106249,0.520962,1.1833371260040997,True,0.562547,3.757355,1.562638,0.100442,0.28702,3,False,False,0.519287109375,150,150,True,0.0020333806405564174,False
4,square,978,outputs/multi_batch/batch_4/square/sample_0978/iteration_00150.png,-0.3468592493823769,-0.3792293328235231,0.62102,0.85445980359367,True,0.621021,4.357119,1.480673,0.113382,0.438705,2,False,False,0.630615234375,150,150,True,0.004716270572356415,False
4,square,979,outputs/multi_batch/batch_4/square/sample_0979/iteration_00150.png,-0.5259268701955812,-0.5273865690361788,0.598214,0.6694888503352676,True,0.618114,3.463743,1.060755,0.118233,0.307837,6,False,False,0.612060546875,150,150,True,0.029128843677901223,False
4,square,981,outputs/multi_batch/batch_4/square/sample_0981/iteration_00150.png,-0.1595932471159236,-0.1597744925152225,0.575914,1.0239296607676145,True,0.5863,3.359235,1.32612,0.126569,0.325244,2,False,False,0.57177734375,150,150,True,0.014329434123410712,False
4,square,990,outputs/multi_batch/batch_4/square/sample_0990/iteration_00150.png,-0.3370487095782076,-0.3262884826931428,0.534862,1.0239969263583442,True,0.569109,3.222338,1.390542,0.097243,0.410122,2,False,False,0.541259765625,150,150,True,0.01778470886488495,False
4,square,996,outputs/multi_batch/batch_4/square/sample_0996/iteration_00150.png,-0.3747266438597726,-0.3905056076008625,0.553144,0.8886674660497204,True,0.553145,2.897663,1.348294,0.075991,0.398259,2,False,False,0.552978515625,150,150,True,0.06769805992953676,False
4,square,998,outputs/multi_batch/batch_4/square/sample_0998/iteration_00150.png,-0.0631784605933444,-0.0631295777095326,0.491987,0.942446677735412,True,0.491987,3.449908,1.61171,0.203483,0.461675,1,True,False,0.5107421875,150,150,True,0.24043219946317773,True
4,square,999,outputs/multi_batch/batch_4/square/sample_0999/iteration_00094.png,-0.485933451137171,-0.4994742179409205,0.581619,0.5077750116650198,True,0.581619,3.410373,1.095076,0.142067,0.423447,3,False,False,0.58251953125,94,150,False,0.0019195672576845845,False
4,square,1002,outputs/multi_batch/batch_4/square/sample_1002/iteration_00150.png,-0.1307275393794432,-0.1543138792718478,0.542765,0.8622120932338929,True,0.543034,4.395722,1.446134,0.157337,0.292535,1,True,False,0.55029296875,150,150,True,0.35227337644724493,True
4,square,1004,outputs/multi_batch/batch_4/square/sample_1004/iteration_00150.png,-0.3672145942078142,-0.329450394717069,0.542808,0.8238069322773552,True,0.549051,2.837739,1.236859,0.14362,0.435918,2,False,False,0.540771484375,150,150,True,0.047659514188914724,False
4,square,1005,outputs/multi_batch/batch_4/square/sample_1005/iteration_00150.png,-0.3969870894454934,-0.3997711691439481,0.506942,0.5162248599283702,True,0.506942,2.774405,1.075622,0.166453,0.399465,2,False,False,0.506103515625,150,150,True,0.021504761141911192,False
4,square,1006,outputs/multi_batch/batch_4/square/sample_1006/iteration_00150.png,-0.2629902522341392,-0.2779176856246668,0.600563,0.8291264933471773,True,0.601621,2.671636,1.684881,0.146865,0.344374,2,False,False,0.61181640625,150,150,True,0.0033467898234900194,False
4,square,1018,outputs/multi_batch/batch_4/square/sample_1018/iteration_00150.png,-0.3795259327194339,-0.3711641860260741,0.587898,0.6612933832530142,True,0.603089,2.543366,1.421707,0.068458,0.318633,5,False,False,0.592041015625,150,150,True,0.08210810331436925,False
4,square,1024,outputs/multi_batch/batch_4/square/sample_1024/iteration_00150.png,-0.4074197512847748,-0.397616916824977,0.520143,0.7656716266032223,True,0.520143,2.690314,1.331854,0.131477,0.314358,3,False,False,0.522705078125,150,150,True,0.03026110196548938,False
4,square,1025,outputs/multi_batch/batch_4/square/sample_1025/iteration_00141.png,0.2999999999999593,0.3000000000000113,0.0,1.9999999999985263,True,0.634395,3.834751,1.076858,0.069877,0.427173,0,True,True,0.0,141,150,False,0.4362235954396317,True
4,square,1029,outputs/multi_batch/batch_4/square/sample_1029/iteration_00146.png,-0.4079893651779507,-0.4366293323619113,0.505455,0.6515670579963344,True,0.505455,3.978353,1.476972,0.085358,0.432491,2,False,False,0.500732421875,146,150,False,0.016609167556545994,False
4,square,1031,outputs/multi_batch/batch_4/square/sample_1031/iteration_00150.png,-0.0643176331809373,-0.0571864704988936,0.54696,1.004445722792295,True,0.54696,4.293472,1.165433,0.14947,0.374742,1,True,False,0.541259765625,150,150,True,0.5752277968473035,True
4,square,1036,outputs/multi_batch/batch_4/square/sample_1036/iteration_00150.png,-0.4064585994627629,-0.3841175760802465,0.643066,0.6309667452181706,True,0.643066,4.237639,1.660858,0.129714,0.358269,2,False,False,0.649658203125,150,150,True,0.004626559195807478,False
4,square,1038,outputs/multi_batch/batch_4/square/sample_1038/iteration_00150.png,-0.0610463420619215,-0.060213635430897,0.496348,0.8098101165120952,True,0.496349,3.561256,1.511614,0.150313,0.462428,1,True,False,0.505615234375,150,150,True,0.2702784284921102,True
4,square,1039,outputs/multi_batch/batch_4/square/sample_1039/iteration_00150.png,-0.3750288946822847,-0.3572660698046969,0.566405,0.9297965801209156,True,0.591585,4.314436,1.187735,0.082737,0.406042,2,False,False,0.56396484375,150,150,True,0.11699673733150164,False
4,square,1041,outputs/multi_batch/batch_4/square/sample_1041/iteration_00150.png,-0.0619433048353357,-0.0626866669001722,0.538817,0.739814559804616,True,0.538817,2.533049,1.376528,0.152401,0.3486,1,True,False,0.541748046875,150,150,True,0.15158945745539973,True
4,square,1042,outputs/multi_batch/batch_4/square/sample_1042/iteration_00150.png,-0.3338027306113242,-0.3319212026831789,0.526021,1.2186771978829951,True,0.638143,4.185275,1.085347,0.133539,0.312156,3,False,False,0.531982421875,150,150,True,0.07964576882605057,False
4,square,1046,outputs/multi_batch/batch_4/square/sample_1046/iteration_00150.png,-0.0644987508824632,-0.0644953116160568,0.566471,0.7876153556644688,True,0.566472,3.732877,1.510445,0.198437,0.407106,1,True,False,0.57373046875,150,150,True,0.32332231642477377,True
4,square,1047,outputs/multi_batch/batch_4/square/sample_1047/iteration_00150.png,-0.0820960048453653,-0.0820960051774335,0.574731,0.8717756948578228,True,0.57473,3.112926,1.668763,0.205832,0.309387,1,True,False,0.576904296875,150,150,True,0.247234767558212,True
4,square,1048,outputs/multi_batch/batch_4/square/sample_1048/iteration_00150.png,-0.3552230256400245,-0.3548213152670684,0.623881,0.5254420623225025,True,0.623882,3.14915,1.130981,0.105306,0.317398,2,False,False,0.637451171875,150,150,True,0.0720147682480367,False
4,square,1049,outputs/multi_batch/batch_4/square/sample_1049/iteration_00150.png,-0.0734620970598854,-0.0734620970599334,0.602917,0.7957593124349229,True,0.616171,4.202912,1.461228,0.120606,0.288675,1,True,False,0.607666015625,150,150,True,0.1810920238655032,True
4,square,1053,outputs/multi_batch/batch_4/square/sample_1053/iteration_00150.png,-0.475879904511149,-0.4690222761558974,0.561552,1.0120725565998407,True,0.572848,4.256538,1.586155,0.078485,0.361545,4,False,False,0.560546875,150,150,True,0.06701720570796157,False
5,circle,6,outputs/multi_batch/batch_5/circle/sample_0006/iteration_00150.png,-0.4807306301894316,-0.5173169497887125,0.493166,0.4348603620352796,True,0.493166,3.103065,1.215606,0.067971,0.398859,2,False,False,0.485107421875,150,150,True,0.0008787204749660882,False
5,circle,15,outputs/multi_batch/batch_5/circle/sample_0015/iteration_00150.png,-0.3379359305345729,-0.3383775611945632,0.574021,0.9055257760435091,True,0.608199,2.718491,1.243026,0.151977,0.317386,5,False,False,0.59423828125,150,150,True,0.0006075997156668819,False
5,circle,18,outputs/multi_batch/batch_5/circle/sample_0018/iteration_00150.png,-0.4814421501705428,-0.4758906412508255,0.541485,0.4962405076652103,True,0.541486,2.787219,1.064807,0.07516,0.344475,3,False,False,0.54736328125,150,150,True,0.03882864068127484,False
5,circle,19,outputs/multi_batch/batch_5/circle/sample_0019/iteration_00124.png,-0.3853356677835569,-0.3828628814236515,0.591817,0.4706371208577236,True,0.591818,2.707095,1.053763,0.128358,0.300121,3,False,False,0.58349609375,124,150,False,0.0062695227193220555,False
5,circle,23,outputs/multi_batch/batch_5/circle/sample_0023/iteration_00150.png,-0.3691527656588611,-0.3789890617139295,0.516518,0.8832122020630111,True,0.516519,3.838257,1.253159,0.145878,0.331153,2,False,False,0.5107421875,150,150,True,0.02871280551454142,False
5,circle,26,outputs/multi_batch/batch_5/circle/sample_0026/iteration_00150.png,0.0790175353974771,0.0788883827934923,0.503106,1.106337146129568,True,0.515626,3.347764,1.393184,0.112834,0.294018,7,False,False,0.50048828125,150,150,True,7.498594013629943e-05,False
5,circle,30,outputs/multi_batch/batch_5/circle/sample_0030/iteration_00150.png,-0.2453228131892697,-0.2559260359093806,0.561542,0.7532266514845807,True,0.561542,4.045472,1.225549,0.137724,0.372026,2,False,False,0.557373046875,150,150,True,0.012313112475375778,False
5,circle,44,outputs/multi_batch/batch_5/circle/sample_0044/iteration_00150.png,-0.2649652979455982,-0.2375360195802272,0.545322,0.9369744254572276,True,0.582468,3.320101,1.121771,0.06899,0.323479,5,False,False,0.546875,150,150,True,0.009957277163230725,False
5,circle,46,outputs/multi_batch/batch_5/circle/sample_0046/iteration_00150.png,-0.3133587563255415,-0.3143092637594114,0.553507,0.911977144273262,True,0.553551,2.572026,1.330873,0.132186,0.292951,2,False,False,0.560791015625,150,150,True,0.034010934224069825,False
5,circle,47,outputs/multi_batch/batch_5/circle/sample_0047/iteration_00150.png,-0.1136076844936024,-0.1166100736335875,0.538574,0.8785038220867446,True,0.538574,3.367735,1.188992,0.153981,0.31227,1,True,False,0.53759765625,150,150,True,0.1952230341367652,True
5,circle,49,outputs/multi_batch/batch_5/circle/sample_0049/iteration_00150.png,-0.3277812760431866,-0.3281674692239441,0.53599,0.5491565146388527,True,0.53599,3.698912,1.107184,0.175167,0.35823,1,True,False,0.54931640625,150,150,True,0.1501486856493048,True
5,circle,51,outputs/multi_batch/batch_5/circle/sample_0051/iteration_00150.png,-0.3757949346187224,-0.3704251914602713,0.576107,0.6809707332301812,True,0.576108,3.086078,1.375345,0.12033,0.3496,3,False,False,0.5771484375,150,150,True,0.004643501051030503,False
5,circle,53,outputs/multi_batch/batch_5/circle/sample_0053/iteration_00150.png,-0.4684112603559958,-0.4762184858975388,0.540665,0.7026258956123532,True,0.556202,2.849794,1.076152,0.103412,0.289522,4,False,False,0.542724609375,150,150,True,0.06053002582220388,False
5,circle,68,outputs/multi_batch/batch_5/circle/sample_0068/iteration_00150.png,-0.4924222615129551,-0.4396341208089037,0.563156,1.1742566392168112,True,0.563156,3.990492,1.30469,0.072313,0.363025,2,False,False,0.569091796875,150,150,True,0.059218340636170895,False
5,circle,70,outputs/multi_batch/batch_5/circle/sample_0070/iteration_00150.png,-0.3611295360569014,-0.3592976907826468,0.496278,0.5212069307424061,True,0.496279,2.757053,1.085456,0.081528,0.285243,4,False,False,0.5146484375,150,150,True,0.0199838198796089,False
5,circle,72,outputs/multi_batch/batch_5/circle/sample_0072/iteration_00150.png,-0.2417563713215634,-0.2320392351223451,0.549613,0.8368014447742943,True,0.549613,3.457444,1.351395,0.086009,0.335232,2,False,False,0.552001953125,150,150,True,0.09251888831089522,False
5,circle,74,outputs/multi_batch/batch_5/circle/sample_0074/iteration_00150.png,-0.3577814581798441,-0.273042814563702,0.576607,0.9212568560023106,True,0.576606,3.587722,1.136636,0.095259,0.324923,2,False,False,0.58642578125,150,150,True,0.17375394171390793,True
5,circle,75,outputs/multi_batch/batch_5/circle/sample_0075/iteration_00150.png,-0.3321147685501814,-0.3145635937804871,0.61311,0.6165755153771882,True,0.61311,4.005925,1.19395,0.109501,0.372203,4,False,False,0.616943359375,150,150,True,0.07891751901236609,False
5,circle,78,outputs/multi_batch/batch_5/circle/sample_0078/iteration_00150.png,-0.4056277734399203,-0.4074253918229339,0.616315,0.4102936650220304,True,0.616314,2.478301,1.169765,0.074211,0.328192,2,False,False,0.6240234375,150,150,True,0.02432906066806446,False
5,circle,86,outputs/multi_batch/batch_5/circle/sample_0086/iteration_00150.png,-0.0017294758905785,-0.0019973257318602,0.457489,1.0457362061089663,True,0.513071,2.46229,1.315443,0.151523,0.339572,3,False,False,0.45068359375,150,150,True,0.1496652225285546,False
5,circle,87,outputs/multi_batch/batch_5/circle/sample_0087/iteration_00150.png,-0.3646957533187042,-0.3874710581714989,0.564482,0.5680381747296726,True,0.564481,2.671134,1.153945,0.084752,0.376046,2,False,False,0.560791015625,150,150,True,0.012067440254353329,False
5,circle,89,outputs/multi_batch/batch_5/circle/sample_0089/iteration_00150.png,-0.4469365274182755,-0.4515992407511176,0.566029,0.5256771482086388,True,0.566029,3.323953,1.313118,0.176498,0.383684,2,False,False,0.5595703125,150,150,True,0.009023940015018283,False
5,circle,90,outputs/multi_batch/batch_5/circle/sample_0090/iteration_00150.png,-0.0460863154575919,-0.0495120844786181,0.506714,0.8321171959342475,True,0.506713,3.46274,1.102858,0.141525,0.402858,1,True,False,0.49658203125,150,150,True,0.21613214579684642,True
5,circle_half_quarter,99,outputs/multi_batch/batch_5/circle_half_quarter/sample_0099/iteration_00150.png,-0.4486155621204976,-0.4878493554811649,0.532036,0.5507465897814502,True,0.532037,3.358038,1.426425,0.170415,0.278241,2,False,False,0.53076171875,150,150,True,0.002784082487241326,False
5,circle_half_quarter,100,outputs/multi_batch/batch_5/circle_half_quarter/sample_0100/iteration_00150.png,-0.3223392749858969,-0.3042887940737988,0.540119,0.6579379529313967,True,0.540119,2.609476,1.416105,0.111481,0.296561,2,False,False,0.549072265625,150,150,True,0.003339402024616733,False
5,circle_half_quarter,102,outputs/multi_batch/batch_5/circle_half_quarter/sample_0102/iteration_00150.png,0.0682196203311241,0.0682196203399325,0.611543,1.1460524168036124,True,0.611543,2.664979,1.183411,0.141256,0.288376,1,True,False,0.6865234375,150,150,True,0.35118289431225697,True
5,circle_half_quarter,106,outputs/multi_batch/batch_5/circle_half_quarter/sample_0106/iteration_00150.png,-0.238128061820677,-0.2381280618208232,0.547094,0.6589537535143384,True,0.578976,3.197466,1.117418,0.132229,0.346219,3,False,False,0.552978515625,150,150,True,0.006930336160893808,False
5,circle_half_quarter,108,outputs/multi_batch/batch_5/circle_half_quarter/sample_0108/iteration_00150.png,-0.2539038296038441,-0.2373861215025263,0.477537,1.048459756307706,True,0.557925,3.935047,1.122857,0.169243,0.375181,3,False,False,0.4775390625,150,150,True,0.0027931808673004044,False
5,circle_half_quarter,109,outputs/multi_batch/batch_5/circle_half_quarter/sample_0109/iteration_00150.png,0.0783899217169331,0.0783899217169632,0.610397,1.2193889934295483,True,0.610396,2.965652,1.290704,0.13663,0.33087,1,True,False,0.6650390625,150,150,True,0.39149916784022537,True
5,circle_half_quarter,113,outputs/multi_batch/batch_5/circle_half_quarter/sample_0113/iteration_00150.png,0.1030687620230191,0.1030687620230641,0.544918,1.289594903594785,True,0.544918,2.858159,1.350899,0.151186,0.335302,1,True,False,0.6220703125,150,150,True,0.20016701726197392,True
5,circle_half_quarter,117,outputs/multi_batch/batch_5/circle_half_quarter/sample_0117/iteration_00150.png,-0.186043817983194,-0.1838688730098623,0.502043,0.7737087748082205,True,0.502043,3.054699,1.092387,0.137598,0.385423,3,False,False,0.486328125,150,150,True,0.014062860828641801,False
5,circle_half_quarter,130,outputs/multi_batch/batch_5/circle_half_quarter/sample_0130/iteration_00150.png,-0.0517669842803412,-0.0517669842803727,0.431457,1.22567067856966,True,0.565866,2.539932,1.29802,0.149107,0.420208,5,False,False,0.41259765625,150,150,True,0.023115540236775044,False
5,circle_half_quarter,131,outputs/multi_batch/batch_5/circle_half_quarter/sample_0131/iteration_00150.png,0.0908428153138179,0.090842815313039,0.581614,1.3357503062192733,True,0.584189,3.776202,1.048882,0.110111,0.284046,3,False,False,0.54443359375,150,150,True,0.017687845676514248,False
5,circle_half_quarter,136,outputs/multi_batch/batch_5/circle_half_quarter/sample_0136/iteration_00150.png,0.1048096471619625,0.1048096471620013,0.586185,1.3377238302713437,True,0.608414,2.818893,1.062902,0.177594,0.341191,1,True,False,0.53173828125,150,150,True,0.3115237575095577,True
5,circle_half_quarter,138,outputs/multi_batch/batch_5/circle_half_quarter/sample_0138/iteration_00150.png,0.0421933758559386,0.0421933758559554,0.450963,1.4153154813051247,True,0.619052,3.570865,1.144276,0.147871,0.417362,1,True,False,0.3701171875,150,150,True,0.3948791319050892,True
5,circle_half_quarter,140,outputs/multi_batch/batch_5/circle_half_quarter/sample_0140/iteration_00150.png,-0.3224158251526807,-0.3224158251529339,0.567644,0.8472893027120209,True,0.614893,2.930715,1.363,0.167687,0.365384,3,False,False,0.57177734375,150,150,True,0.015581881575859286,False
5,circle_half_quarter,142,outputs/multi_batch/batch_5/circle_half_quarter/sample_0142/iteration_00150.png,0.0554693087331348,0.055469308733159,0.522216,1.3770028868942137,True,0.602303,3.854202,1.175463,0.175366,0.408122,9,False,False,0.44091796875,150,150,True,0.31653436711586963,True
5,circle_half_quarter,145,outputs/multi_batch/batch_5/circle_half_quarter/sample_0145/iteration_00150.png,0.0505354189510109,0.0505718875183219,0.575904,1.1859231512308217,True,0.594738,2.920908,1.359951,0.108188,0.32394,1,True,False,0.5537109375,150,150,True,0.26870998215597774,True
5,circle_half_quarter,147,outputs/multi_batch/batch_5/circle_half_quarter/sample_0147/iteration_00150.png,-0.212946987530558,-0.1799787743613038,0.499372,0.8774729997066464,True,0.499372,3.032586,1.251982,0.114872,0.369694,3,False,False,0.49267578125,150,150,True,0.004372081921417864,False
5,circle_half_quarter,149,outputs/multi_batch/batch_5/circle_half_quarter/sample_0149/iteration_00150.png,-0.0415025749381554,-0.0415025749381819,0.496647,1.270042277855657,True,0.5886,3.292438,1.342664,0.09461,0.420734,5,False,False,0.486572265625,150,150,True,0.00460083096640928,False
5,circle_half_quarter,150,outputs/multi_batch/batch_5/circle_half_quarter/sample_0150/iteration_00150.png,0.0564253285384875,0.0564253285385107,0.564977,1.281118872878689,True,0.583385,3.986791,1.160811,0.166748,0.381175,3,False,False,0.543701171875,150,150,True,0.44107207379540475,True
5,circle_half_quarter,153,outputs/multi_batch/batch_5/circle_half_quarter/sample_0153/iteration_00150.png,-0.1962555916867828,-0.2025128094282153,0.527479,0.8644737566303449,True,0.540639,3.234801,1.271517,0.079508,0.380669,2,False,False,0.5205078125,150,150,True,0.0025821346659172534,False
5,circle_half_quarter,156,outputs/multi_batch/batch_5/circle_half_quarter/sample_0156/iteration_00150.png,-0.1944256000914258,-0.181615231552761,0.526111,0.8743403426686418,True,0.52611,3.283644,1.108412,0.117308,0.382739,2,False,False,0.515869140625,150,150,True,0.008696486235892226,False
5,circle_half_quarter,160,outputs/multi_batch/batch_5/circle_half_quarter/sample_0160/iteration_00150.png,0.1080840097615225,0.1080840097615665,0.535394,1.480032923346322,True,0.602772,3.966093,1.074659,0.165301,0.37948,1,True,False,0.70263671875,150,150,True,0.3351957699141566,True
5,circle_half_quarter,165,outputs/multi_batch/batch_5/circle_half_quarter/sample_0165/iteration_00150.png,0.1038723026285197,0.1038723026285589,0.521065,1.4644867177738492,True,0.590659,3.703859,1.116096,0.173758,0.385955,1,True,False,0.4375,150,150,True,0.23325542890910747,True
5,circle_half_quarter,168,outputs/multi_batch/batch_5/circle_half_quarter/sample_0168/iteration_00150.png,0.1108406981849607,0.110840698224004,0.571036,1.3579401253963297,True,0.571036,3.519004,1.323534,0.163951,0.355831,1,True,False,0.659423828125,150,150,True,0.40591978459422545,True
5,circle_half_quarter,169,outputs/multi_batch/batch_5/circle_half_quarter/sample_0169/iteration_00150.png,0.0723607759637475,0.0723607759637753,0.454893,1.250455323591392,True,0.50465,3.073179,1.215095,0.159387,0.415426,1,True,False,0.39453125,150,150,True,0.23543277730339526,True
5,circle_half_quarter,174,outputs/multi_batch/batch_5/circle_half_quarter/sample_0174/iteration_00150.png,0.0864218782628401,0.0864218782628748,0.587228,1.3477958992590064,True,0.617038,3.348552,1.37606,0.156084,0.348133,1,True,False,0.7666015625,150,150,True,0.2103054207119741,True
5,circle_half_quarter,175,outputs/multi_batch/batch_5/circle_half_quarter/sample_0175/iteration_00150.png,0.1153018220670882,0.115301822067188,0.562825,1.3887952277950188,True,0.562825,3.675236,1.230145,0.171228,0.336958,1,True,False,0.613525390625,150,150,True,0.2552149737494001,True
5,circle_half_quarter,179,outputs/multi_batch/batch_5/circle_half_quarter/sample_0179/iteration_00150.png,0.0621927322125098,0.062192732212537,0.489121,1.368088102951011,True,0.553096,3.33553,1.387846,0.174978,0.418721,9,False,False,0.39453125,150,150,True,0.6442245329204762,True
5,circle_half_quarter,186,outputs/multi_batch/batch_5/circle_half_quarter/sample_0186/iteration_00150.png,0.0871419751767282,0.0871419749556231,0.510129,1.165746098499756,True,0.510129,2.680152,1.418568,0.125787,0.37245,1,True,False,0.50341796875,150,150,True,0.19778082533349958,True
5,circle_half_quarter,188,outputs/multi_batch/batch_5/circle_half_quarter/sample_0188/iteration_00150.png,0.0587063813998498,0.0587063813998749,0.50231,1.3664496013818963,True,0.592566,3.541198,1.159642,0.180831,0.413564,9,False,False,0.4052734375,150,150,True,0.3557076769808938,True
5,cross_rectangular,194,outputs/multi_batch/batch_5/cross_rectangular/sample_0194/iteration_00150.png,-0.3776794466403993,-0.3834658839307924,0.611693,0.604891099671385,True,0.611693,3.846454,1.224293,0.087388,0.415305,4,False,False,0.616455078125,150,150,True,0.001928533457153546,False
5,cross_rectangular,195,outputs/multi_batch/batch_5/cross_rectangular/sample_0195/iteration_00150.png,-0.0913703005487153,-0.0819419158270172,0.521593,0.855012067695861,True,0.521594,4.063792,1.13227,0.162497,0.28449,1,True,False,0.52880859375,150,150,True,0.3584367659879692,True
5,cross_rectangular,196,outputs/multi_batch/batch_5/cross_rectangular/sample_0196/iteration_00150.png,-0.4897829010871619,-0.4408370182557841,0.591183,0.3529182037162224,True,0.591184,3.954603,1.120931,0.161406,0.354126,2,False,False,0.5947265625,150,150,True,0.008115960120223928,False
5,cross_rectangular,200,outputs/multi_batch/batch_5/cross_rectangular/sample_0200/iteration_00150.png,-0.3611487348446791,-0.3509269893331596,0.556738,0.6525181359190594,True,0.556738,2.757283,1.368765,0.153302,0.387698,2,False,False,0.5615234375,150,150,True,0.03175054291127824,False
5,cross_rectangular,207,outputs/multi_batch/batch_5/cross_rectangular/sample_0207/iteration_00101.png,-0.3350964423524134,-0.3431640738021776,0.565845,0.7361554530793014,True,0.565845,3.263822,1.328009,0.137624,0.279897,2,False,False,0.576171875,101,150,False,0.000836262484044724,False
5,cross_rectangular,208,outputs/multi_batch/batch_5/cross_rectangular/sample_0208/iteration_00150.png,-0.408985031436343,-0.4016761054278708,0.550178,0.7746877859922515,True,0.560765,4.117021,1.370982,0.130478,0.302371,3,False,False,0.548828125,150,150,True,0.0005193962810739035,False
5,cross_rectangular,210,outputs/multi_batch/batch_5/cross_rectangular/sample_0210/iteration_00150.png,-0.350869088044087,-0.3644397036666677,0.539618,0.3613038030862083,True,0.539618,3.681702,1.062452,0.112784,0.376915,3,False,False,0.54296875,150,150,True,0.06510442073629198,False
5,cross_rectangular,212,outputs/multi_batch/batch_5/cross_rectangular/sample_0212/iteration_00150.png,0.0290459184412651,0.0354207316407351,0.479349,1.306855027270888,True,0.498741,3.490366,1.301146,0.069913,0.329754,2,False,False,0.490478515625,150,150,True,2.738727797176256,True
5,cross_rectangular,214,outputs/multi_batch/batch_5/cross_rectangular/sample_0214/iteration_00150.png,-0.3494894018356573,-0.3556326321098524,0.534975,0.4815412565090555,True,0.534974,2.484621,1.250821,0.07322,0.419697,2,False,False,0.538330078125,150,150,True,0.0018496312583116733,False
5,cross_rectangular,216,outputs/multi_batch/batch_5/cross_rectangular/sample_0216/iteration_00150.png,0.0585861826896899,0.0585861826897853,0.534567,1.131877602136295,True,0.536703,4.023125,1.065407,0.136635,0.310477,1,True,False,0.53369140625,150,150,True,0.1726785580051761,True
5,cross_rectangular,219,outputs/multi_batch/batch_5/cross_rectangular/sample_0219/iteration_00150.png,-0.3964057430302568,-0.395642286313128,0.611771,0.4435876146921705,True,0.614059,2.452979,1.197328,0.144556,0.403172,2,False,False,0.614990234375,150,150,True,0.0026809516370433785,False
5,cross_rectangular,225,outputs/multi_batch/batch_5/cross_rectangular/sample_0225/iteration_00150.png,-0.4568639647129441,-0.3881166801551033,0.566332,0.978077700025041,True,0.605356,2.607903,1.136607,0.176721,0.331931,3,False,False,0.567138671875,150,150,True,0.00034502110524670424,False
5,cross_rectangular,226,outputs/multi_batch/batch_5/cross_rectangular/sample_0226/iteration_00150.png,-0.5079722068288948,-0.5246189911302341,0.510594,0.7619528145019966,True,0.527961,3.286364,1.058662,0.178306,0.350311,3,False,False,0.505859375,150,150,True,0.009600097600005112,False
5,cross_rectangular,229,outputs/multi_batch/batch_5/cross_rectangular/sample_0229/iteration_00150.png,-0.0588649204018237,-0.0545418232258251,0.507737,0.8626572748581816,True,0.507737,3.435301,1.2601,0.115726,0.381223,1,True,False,0.51318359375,150,150,True,0.38122542711857854,True
5,cross_rectangular,230,outputs/multi_batch/batch_5/cross_rectangular/sample_0230/iteration_00150.png,-0.2289994596175379,-0.2443352604982452,0.511494,0.9224033631549966,True,0.520156,2.903981,1.173575,0.170157,0.413166,4,False,False,0.515869140625,150,150,True,9.130891327184187e-05,False
5,cross_rectangular,234,outputs/multi_batch/batch_5/cross_rectangular/sample_0234/iteration_00150.png,-0.0451696742275183,-0.0396142300089005,0.465488,1.52362706845858,True,0.531608,3.632275,1.13441,0.075389,0.293176,2,False,False,0.47265625,150,150,True,0.22789556922351137,True
5,cross_rectangular,236,outputs/multi_batch/batch_5/cross_rectangular/sample_0236/iteration_00150.png,-0.4984182345063186,-0.4390394451447151,0.580953,0.7884661561090229,True,0.580953,4.090574,1.270155,0.1569,0.314627,2,False,False,0.591064453125,150,150,True,0.0038513472197022293,False
5,cross_rectangular,238,outputs/multi_batch/batch_5/cross_rectangular/sample_0238/iteration_00150.png,-0.4690746053542549,-0.5143835948795483,0.547471,0.5761151428459151,True,0.54747,3.824504,1.377241,0.18158,0.316046,2,False,False,0.5380859375,150,150,True,0.0009363688424970063,False
5,cross_rectangular,240,outputs/multi_batch/batch_5/cross_rectangular/sample_0240/iteration_00150.png,-0.1577555950569069,-0.1377338183446213,0.541965,0.8541462014185732,True,0.542094,3.419839,1.221114,0.090425,0.356862,1,True,False,0.545654296875,150,150,True,0.3972372406924606,True
5,cross_rectangular,241,outputs/multi_batch/batch_5/cross_rectangular/sample_0241/iteration_00150.png,-0.2911345381030321,-0.2837275959885126,0.600463,0.5538012586116015,True,0.600462,3.929573,1.31073,0.132617,0.363296,2,False,False,0.61328125,150,150,True,0.024842748383722114,False
5,cross_rectangular,242,outputs/multi_batch/batch_5/cross_rectangular/sample_0242/iteration_00150.png,-0.4412912777825401,-0.4296470975570758,0.554632,0.7316249592495608,True,0.555984,2.914249,1.292077,0.119282,0.288657,3,False,False,0.55224609375,150,150,True,0.016959019229548664,False
5,cross_rectangular,243,outputs/multi_batch/batch_5/cross_rectangular/sample_0243/iteration_00150.png,-0.5325568222318361,-0.5334511561336739,0.585201,0.1912057674349067,True,0.585201,2.783873,1.056196,0.092054,0.296357,3,False,False,0.5830078125,150,150,True,0.0034451140679699495,False
5,cross_rectangular,249,outputs/multi_batch/batch_5/cross_rectangular/sample_0249/iteration_00150.png,-0.4942016224543383,-0.4958114937517749,0.523183,0.4613983932868833,True,0.523182,3.222396,1.10969,0.131433,0.405583,3,False,False,0.5244140625,150,150,True,0.005830656735606867,False
5,cross_rectangular,250,outputs/multi_batch/batch_5/cross_rectangular/sample_0250/iteration_00150.png,0.0451286137967977,0.0470783699219577,0.506082,1.1890197822118054,True,0.506082,3.022,1.341654,0.113491,0.320654,2,False,False,0.5009765625,150,150,True,1.8026524882982435,True
5,cross_rectangular,254,outputs/multi_batch/batch_5/cross_rectangular/sample_0254/iteration_00150.png,-0.404012017560638,-0.4553729528902162,0.589909,0.6770719566545974,True,0.589909,3.837598,1.102382,0.108877,0.407742,2,False,False,0.594970703125,150,150,True,0.0036659317956717996,False
5,cross_rectangular,256,outputs/multi_batch/batch_5/cross_rectangular/sample_0256/iteration_00150.png,-0.2442136304275727,-0.1926403926998139,0.525638,0.8196040766787669,True,0.525639,3.900067,1.409006,0.086416,0.404372,2,False,False,0.525634765625,150,150,True,0.014179207536197447,False
5,cross_rectangular,257,outputs/multi_batch/batch_5/cross_rectangular/sample_0257/iteration_00150.png,-0.2232668458044958,-0.2209982294009662,0.593378,0.5626858518341918,True,0.593378,2.883684,1.374366,0.140162,0.300337,3,False,False,0.59326171875,150,150,True,0.1009678039428548,False
5,cross_rectangular,267,outputs/multi_batch/batch_5/cross_rectangular/sample_0267/iteration_00150.png,-0.0769070894579916,-0.0756768165876158,0.523052,0.8565653539576361,True,0.523053,3.53987,1.419327,0.145706,0.416869,1,True,False,0.53466796875,150,150,True,0.15101314950087968,True
5,cross_rectangular,269,outputs/multi_batch/batch_5/cross_rectangular/sample_0269/iteration_00150.png,-0.3247547411174904,-0.3304293052348747,0.612842,0.5588475862097358,True,0.612843,4.082404,1.203071,0.094062,0.366232,2,False,False,0.62548828125,150,150,True,0.02308040756047003,False
5,cross_rectangular,272,outputs/multi_batch/batch_5/cross_rectangular/sample_0272/iteration_00150.png,-0.4021905226119199,-0.3919431174607202,0.579102,0.6947065173591952,True,0.579102,3.155065,1.204929,0.083659,0.386744,2,False,False,0.5771484375,150,150,True,0.015907522269593175,False
5,cross_rectangular,280,outputs/multi_batch/batch_5/cross_rectangular/sample_0280/iteration_00150.png,-0.4003013450178097,-0.4319895985605504,0.607465,0.4522230221902665,True,0.607464,3.377178,1.408731,0.092832,0.347911,2,False,False,0.606689453125,150,150,True,0.0034320391446868983,False
5,cross_rectangular,284,outputs/multi_batch/batch_5/cross_rectangular/sample_0284/iteration_00150.png,-0.4733912130789436,-0.4650269414929571,0.608481,0.432261793268746,True,0.608481,3.968229,1.280812,0.110825,0.343984,2,False,False,0.6083984375,150,150,True,0.00895862742968836,False
5,cross_rectangular,287,outputs/multi_batch/batch_5/cross_rectangular/sample_0287/iteration_00150.png,-0.362868784913846,-0.4120993280160439,0.55391,0.8874551405544834,True,0.554002,4.004697,1.147347,0.11184,0.322175,2,False,False,0.5693359375,150,150,True,0.040233186294126755,False
5,cross_rectangular,288,outputs/multi_batch/batch_5/cross_rectangular/sample_0288/iteration_00150.png,-0.3558054431590159,-0.33907935755126,0.550292,0.7002636795422804,True,0.550292,3.057555,1.272873,0.15479,0.306999,2,False,False,0.559326171875,150,150,True,0.011127798573574831,False
5,four_circle,291,outputs/multi_batch/batch_5/four_circle/sample_0291/iteration_00150.png,-0.1559908699240858,-0.1091844264609501,0.478799,1.1738473030102896,True,0.497336,3.175432,1.187149,0.145325,0.41143,4,False,False,0.478271484375,150,150,True,0.012756737352239748,False
5,four_circle,294,outputs/multi_batch/batch_5/four_circle/sample_0294/iteration_00150.png,-0.344272151557312,-0.3488480255569841,0.497201,1.046835578221998,True,0.604559,3.926864,1.297135,0.094033,0.325516,2,False,False,0.50390625,150,150,True,0.00043163696144963453,False
5,four_circle,295,outputs/multi_batch/batch_5/four_circle/sample_0295/iteration_00150.png,-0.3983964326816362,-0.3437970594890612,0.526,1.1572925266420753,True,0.580711,2.509017,1.060026,0.160742,0.40212,3,False,False,0.5419921875,150,150,True,0.010946020109661508,False
5,four_circle,297,outputs/multi_batch/batch_5/four_circle/sample_0297/iteration_00150.png,-0.0325346771302564,-0.0277423858913934,0.444428,1.581497859973354,True,0.562697,2.865948,1.07086,0.069612,0.302301,7,False,False,0.459228515625,150,150,True,1.3296966705292261,True
5,four_circle,301,outputs/multi_batch/batch_5/four_circle/sample_0301/iteration_00150.png,-0.3416357550100523,-0.3607045665067556,0.527808,1.1192550066882978,True,0.539903,2.956802,1.334383,0.166299,0.366781,4,False,False,0.527099609375,150,150,True,9.338921121146818e-05,False
5,four_circle,305,outputs/multi_batch/batch_5/four_circle/sample_0305/iteration_00118.png,-0.3496117085852424,-0.3717546239570656,0.509921,0.4913790077350627,True,0.509922,3.128502,1.081995,0.079038,0.327318,2,False,False,0.507568359375,118,150,False,6.274804194028357e-05,False
5,four_circle,306,outputs/multi_batch/batch_5/four_circle/sample_0306/iteration_00150.png,-0.3423207193843685,-0.3498879109267831,0.554108,0.6360739502703928,True,0.554108,3.561011,1.165785,0.116409,0.413187,2,False,False,0.552734375,150,150,True,0.01336897020879246,False
5,four_circle,313,outputs/multi_batch/batch_5/four_circle/sample_0313/iteration_00150.png,-0.3213339129802071,-0.3007814819749201,0.488664,1.2684568836188082,True,0.616661,2.952672,1.208889,0.096858,0.294195,2,False,False,0.4951171875,150,150,True,0.001061572608074405,False
5,four_circle,314,outputs/multi_batch/batch_5/four_circle/sample_0314/iteration_00150.png,-0.307066179103129,-0.3117528513675011,0.549965,0.8400562838839948,True,0.549965,2.662556,1.314672,0.179481,0.372928,2,False,False,0.55078125,150,150,True,0.0017525548354934705,False
5,four_circle,315,outputs/multi_batch/batch_5/four_circle/sample_0315/iteration_00150.png,-0.2101008756546349,-0.1802515751793183,0.533024,1.4557104816490885,True,0.601555,3.467618,1.278888,0.088776,0.410418,4,False,False,0.541259765625,150,150,True,0.00013738326567602868,False
5,four_circle,317,outputs/multi_batch/batch_5/four_circle/sample_0317/iteration_00150.png,-0.2816865453488552,-0.2799610828706229,0.582244,0.742317243667042,True,0.582244,4.093291,1.333704,0.115756,0.394443,2,False,False,0.590576171875,150,150,True,0.006535414063387614,False
5,four_circle,318,outputs/multi_batch/batch_5/four_circle/sample_0318/iteration_00150.png,-0.4932843511454666,-0.4530376242229175,0.494602,0.8347167142417296,True,0.494602,3.320865,1.051156,0.085767,0.346891,2,False,False,0.478271484375,150,150,True,0.002069552558484397,False
5,four_circle,320,outputs/multi_batch/batch_5/four_circle/sample_0320/iteration_00150.png,-0.4287125256609832,-0.4249796467463669,0.602883,0.3531423842498584,True,0.602882,3.569748,1.11638,0.073413,0.351532,2,False,False,0.61083984375,150,150,True,0.0015440264372671196,False
5,four_circle,325,outputs/multi_batch/batch_5/four_circle/sample_0325/iteration_00150.png,0.028432607300862,0.0278224778971039,0.518894,1.128239756902889,True,0.522642,3.83496,1.266778,0.121622,0.284942,3,False,False,0.518798828125,150,150,True,0.005624068301937913,False
5,four_circle,327,outputs/multi_batch/batch_5/four_circle/sample_0327/iteration_00150.png,0.0037975194756257,0.0077174601891415,0.500422,1.072853415114702,True,0.500422,2.564895,1.301164,0.091061,0.348506,2,False,False,0.5048828125,150,150,True,0.6851114221121755,True
5,four_circle,331,outputs/multi_batch/batch_5/four_circle/sample_0331/iteration_00150.png,0.1431564778113805,0.1431564892570566,0.609025,1.4939552255518953,True,0.609025,3.304076,1.089136,0.129402,0.356813,1,True,False,0.691162109375,150,150,True,0.36204177436599067,True
5,four_circle,332,outputs/multi_batch/batch_5/four_circle/sample_0332/iteration_00150.png,-0.2215420859650254,-0.2543397810400818,0.519248,0.8594998120634769,True,0.519248,2.61311,1.328295,0.076532,0.355019,2,False,False,0.523681640625,150,150,True,0.002235414258621263,False
5,four_circle,333,outputs/multi_batch/batch_5/four_circle/sample_0333/iteration_00150.png,-0.3683630606225349,-0.3669841450513181,0.491954,0.4400344640179908,True,0.491954,3.344439,1.075591,0.174792,0.317393,3,False,False,0.484375,150,150,True,0.02023775814632757,False
5,four_circle,334,outputs/multi_batch/batch_5/four_circle/sample_0334/iteration_00150.png,-0.1080393502754267,-0.1539868540053811,0.433564,1.179150341058081,True,0.508575,3.429536,1.08043,0.118037,0.343673,5,False,False,0.43603515625,150,150,True,0.009447180222077266,False
5,four_circle,337,outputs/multi_batch/batch_5/four_circle/sample_0337/iteration_00150.png,-0.206352926862913,-0.2032738503866397,0.492243,1.0288684383712725,True,0.493623,2.545808,1.409372,0.105015,0.369833,5,False,False,0.486328125,150,150,True,0.0006171143156057084,False
5,four_circle,338,outputs/multi_batch/batch_5/four_circle/sample_0338/iteration_00150.png,0.1072180361253267,0.10721803594537,0.544647,1.310753345794069,True,0.560057,3.785803,1.23296,0.134018,0.310967,21,False,False,0.5087890625,150,150,True,0.011530104597801528,False
5,four_circle,339,outputs/multi_batch/batch_5/four_circle/sample_0339/iteration_00136.png,-0.520087774950225,-0.523477813532252,0.566896,0.826276059734587,True,0.566897,2.936461,1.139018,0.133452,0.291216,3,False,False,0.56689453125,136,150,False,0.0008293560558974231,False
5,four_circle,342,outputs/multi_batch/batch_5/four_circle/sample_0342/iteration_00105.png,-0.3485571837924152,-0.3368882908437161,0.518384,0.6299162996670672,True,0.518384,3.855464,1.212622,0.088278,0.361859,2,False,False,0.51708984375,105,150,False,0.001266589680124711,False
5,four_circle,346,outputs/multi_batch/batch_5/four_circle/sample_0346/iteration_00150.png,-0.002805163712691,-0.002583078825498,0.404069,1.7873254598709214,True,0.501951,2.904582,1.265195,0.081267,0.359291,5,False,False,0.41259765625,150,150,True,1.3394014184062955,True
5,four_circle,347,outputs/multi_batch/batch_5/four_circle/sample_0347/iteration_00150.png,-0.3831761121138208,-0.3487145522624676,0.493735,1.0897783052223446,True,0.557283,3.396336,1.391081,0.083774,0.313634,5,False,False,0.498779296875,150,150,True,0.0,False
5,four_circle,349,outputs/multi_batch/batch_5/four_circle/sample_0349/iteration_00150.png,-0.4872468426874502,-0.5043475458447515,0.530162,0.8225473254339867,True,0.530162,3.530063,1.163956,0.105964,0.320918,2,False,False,0.53857421875,150,150,True,0.000987625988906702,False
5,four_circle,350,outputs/multi_batch/batch_5/four_circle/sample_0350/iteration_00150.png,-0.3257828497669932,-0.3506350223360568,0.517428,0.6324053233095768,True,0.517429,3.730337,1.426614,0.07108,0.419828,3,False,False,0.5166015625,150,150,True,0.0007953075630231,False
5,four_circle,354,outputs/multi_batch/batch_5/four_circle/sample_0354/iteration_00150.png,-0.5917627136579516,-0.6145947346387357,0.483599,1.6385474643769489,True,0.613207,3.742483,1.068174,0.102264,0.378545,9,False,False,0.487060546875,150,150,True,0.4806786347354222,True
5,four_circle,355,outputs/multi_batch/batch_5/four_circle/sample_0355/iteration_00150.png,-0.5177384582093434,-0.534522524006893,0.546072,0.9055432684589962,True,0.546071,4.027753,1.134675,0.108423,0.282279,5,False,False,0.5517578125,150,150,True,0.05116442181150938,False
5,four_circle,358,outputs/multi_batch/batch_5/four_circle/sample_0358/iteration_00150.png,0.1139065843815677,0.1139065843432675,0.513278,1.301005806523048,True,0.535768,2.88485,1.382292,0.146464,0.297726,3,False,False,0.4677734375,150,150,True,0.10261759027987437,False
5,four_circle,359,outputs/multi_batch/batch_5/four_circle/sample_0359/iteration_00150.png,-0.3678938466902163,-0.3781905279425499,0.512632,1.017127487670632,True,0.512632,3.959493,1.228369,0.177945,0.336203,2,False,False,0.517333984375,150,150,True,0.12284480644424409,False
5,four_circle,360,outputs/multi_batch/batch_5/four_circle/sample_0360/iteration_00140.png,-0.329365368841896,-0.3147569601609388,0.444113,1.1173357725266526,True,0.553474,2.607451,1.196061,0.089854,0.312151,3,False,False,0.4501953125,140,150,False,0.12426097989613143,False
5,four_circle,364,outputs/multi_batch/batch_5/four_circle/sample_0364/iteration_00150.png,-0.4001285397445891,-0.399093644831279,0.382817,1.2609422151102234,True,0.560528,2.522945,1.373611,0.126963,0.278357,6,False,False,0.38427734375,150,150,True,0.0011823633297746773,False
5,four_circle,365,outputs/multi_batch/batch_5/four_circle/sample_0365/iteration_00150.png,-0.4828763849312021,-0.4947813363530975,0.607239,0.5330569464753888,True,0.607239,3.702536,1.099204,0.152783,0.34945,3,False,False,0.594970703125,150,150,True,0.008805782339885843,False
5,four_circle,367,outputs/multi_batch/batch_5/four_circle/sample_0367/iteration_00150.png,-0.5720445046879841,-0.2567522345592135,0.535128,1.5599142154715742,True,0.58912,4.113675,1.096781,0.109396,0.409842,5,False,False,0.53466796875,150,150,True,0.14122072681745546,False
5,four_circle,368,outputs/multi_batch/batch_5/four_circle/sample_0368/iteration_00150.png,0.0080331100809579,0.0103975740654746,0.31738,1.6518903539024297,True,0.52566,3.770613,1.156197,0.150649,0.288465,4,False,False,0.320556640625,150,150,True,0.03566380341415681,False
5,four_circle,370,outputs/multi_batch/batch_5/four_circle/sample_0370/iteration_00099.png,-0.3289080592630929,-0.3488196615510492,0.581783,0.8444289170242932,True,0.590581,2.809578,1.388259,0.164355,0.392657,3,False,False,0.584228515625,99,150,False,0.023047750113228214,False
5,four_circle,371,outputs/multi_batch/batch_5/four_circle/sample_0371/iteration_00150.png,-0.3587660841621105,-0.3429973048482835,0.512052,0.7079499640132753,True,0.512051,3.503215,1.149954,0.077726,0.421964,2,False,False,0.50537109375,150,150,True,0.0075507520197425695,False
5,four_circle,372,outputs/multi_batch/batch_5/four_circle/sample_0372/iteration_00150.png,-0.3889335283015746,-0.3836427798793923,0.50735,0.5968143598371928,True,0.50735,2.441155,1.353176,0.142262,0.338402,3,False,False,0.515625,150,150,True,0.0051399189454561876,False
5,four_circle,373,outputs/multi_batch/batch_5/four_circle/sample_0373/iteration_00150.png,-0.3111466159075564,-0.3111466144968066,0.524552,0.5516942925077858,True,0.527219,2.689387,1.153037,0.154061,0.279849,2,False,False,0.523681640625,150,150,True,0.006105457314819914,False
5,four_circle,374,outputs/multi_batch/batch_5/four_circle/sample_0374/iteration_00150.png,-0.2585541250087803,-0.265879279786596,0.497902,1.11871429725364,True,0.543144,3.965077,1.284768,0.141934,0.30851,3,False,False,0.505126953125,150,150,True,0.011609883126143156,False
5,four_circle,375,outputs/multi_batch/batch_5/four_circle/sample_0375/iteration_00150.png,-0.2716699618280691,-0.2481784444824748,0.531427,1.1123336199758167,True,0.531426,4.078335,1.358475,0.167519,0.385728,1,True,False,0.539306640625,150,150,True,0.19555412132078917,True
5,four_circle,376,outputs/multi_batch/batch_5/four_circle/sample_0376/iteration_00150.png,-0.1721387880902009,-0.1776669056392399,0.584903,0.6863547163066288,True,0.584904,2.796974,1.338155,0.10073,0.340274,2,False,False,0.600830078125,150,150,True,0.00993347187912527,False
5,four_circle,380,outputs/multi_batch/batch_5/four_circle/sample_0380/iteration_00150.png,-0.5360325162385701,-0.6047234057608188,0.572024,0.7138851458176977,True,0.572025,2.737961,1.053528,0.124782,0.380239,2,False,False,0.570068359375,150,150,True,0.012913589573591342,False
5,four_circle,382,outputs/multi_batch/batch_5/four_circle/sample_0382/iteration_00150.png,-0.3491175591463206,-0.3960190879618889,0.501738,0.5840455997588696,True,0.501738,3.649434,1.182699,0.110831,0.387502,3,False,False,0.49853515625,150,150,True,0.0029820370826595397,False
5,grid_circular_voids,388,outputs/multi_batch/batch_5/grid_circular_voids/sample_0388/iteration_00150.png,-0.4226070607084635,-0.430003005213926,0.55076,0.2971795377137282,True,0.550761,3.25928,1.414429,0.072535,0.423293,2,False,False,0.560791015625,150,150,True,0.0006396599558232559,False
5,grid_circular_voids,391,outputs/multi_batch/batch_5/grid_circular_voids/sample_0391/iteration_00150.png,-0.4154976173061628,-0.4230397334072122,0.495925,0.3454365429721662,True,0.495925,2.682729,1.268854,0.117212,0.420251,2,False,False,0.500732421875,150,150,True,0.003421370851647916,False
5,grid_circular_voids,393,outputs/multi_batch/batch_5/grid_circular_voids/sample_0393/iteration_00150.png,-0.3655500753524137,-0.3914929681457622,0.549989,0.9044679667136962,True,0.568699,3.906289,1.425112,0.171664,0.386826,4,False,False,0.55322265625,150,150,True,0.01165944754140422,False
5,grid_circular_voids,394,outputs/multi_batch/batch_5/grid_circular_voids/sample_0394/iteration_00150.png,-0.4401887527437301,-0.4306813246613894,0.617368,0.6304163759311314,True,0.617369,4.025328,1.072615,0.110263,0.397087,3,False,False,0.625244140625,150,150,True,0.009710347440968199,False
5,grid_circular_voids,395,outputs/multi_batch/batch_5/grid_circular_voids/sample_0395/iteration_00150.png,-0.3700028807347441,-0.3706099734791162,0.603565,0.3410625008443297,True,0.603565,2.634483,1.113666,0.152435,0.291665,3,False,False,0.605224609375,150,150,True,0.000468904806799637,False
5,grid_circular_voids,398,outputs/multi_batch/batch_5/grid_circular_voids/sample_0398/iteration_00150.png,-0.392037607104681,-0.4207056128388908,0.595238,0.30236847429375,True,0.595238,2.92822,1.334554,0.167014,0.389871,2,False,False,0.597412109375,150,150,True,0.0001272066538238689,False
5,grid_circular_voids,400,outputs/multi_batch/batch_5/grid_circular_voids/sample_0400/iteration_00109.png,-0.462597930997615,-0.4614564326624126,0.58822,-0.0170852499911208,True,0.58822,2.46073,1.057578,0.103717,0.355102,2,False,False,0.5859375,109,150,False,0.006121072082432168,False
5,grid_circular_voids,402,outputs/multi_batch/batch_5/grid_circular_voids/sample_0402/iteration_00150.png,-0.4727037383558514,-0.4537352366100969,0.593176,0.0381365366551679,True,0.593175,3.203754,1.10015,0.081224,0.280474,4,False,False,0.585693359375,150,150,True,0.04212860808426496,False
5,grid_circular_voids,403,outputs/multi_batch/batch_5/grid_circular_voids/sample_0403/iteration_00142.png,-0.4606199274730408,-0.4736198720291456,0.541182,0.2628153719788675,True,0.541182,3.60607,1.331316,0.102705,0.356757,2,False,False,0.537109375,142,150,False,0.006271521016546928,False
5,grid_circular_voids,405,outputs/multi_batch/batch_5/grid_circular_voids/sample_0405/iteration_00150.png,-0.4803440332108942,-0.470387716503881,0.571716,0.1958359588389996,True,0.571716,2.70191,1.139271,0.099875,0.402706,2,False,False,0.580078125,150,150,True,0.008299571053010116,False
5,grid_circular_voids,408,outputs/multi_batch/batch_5/grid_circular_voids/sample_0408/iteration_00124.png,-0.4270950636189595,-0.4398389805613909,0.516448,0.294891741968613,True,0.516448,3.400538,1.102829,0.093396,0.35826,2,False,False,0.5126953125,124,150,False,0.0026408192978570563,False
5,grid_circular_voids,409,outputs/multi_batch/batch_5/grid_circular_voids/sample_0409/iteration_00150.png,-0.4435096771811331,-0.4401364418651439,0.559687,0.5359721889977009,True,0.559688,3.894194,1.076559,0.138162,0.348305,2,False,False,0.55859375,150,150,True,0.014441353335380672,False
5,grid_circular_voids,410,outputs/multi_batch/batch_5/grid_circular_voids/sample_0410/iteration_00150.png,-0.3597049198651419,-0.3878834725550685,0.50919,0.5058368062699337,True,0.50919,4.058715,1.354078,0.068854,0.411849,2,False,False,0.514404296875,150,150,True,0.006058161690054694,False
5,grid_circular_voids,411,outputs/multi_batch/batch_5/grid_circular_voids/sample_0411/iteration_00150.png,0.0642674609090227,0.0632956127816998,0.49191,1.206028453058222,True,0.491911,3.66873,1.066258,0.164682,0.30867,4,False,False,0.4931640625,150,150,True,0.07124043299259912,False
5,grid_circular_voids,413,outputs/multi_batch/batch_5/grid_circular_voids/sample_0413/iteration_00089.png,-0.4000469238542897,-0.4026755902980424,0.527269,0.3330310891583595,True,0.527269,3.142512,1.265125,0.145481,0.341233,2,False,False,0.530029296875,89,150,False,0.0001420938425128417,False
5,grid_circular_voids,414,outputs/multi_batch/batch_5/grid_circular_voids/sample_0414/iteration_00150.png,-0.390259297499285,-0.3902592980936943,0.608715,0.2764616603472788,True,0.610146,2.669362,1.301713,0.091739,0.413082,3,False,False,0.6103515625,150,150,True,0.005645232199996602,False
5,grid_circular_voids,416,outputs/multi_batch/batch_5/grid_circular_voids/sample_0416/iteration_00150.png,-0.4209206843955425,-0.4148929764584563,0.572979,0.4399873844413048,True,0.57298,2.552832,1.285823,0.131855,0.405278,3,False,False,0.574951171875,150,150,True,0.0007016307106606942,False
5,grid_circular_voids,418,outputs/multi_batch/batch_5/grid_circular_voids/sample_0418/iteration_00150.png,-0.3815433262091461,-0.3927755671029515,0.517976,0.3064069494707984,True,0.517975,3.275424,1.057317,0.163362,0.416796,2,False,False,0.523193359375,150,150,True,0.009326136504063486,False
5,grid_circular_voids,421,outputs/multi_batch/batch_5/grid_circular_voids/sample_0421/iteration_00150.png,-0.32537773642307,-0.3266137924546214,0.507277,0.5276969574388746,True,0.507277,2.606677,1.361244,0.159927,0.289886,2,False,False,0.51904296875,150,150,True,0.0077232427777222,False
5,grid_circular_voids,423,outputs/multi_batch/batch_5/grid_circular_voids/sample_0423/iteration_00115.png,-0.3853463639593569,-0.3983554978028092,0.521638,0.3834731122776585,True,0.521639,3.554769,1.172847,0.109684,0.377009,2,False,False,0.5302734375,115,150,False,0.0008357155322648104,False
5,grid_circular_voids,426,outputs/multi_batch/batch_5/grid_circular_voids/sample_0426/iteration_00150.png,-0.3399162755411355,-0.3667241129753379,0.598442,0.7993589167311426,True,0.598442,3.935023,1.123704,0.176698,0.315071,6,False,False,0.595458984375,150,150,True,0.011060693697664528,False
5,grid_circular_voids,427,outputs/multi_batch/batch_5/grid_circular_voids/sample_0427/iteration_00150.png,-0.4551857528357975,-0.4321445334657718,0.558266,0.3242570869878834,True,0.558266,3.676268,1.049776,0.131079,0.300144,3,False,False,0.563232421875,150,150,True,0.0753162599317159,False
5,grid_circular_voids,429,outputs/multi_batch/batch_5/grid_circular_voids/sample_0429/iteration_00150.png,-0.2778663272918899,-0.2746207487547368,0.608858,0.6418974433628409,True,0.608857,2.746017,1.420165,0.084871,0.302953,2,False,False,0.609375,150,150,True,0.05670590611742712,False
5,grid_circular_voids,431,outputs/multi_batch/batch_5/grid_circular_voids/sample_0431/iteration_00150.png,-0.3890875682143329,-0.3866009698900579,0.614025,0.3808576190911629,True,0.614025,3.870298,1.24362,0.069881,0.337041,2,False,False,0.618408203125,150,150,True,0.0011499029049134857,False
5,grid_circular_voids,432,outputs/multi_batch/batch_5/grid_circular_voids/sample_0432/iteration_00150.png,-0.3712333125921036,-0.3738861900405095,0.591135,0.5520921750716641,True,0.591134,3.088414,1.320863,0.092652,0.380882,4,False,False,0.599853515625,150,150,True,0.0003008645423212344,False
5,grid_circular_voids,433,outputs/multi_batch/batch_5/grid_circular_voids/sample_0433/iteration_00150.png,-0.3692517216853846,-0.3714860354889936,0.519536,0.4045064381693483,True,0.519536,3.857332,1.13299,0.153895,0.325021,2,False,False,0.5224609375,150,150,True,0.007289025885862887,False
5,grid_circular_voids,434,outputs/multi_batch/batch_5/grid_circular_voids/sample_0434/iteration_00150.png,-0.4397936359471477,-0.4320709567045381,0.522415,0.4425552633706906,True,0.522415,2.950825,1.292792,0.172919,0.296826,4,False,False,0.52734375,150,150,True,0.0014156714144973907,False
5,grid_circular_voids,439,outputs/multi_batch/batch_5/grid_circular_voids/sample_0439/iteration_00150.png,-0.3569003008947368,-0.3723842932701597,0.589493,0.49220962082572,True,0.589493,3.916349,1.271469,0.179015,0.405525,3,False,False,0.592529296875,150,150,True,0.00798701817338838,False
5,grid_circular_voids,440,outputs/multi_batch/batch_5/grid_circular_voids/sample_0440/iteration_00150.png,-0.4395659026583154,-0.4289982610274769,0.596755,0.3198792217151508,True,0.596755,3.625453,1.394916,0.177863,0.407416,2,False,False,0.60986328125,150,150,True,0.009634601047359762,False
5,grid_circular_voids,441,outputs/multi_batch/batch_5/grid_circular_voids/sample_0441/iteration_00133.png,-0.458048062194108,-0.4528888623977207,0.602652,0.1552573582950041,True,0.602651,2.478354,1.147734,0.088079,0.285297,2,False,False,0.6123046875,133,150,False,0.001453846688706202,False
5,grid_circular_voids,446,outputs/multi_batch/batch_5/grid_circular_voids/sample_0446/iteration_00150.png,-0.3402406202749759,-0.3377670313946357,0.531425,0.5934427026544381,True,0.531426,2.447372,1.234941,0.154792,0.415667,3,False,False,0.54345703125,150,150,True,0.02287724937650294,False
5,grid_circular_voids,447,outputs/multi_batch/batch_5/grid_circular_voids/sample_0447/iteration_00150.png,-0.4498081848044549,-0.4086631916348733,0.544141,0.3332069221934178,True,0.544141,3.505416,1.186664,0.163506,0.376335,2,False,False,0.548583984375,150,150,True,0.007170588454886034,False
5,grid_circular_voids,449,outputs/multi_batch/batch_5/grid_circular_voids/sample_0449/iteration_00150.png,-0.4161232669228951,-0.3956801350988406,0.494995,0.5302919044104034,True,0.494994,3.791144,1.404217,0.150438,0.3951,2,False,False,0.487548828125,150,150,True,0.0038555866464978703,False
5,grid_circular_voids,452,outputs/multi_batch/batch_5/grid_circular_voids/sample_0452/iteration_00150.png,-0.4225008111554041,-0.3976206318374346,0.585587,0.4097231683776993,True,0.585587,3.006009,1.409675,0.14267,0.35158,3,False,False,0.5908203125,150,150,True,0.006228585533967806,False
5,grid_circular_voids,453,outputs/multi_batch/batch_5/grid_circular_voids/sample_0453/iteration_00082.png,-0.4644640402753751,-0.4501009667487008,0.579277,0.2559772668748016,True,0.579277,3.409608,1.19053,0.138648,0.38747,2,False,False,0.581787109375,82,150,False,0.0025140847349786524,False
5,grid_circular_voids,455,outputs/multi_batch/batch_5/grid_circular_voids/sample_0455/iteration_00150.png,-0.4607334120762704,-0.4936147492148049,0.599348,0.0042078384073116,True,0.599348,3.298291,1.045875,0.11914,0.329873,2,False,False,0.5966796875,150,150,True,0.007862522498100469,False
5,grid_circular_voids,457,outputs/multi_batch/batch_5/grid_circular_voids/sample_0457/iteration_00150.png,-0.550021610128854,-0.5266389514757838,0.615783,0.2605571622860133,True,0.615784,3.191064,1.105876,0.13548,0.307093,2,False,False,0.615966796875,150,150,True,0.0007897430711618657,False
5,grid_circular_voids,459,outputs/multi_batch/batch_5/grid_circular_voids/sample_0459/iteration_00150.png,-0.4287519185320972,-0.4834671718473951,0.574185,0.3899136766685729,True,0.574184,3.837896,1.144037,0.180667,0.345888,2,False,False,0.57568359375,150,150,True,0.0208555381687519,False
5,grid_circular_voids,461,outputs/multi_batch/batch_5/grid_circular_voids/sample_0461/iteration_00150.png,-0.4137588474181142,-0.3872884978188167,0.538516,0.4112218935255672,True,0.538516,3.980178,1.161217,0.139927,0.392419,2,False,False,0.54150390625,150,150,True,0.010495958790389604,False
5,grid_circular_voids,464,outputs/multi_batch/batch_5/grid_circular_voids/sample_0464/iteration_00150.png,-0.4405214477851727,-0.4465256920978545,0.556467,0.2879964957294328,True,0.556468,3.063134,1.200289,0.173092,0.299223,2,False,False,0.56298828125,150,150,True,0.005473888748015844,False
5,grid_circular_voids,465,outputs/multi_batch/batch_5/grid_circular_voids/sample_0465/iteration_00101.png,-0.3641286235988603,-0.3496199028977848,0.497737,0.4637059789981861,True,0.497738,3.173293,1.349597,0.175173,0.307834,2,False,False,0.506103515625,101,150,False,0.0022505377579105593,False
5,grid_circular_voids,466,outputs/multi_batch/batch_5/grid_circular_voids/sample_0466/iteration_00150.png,-0.3820199055612912,-0.3775897185401245,0.499889,0.4510668135748331,True,0.499889,2.775345,1.241925,0.074988,0.383097,2,False,False,0.510986328125,150,150,True,0.0011044508979537009,False
5,grid_circular_voids,468,outputs/multi_batch/batch_5/grid_circular_voids/sample_0468/iteration_00113.png,-0.3754730943343594,-0.3982252019337246,0.525385,0.4845436941029409,True,0.525385,3.055185,1.253191,0.137131,0.420493,2,False,False,0.52880859375,113,150,False,0.0003294054828744546,False
5,grid_circular_voids,474,outputs/multi_batch/batch_5/grid_circular_voids/sample_0474/iteration_00081.png,-0.3765809695117025,-0.366554377323848,0.548295,0.365944744227217,True,0.548295,3.485131,1.4229,0.149403,0.339608,2,False,False,0.55322265625,81,150,False,0.009493068548915152,False
5,grid_circular_voids,475,outputs/multi_batch/batch_5/grid_circular_voids/sample_0475/iteration_00150.png,-0.4129779332355999,-0.4057697913446785,0.499082,0.4594722869623406,True,0.499082,2.851358,1.126646,0.113198,0.394127,4,False,False,0.506591796875,150,150,True,0.006963992608605621,False
5,grid_circular_voids,476,outputs/multi_batch/batch_5/grid_circular_voids/sample_0476/iteration_00150.png,-0.3703331541000155,-0.378148510647386,0.564244,0.3737623157185835,True,0.564245,2.580067,1.398703,0.123127,0.410099,2,False,False,0.57373046875,150,150,True,0.0018967556868367877,False
5,grid_circular_voids,479,outputs/multi_batch/batch_5/grid_circular_voids/sample_0479/iteration_00150.png,-0.4464983600215382,-0.4411953101541425,0.593648,0.0969957950789227,True,0.593649,2.650663,1.217404,0.071416,0.326726,2,False,False,0.59912109375,150,150,True,0.002562313418290313,False
5,grid_circular_voids,480,outputs/multi_batch/batch_5/grid_circular_voids/sample_0480/iteration_00085.png,-0.3940604949852023,-0.3978375907874586,0.510253,0.3633927738583761,True,0.510254,2.752984,1.309228,0.147425,0.368683,2,False,False,0.512939453125,85,150,False,0.0025558296957043218,False
5,grid_circular_voids,482,outputs/multi_batch/batch_5/grid_circular_voids/sample_0482/iteration_00150.png,-0.2977233971596464,-0.2977605422338405,0.504855,0.7558165666848327,True,0.504855,3.964428,1.183212,0.115193,0.28359,5,False,False,0.505615234375,150,150,True,0.02050208707440939,False
5,grid_circular_voids,483,outputs/multi_batch/batch_5/grid_circular_voids/sample_0483/iteration_00071.png,-0.4113218185733218,-0.4207530607147484,0.605915,0.2470395527656459,True,0.605915,2.619163,1.387621,0.166337,0.294079,2,False,False,0.61328125,71,150,False,0.03395760270714867,False
5,nine_circle,681,outputs/multi_batch/batch_5/nine_circle/sample_0681/iteration_00144.png,-0.4042106869765372,-0.3937487276294601,0.512078,0.3283805461665413,True,0.512077,2.476351,1.177598,0.076683,0.378212,2,False,False,0.515625,144,150,False,0.0005402489807733509,False
5,nine_circle,682,outputs/multi_batch/batch_5/nine_circle/sample_0682/iteration_00132.png,-0.4586846582073893,-0.4550335154201066,0.530024,0.3734057496032842,True,0.530025,3.083277,1.1406,0.175503,0.384881,2,False,False,0.544189453125,132,150,False,0.0005133637167794432,False
5,nine_circle,683,outputs/multi_batch/batch_5/nine_circle/sample_0683/iteration_00150.png,-0.4591682459744853,-0.4288571504511131,0.612064,0.3999597589097268,True,0.612063,3.749788,1.18278,0.146448,0.39653,3,False,False,0.61279296875,150,150,True,0.00269173277692616,False
5,nine_circle,684,outputs/multi_batch/batch_5/nine_circle/sample_0684/iteration_00150.png,-0.3970193213211073,-0.3967729538255913,0.570115,0.2346187412070589,True,0.570115,2.548611,1.122174,0.13418,0.308295,2,False,False,0.572509765625,150,150,True,0.0018176222505159275,False
5,nine_circle,685,outputs/multi_batch/batch_5/nine_circle/sample_0685/iteration_00150.png,-0.3404414726313721,-0.3515791953480674,0.566305,0.3750148597182501,True,0.566305,3.525396,1.193315,0.157595,0.416885,2,False,False,0.578125,150,150,True,0.004828181616786134,False
5,nine_circle,688,outputs/multi_batch/batch_5/nine_circle/sample_0688/iteration_00150.png,-0.4045072232706029,-0.4289876655448064,0.50964,0.4681761105259699,True,0.509639,2.525106,1.40976,0.166716,0.394,2,False,False,0.509765625,150,150,True,0.010817961831554066,False
5,nine_circle,689,outputs/multi_batch/batch_5/nine_circle/sample_0689/iteration_00150.png,-0.3697809904916975,-0.3699843061002443,0.521351,0.5727733056376971,True,0.521351,4.067834,1.242589,0.152135,0.311011,2,False,False,0.51708984375,150,150,True,0.0007176596202475628,False
5,nine_circle,690,outputs/multi_batch/batch_5/nine_circle/sample_0690/iteration_00130.png,-0.3686164281203475,-0.3652937765618771,0.584586,0.4128225988590236,True,0.584586,3.201978,1.383582,0.086095,0.379695,2,False,False,0.593505859375,130,150,False,0.001841266325499911,False
5,nine_circle,691,outputs/multi_batch/batch_5/nine_circle/sample_0691/iteration_00150.png,-0.4083856729682604,-0.4120325998908827,0.580378,0.3170338041795826,True,0.580378,2.94703,1.211336,0.093732,0.340908,2,False,False,0.57861328125,150,150,True,0.0011113660875309076,False
5,nine_circle,696,outputs/multi_batch/batch_5/nine_circle/sample_0696/iteration_00150.png,-0.3942002418979325,-0.3915497072466022,0.519458,0.5051606605683792,True,0.519457,3.038953,1.148733,0.109217,0.357611,3,False,False,0.508056640625,150,150,True,0.0556351357075824,False
5,nine_circle,697,outputs/multi_batch/batch_5/nine_circle/sample_0697/iteration_00131.png,-0.4700025901807431,-0.4514049880659991,0.50621,0.2764691977152395,True,0.50621,2.845801,1.202706,0.090282,0.323251,2,False,False,0.500244140625,131,150,False,0.0039936552584013294,False
5,nine_circle,699,outputs/multi_batch/batch_5/nine_circle/sample_0699/iteration_00062.png,-0.4285884154467261,-0.4278221310046565,0.607039,0.2133471425702814,True,0.607039,2.811798,1.063299,0.163859,0.355015,2,False,False,0.60546875,62,150,False,0.0006263036108033396,False
5,nine_circle,700,outputs/multi_batch/batch_5/nine_circle/sample_0700/iteration_00150.png,-0.4505223359225076,-0.4650649729494822,0.553256,0.3652638752301304,True,0.553256,3.671513,1.11552,0.153665,0.326372,2,False,False,0.55859375,150,150,True,0.0005137045638554368,False
5,nine_circle,701,outputs/multi_batch/batch_5/nine_circle/sample_0701/iteration_00112.png,-0.4284725457330925,-0.4177230027672603,0.513645,0.3259058590572987,True,0.513645,2.491454,1.408136,0.101616,0.342925,2,False,False,0.520751953125,112,150,False,0.005697367069218334,False
5,nine_circle,702,outputs/multi_batch/batch_5/nine_circle/sample_0702/iteration_00083.png,-0.3689492562136436,-0.3707673051335743,0.547941,0.4076366771391121,True,0.54794,3.472896,1.376932,0.16514,0.40363,2,False,False,0.552001953125,83,150,False,2.703006608313259e-05,False
5,nine_circle,707,outputs/multi_batch/batch_5/nine_circle/sample_0707/iteration_00110.png,-0.4946757479334895,-0.4725529231024575,0.597777,0.0014174200981376,True,0.597778,3.511997,1.073023,0.137502,0.302314,2,False,False,0.603271484375,110,150,False,0.0005688547773261435,False
5,nine_circle,712,outputs/multi_batch/batch_5/nine_circle/sample_0712/iteration_00150.png,-0.4730886375213944,-0.4657968276675276,0.619704,0.0116636739471559,True,0.619704,2.463008,1.112252,0.104989,0.299211,2,False,False,0.6181640625,150,150,True,0.0001561031918040308,False
5,nine_circle,713,outputs/multi_batch/batch_5/nine_circle/sample_0713/iteration_00150.png,-0.4555457199024547,-0.4554993803696081,0.590154,0.2072240532711781,True,0.590154,3.580892,1.118571,0.171577,0.41836,2,False,False,0.599853515625,150,150,True,0.009887739379264796,False
5,nine_circle,716,outputs/multi_batch/batch_5/nine_circle/sample_0716/iteration_00150.png,-0.4102339172224361,-0.4232058410287652,0.564396,0.4830754033296432,True,0.564396,3.941484,1.350645,0.11382,0.338699,2,False,False,0.56884765625,150,150,True,0.00046435622297509805,False
5,nine_circle,719,outputs/multi_batch/batch_5/nine_circle/sample_0719/iteration_00150.png,-0.4917222659740439,-0.4919699541626265,0.61394,0.0679655368745906,True,0.61394,2.513413,1.092221,0.073511,0.390127,2,False,False,0.61376953125,150,150,True,0.0031631045435434164,False
5,nine_circle,722,outputs/multi_batch/batch_5/nine_circle/sample_0722/iteration_00150.png,-0.3675065009249313,-0.3941142244753203,0.532054,0.5490875454540625,True,0.532054,4.086007,1.097234,0.07835,0.313281,2,False,False,0.5341796875,150,150,True,0.022022942402289056,False
5,nine_circle,727,outputs/multi_batch/batch_5/nine_circle/sample_0727/iteration_00150.png,-0.4638294483611161,-0.460182458166433,0.571485,0.1383492469802455,True,0.571485,3.346584,1.324939,0.126983,0.327586,2,False,False,0.575927734375,150,150,True,0.0012631885655396437,False
5,nine_circle,730,outputs/multi_batch/batch_5/nine_circle/sample_0730/iteration_00150.png,-0.4270368830010155,-0.4347545636365476,0.566926,0.2111489359435907,True,0.566927,2.915295,1.347522,0.067299,0.415361,2,False,False,0.576171875,150,150,True,0.003121321925427833,False
5,nine_circle,731,outputs/multi_batch/batch_5/nine_circle/sample_0731/iteration_00150.png,-0.4923361828170181,-0.4825470863888967,0.537765,0.2628666112923145,True,0.537765,3.192966,1.251934,0.075359,0.360755,2,False,False,0.536865234375,150,150,True,0.058807405434175675,False
5,nine_circle,733,outputs/multi_batch/batch_5/nine_circle/sample_0733/iteration_00150.png,-0.445615291400471,-0.4466524889506246,0.502916,0.3330256210485139,True,0.502916,2.568747,1.1082,0.079982,0.306973,2,False,False,0.51318359375,150,150,True,0.0031024161939415588,False
5,nine_circle,735,outputs/multi_batch/batch_5/nine_circle/sample_0735/iteration_00150.png,-0.2009833013133041,-0.2330177210353784,0.49838,1.5868424335547404,True,0.543296,2.756409,1.102135,0.12843,0.353122,3,False,False,0.489501953125,150,150,True,0.795127016965421,True
5,nine_circle,736,outputs/multi_batch/batch_5/nine_circle/sample_0736/iteration_00150.png,-0.2882298035511748,-0.3046614006459878,0.608658,0.7537987988241631,True,0.608957,3.366718,1.298367,0.084673,0.409397,4,False,False,0.607177734375,150,150,True,0.005564824520236244,False
5,nine_circle,737,outputs/multi_batch/batch_5/nine_circle/sample_0737/iteration_00150.png,-0.4431295511440604,-0.4071846286812237,0.595781,0.2187102533014168,True,0.59578,4.008147,1.414567,0.103771,0.419787,2,False,False,0.6044921875,150,150,True,0.001056660311309244,False
5,nine_circle,739,outputs/multi_batch/batch_5/nine_circle/sample_0739/iteration_00150.png,-0.41891743288876,-0.4309126880925866,0.56084,0.3018284415851344,True,0.56084,2.791088,1.276901,0.123869,0.30949,4,False,False,0.565673828125,150,150,True,0.00014766725042866729,False
5,nine_circle,741,outputs/multi_batch/batch_5/nine_circle/sample_0741/iteration_00150.png,-0.3265258535003578,-0.3266062181190513,0.515731,0.4258895153049148,True,0.515731,2.598487,1.162407,0.162649,0.347546,2,False,False,0.512451171875,150,150,True,0.00038157773234471647,False
5,nine_circle,743,outputs/multi_batch/batch_5/nine_circle/sample_0743/iteration_00150.png,-0.4049747541317409,-0.352418499897408,0.524365,0.4706945972453242,True,0.524364,3.728954,1.356836,0.144658,0.3661,2,False,False,0.53515625,150,150,True,0.0013594677880633976,False
5,nine_circle,745,outputs/multi_batch/batch_5/nine_circle/sample_0745/iteration_00150.png,-0.3799108705588692,-0.3842488268988253,0.576604,0.23298581422273,True,0.576603,2.744775,1.336051,0.175113,0.414009,2,False,False,0.58154296875,150,150,True,0.005482418802312862,False
5,nine_circle,750,outputs/multi_batch/batch_5/nine_circle/sample_0750/iteration_00150.png,-0.4649019577138094,-0.459284625612716,0.600324,0.0204794959795792,True,0.600324,3.077987,1.074582,0.086407,0.332317,2,False,False,0.605712890625,150,150,True,0.00373476097583542,False
5,nine_circle,752,outputs/multi_batch/batch_5/nine_circle/sample_0752/iteration_00150.png,-0.4034165925875496,-0.4064014434538546,0.527371,0.3726778843515816,True,0.527372,2.693866,1.256312,0.118873,0.331028,2,False,False,0.534912109375,150,150,True,0.0005858752884106754,False
5,nine_circle,753,outputs/multi_batch/batch_5/nine_circle/sample_0753/iteration_00150.png,-0.4017920368600096,-0.4075840722344412,0.511068,0.3844941347291541,True,0.511069,3.716766,1.388218,0.113105,0.288427,2,False,False,0.510009765625,150,150,True,0.013030003521352179,False
5,nine_circle,754,outputs/multi_batch/batch_5/nine_circle/sample_0754/iteration_00150.png,-0.3746682388550694,-0.405280573556269,0.52974,0.989981651617258,True,0.5404,3.269217,1.35749,0.151442,0.412533,7,False,False,0.540283203125,150,150,True,0.0006603753488273705,False
5,nine_circle,755,outputs/multi_batch/batch_5/nine_circle/sample_0755/iteration_00149.png,-0.4050057127619394,-0.3911747636449194,0.546286,0.3277640678393295,True,0.546286,2.894884,1.396232,0.141452,0.323951,2,False,False,0.547607421875,149,150,False,0.0021864812425516824,False
5,nine_circle,758,outputs/multi_batch/batch_5/nine_circle/sample_0758/iteration_00102.png,-0.397563802627888,-0.3935728213985746,0.534086,0.4309557221100398,True,0.534086,3.01852,1.26868,0.082209,0.393106,2,False,False,0.538818359375,102,150,False,0.0008852136223593229,False
5,nine_circle,759,outputs/multi_batch/batch_5/nine_circle/sample_0759/iteration_00150.png,-0.490108841974707,-0.4342754350312359,0.507626,0.7581222539609026,True,0.507626,3.271938,1.048516,0.180267,0.395882,3,False,False,0.511962890625,150,150,True,0.0961134834837948,False
5,nine_circle,760,outputs/multi_batch/batch_5/nine_circle/sample_0760/iteration_00150.png,-0.3454245378497327,-0.344043000590547,0.572173,0.4257821835901769,True,0.572173,2.585428,1.291272,0.132984,0.405181,2,False,False,0.57666015625,150,150,True,0.012024367997714256,False
5,nine_circle,761,outputs/multi_batch/batch_5/nine_circle/sample_0761/iteration_00150.png,-0.4450864858246196,-0.3821224132816315,0.504261,0.4087701463206763,True,0.504262,3.992474,1.06897,0.1674,0.321079,2,False,False,0.5126953125,150,150,True,0.003093269714038766,False
5,nine_circle,766,outputs/multi_batch/batch_5/nine_circle/sample_0766/iteration_00150.png,-0.4867886449079279,-0.4856538091696918,0.592793,0.2575925462517363,True,0.592793,3.417729,1.132613,0.177746,0.339264,2,False,False,0.60205078125,150,150,True,0.01772256095038757,False
5,nine_circle,768,outputs/multi_batch/batch_5/nine_circle/sample_0768/iteration_00150.png,-0.4165630214661867,-0.4175517122931474,0.532628,0.2646947528245589,True,0.532627,2.994748,1.419682,0.088134,0.332887,2,False,False,0.534423828125,150,150,True,0.0020820348100388615,False
5,nine_circle,772,outputs/multi_batch/batch_5/nine_circle/sample_0772/iteration_00116.png,-0.2865176521362581,-0.2972240370980431,0.518814,0.5046277935719682,True,0.518814,3.906191,1.298034,0.126388,0.348361,2,False,False,0.52685546875,116,150,False,0.0009841533916081198,False
5,nine_circle,773,outputs/multi_batch/batch_5/nine_circle/sample_0773/iteration_00150.png,-0.4201145941501814,-0.4212628247489675,0.536836,0.3495301886495493,True,0.536836,2.882629,1.155412,0.155339,0.336687,2,False,False,0.539794921875,150,150,True,0.0008046762370917486,False
5,nine_circle,775,outputs/multi_batch/batch_5/nine_circle/sample_0775/iteration_00150.png,-0.4097652914861451,-0.4083126482973558,0.61697,0.4768945068119714,True,0.61697,3.849666,1.271598,0.106391,0.295952,2,False,False,0.6240234375,150,150,True,0.005580310126040614,False
5,small_square_cross,874,outputs/multi_batch/batch_5/small_square_cross/sample_0874/iteration_00150.png,-0.4748770896295524,-0.421988354056062,0.573934,0.7249101337314378,True,0.602692,2.643202,1.387185,0.080525,0.334238,2,False,False,0.58154296875,150,150,True,0.0006323164102914133,False
5,small_square_cross,875,outputs/multi_batch/batch_5/small_square_cross/sample_0875/iteration_00150.png,-0.3142938946749107,-0.3399708430937359,0.5543,1.3504066518992577,True,0.593605,3.063648,1.383808,0.090336,0.372226,3,False,False,0.55615234375,150,150,True,0.005731679776585438,False
5,small_square_cross,876,outputs/multi_batch/batch_5/small_square_cross/sample_0876/iteration_00150.png,-0.4750809231328883,-0.4769942331231417,0.501296,0.5630690558082689,True,0.501295,2.498871,1.335783,0.137507,0.321809,3,False,False,0.50048828125,150,150,True,0.008179997040021678,False
5,small_square_cross,880,outputs/multi_batch/batch_5/small_square_cross/sample_0880/iteration_00150.png,-0.4342509505739582,-0.4192668986757037,0.560653,0.6739138963567669,True,0.582934,3.130752,1.407842,0.166108,0.390287,6,False,False,0.558837890625,150,150,True,0.0010633322282792659,False
5,small_square_cross,884,outputs/multi_batch/batch_5/small_square_cross/sample_0884/iteration_00150.png,-0.4635015482610333,-0.4915667114810336,0.527256,0.6254915107325202,True,0.527257,3.725593,1.410089,0.100223,0.366603,2,False,False,0.526123046875,150,150,True,0.004538010687812439,False
5,small_square_cross,885,outputs/multi_batch/batch_5/small_square_cross/sample_0885/iteration_00150.png,-0.2442298624620513,-0.2461563825305472,0.550087,1.0890558596679034,True,0.557521,3.477692,1.140395,0.08767,0.281954,5,False,False,0.547119140625,150,150,True,0.0920201941868711,False
5,small_square_cross,886,outputs/multi_batch/batch_5/small_square_cross/sample_0886/iteration_00150.png,-0.2612483358201741,-0.2823543870714791,0.563194,0.803444928986698,True,0.563195,3.818499,1.070915,0.118426,0.277518,2,False,False,0.561279296875,150,150,True,0.000640374344545417,False
5,small_square_cross,897,outputs/multi_batch/batch_5/small_square_cross/sample_0897/iteration_00150.png,-0.0648638543836412,-0.0702931873262739,0.52355,0.8920000346056121,True,0.523549,4.034595,1.394395,0.067218,0.289062,1,True,False,0.53369140625,150,150,True,0.48116417074962375,True
5,small_square_cross,901,outputs/multi_batch/batch_5/small_square_cross/sample_0901/iteration_00150.png,-0.4353828323493064,-0.5030019505640237,0.530957,0.5655419054736074,True,0.530957,3.195117,1.067086,0.123882,0.403202,2,False,False,0.526611328125,150,150,True,0.007034386490862847,False
5,small_square_cross,903,outputs/multi_batch/batch_5/small_square_cross/sample_0903/iteration_00150.png,-0.1026234521549152,-0.1098492627650473,0.513754,0.8414328002679945,True,0.513755,4.065806,1.134436,0.122784,0.343029,2,False,False,0.5166015625,150,150,True,0.12061342974926133,False
5,small_square_cross,906,outputs/multi_batch/batch_5/small_square_cross/sample_0906/iteration_00150.png,-0.2910072130307332,-0.3736214170464191,0.457922,1.627275942549572,True,0.615605,3.875644,1.160499,0.162964,0.309801,3,False,False,0.460693359375,150,150,True,0.022809481688431752,False
5,small_square_cross,907,outputs/multi_batch/batch_5/small_square_cross/sample_0907/iteration_00150.png,-0.2702021114476611,-0.2769281959065673,0.610276,0.5535571017409617,True,0.610276,3.898606,1.197139,0.076264,0.323517,3,False,False,0.619140625,150,150,True,0.012659374797747546,False
5,small_square_cross,909,outputs/multi_batch/batch_5/small_square_cross/sample_0909/iteration_00150.png,-0.259377853868932,-0.2593778538378832,0.57929,0.5638078836667723,True,0.584465,2.458635,1.207291,0.143832,0.299146,2,False,False,0.57763671875,150,150,True,0.0200156711844157,False
5,small_square_cross,911,outputs/multi_batch/batch_5/small_square_cross/sample_0911/iteration_00150.png,-0.4082723348027244,-0.4135372643358263,0.568936,0.6466399572184532,True,0.568937,3.14916,1.40078,0.172141,0.352204,2,False,False,0.57373046875,150,150,True,0.05704711831555178,False
5,small_square_cross,912,outputs/multi_batch/batch_5/small_square_cross/sample_0912/iteration_00150.png,-0.0692720226954345,-0.069341218164676,0.555141,0.764926625594931,True,0.555142,3.354477,1.190454,0.146481,0.304289,1,True,False,0.55078125,150,150,True,0.2313709920474873,True
5,small_square_cross,913,outputs/multi_batch/batch_5/small_square_cross/sample_0913/iteration_00150.png,-0.3306174131736323,-0.3306174136028044,0.592788,0.3784456453575536,True,0.619524,2.478029,1.170807,0.133602,0.285725,3,False,False,0.591796875,150,150,True,0.010205086782639558,False
5,small_square_cross,915,outputs/multi_batch/batch_5/small_square_cross/sample_0915/iteration_00150.png,-0.3420724129065726,-0.253380179680199,0.542564,1.0470273423703038,True,0.542564,3.744191,1.360629,0.126391,0.32922,2,False,False,0.541015625,150,150,True,0.0069974310520086735,False
5,small_square_cross,917,outputs/multi_batch/batch_5/small_square_cross/sample_0917/iteration_00150.png,-0.5037396281252273,-0.5083827928039719,0.566217,1.0306538936616103,True,0.572839,2.8471,1.131165,0.089644,0.399946,4,False,False,0.56103515625,150,150,True,0.08090077921030614,False
5,small_square_cross,918,outputs/multi_batch/batch_5/small_square_cross/sample_0918/iteration_00150.png,-0.3040325223359059,-0.3011809037973993,0.5865,0.6703321249875936,True,0.586501,3.328872,1.270056,0.098092,0.287089,3,False,False,0.586669921875,150,150,True,0.008263181177837977,False
5,small_square_cross,919,outputs/multi_batch/batch_5/small_square_cross/sample_0919/iteration_00150.png,-0.4006030806726657,-0.4090550515729224,0.516279,0.4838893533288995,True,0.51628,2.509838,1.149375,0.085248,0.407635,2,False,False,0.51806640625,150,150,True,0.010287971479149673,False
5,small_square_cross,924,outputs/multi_batch/batch_5/small_square_cross/sample_0924/iteration_00150.png,-0.0908719178668776,-0.0907443006799393,0.535132,0.8234316405951844,True,0.535133,3.414286,1.300004,0.156261,0.297145,1,True,False,0.54150390625,150,150,True,0.19624021506367123,True
5,small_square_cross,927,outputs/multi_batch/batch_5/small_square_cross/sample_0927/iteration_00150.png,-0.34189478084703,-0.3419072735140117,0.592988,0.4802611272113174,True,0.592987,3.026905,1.099087,0.181795,0.310894,3,False,False,0.602294921875,150,150,True,0.16598772407790044,True
5,small_square_cross,928,outputs/multi_batch/batch_5/small_square_cross/sample_0928/iteration_00150.png,-0.1998423283884345,-0.2145534737181652,0.59883,0.6944698485920207,True,0.59883,2.574615,1.25412,0.08329,0.3036,2,False,False,0.604736328125,150,150,True,0.0005923076655064801,False
5,small_square_cross,931,outputs/multi_batch/batch_5/small_square_cross/sample_0931/iteration_00150.png,-0.2587577193461428,-0.2106263516002817,0.564249,0.7200846167727526,True,0.564249,2.549844,1.321432,0.177714,0.391748,1,True,False,0.55859375,150,150,True,0.20735733967263498,True
5,small_square_cross,933,outputs/multi_batch/batch_5/small_square_cross/sample_0933/iteration_00150.png,-0.0037696042054271,-0.0038136752985493,0.504014,0.954811092590629,True,0.504015,2.943744,1.422719,0.170362,0.327099,1,True,False,0.50341796875,150,150,True,0.5768527706690343,True
5,small_square_cross,935,outputs/multi_batch/batch_5/small_square_cross/sample_0935/iteration_00150.png,-0.2488019302954427,-0.2380632644116274,0.506161,0.6418252365303684,True,0.506161,3.806755,1.243234,0.106908,0.280698,2,False,False,0.519775390625,150,150,True,0.00782837442661474,False
5,small_square_cross,937,outputs/multi_batch/batch_5/small_square_cross/sample_0937/iteration_00150.png,-0.3834939436059478,-0.392285374428441,0.604329,0.4906672031604883,True,0.604329,3.510173,1.050817,0.134749,0.364671,2,False,False,0.6083984375,150,150,True,0.0023328129099633188,False
5,small_square_cross,940,outputs/multi_batch/batch_5/small_square_cross/sample_0940/iteration_00150.png,-0.1597815051524339,-0.1571232672354044,0.5443,0.628054499986512,True,0.544301,3.569083,1.08008,0.16039,0.382287,2,False,False,0.539794921875,150,150,True,0.007923076160647044,False
5,small_square_cross,941,outputs/multi_batch/batch_5/small_square_cross/sample_0941/iteration_00150.png,-0.395219064086694,-0.3984885270793314,0.56341,0.8595516357090849,True,0.575139,3.101599,1.317549,0.162138,0.345415,3,False,False,0.5693359375,150,150,True,0.005032582747273924,False
5,small_square_cross,942,outputs/multi_batch/batch_5/small_square_cross/sample_0942/iteration_00150.png,-0.3333245497174907,-0.3126369577808611,0.607878,0.4934075614588213,True,0.607877,2.571795,1.25063,0.077709,0.353563,2,False,False,0.6181640625,150,150,True,0.003942601815300657,False
5,small_square_cross,943,outputs/multi_batch/batch_5/small_square_cross/sample_0943/iteration_00150.png,-0.4383867288152331,-0.5676166636920128,0.52041,0.8359320729431807,True,0.52041,3.97023,1.137265,0.142015,0.411845,4,False,False,0.536865234375,150,150,True,0.014337936904445873,False
5,small_square_cross,946,outputs/multi_batch/batch_5/small_square_cross/sample_0946/iteration_00150.png,0.0457079116607785,0.0505261543119355,0.521636,1.1481417862830536,True,0.539831,2.810289,1.091079,0.114096,0.350886,3,False,False,0.531005859375,150,150,True,0.06629566592084052,False
5,small_square_cross,947,outputs/multi_batch/batch_5/small_square_cross/sample_0947/iteration_00150.png,-0.4817311006338451,-0.4670398358453185,0.552567,0.4929372338651812,True,0.552567,3.667821,1.376494,0.129018,0.410543,2,False,False,0.55224609375,150,150,True,0.007001894746347416,False
5,small_square_cross,949,outputs/multi_batch/batch_5/small_square_cross/sample_0949/iteration_00150.png,-0.0618620674965378,-0.070509379529197,0.531274,0.8560288307444117,True,0.531274,4.084962,1.212236,0.108011,0.381002,1,True,False,0.544921875,150,150,True,0.1829969518000572,True
5,small_square_cross,951,outputs/multi_batch/batch_5/small_square_cross/sample_0951/iteration_00150.png,-0.1588177432688409,-0.1806633495226135,0.499969,0.9948742327464116,True,0.508411,3.123912,1.35085,0.142634,0.393378,1,True,False,0.5029296875,150,150,True,0.24093618759215693,True
5,small_square_cross,952,outputs/multi_batch/batch_5/small_square_cross/sample_0952/iteration_00150.png,-0.230948027049723,-0.2354830726905345,0.588221,0.868326878330407,True,0.58822,3.82825,1.327232,0.125074,0.369244,2,False,False,0.59423828125,150,150,True,0.07253616812737453,False
5,small_square_cross,954,outputs/multi_batch/batch_5/small_square_cross/sample_0954/iteration_00150.png,-0.4327143066503415,-0.4381559208597263,0.545199,0.4928140402623224,True,0.545198,2.764865,1.186154,0.164159,0.37922,4,False,False,0.552001953125,150,150,True,0.002908552953453628,False
5,small_square_cross,957,outputs/multi_batch/batch_5/small_square_cross/sample_0957/iteration_00150.png,-0.2304387360666185,-0.2301420573259406,0.527076,0.8006642543512623,True,0.527075,2.610008,1.271696,0.117008,0.376713,2,False,False,0.529541015625,150,150,True,0.011462780296061218,False
5,small_square_cross,961,outputs/multi_batch/batch_5/small_square_cross/sample_0961/iteration_00150.png,-0.4158287340158935,-0.4035761127855961,0.597701,0.7954612646790705,True,0.60872,2.925305,1.157246,0.096496,0.420829,2,False,False,0.607177734375,150,150,True,0.024978452546308642,False
5,small_square_cross,962,outputs/multi_batch/batch_5/small_square_cross/sample_0962/iteration_00150.png,-0.4874837996390784,-0.4925410394744661,0.567944,0.6055108659162411,True,0.567944,3.081128,1.312256,0.168978,0.40404,2,False,False,0.564208984375,150,150,True,0.0010988580368522806,False
5,small_square_cross,963,outputs/multi_batch/batch_5/small_square_cross/sample_0963/iteration_00150.png,-0.5112087963757687,-0.4979943123215853,0.60005,0.3507035372133898,True,0.60005,2.52657,1.126147,0.165646,0.387658,2,False,False,0.595703125,150,150,True,0.0007221069128075058,False
5,small_square_cross,967,outputs/multi_batch/batch_5/small_square_cross/sample_0967/iteration_00150.png,-0.0275213274380325,-0.0310067777894409,0.500048,0.941672889912434,True,0.500047,3.893519,1.176561,0.094668,0.397161,1,True,False,0.4931640625,150,150,True,1.1324819565637565,True
5,small_square_cross,968,outputs/multi_batch/batch_5/small_square_cross/sample_0968/iteration_00150.png,-0.4713108224778795,-0.4519724350098719,0.587041,0.571502986904962,True,0.587042,4.032618,1.289621,0.097878,0.301785,2,False,False,0.5986328125,150,150,True,0.0028835157852419753,False
5,small_square_cross,969,outputs/multi_batch/batch_5/small_square_cross/sample_0969/iteration_00150.png,-0.5291980578178073,-0.5532386277811576,0.606059,0.7306822644899759,True,0.611233,3.170046,1.081577,0.101654,0.384654,3,False,False,0.6064453125,150,150,True,0.012154696652518011,False
5,square,971,outputs/multi_batch/batch_5/square/sample_0971/iteration_00150.png,-0.283365262989188,-0.2612259795916561,0.548414,0.6826643246666484,True,0.560739,2.535112,1.10265,0.151667,0.397419,3,False,False,0.546630859375,150,150,True,0.0006222458152212515,False
5,square,973,outputs/multi_batch/batch_5/square/sample_0973/iteration_00150.png,-0.0286785296707056,-0.027936074229805,0.497108,0.8559778244162811,True,0.497107,3.445857,1.295773,0.177226,0.347355,1,True,False,0.48388671875,150,150,True,0.21463749386949815,True
5,square,974,outputs/multi_batch/batch_5/square/sample_0974/iteration_00150.png,-0.495350257233411,-0.4895363734881827,0.583818,0.5432713323317352,True,0.583818,3.639646,1.19696,0.103135,0.321382,3,False,False,0.595458984375,150,150,True,0.0016149270062065745,False
5,square,976,outputs/multi_batch/batch_5/square/sample_0976/iteration_00150.png,-0.7521777024670644,-0.6057687245074653,0.59279,0.8672720765815999,True,0.607184,3.212408,1.064798,0.135133,0.413336,1,True,False,0.59716796875,150,150,True,0.37804601540306015,True
5,square,977,outputs/multi_batch/batch_5/square/sample_0977/iteration_00150.png,-0.2879303253116706,-0.3341273805171032,0.524069,0.8458677780369174,True,0.52407,3.559128,1.091582,0.112358,0.334943,2,False,False,0.520751953125,150,150,True,0.007615076538602146,False
5,square,978,outputs/multi_batch/batch_5/square/sample_0978/iteration_00150.png,-0.386406717669534,-0.3857572683913087,0.605912,0.4056196653926528,True,0.605913,3.411208,1.121263,0.123527,0.332002,5,False,False,0.59814453125,150,150,True,0.0028638979046244403,False
5,square,981,outputs/multi_batch/batch_5/square/sample_0981/iteration_00150.png,0.0609328419837912,0.0619879726372915,0.475576,1.2030761707563435,True,0.532028,3.864686,1.144214,0.068774,0.364384,8,False,False,0.470947265625,150,150,True,0.0018557471278278488,False
5,square,982,outputs/multi_batch/batch_5/square/sample_0982/iteration_00150.png,-0.3407419803886181,-0.3921798799029572,0.588187,0.934656321530851,True,0.592896,3.970176,1.389975,0.120105,0.301473,1,True,False,0.6025390625,150,150,True,0.3454007818503792,True
5,square,986,outputs/multi_batch/batch_5/square/sample_0986/iteration_00150.png,-0.0334004553796965,-0.0351744930306701,0.517134,0.948155884414386,True,0.517135,3.908665,1.27431,0.178352,0.339675,1,True,False,0.526123046875,150,150,True,2.510187675957085,True
5,square,988,outputs/multi_batch/batch_5/square/sample_0988/iteration_00150.png,-0.3580267885818519,-0.3628390389711268,0.590367,0.727140339931947,True,0.616957,3.119144,1.151745,0.098939,0.356875,3,False,False,0.58935546875,150,150,True,0.0016533339939248017,False
5,square,993,outputs/multi_batch/batch_5/square/sample_0993/iteration_00150.png,-0.3962833538619594,-0.3568382250179017,0.531501,1.07097776918561,True,0.553086,3.77461,1.280286,0.160014,0.412426,2,False,False,0.532958984375,150,150,True,0.010217163902396834,False
5,square,998,outputs/multi_batch/batch_5/square/sample_0998/iteration_00150.png,-0.3234679790559259,-0.3221052006505701,0.570929,0.722310838997924,True,0.570928,3.026623,1.424019,0.086083,0.40635,2,False,False,0.576416015625,150,150,True,0.014087083078767035,False
5,square,1001,outputs/multi_batch/batch_5/square/sample_1001/iteration_00150.png,-0.4315050626409021,-0.4302562590145125,0.545517,0.4562432554343347,True,0.545516,2.554927,1.259472,0.158706,0.377785,2,False,False,0.5498046875,150,150,True,0.014685715727792602,False
5,square,1003,outputs/multi_batch/batch_5/square/sample_1003/iteration_00150.png,-0.3481405583144354,-0.3765027018623859,0.522004,0.6038232804510725,True,0.522004,3.533002,1.309776,0.111143,0.398545,2,False,False,0.520751953125,150,150,True,0.04765347869808322,False
5,square,1006,outputs/multi_batch/batch_5/square/sample_1006/iteration_00150.png,-0.3442101235819698,-0.3776586618718882,0.55561,0.7056532012723915,True,0.555609,3.346751,1.177336,0.07721,0.27894,3,False,False,0.560302734375,150,150,True,0.006137623647482482,False
5,square,1007,outputs/multi_batch/batch_5/square/sample_1007/iteration_00150.png,-0.3075270974161182,-0.3227046463094064,0.598436,0.618307925286517,True,0.598437,2.923785,1.402193,0.140536,0.316233,2,False,False,0.6044921875,150,150,True,0.0006028575447620558,False
5,square,1008,outputs/multi_batch/batch_5/square/sample_1008/iteration_00150.png,-0.0287257260485419,-0.0283027588536951,0.528881,0.9509280184874668,True,0.528881,3.830725,1.254472,0.15836,0.357437,1,True,False,0.533203125,150,150,True,0.6698169856147039,True
5,square,1010,outputs/multi_batch/batch_5/square/sample_1010/iteration_00150.png,-0.102077332022865,-0.1333742035465444,0.52506,0.8803873693137738,True,0.525059,2.756296,1.118469,0.161062,0.310523,2,False,False,0.51708984375,150,150,True,0.010990090234677187,False
5,square,1013,outputs/multi_batch/batch_5/square/sample_1013/iteration_00150.png,-0.2630043023116081,-0.2215140805248343,0.54271,1.1289761525357742,True,0.613723,3.021749,1.314401,0.117566,0.361294,2,False,False,0.538330078125,150,150,True,0.016828622593902706,False
5,square,1020,outputs/multi_batch/batch_5/square/sample_1020/iteration_00150.png,-0.4334415300352375,-0.4472831522929962,0.603626,0.7447338710626824,True,0.603626,3.691073,1.325074,0.101885,0.370138,2,False,False,0.608642578125,150,150,True,0.03792506322775679,False
5,square,1022,outputs/multi_batch/batch_5/square/sample_1022/iteration_00150.png,0.0191300718548309,0.0176805094998843,0.40936,1.694034157654133,True,0.618562,3.894068,1.105967,0.156365,0.394677,4,False,False,0.405029296875,150,150,True,0.2965982062304303,True
5,square,1028,outputs/multi_batch/batch_5/square/sample_1028/iteration_00150.png,-0.3522830457057509,-0.3801711322024459,0.506196,0.7575052442998086,True,0.506197,3.813981,1.078917,0.122141,0.422749,2,False,False,0.50830078125,150,150,True,0.002217097697512954,False
5,square,1029,outputs/multi_batch/batch_5/square/sample_1029/iteration_00150.png,-0.2967619560113411,-0.27753522515916,0.491575,0.9080089780856292,True,0.491574,3.520907,1.341897,0.094335,0.284328,2,False,False,0.4912109375,150,150,True,0.00955831326490423,False
5,square,1031,outputs/multi_batch/batch_5/square/sample_1031/iteration_00150.png,-0.1571753088070715,-0.1572415429010665,0.569789,0.6738720018930033,True,0.56979,3.570395,1.13058,0.137608,0.352167,1,True,False,0.5771484375,150,150,True,0.1577452415712729,True
5,square,1033,outputs/multi_batch/batch_5/square/sample_1033/iteration_00150.png,-0.2946728267452546,-0.2897042381242819,0.581559,0.5575447208886328,True,0.58156,3.300101,1.425358,0.144431,0.298858,2,False,False,0.58447265625,150,150,True,0.009643529219078037,False
5,square,1038,outputs/multi_batch/batch_5/square/sample_1038/iteration_00150.png,-0.2860765950612863,-0.3271414545156133,0.507592,0.9731669393225332,True,0.507591,2.587667,1.29871,0.116258,0.41129,3,False,False,0.505615234375,150,150,True,0.01331461969438109,False
5,square,1042,outputs/multi_batch/batch_5/square/sample_1042/iteration_00148.png,-0.4267978253393817,-0.4214243399853969,0.593623,0.69227199443389,True,0.593623,3.914686,1.20952,0.079483,0.375581,2,False,False,0.5908203125,148,150,False,0.0013708990875566471,False
5,square,1044,outputs/multi_batch/batch_5/square/sample_1044/iteration_00150.png,-0.3201783174604902,-0.2902976154862819,0.502064,0.7583869102821795,True,0.502064,2.657648,1.287607,0.092704,0.41798,2,False,False,0.5078125,150,150,True,0.020059589960648383,False
5,square,1046,outputs/multi_batch/batch_5/square/sample_1046/iteration_00150.png,-0.4918149059056803,-0.4947807069523839,0.537158,0.7172775106593056,True,0.537159,3.18313,1.081678,0.075672,0.338075,3,False,False,0.529052734375,150,150,True,0.013132700875561168,False
5,square,1049,outputs/multi_batch/batch_5/square/sample_1049/iteration_00150.png,-0.3717181968079481,-0.3666227369644321,0.49397,0.5942531467067007,True,0.49397,2.60717,1.114552,0.073219,0.348637,3,False,False,0.487060546875,150,150,True,0.007931854741872637,False
5,square,1052,outputs/multi_batch/batch_5/square/sample_1052/iteration_00150.png,-0.2382743111760178,-0.2525036424442204,0.498182,0.9772951573619032,True,0.498183,3.655613,1.365421,0.07838,0.320134,2,False,False,0.503173828125,150,150,True,0.012692891791839094,False
5,square,1053,outputs/multi_batch/batch_5/square/sample_1053/iteration_00150.png,0.0016494903256582,0.0016341604156939,0.539088,1.0144771204314271,True,0.539087,4.046251,1.13898,0.15152,0.345918,1,True,False,0.548095703125,150,150,True,3.9233088695454286,True
5,square,1055,outputs/multi_batch/batch_5/square/sample_1055/iteration_00150.png,-0.0752063312999885,-0.0562783303919358,0.472966,1.2579353059910705,True,0.499541,3.161533,1.067982,0.16903,0.282575,2,False,False,0.485107421875,150,150,True,0.062209916017281736,False
5,square,1059,outputs/multi_batch/batch_5/square/sample_1059/iteration_00150.png,-0.4133099230387586,-0.3930866783726358,0.53053,0.5383209575778971,True,0.530531,3.599478,1.214521,0.067205,0.285909,2,False,False,0.547607421875,150,150,True,0.02671657017387522,False
5,square,1060,outputs/multi_batch/batch_5/square/sample_1060/iteration_00150.png,-0.46796939823639,-0.4087869975827995,0.493349,0.5967997266520985,True,0.493349,3.950437,1.173769,0.084195,0.292364,2,False,False,0.498291015625,150,150,True,0.007239690022281951,False
5,square,1061,outputs/multi_batch/batch_5/square/sample_1061/iteration_00118.png,-0.4217688712701005,-0.4152983754972428,0.575739,0.6378653630540709,True,0.575739,3.437598,1.188423,0.127862,0.287018,2,False,False,0.583740234375,118,150,False,0.0008044863839496613,False
5,square,1063,outputs/multi_batch/batch_5/square/sample_1063/iteration_00150.png,-0.3936922963266669,-0.3586948389760912,0.581213,1.123925157273659,True,0.581212,3.377662,1.270179,0.173935,0.403122,2,False,False,0.586181640625,150,150,True,0.021215630363102898,False
5,square,1065,outputs/multi_batch/batch_5/square/sample_1065/iteration_00150.png,-0.1236066227117938,-0.122967234383389,0.541309,0.8113745928306015,True,0.541309,3.805431,1.255773,0.17111,0.303776,1,True,False,0.548095703125,150,150,True,0.3849566081982501,True
5,square,1066,outputs/multi_batch/batch_5/square/sample_1066/iteration_00150.png,-0.1686297848654032,-0.1245503819714509,0.492298,1.493933424683119,True,0.557729,3.705511,1.071472,0.096375,0.418957,5,False,False,0.49267578125,150,150,True,0.3874601846204279,True
6,circle,0,outputs/multi_batch/batch_6/circle/sample_0000/iteration_00140.png,-0.6489705989194355,-0.6226235166174425,0.581438,0.4370091223173175,True,0.581438,3.113331,1.071566,0.155743,0.376091,2,False,False,0.576171875,140,150,False,0.0003245973070423959,False
6,circle,2,outputs/multi_batch/batch_6/circle/sample_0002/iteration_00150.png,-0.315337311046515,-0.2426295561766104,0.529273,0.8903074949804355,True,0.529272,3.696191,1.080987,0.110334,0.339559,2,False,False,0.537841796875,150,150,True,0.02320950845258549,False
6,circle,4,outputs/multi_batch/batch_6/circle/sample_0004/iteration_00150.png,-0.0619525480542296,-0.0712106464506549,0.502472,0.8535082867820857,True,0.502472,2.739944,1.11346,0.07432,0.395193,1,True,False,0.5048828125,150,150,True,0.16425640188969748,True
6,circle,8,outputs/multi_batch/batch_6/circle/sample_0008/iteration_00150.png,-0.1783691816345257,-0.1986835459582117,0.502396,0.9035757860768294,True,0.523586,3.170345,1.118737,0.139575,0.300235,2,False,False,0.50439453125,150,150,True,0.0041115286930734915,False
6,circle,9,outputs/multi_batch/batch_6/circle/sample_0009/iteration_00150.png,-0.3976831961250329,-0.4084637605864675,0.552912,0.4897015352415195,True,0.552911,2.622776,1.328748,0.159922,0.393375,3,False,False,0.556396484375,150,150,True,0.008316177676835278,False
6,circle,11,outputs/multi_batch/batch_6/circle/sample_0011/iteration_00150.png,-0.1346606997878898,-0.1301445839468051,0.532278,1.030602486427652,True,0.532277,3.825754,1.230587,0.120138,0.304595,3,False,False,0.5302734375,150,150,True,0.06772349735188585,False
6,circle,27,outputs/multi_batch/batch_6/circle/sample_0027/iteration_00150.png,-0.4458261649147617,-0.4516774395082147,0.555781,0.5551217005721024,True,0.555781,2.817907,1.141921,0.165095,0.335144,2,False,False,0.56201171875,150,150,True,0.008371697065316208,False
6,circle,29,outputs/multi_batch/batch_6/circle/sample_0029/iteration_00150.png,-0.431621843935092,-0.4353585370563907,0.576415,0.4314899683363329,True,0.576414,3.256908,1.226198,0.161931,0.365127,2,False,False,0.57958984375,150,150,True,0.003575922860053107,False
6,circle,38,outputs/multi_batch/batch_6/circle/sample_0038/iteration_00150.png,-0.4074782430393077,-0.4313026696584395,0.578369,0.5684145967723404,True,0.57905,3.39428,1.066584,0.148868,0.314982,4,False,False,0.579345703125,150,150,True,0.010118758724732349,False
6,circle,45,outputs/multi_batch/batch_6/circle/sample_0045/iteration_00150.png,-0.3434680990012804,-0.3433157728455918,0.565137,0.4314400791923346,True,0.565137,2.526101,1.12429,0.103426,0.354844,2,False,False,0.56396484375,150,150,True,0.0016418520264907049,False
6,circle,49,outputs/multi_batch/batch_6/circle/sample_0049/iteration_00150.png,-0.3429030238776102,-0.3076199314133737,0.556978,0.7541498915296865,True,0.556978,3.72084,1.091114,0.143599,0.347062,5,False,False,0.56982421875,150,150,True,0.0027428930824935243,False
6,circle,51,outputs/multi_batch/batch_6/circle/sample_0051/iteration_00150.png,-0.4434686959254785,-0.4364330332498177,0.500669,0.6510251251368973,True,0.500669,3.408811,1.255092,0.102212,0.287855,2,False,False,0.500732421875,150,150,True,0.012207924171712495,False
6,circle,55,outputs/multi_batch/batch_6/circle/sample_0055/iteration_00150.png,-0.4819421477233685,-0.4653094026167599,0.495828,1.0804154238283812,True,0.592682,3.868625,1.054393,0.126532,0.345893,6,False,False,0.489013671875,150,150,True,0.006955885838045502,False
6,circle,57,outputs/multi_batch/batch_6/circle/sample_0057/iteration_00119.png,-0.2507482548951897,-0.2155710583724291,0.559873,0.9034368083830194,True,0.559873,3.583608,1.167711,0.126076,0.388383,2,False,False,0.55419921875,119,150,False,0.005010468014753323,False
6,circle,63,outputs/multi_batch/batch_6/circle/sample_0063/iteration_00150.png,-0.3606754001305202,-0.3595992192973457,0.544971,0.4948939308846644,True,0.544972,3.67993,1.305515,0.112379,0.349611,2,False,False,0.544189453125,150,150,True,0.008230296441699304,False
6,circle,64,outputs/multi_batch/batch_6/circle/sample_0064/iteration_00150.png,-0.4908663326906755,-0.4673412573646231,0.599935,0.4624296136467529,True,0.599934,2.556693,1.131521,0.102542,0.36158,2,False,False,0.599609375,150,150,True,0.009105048965464204,False
6,circle,66,outputs/multi_batch/batch_6/circle/sample_0066/iteration_00150.png,-0.3255140791448461,-0.3426996589129263,0.558363,0.6574420675363075,True,0.558363,3.50667,1.219031,0.081604,0.390335,2,False,False,0.564697265625,150,150,True,0.10643905832801132,False
6,circle,71,outputs/multi_batch/batch_6/circle/sample_0071/iteration_00150.png,-0.0594421425411464,-0.059442142090889,0.547938,0.8665059165880336,True,0.547937,3.335122,1.262716,0.141927,0.307246,1,True,False,0.5517578125,150,150,True,0.3200377349827085,True
6,circle,72,outputs/multi_batch/batch_6/circle/sample_0072/iteration_00150.png,-0.1331769009952149,-0.1373533972265576,0.538915,0.871162497460066,True,0.538915,3.489531,1.293938,0.160393,0.301037,2,False,False,0.5341796875,150,150,True,0.009628279374694503,False
6,circle,85,outputs/multi_batch/batch_6/circle/sample_0085/iteration_00150.png,-0.4551484576066766,-0.4377127792164267,0.502636,1.0245573021087788,True,0.502636,2.611621,1.072519,0.074974,0.331694,4,False,False,0.502685546875,150,150,True,0.01381165409315669,False
6,circle,86,outputs/multi_batch/batch_6/circle/sample_0086/iteration_00150.png,0.0498352900091139,0.0417731615141087,0.367109,1.3754953099758895,True,0.522267,3.122731,1.083846,0.07789,0.292769,4,False,False,0.364501953125,150,150,True,0.059799868750688566,False
6,circle,87,outputs/multi_batch/batch_6/circle/sample_0087/iteration_00128.png,-0.4022857170029359,-0.4092838252573842,0.51465,0.6285942410715171,True,0.51465,2.945334,1.216151,0.111509,0.339941,3,False,False,0.526123046875,128,150,False,0.0011645693886988713,False
6,circle,89,outputs/multi_batch/batch_6/circle/sample_0089/iteration_00150.png,-0.5306258728902922,-0.5334662764710698,0.564423,0.1986630242178234,True,0.564422,3.632336,1.059949,0.106599,0.348504,3,False,False,0.569580078125,150,150,True,0.006027383336422862,False
6,circle,91,outputs/multi_batch/batch_6/circle/sample_0091/iteration_00117.png,-0.3914866927484002,-0.3911241251787161,0.54225,0.3923455306689475,True,0.54225,2.574674,1.114701,0.095305,0.290453,2,False,False,0.53759765625,117,150,False,0.005257524257349194,False
6,circle,92,outputs/multi_batch/batch_6/circle/sample_0092/iteration_00150.png,-0.4880098508671847,-0.4974453925442377,0.544466,0.3874595844282638,True,0.544467,3.231465,1.203896,0.098549,0.305732,2,False,False,0.55615234375,150,150,True,0.003371960720249179,False
6,circle,93,outputs/multi_batch/batch_6/circle/sample_0093/iteration_00150.png,-0.2409641863476857,-0.2412368936830772,0.520542,0.6375884696010876,True,0.520543,3.365679,1.106023,0.150679,0.357884,3,False,False,0.519775390625,150,150,True,0.12552396683630396,False
6,circle_half_quarter,96,outputs/multi_batch/batch_6/circle_half_quarter/sample_0096/iteration_00150.png,-0.3716922222277836,-0.3591229066632346,0.573711,0.5244935972624468,True,0.582182,3.284737,1.194628,0.076631,0.298287,3,False,False,0.575439453125,150,150,True,0.0007353321037542768,False
6,circle_half_quarter,101,outputs/multi_batch/batch_6/circle_half_quarter/sample_0101/iteration_00150.png,-0.3202588683105392,-0.3620660497948555,0.525039,1.1019150596521106,True,0.525039,3.091202,1.136845,0.163198,0.303671,3,False,False,0.53515625,150,150,True,0.004388668972296713,False
6,circle_half_quarter,104,outputs/multi_batch/batch_6/circle_half_quarter/sample_0104/iteration_00150.png,0.0738250976625784,0.0738250976625698,0.588897,1.2085964758158516,True,0.588896,3.221942,1.336434,0.13835,0.367468,1,True,False,0.647216796875,150,150,True,0.40199028931423303,True
6,circle_half_quarter,110,outputs/multi_batch/batch_6/circle_half_quarter/sample_0110/iteration_00040.png,-0.2409792398604505,-0.2409792398657847,0.581075,0.5306612595120712,True,0.581074,2.736091,1.214156,0.159282,0.289696,1,True,False,0.59375,40,150,False,0.20032050945107613,True
6,circle_half_quarter,117,outputs/multi_batch/batch_6/circle_half_quarter/sample_0117/iteration_00150.png,-0.1219087621378891,-0.1211637230489076,0.511972,0.8682328984992311,True,0.511973,3.544537,1.154784,0.130957,0.387152,2,False,False,0.506591796875,150,150,True,0.02594855498677839,False
6,circle_half_quarter,124,outputs/multi_batch/batch_6/circle_half_quarter/sample_0124/iteration_00150.png,0.0488434272635763,0.0488434272635979,0.574503,1.1589707153096551,True,0.589502,3.254764,1.142428,0.079268,0.364978,1,True,False,0.520751953125,150,150,True,0.26181023073824733,True
6,circle_half_quarter,125,outputs/multi_batch/batch_6/circle_half_quarter/sample_0125/iteration_00150.png,-0.3244933195202916,-0.3158013488094493,0.507422,0.6888192258613816,True,0.507422,3.064647,1.31746,0.117719,0.359353,5,False,False,0.509033203125,150,150,True,0.0003502983220403187,False
6,circle_half_quarter,127,outputs/multi_batch/batch_6/circle_half_quarter/sample_0127/iteration_00150.png,-0.1225726189095758,-0.1225726189096527,0.541634,1.0379364466318417,True,0.573565,3.796569,1.059595,0.101392,0.402445,3,False,False,0.537109375,150,150,True,0.010200754388860521,False
6,circle_half_quarter,128,outputs/multi_batch/batch_6/circle_half_quarter/sample_0128/iteration_00150.png,-0.0847486763491325,-0.0905189382280538,0.517985,0.9708229818907474,True,0.517984,3.61392,1.072519,0.123263,0.400427,2,False,False,0.5009765625,150,150,True,0.015447505424878839,False
6,circle_half_quarter,134,outputs/multi_batch/batch_6/circle_half_quarter/sample_0134/iteration_00150.png,0.0634527510400619,0.0634527510400869,0.597069,1.1679161138067802,True,0.597069,3.624254,1.283529,0.124282,0.344225,1,True,False,0.67529296875,150,150,True,0.33709535594172946,True
6,circle_half_quarter,135,outputs/multi_batch/batch_6/circle_half_quarter/sample_0135/iteration_00150.png,0.0872086001094596,0.087208600109489,0.505662,1.3005907462199982,True,0.579967,2.518057,1.279745,0.126291,0.396845,1,True,False,0.41455078125,150,150,True,0.35165992388544143,True
6,circle_half_quarter,145,outputs/multi_batch/batch_6/circle_half_quarter/sample_0145/iteration_00150.png,0.0832970316475726,0.0832970316476021,0.599075,1.265730127702368,True,0.599074,3.299764,1.16205,0.157324,0.35122,1,True,False,0.7724609375,150,150,True,0.17865334789266574,True
6,circle_half_quarter,160,outputs/multi_batch/batch_6/circle_half_quarter/sample_0160/iteration_00150.png,0.0573101604241072,0.0573101604241221,0.510068,1.2721432780691773,True,0.556699,3.246037,1.234449,0.144323,0.37712,1,True,False,0.4814453125,150,150,True,0.4203076214535826,True
6,circle_half_quarter,162,outputs/multi_batch/batch_6/circle_half_quarter/sample_0162/iteration_00150.png,-0.1616027139671365,-0.1421792551304423,0.534381,0.9565073834688264,True,0.534382,3.531013,1.087358,0.089298,0.387891,3,False,False,0.531494140625,150,150,True,0.014136774375718553,False
6,circle_half_quarter,164,outputs/multi_batch/batch_6/circle_half_quarter/sample_0164/iteration_00150.png,0.0752093823552617,0.075209382355288,0.532338,1.2471342597414266,True,0.578741,2.687246,1.310835,0.126018,0.372403,1,True,False,0.433837890625,150,150,True,0.16218746675178206,True
6,circle_half_quarter,178,outputs/multi_batch/batch_6/circle_half_quarter/sample_0178/iteration_00150.png,0.0782021582923808,0.0782021582925299,0.555907,1.159474090299009,True,0.555906,3.685633,1.300831,0.128499,0.356176,1,True,False,0.59521484375,150,150,True,0.2030694769928303,True
6,circle_half_quarter,189,outputs/multi_batch/batch_6/circle_half_quarter/sample_0189/iteration_00150.png,-0.1742537648834677,-0.1607920269911868,0.4963,0.9501511953934224,True,0.53302,2.972195,1.111548,0.156402,0.392264,2,False,False,0.485595703125,150,150,True,0.010594818462632686,False
6,cross_rectangular,192,outputs/multi_batch/batch_6/cross_rectangular/sample_0192/iteration_00150.png,-0.3209766735123419,-0.2932441765881801,0.53428,0.8231556444362366,True,0.53428,3.856556,1.072102,0.104545,0.370513,3,False,False,0.537353515625,150,150,True,0.008558938654434356,False
6,cross_rectangular,193,outputs/multi_batch/batch_6/cross_rectangular/sample_0193/iteration_00150.png,-0.2518501775604567,-0.2404256554829032,0.55008,0.576087520619367,True,0.564129,2.689498,1.068434,0.088521,0.297022,8,False,False,0.552978515625,150,150,True,0.0007590552924338393,False
6,cross_rectangular,200,outputs/multi_batch/batch_6/cross_rectangular/sample_0200/iteration_00150.png,-0.0070133812798457,-0.0068783819719663,0.529639,1.082576022947715,True,0.52964,3.375302,1.17077,0.159966,0.341533,1,True,False,0.53955078125,150,150,True,1.012964136493991,True
6,cross_rectangular,201,outputs/multi_batch/batch_6/cross_rectangular/sample_0201/iteration_00150.png,-0.3114066647441493,-0.301188475305868,0.562862,0.9527062117650013,True,0.572617,2.581137,1.329056,0.158751,0.311332,2,False,False,0.56640625,150,150,True,0.006445087535136964,False
6,cross_rectangular,202,outputs/multi_batch/batch_6/cross_rectangular/sample_0202/iteration_00150.png,-0.4230351725027536,-0.388407047871999,0.570331,0.7229530221740037,True,0.595908,2.534146,1.14068,0.119867,0.317354,4,False,False,0.58349609375,150,150,True,6.131757314472006e-05,False
6,cross_rectangular,209,outputs/multi_batch/batch_6/cross_rectangular/sample_0209/iteration_00150.png,0.0685929813147571,0.0695492486073176,0.497486,1.095151350936029,True,0.497546,2.979437,1.144938,0.077591,0.366463,9,False,False,0.493408203125,150,150,True,0.014174957622933115,False
6,cross_rectangular,211,outputs/multi_batch/batch_6/cross_rectangular/sample_0211/iteration_00150.png,-0.4764127254989698,-0.4541776826144535,0.512517,0.7987141799496515,True,0.573864,3.725401,1.092338,0.107334,0.393525,3,False,False,0.51171875,150,150,True,0.004048706208540815,False
6,cross_rectangular,212,outputs/multi_batch/batch_6/cross_rectangular/sample_0212/iteration_00150.png,-0.0222998297832598,-0.0224846216739482,0.511493,0.8793464252274021,True,0.511494,2.666441,1.214101,0.087491,0.365046,2,False,False,0.515625,150,150,True,0.008190864200164294,False
6,cross_rectangular,214,outputs/multi_batch/batch_6/cross_rectangular/sample_0214/iteration_00150.png,-0.2007652347663135,-0.1139475818551914,0.425672,1.3566759496166974,True,0.517743,2.693337,1.058149,0.144495,0.367822,7,False,False,0.429931640625,150,150,True,1.0909433101162935,True
6,cross_rectangular,217,outputs/multi_batch/batch_6/cross_rectangular/sample_0217/iteration_00150.png,-0.3849227404305544,-0.4194128142196435,0.587393,0.8321435127577606,True,0.587392,3.605263,1.224657,0.156212,0.293384,2,False,False,0.591796875,150,150,True,0.0034277842365160556,False
6,cross_rectangular,218,outputs/multi_batch/batch_6/cross_rectangular/sample_0218/iteration_00150.png,-0.282019324644297,-0.2560500575420034,0.545384,0.7659691468904685,True,0.545384,3.15925,1.064516,0.110614,0.342772,2,False,False,0.54541015625,150,150,True,0.1627098243468683,True
6,cross_rectangular,222,outputs/multi_batch/batch_6/cross_rectangular/sample_0222/iteration_00150.png,-0.4284042181275015,-0.4201108452022546,0.565371,0.3881801284525602,True,0.565372,2.631059,1.115045,0.15764,0.298355,3,False,False,0.569091796875,150,150,True,0.01767566210492804,False
6,cross_rectangular,223,outputs/multi_batch/batch_6/cross_rectangular/sample_0223/iteration_00150.png,-0.3939043817819778,-0.3975475995665017,0.538281,0.7470793642299668,True,0.538281,3.092631,1.150587,0.08486,0.379235,2,False,False,0.55810546875,150,150,True,0.046489514676190544,False
6,cross_rectangular,231,outputs/multi_batch/batch_6/cross_rectangular/sample_0231/iteration_00150.png,-0.2666536387932431,-0.2505135904411351,0.602472,0.5235446130414668,True,0.602472,2.61046,1.152428,0.12806,0.369171,2,False,False,0.602783203125,150,150,True,0.05305277458735723,False
6,cross_rectangular,233,outputs/multi_batch/batch_6/cross_rectangular/sample_0233/iteration_00150.png,-0.4904232435233095,-0.4845711630647811,0.528245,0.5971654972662619,True,0.528245,3.398296,1.234072,0.123441,0.395231,3,False,False,0.53076171875,150,150,True,0.11342358003882574,False
6,cross_rectangular,235,outputs/multi_batch/batch_6/cross_rectangular/sample_0235/iteration_00150.png,-0.0370137140367978,-0.0365975760061795,0.515357,0.8715245041524633,True,0.515357,3.351586,1.207766,0.148883,0.351058,1,True,False,0.514892578125,150,150,True,0.29437023690096065,True
6,cross_rectangular,237,outputs/multi_batch/batch_6/cross_rectangular/sample_0237/iteration_00150.png,-0.3910499737806575,-0.3652689028216566,0.590329,0.6696219664322095,True,0.590329,2.856648,1.210503,0.100564,0.352919,2,False,False,0.590087890625,150,150,True,0.004702679289648018,False
6,cross_rectangular,238,outputs/multi_batch/batch_6/cross_rectangular/sample_0238/iteration_00150.png,-0.0747564439686309,-0.0750348817059438,0.512492,0.8188997505480176,True,0.512492,3.493578,1.263798,0.155331,0.397822,1,True,False,0.519775390625,150,150,True,0.19690636415840404,True
6,cross_rectangular,241,outputs/multi_batch/batch_6/cross_rectangular/sample_0241/iteration_00150.png,-0.1224620822027888,-0.122986607628526,0.53602,0.7711441508741288,True,0.53602,3.912042,1.0863,0.150224,0.309365,1,True,False,0.542724609375,150,150,True,0.17991829492323544,True
6,cross_rectangular,242,outputs/multi_batch/batch_6/cross_rectangular/sample_0242/iteration_00150.png,-0.2444445719453273,-0.2439169618565671,0.569049,0.9685889576668794,True,0.569048,3.530849,1.162602,0.119243,0.402711,1,True,False,0.56884765625,150,150,True,0.2013096334750665,True
6,cross_rectangular,248,outputs/multi_batch/batch_6/cross_rectangular/sample_0248/iteration_00150.png,0.0954028219458635,0.081645522016268,0.376421,1.8704066962430053,True,0.516967,3.766467,1.09912,0.078847,0.288767,6,False,False,0.3759765625,150,150,True,2.343441729556712,True
6,cross_rectangular,249,outputs/multi_batch/batch_6/cross_rectangular/sample_0249/iteration_00150.png,-0.1549680786226069,-0.1232408637728982,0.526279,0.8230420166100291,True,0.526278,3.286874,1.135577,0.146089,0.320962,1,True,False,0.531494140625,150,150,True,0.42240173457193225,True
6,cross_rectangular,252,outputs/multi_batch/batch_6/cross_rectangular/sample_0252/iteration_00150.png,-0.4750335351738768,-0.5138869591932632,0.576801,0.8602851116085681,True,0.576801,3.420254,1.12504,0.117105,0.350246,2,False,False,0.58349609375,150,150,True,0.03832468340513819,False
6,cross_rectangular,253,outputs/multi_batch/batch_6/cross_rectangular/sample_0253/iteration_00150.png,-0.4259664807964854,-0.4575865641891797,0.55535,0.5677656596828976,True,0.55535,3.089596,1.205022,0.090878,0.388201,2,False,False,0.54931640625,150,150,True,0.0013049419816234514,False
6,cross_rectangular,256,outputs/multi_batch/batch_6/cross_rectangular/sample_0256/iteration_00150.png,-0.4651649723247228,-0.4370157369539419,0.523679,0.7294563127954712,True,0.523679,3.535924,1.2437,0.105769,0.324903,2,False,False,0.5302734375,150,150,True,0.00334691515795349,False
6,cross_rectangular,257,outputs/multi_batch/batch_6/cross_rectangular/sample_0257/iteration_00150.png,-0.120769836578147,-0.1589231395506194,0.509052,1.0566137236320423,True,0.509052,3.709699,1.24014,0.093041,0.359517,1,True,False,0.516357421875,150,150,True,0.3444840625984413,True
6,cross_rectangular,260,outputs/multi_batch/batch_6/cross_rectangular/sample_0260/iteration_00150.png,-0.4822679813985542,-0.4571571627128649,0.595549,0.5395107522015031,True,0.59555,3.747977,1.159804,0.104037,0.399871,2,False,False,0.599609375,150,150,True,0.012006314416727159,False
6,cross_rectangular,262,outputs/multi_batch/batch_6/cross_rectangular/sample_0262/iteration_00150.png,-0.3168149769231336,-0.321103871684065,0.526662,0.6545766315395197,True,0.526662,3.126,1.191774,0.087175,0.281781,3,False,False,0.548095703125,150,150,True,0.007582855786872552,False
6,cross_rectangular,264,outputs/multi_batch/batch_6/cross_rectangular/sample_0264/iteration_00150.png,-0.3451738706853524,-0.3488722995331997,0.589832,0.7404420602592535,True,0.589831,3.617154,1.221783,0.11314,0.339503,3,False,False,0.59326171875,150,150,True,0.008315904486726573,False
6,cross_rectangular,265,outputs/multi_batch/batch_6/cross_rectangular/sample_0265/iteration_00150.png,-0.0589258810522442,-0.0589258811912389,0.530425,0.8076182427940575,True,0.530424,3.825195,1.095798,0.116089,0.284619,1,True,False,0.53564453125,150,150,True,0.3422950727922709,True
6,cross_rectangular,266,outputs/multi_batch/batch_6/cross_rectangular/sample_0266/iteration_00150.png,-0.1636236820939145,-0.1892998289805725,0.513876,0.8504322851185694,True,0.513876,2.963105,1.217054,0.147885,0.3063,2,False,False,0.51953125,150,150,True,0.14688169965239858,False
6,cross_rectangular,268,outputs/multi_batch/batch_6/cross_rectangular/sample_0268/iteration_00150.png,-0.3520555965095372,-0.360351674917608,0.569772,0.6908384945912168,True,0.569772,3.014385,1.265993,0.150002,0.331103,3,False,False,0.570556640625,150,150,True,0.001498080672635395,False
6,cross_rectangular,270,outputs/multi_batch/batch_6/cross_rectangular/sample_0270/iteration_00150.png,-0.1815501632743249,-0.1560541434826513,0.534433,0.811249125629721,True,0.534433,3.051759,1.087464,0.143144,0.348486,2,False,False,0.53955078125,150,150,True,0.08511563962440663,False
6,cross_rectangular,271,outputs/multi_batch/batch_6/cross_rectangular/sample_0271/iteration_00150.png,-0.4106049860604309,-0.4331962926672785,0.505788,0.6810537132390018,True,0.505787,3.306302,1.228653,0.102437,0.363611,2,False,False,0.48681640625,150,150,True,0.02239459577865314,False
6,cross_rectangular,273,outputs/multi_batch/batch_6/cross_rectangular/sample_0273/iteration_00150.png,-0.1200837111761035,-0.1197943228257976,0.54366,0.6838724817302256,True,0.54366,2.712092,1.308923,0.153595,0.3375,1,True,False,0.53955078125,150,150,True,0.2006893487063501,True
6,cross_rectangular,275,outputs/multi_batch/batch_6/cross_rectangular/sample_0275/iteration_00150.png,-0.3545778997549367,-0.3571486404384531,0.547859,0.4275307146799644,True,0.547859,2.894801,1.142787,0.108813,0.402049,3,False,False,0.547119140625,150,150,True,0.0028812546416309482,False
6,cross_rectangular,276,outputs/multi_batch/batch_6/cross_rectangular/sample_0276/iteration_00150.png,-0.3859248288996016,-0.3695049771053235,0.522639,1.0200776222514565,True,0.522639,3.067679,1.279606,0.13972,0.392444,3,False,False,0.51513671875,150,150,True,0.004415776614382725,False
6,cross_rectangular,277,outputs/multi_batch/batch_6/cross_rectangular/sample_0277/iteration_00150.png,-0.3115602453867091,-0.3257462979909118,0.519338,1.199929809357835,True,0.519338,3.666283,1.12889,0.074617,0.314492,3,False,False,0.5126953125,150,150,True,0.08308826011814387,False
6,cross_rectangular,279,outputs/multi_batch/batch_6/cross_rectangular/sample_0279/iteration_00150.png,-0.5167044354676013,-0.501135366052288,0.501454,0.6751433550174057,True,0.501454,2.730604,1.184292,0.140789,0.298983,2,False,False,0.500244140625,150,150,True,0.0018037876837608518,False
6,cross_rectangular,282,outputs/multi_batch/batch_6/cross_rectangular/sample_0282/iteration_00150.png,-0.3788152829879813,-0.3720888612155784,0.551525,0.9665106289830168,True,0.551525,3.462451,1.231751,0.114159,0.398497,4,False,False,0.5625,150,150,True,0.03846116934093878,False
6,cross_rectangular,284,outputs/multi_batch/batch_6/cross_rectangular/sample_0284/iteration_00150.png,-0.2885632583502157,-0.2573788028264261,0.510646,1.4777732919782498,True,0.563786,3.575248,1.301632,0.135517,0.283784,4,False,False,0.52294921875,150,150,True,0.2096006178739148,True
6,four_circle,285,outputs/multi_batch/batch_6/four_circle/sample_0285/iteration_00150.png,0.0377092001651043,0.0361412721119078,0.384275,1.7865482569848987,True,0.52283,3.585003,1.295391,0.076425,0.315447,9,False,False,0.3876953125,150,150,True,0.9829217792888594,True
6,four_circle,286,outputs/multi_batch/batch_6/four_circle/sample_0286/iteration_00150.png,0.0086864549272543,0.0128182280386844,0.364401,1.66191807282689,True,0.537593,3.860718,1.311859,0.140999,0.367039,2,False,False,0.370849609375,150,150,True,0.0004130524576619987,False
6,four_circle,289,outputs/multi_batch/batch_6/four_circle/sample_0289/iteration_00150.png,-0.4075574638651108,-0.4091393331746442,0.592024,0.7446847657451592,True,0.6,3.208333,1.277734,0.147064,0.385632,2,False,False,0.605224609375,150,150,True,9.300595238090954e-05,False
6,four_circle,291,outputs/multi_batch/batch_6/four_circle/sample_0291/iteration_00150.png,-0.2243817540260112,-0.2820266865284836,0.563748,0.8377787081551233,True,0.567224,3.884968,1.259242,0.089564,0.303085,2,False,False,0.573974609375,150,150,True,2.6621823683688365e-05,False
6,four_circle,296,outputs/multi_batch/batch_6/four_circle/sample_0296/iteration_00150.png,-0.4004780781662221,-0.4004781584633475,0.581215,0.6747470162705805,True,0.581216,3.846334,1.26343,0.129566,0.285041,4,False,False,0.57470703125,150,150,True,0.014730859556039434,False
6,four_circle,299,outputs/multi_batch/batch_6/four_circle/sample_0299/iteration_00150.png,-0.3276601230893681,-0.2818756994695311,0.487185,1.0358422961814555,True,0.508769,3.562083,1.05711,0.131079,0.392384,6,False,False,0.495361328125,150,150,True,0.0017205807340636378,False
6,four_circle,301,outputs/multi_batch/batch_6/four_circle/sample_0301/iteration_00150.png,-0.1706632047909858,-0.1622985567383885,0.436917,1.3574705063226389,True,0.514713,2.638777,1.069457,0.100505,0.317728,7,False,False,0.458251953125,150,150,True,0.005181573903073058,False
6,four_circle,304,outputs/multi_batch/batch_6/four_circle/sample_0304/iteration_00150.png,-0.3845731693166161,-0.3959728405480915,0.583294,0.6420476520695836,True,0.600626,3.471515,1.125918,0.150383,0.290701,3,False,False,0.5908203125,150,150,True,0.01682461263245171,False
6,four_circle,305,outputs/multi_batch/batch_6/four_circle/sample_0305/iteration_00150.png,-0.4224753460096829,-0.4275180816015416,0.516958,0.432959241658244,True,0.516958,2.557966,1.101408,0.078766,0.326398,3,False,False,0.5283203125,150,150,True,0.0001960072843863779,False
6,four_circle,306,outputs/multi_batch/batch_6/four_circle/sample_0306/iteration_00150.png,-0.3305798362277508,-0.3516056292935534,0.504714,0.8676481216133611,True,0.504714,3.418437,1.271236,0.152848,0.341019,2,False,False,0.509033203125,150,150,True,0.0011551406700448248,False
6,four_circle,308,outputs/multi_batch/batch_6/four_circle/sample_0308/iteration_00150.png,-0.0265737380904434,-0.0317956135780045,0.512799,1.2790798195729054,True,0.530892,3.665682,1.330739,0.07414,0.379092,5,False,False,0.52490234375,150,150,True,0.03052152556269475,False
6,four_circle,314,outputs/multi_batch/batch_6/four_circle/sample_0314/iteration_00121.png,-0.4212579556873476,-0.3600536307613277,0.531056,0.9126972941063336,True,0.531057,2.892062,1.110623,0.122746,0.337337,2,False,False,0.518310546875,121,150,False,0.003298489725655127,False
6,four_circle,315,outputs/multi_batch/batch_6/four_circle/sample_0315/iteration_00150.png,-0.2436400012469385,-0.2393349273263369,0.464172,1.6748537124881522,True,0.586984,3.802912,1.187464,0.142227,0.311578,4,False,False,0.46875,150,150,True,0.3572451261175726,True
6,four_circle,316,outputs/multi_batch/batch_6/four_circle/sample_0316/iteration_00137.png,-0.1271426784870575,-0.1054923582109392,0.542503,1.4084992682489397,True,0.542503,3.033534,1.157009,0.158913,0.293157,5,False,False,0.551025390625,137,150,False,0.0013572579956342117,False
6,four_circle,318,outputs/multi_batch/batch_6/four_circle/sample_0318/iteration_00150.png,0.1076078195194378,0.1076078191428729,0.542446,1.2760160158676173,True,0.559351,2.938569,1.28912,0.137097,0.343753,13,False,False,0.4990234375,150,150,True,0.08706220112548552,False
6,four_circle,320,outputs/multi_batch/batch_6/four_circle/sample_0320/iteration_00150.png,-0.3213369973621227,-0.3381921726220141,0.585049,1.0572680126023108,True,0.585049,2.90685,1.19956,0.115229,0.314793,3,False,False,0.591552734375,150,150,True,6.2047056487702285e-06,False
6,four_circle,321,outputs/multi_batch/batch_6/four_circle/sample_0321/iteration_00137.png,-0.4455694764622198,-0.4444265555385824,0.590749,0.8257469993552439,True,0.590749,2.916917,1.223184,0.158124,0.321243,2,False,False,0.6005859375,137,150,False,0.010662226865638344,False
6,four_circle,326,outputs/multi_batch/batch_6/four_circle/sample_0326/iteration_00150.png,-0.3729658451768291,-0.3995546908905081,0.480596,1.142799260913558,True,0.570286,2.851235,1.082609,0.139385,0.357311,8,False,False,0.47412109375,150,150,True,0.05635692649202328,False
6,four_circle,329,outputs/multi_batch/batch_6/four_circle/sample_0329/iteration_00150.png,-0.3829059226918063,-0.3872232042967378,0.510932,0.5866021672204581,True,0.510932,3.330174,1.208622,0.092023,0.335913,3,False,False,0.5107421875,150,150,True,0.03156298375056852,False
6,four_circle,330,outputs/multi_batch/batch_6/four_circle/sample_0330/iteration_00150.png,-0.2905810667476791,-0.2960062571639243,0.526081,0.717000224809383,True,0.526082,3.298754,1.174723,0.10709,0.391595,2,False,False,0.535400390625,150,150,True,0.004589437829962637,False
6,four_circle,332,outputs/multi_batch/batch_6/four_circle/sample_0332/iteration_00150.png,-0.3814659880189759,-0.3569474785620998,0.601559,0.4405464833680224,True,0.60156,3.472838,1.143066,0.072236,0.29753,3,False,False,0.60595703125,150,150,True,0.04058836679985161,False
6,four_circle,333,outputs/multi_batch/batch_6/four_circle/sample_0333/iteration_00150.png,0.1356806921519981,0.1356806922560312,0.534262,1.376850291425951,True,0.539016,3.363473,1.166471,0.160207,0.351347,2,False,False,0.55615234375,150,150,True,0.2561414947570844,True
6,four_circle,341,outputs/multi_batch/batch_6/four_circle/sample_0341/iteration_00150.png,-0.3576382079118028,-0.3858583470851591,0.523592,0.6678955554725979,True,0.523591,3.747644,1.283583,0.16203,0.282838,2,False,False,0.526611328125,150,150,True,0.020848986398768064,False
6,four_circle,344,outputs/multi_batch/batch_6/four_circle/sample_0344/iteration_00150.png,-0.5215369299150819,-0.4049596075778359,0.583846,0.4387462483151763,True,0.596272,2.73608,1.052519,0.079412,0.331534,3,False,False,0.576904296875,150,150,True,0.005878185411429993,False
6,four_circle,345,outputs/multi_batch/batch_6/four_circle/sample_0345/iteration_00150.png,-0.3558316393545377,-0.3559881052324232,0.546859,0.7653124936029496,True,0.54686,3.907366,1.322165,0.128674,0.389351,2,False,False,0.5478515625,150,150,True,0.0006391380382583152,False
6,four_circle,346,outputs/multi_batch/batch_6/four_circle/sample_0346/iteration_00150.png,-0.4309496198939671,-0.379716339092816,0.562483,1.1526860333425677,True,0.575652,3.686172,1.147747,0.113324,0.363586,4,False,False,0.56005859375,150,150,True,0.10215747466305362,False
6,four_circle,348,outputs/multi_batch/batch_6/four_circle/sample_0348/iteration_00150.png,-0.0969021377457209,-0.0944862760811007,0.509482,0.8749883957848333,True,0.509482,3.154527,1.103671,0.094872,0.365408,2,False,False,0.502197265625,150,150,True,0.07347179172344265,False
6,four_circle,350,outputs/multi_batch/batch_6/four_circle/sample_0350/iteration_00150.png,-0.4055962247132623,-0.443019680908194,0.505931,0.5484624983538283,True,0.50593,3.535386,1.112201,0.087084,0.345161,3,False,False,0.500732421875,150,150,True,0.009442718181693755,False
6,four_circle,353,outputs/multi_batch/batch_6/four_circle/sample_0353/iteration_00150.png,0.0025458112431254,0.002353384888432,0.445311,1.501380364006083,True,0.538722,2.526018,1.078504,0.122182,0.338643,7,False,False,0.45703125,150,150,True,0.19219984705582463,True
6,four_circle,357,outputs/multi_batch/batch_6/four_circle/sample_0357/iteration_00150.png,-0.0838955464208439,-0.0957684796291541,0.493698,1.5220650251480567,True,0.583372,2.565871,1.310628,0.081523,0.388533,2,False,False,0.498046875,150,150,True,0.20004143602862692,True
6,four_circle,358,outputs/multi_batch/batch_6/four_circle/sample_0358/iteration_00150.png,-0.3374763522721203,-0.347970590001787,0.560211,0.7408215710883841,True,0.56021,2.804125,1.319075,0.091216,0.342062,2,False,False,0.55712890625,150,150,True,0.000676742045584442,False
6,four_circle,359,outputs/multi_batch/batch_6/four_circle/sample_0359/iteration_00150.png,-0.3551565312163762,-0.342523137089258,0.498273,0.8502284447934649,True,0.498273,3.195881,1.15125,0.132925,0.354879,2,False,False,0.51025390625,150,150,True,0.01798996828698621,False
6,four_circle,360,outputs/multi_batch/batch_6/four_circle/sample_0360/iteration_00150.png,-0.235481717645547,-0.2468722301286256,0.51848,0.996705782605508,True,0.51848,3.629736,1.278641,0.100297,0.402106,2,False,False,0.518310546875,150,150,True,0.10529414737490594,False
6,four_circle,366,outputs/multi_batch/batch_6/four_circle/sample_0366/iteration_00106.png,-0.1682070634684264,-0.1738074145698058,0.569145,0.9183984841544812,True,0.569145,2.619422,1.183142,0.116823,0.320037,2,False,False,0.585205078125,106,150,False,0.05921120047312753,False
6,four_circle,368,outputs/multi_batch/batch_6/four_circle/sample_0368/iteration_00150.png,-0.2877179103623654,-0.3005961447532054,0.513044,0.7727676684734084,True,0.521038,3.18415,1.217583,0.110566,0.358764,2,False,False,0.5185546875,150,150,True,0.0023040916654846377,False
6,four_circle,370,outputs/multi_batch/batch_6/four_circle/sample_0370/iteration_00150.png,-0.224437433004433,-0.2411379302108456,0.541022,1.1241661357743475,True,0.553637,3.834233,1.242209,0.087579,0.37,4,False,False,0.549072265625,150,150,True,0.007239803004871842,False
6,four_circle,371,outputs/multi_batch/batch_6/four_circle/sample_0371/iteration_00150.png,0.1016644209152863,0.101664420835305,0.543174,1.2072714308533277,True,0.54462,2.692186,1.266372,0.14362,0.32785,36,False,False,0.5146484375,150,150,True,0.07216427089299292,False
6,four_circle,372,outputs/multi_batch/batch_6/four_circle/sample_0372/iteration_00129.png,-0.4019751250216895,-0.3990675953468072,0.503655,0.5723473341752933,True,0.503654,2.970247,1.155638,0.112254,0.378089,3,False,False,0.5029296875,129,150,False,0.00997374196177106,False
6,four_circle,375,outputs/multi_batch/batch_6/four_circle/sample_0375/iteration_00150.png,-0.3642202276987767,-0.3735599122798057,0.515663,1.0878436564638532,True,0.515664,3.078292,1.11698,0.137444,0.323473,2,False,False,0.5166015625,150,150,True,0.02721521604300191,False
6,four_circle,376,outputs/multi_batch/batch_6/four_circle/sample_0376/iteration_00150.png,-0.3750495128319205,-0.3763879186455669,0.534586,0.5027490554159545,True,0.534587,2.580311,1.237274,0.106158,0.352342,3,False,False,0.538818359375,150,150,True,0.00033245697674275077,False
6,four_circle,378,outputs/multi_batch/batch_6/four_circle/sample_0378/iteration_00150.png,-0.3975604022382368,-0.4062615838630894,0.532522,0.8923312046738692,True,0.532523,3.115259,1.162294,0.076184,0.361863,2,False,False,0.53515625,150,150,True,0.006677087656791621,False
6,grid_circular_voids,384,outputs/multi_batch/batch_6/grid_circular_voids/sample_0384/iteration_00150.png,-0.3697335106327216,-0.3688844273033043,0.521287,0.4491181820383206,True,0.521286,2.990923,1.285923,0.13871,0.40041,4,False,False,0.52734375,150,150,True,0.0018360127841488933,False
6,grid_circular_voids,388,outputs/multi_batch/batch_6/grid_circular_voids/sample_0388/iteration_00118.png,-0.4522512860486078,-0.4483520383124899,0.512887,0.2947541551277848,True,0.512887,3.024638,1.209194,0.125212,0.297631,2,False,False,0.521484375,118,150,False,0.0036323496217205344,False
6,grid_circular_voids,389,outputs/multi_batch/batch_6/grid_circular_voids/sample_0389/iteration_00126.png,-0.4464272522597031,-0.4780187712757902,0.546035,0.4295748098294001,True,0.546034,3.407369,1.153602,0.151709,0.389817,2,False,False,0.55224609375,126,150,False,0.003420664997397123,False
6,grid_circular_voids,390,outputs/multi_batch/batch_6/grid_circular_voids/sample_0390/iteration_00130.png,-0.4598463144982241,-0.4634878184341796,0.52489,0.3078863543573297,True,0.524889,2.624891,1.145365,0.14578,0.370002,2,False,False,0.527099609375,130,150,False,0.00030806388680946464,False
6,grid_circular_voids,394,outputs/multi_batch/batch_6/grid_circular_voids/sample_0394/iteration_00150.png,-0.4069163394415976,-0.4107341403379778,0.570702,0.3199117904940757,True,0.570703,3.77915,1.298719,0.131868,0.393854,2,False,False,0.57177734375,150,150,True,0.0024652110252462093,False
6,grid_circular_voids,396,outputs/multi_batch/batch_6/grid_circular_voids/sample_0396/iteration_00150.png,-0.4342762799177982,-0.4541313139347417,0.59195,0.1161785078222651,True,0.59195,2.525376,1.211351,0.084367,0.294522,2,False,False,0.59765625,150,150,True,0.0013822439154530445,False
6,grid_circular_voids,398,outputs/multi_batch/batch_6/grid_circular_voids/sample_0398/iteration_00150.png,-0.3234068769620411,-0.3612817728037839,0.509346,1.2410657017988689,True,0.509346,3.425797,1.262426,0.111247,0.295288,2,False,False,0.51220703125,150,150,True,0.13911175886003657,False
6,grid_circular_voids,399,outputs/multi_batch/batch_6/grid_circular_voids/sample_0399/iteration_00150.png,-0.4108859646426083,-0.4221125133206749,0.559793,0.2796089952065758,True,0.559793,2.726904,1.196752,0.156124,0.29183,2,False,False,0.564697265625,150,150,True,0.0003010293991623444,False
6,grid_circular_voids,402,outputs/multi_batch/batch_6/grid_circular_voids/sample_0402/iteration_00150.png,-0.4610137656923436,-0.4596736900095365,0.557948,0.3111672638077452,True,0.557948,2.886753,1.251364,0.093765,0.304212,2,False,False,0.5576171875,150,150,True,0.0018411580386452594,False
6,grid_circular_voids,403,outputs/multi_batch/batch_6/grid_circular_voids/sample_0403/iteration_00123.png,-0.3305298665328191,-0.331289549700998,0.583662,0.4273718989578469,True,0.583663,3.814902,1.173941,0.142651,0.358635,2,False,False,0.581787109375,123,150,False,0.00102177003121382,False
6,grid_circular_voids,405,outputs/multi_batch/batch_6/grid_circular_voids/sample_0405/iteration_00150.png,-0.391942005258741,-0.3993585584939799,0.531088,0.3308318135051957,True,0.531089,3.271367,1.320891,0.120566,0.305444,2,False,False,0.538330078125,150,150,True,0.003557961415179043,False
6,grid_circular_voids,406,outputs/multi_batch/batch_6/grid_circular_voids/sample_0406/iteration_00150.png,-0.4437360116624995,-0.4334353844932145,0.502166,0.3797169204789805,True,0.502166,3.381265,1.195881,0.074008,0.364976,3,False,False,0.507568359375,150,150,True,0.0014833794079967498,False
6,grid_circular_voids,413,outputs/multi_batch/batch_6/grid_circular_voids/sample_0413/iteration_00150.png,-0.3587030594290812,-0.3867012924851042,0.586649,0.4506176871824051,True,0.586649,2.746288,1.267368,0.080305,0.298804,3,False,False,0.59130859375,150,150,True,0.014056269755285865,False
6,grid_circular_voids,414,outputs/multi_batch/batch_6/grid_circular_voids/sample_0414/iteration_00132.png,-0.3878813707731491,-0.3966721847420026,0.52237,0.4550365963715268,True,0.52237,2.910515,1.309824,0.12002,0.348173,2,False,False,0.523193359375,132,150,False,0.001957312581533287,False
6,grid_circular_voids,421,outputs/multi_batch/batch_6/grid_circular_voids/sample_0421/iteration_00150.png,-0.4397871262907742,-0.4386943757431881,0.552918,0.3075823192994233,True,0.552918,2.809738,1.125298,0.086221,0.301658,2,False,False,0.55810546875,150,150,True,0.011734728051328904,False
6,grid_circular_voids,422,outputs/multi_batch/batch_6/grid_circular_voids/sample_0422/iteration_00099.png,-0.4622298814510784,-0.4620321513678551,0.53957,0.4037413601616545,True,0.539571,2.763058,1.201423,0.146202,0.380589,2,False,False,0.5380859375,99,150,False,0.00018783827081702252,False
6,grid_circular_voids,423,outputs/multi_batch/batch_6/grid_circular_voids/sample_0423/iteration_00108.png,-0.3957251325005526,-0.3889259636856934,0.496855,0.4384439708976552,True,0.496856,2.784249,1.306035,0.165143,0.341536,2,False,False,0.49755859375,108,150,False,7.057537456297771e-05,False
6,grid_circular_voids,424,outputs/multi_batch/batch_6/grid_circular_voids/sample_0424/iteration_00150.png,-0.4738976692221305,-0.4755889562513105,0.515861,0.3189639659234184,True,0.51586,2.656369,1.143504,0.078132,0.362541,2,False,False,0.520751953125,150,150,True,0.0009727882490547686,False
6,grid_circular_voids,425,outputs/multi_batch/batch_6/grid_circular_voids/sample_0425/iteration_00150.png,-0.3302207068310159,-0.3162978579967972,0.574102,0.5340694169634511,True,0.574102,3.544009,1.17591,0.097953,0.403236,3,False,False,0.578857421875,150,150,True,0.011910195205214908,False
6,grid_circular_voids,427,outputs/multi_batch/batch_6/grid_circular_voids/sample_0427/iteration_00147.png,-0.4383775697920095,-0.4482012852980848,0.582483,0.1550628957933389,True,0.582484,2.553713,1.263682,0.083182,0.318974,2,False,False,0.59033203125,147,150,False,0.0014575075073024071,False
6,grid_circular_voids,430,outputs/multi_batch/batch_6/grid_circular_voids/sample_0430/iteration_00150.png,-0.452375766725708,-0.4525014887745799,0.5259,0.2283969417289382,True,0.5259,2.534552,1.069828,0.104485,0.286593,4,False,False,0.545166015625,150,150,True,0.002904007640962971,False
6,grid_circular_voids,437,outputs/multi_batch/batch_6/grid_circular_voids/sample_0437/iteration_00150.png,-0.4211359723404675,-0.4227624235408618,0.586797,0.189231713906482,True,0.586797,3.208551,1.052877,0.130026,0.335921,3,False,False,0.594482421875,150,150,True,0.0066587735568644415,False
6,grid_circular_voids,438,outputs/multi_batch/batch_6/grid_circular_voids/sample_0438/iteration_00067.png,-0.4248253961516566,-0.4311707516495105,0.51272,0.3737157473466717,True,0.51272,2.647331,1.180331,0.150251,0.319454,2,False,False,0.515625,67,150,False,0.0024186877528068365,False
6,grid_circular_voids,440,outputs/multi_batch/batch_6/grid_circular_voids/sample_0440/iteration_00150.png,-0.4722603905228989,-0.477480370668906,0.554974,0.3119106675945887,True,0.554974,3.43762,1.075814,0.143527,0.308352,3,False,False,0.557373046875,150,150,True,0.028621422215058836,False
6,grid_circular_voids,444,outputs/multi_batch/batch_6/grid_circular_voids/sample_0444/iteration_00146.png,-0.4648533589897178,-0.4458731157184985,0.561207,0.1717966455696727,True,0.561207,3.861243,1.236145,0.128969,0.343095,2,False,False,0.566162109375,146,150,False,0.00038626410507759933,False
6,grid_circular_voids,446,outputs/multi_batch/batch_6/grid_circular_voids/sample_0446/iteration_00150.png,-0.4857462731541418,-0.4770668172348826,0.538402,0.6158748605535809,True,0.538402,3.64364,1.183854,0.12545,0.388479,2,False,False,0.545166015625,150,150,True,0.08572308577338038,False
6,grid_circular_voids,448,outputs/multi_batch/batch_6/grid_circular_voids/sample_0448/iteration_00150.png,-0.3999125079304986,-0.3880567923711095,0.506162,0.4131469893970728,True,0.506162,3.035,1.325097,0.137297,0.310789,2,False,False,0.5068359375,150,150,True,0.0011888942324049078,False
6,grid_circular_voids,449,outputs/multi_batch/batch_6/grid_circular_voids/sample_0449/iteration_00114.png,-0.4406321076334858,-0.4354001025730162,0.528167,0.3005759964038099,True,0.528166,2.674993,1.313527,0.100655,0.32939,2,False,False,0.529541015625,114,150,False,0.006758084695815421,False
6,grid_circular_voids,451,outputs/multi_batch/batch_6/grid_circular_voids/sample_0451/iteration_00105.png,-0.3798319982785613,-0.3574033899150753,0.564754,0.4023407130961648,True,0.564755,3.60966,1.288977,0.10154,0.367839,2,False,False,0.573486328125,105,150,False,0.0005616241435397084,False
6,grid_circular_voids,453,outputs/multi_batch/batch_6/grid_circular_voids/sample_0453/iteration_00150.png,-0.2991717973840733,-0.3145734559095684,0.49903,0.6406065334302166,True,0.499031,3.117152,1.254899,0.159879,0.32568,2,False,False,0.50390625,150,150,True,0.004198743169562265,False
6,grid_circular_voids,454,outputs/multi_batch/batch_6/grid_circular_voids/sample_0454/iteration_00065.png,-0.4184666516437768,-0.4161957523898909,0.519528,0.3272181908655928,True,0.519528,2.618409,1.113079,0.144753,0.394458,2,False,False,0.523681640625,65,150,False,0.005922034813070528,False
6,grid_circular_voids,455,outputs/multi_batch/batch_6/grid_circular_voids/sample_0455/iteration_00108.png,-0.4408399187424299,-0.4386441920887861,0.553832,0.2471598285301306,True,0.553833,3.048107,1.138083,0.071706,0.283012,2,False,False,0.563720703125,108,150,False,0.0021307998982101925,False
6,grid_circular_voids,456,outputs/multi_batch/batch_6/grid_circular_voids/sample_0456/iteration_00150.png,-0.3694189223710862,-0.3949725794212141,0.534989,0.7843911080740448,True,0.598906,3.506764,1.060015,0.153684,0.35048,5,False,False,0.533935546875,150,150,True,0.004062795515837654,False
6,grid_circular_voids,457,outputs/multi_batch/batch_6/grid_circular_voids/sample_0457/iteration_00117.png,-0.4756351985228232,-0.4723026948526389,0.549302,0.0927572037022995,True,0.549303,2.71815,1.098278,0.13693,0.334504,2,False,False,0.54833984375,117,150,False,0.0037077673943475215,False
6,grid_circular_voids,460,outputs/multi_batch/batch_6/grid_circular_voids/sample_0460/iteration_00118.png,-0.4256713670137185,-0.4292127662962358,0.578572,0.2830633740623215,True,0.578572,3.193769,1.187623,0.141608,0.300819,2,False,False,0.58203125,118,150,False,0.0019159991314761542,False
6,grid_circular_voids,463,outputs/multi_batch/batch_6/grid_circular_voids/sample_0463/iteration_00150.png,-0.485744514360884,-0.4887823946076293,0.510408,0.6625014155518163,True,0.510408,2.591182,1.082268,0.109811,0.340176,2,False,False,0.496337890625,150,150,True,0.010875488181107215,False
6,grid_circular_voids,464,outputs/multi_batch/batch_6/grid_circular_voids/sample_0464/iteration_00078.png,-0.3453219657885418,-0.3456464400913314,0.520273,0.5070739475631318,True,0.520273,2.983252,1.231776,0.113841,0.364212,2,False,False,0.522216796875,78,150,False,0.0023458262060566666,False
6,grid_circular_voids,473,outputs/multi_batch/batch_6/grid_circular_voids/sample_0473/iteration_00150.png,-0.3495537730232581,-0.3236696981466556,0.596908,0.5718264488046024,True,0.596908,3.810733,1.248282,0.130837,0.398869,3,False,False,0.601318359375,150,150,True,0.008402830023138295,False
6,grid_circular_voids,474,outputs/multi_batch/batch_6/grid_circular_voids/sample_0474/iteration_00150.png,-0.2789026759435616,-0.3959031402421867,0.520868,1.495840788904185,True,0.599971,3.739319,1.102824,0.115336,0.338096,7,False,False,0.53271484375,150,150,True,0.061449035818392395,False
6,nine_circle,665,outputs/multi_batch/batch_6/nine_circle/sample_0665/iteration_00123.png,-0.3372522230119132,-0.3394088632833478,0.518676,0.5123709945417151,True,0.518676,3.428303,1.22693,0.164546,0.30829,2,False,False,0.52392578125,123,150,False,0.0006445579352621266,False
6,nine_circle,670,outputs/multi_batch/batch_6/nine_circle/sample_0670/iteration_00150.png,-0.4669791869391445,-0.4734227430266358,0.598016,0.2170725409857576,True,0.598015,2.593852,1.189791,0.127766,0.380609,2,False,False,0.595458984375,150,150,True,0.01790182511605385,False
6,nine_circle,672,outputs/multi_batch/batch_6/nine_circle/sample_0672/iteration_00096.png,-0.2619103776784461,-0.2417510940328764,0.497713,0.5646871742624069,True,0.497712,3.758718,1.169329,0.132159,0.32463,2,False,False,0.5078125,96,150,False,0.00346999619438122,False
6,nine_circle,673,outputs/multi_batch/batch_6/nine_circle/sample_0673/iteration_00150.png,-0.3115041527888441,-0.342373086962811,0.564167,0.6362568341171148,True,0.564167,3.592416,1.256219,0.151399,0.343547,3,False,False,0.567626953125,150,150,True,0.0002144195207531173,False
6,nine_circle,675,outputs/multi_batch/batch_6/nine_circle/sample_0675/iteration_00150.png,-0.4680747327508709,-0.4683631496745011,0.600333,0.3502505825441057,True,0.600333,2.810034,1.076308,0.165808,0.28942,3,False,False,0.604248046875,150,150,True,0.04072586209690231,False
6,nine_circle,676,outputs/multi_batch/batch_6/nine_circle/sample_0676/iteration_00076.png,-0.4423987792081037,-0.4534031959669536,0.513718,0.343283870028227,True,0.513719,2.898982,1.205327,0.122026,0.34653,2,False,False,0.51806640625,76,150,False,0.032212686274560066,False
6,nine_circle,677,outputs/multi_batch/batch_6/nine_circle/sample_0677/iteration_00150.png,-0.447549240073213,-0.4567685403440682,0.51435,0.2576585911737256,True,0.514349,2.640218,1.326698,0.110547,0.318123,2,False,False,0.517822265625,150,150,True,0.0035575035497117445,False
6,nine_circle,679,outputs/multi_batch/batch_6/nine_circle/sample_0679/iteration_00135.png,-0.4983368199554022,-0.5108192419263534,0.503877,0.3137396427655146,True,0.503877,3.309557,1.265979,0.153954,0.309778,2,False,False,0.5107421875,135,150,False,0.0024728639284061563,False
6,nine_circle,681,outputs/multi_batch/batch_6/nine_circle/sample_0681/iteration_00150.png,-0.4078917062320526,-0.4388884505162121,0.5503,0.3317795916823658,True,0.5503,3.582417,1.320948,0.124925,0.369448,2,False,False,0.5546875,150,150,True,0.002645001308431495,False
6,nine_circle,683,outputs/multi_batch/batch_6/nine_circle/sample_0683/iteration_00150.png,-0.4025621083514912,-0.4262783441199539,0.547119,0.448675876020869,True,0.54712,3.716984,1.165104,0.085761,0.34853,2,False,False,0.55126953125,150,150,True,0.00532980559230275,False
6,nine_circle,684,outputs/multi_batch/batch_6/nine_circle/sample_0684/iteration_00150.png,-0.4196420671059111,-0.4017604665974272,0.555593,0.3465086788391885,True,0.555593,3.732714,1.243369,0.104438,0.357451,2,False,False,0.5556640625,150,150,True,0.01442330010720303,False
6,nine_circle,689,outputs/multi_batch/batch_6/nine_circle/sample_0689/iteration_00150.png,-0.4263659500384141,-0.4263097620873604,0.531729,0.2218806584461472,True,0.531728,2.5649,1.162895,0.106948,0.293432,2,False,False,0.54345703125,150,150,True,0.006269991905562489,False
6,nine_circle,690,outputs/multi_batch/batch_6/nine_circle/sample_0690/iteration_00150.png,-0.4497002603903907,-0.4499402700463524,0.551921,0.3654143200565033,True,0.551921,2.952449,1.068008,0.153126,0.336138,2,False,False,0.56201171875,150,150,True,0.0015469402598082909,False
6,nine_circle,696,outputs/multi_batch/batch_6/nine_circle/sample_0696/iteration_00073.png,-0.4333691365358863,-0.4333666536539607,0.526619,0.17330773607198,True,0.526619,3.547534,1.100705,0.074083,0.305283,2,False,False,0.536376953125,73,150,False,0.013155478419510747,False
6,nine_circle,697,outputs/multi_batch/batch_6/nine_circle/sample_0697/iteration_00150.png,-0.5337093760369727,-0.5397896845061658,0.577001,-0.0177178199396318,True,0.577001,2.52121,1.080803,0.100028,0.297024,2,False,False,0.577392578125,150,150,True,0.003899710299219073,False
6,nine_circle,698,outputs/multi_batch/batch_6/nine_circle/sample_0698/iteration_00150.png,-0.4111020128628025,-0.4184732117512607,0.522654,0.3312012586296109,True,0.522655,3.016756,1.258882,0.075856,0.339219,2,False,False,0.5263671875,150,150,True,0.0011407206320562411,False
6,nine_circle,704,outputs/multi_batch/batch_6/nine_circle/sample_0704/iteration_00150.png,-0.4641882605406393,-0.4601760448056982,0.565514,0.260884709947051,True,0.565514,2.815483,1.175518,0.150541,0.40306,2,False,False,0.56884765625,150,150,True,0.016556293155541843,False
6,nine_circle,706,outputs/multi_batch/batch_6/nine_circle/sample_0706/iteration_00150.png,-0.3556738692739908,-0.3701754989343759,0.499797,0.4437804446424132,True,0.499798,3.282571,1.333804,0.150071,0.367233,2,False,False,0.5048828125,150,150,True,0.005014892967855903,False
6,nine_circle,709,outputs/multi_batch/batch_6/nine_circle/sample_0709/iteration_00150.png,-0.4609337341895855,-0.4606141739737914,0.587463,0.3122844910317705,True,0.587462,3.08975,1.095024,0.090274,0.382254,2,False,False,0.58642578125,150,150,True,0.0011589536316732878,False
6,nine_circle,712,outputs/multi_batch/batch_6/nine_circle/sample_0712/iteration_00150.png,-0.4019111838474311,-0.3977239015297994,0.516397,0.3503630034848878,True,0.516397,3.206449,1.112115,0.147899,0.333895,2,False,False,0.510498046875,150,150,True,0.005035781667017958,False
6,nine_circle,713,outputs/multi_batch/batch_6/nine_circle/sample_0713/iteration_00150.png,-0.4248244743206756,-0.4186953084901321,0.502078,0.3687961054190103,True,0.502078,3.313093,1.183844,0.135631,0.310813,2,False,False,0.49853515625,150,150,True,0.002960607575933788,False
6,nine_circle,714,outputs/multi_batch/batch_6/nine_circle/sample_0714/iteration_00150.png,-0.36901573648431,-0.3690157364847281,0.522751,0.5499808905709846,True,0.553817,3.18204,1.130236,0.146232,0.349058,2,False,False,0.524658203125,150,150,True,0.00015133335495238535,False
6,nine_circle,723,outputs/multi_batch/batch_6/nine_circle/sample_0723/iteration_00150.png,-0.548580879863492,-0.5473833285765587,0.563214,0.4200791392570616,True,0.563214,2.787351,1.123312,0.114218,0.395753,3,False,False,0.57666015625,150,150,True,0.00035670214670080805,False
6,nine_circle,727,outputs/multi_batch/batch_6/nine_circle/sample_0727/iteration_00150.png,-0.4926546388686356,-0.4477427374798623,0.539694,0.6338109720456735,True,0.539694,3.443435,1.088909,0.097886,0.383632,3,False,False,0.543212890625,150,150,True,0.0031398638387526126,False
6,nine_circle,729,outputs/multi_batch/batch_6/nine_circle/sample_0729/iteration_00150.png,-0.4484921931388628,-0.4534930167849261,0.580379,0.2060031768321543,True,0.580378,3.785118,1.126117,0.095178,0.358426,2,False,False,0.5791015625,150,150,True,0.00032480732640740174,False
6,nine_circle,734,outputs/multi_batch/batch_6/nine_circle/sample_0734/iteration_00150.png,-0.0193093056773312,-0.025941746615449,0.441828,1.4091618009691549,True,0.511351,3.109033,1.186095,0.135159,0.392402,6,False,False,0.444580078125,150,150,True,0.6279038821924794,True
6,nine_circle,735,outputs/multi_batch/batch_6/nine_circle/sample_0735/iteration_00150.png,-0.4899545845031738,-0.4905831439868848,0.582268,0.2381757412989968,True,0.582268,3.327862,1.096548,0.099009,0.302424,2,False,False,0.58349609375,150,150,True,0.001190130354937077,False
6,nine_circle,736,outputs/multi_batch/batch_6/nine_circle/sample_0736/iteration_00113.png,-0.3223783435104657,-0.3222222517163797,0.524508,0.4706508234992317,True,0.524509,3.661554,1.29939,0.154609,0.287188,2,False,False,0.5302734375,113,150,False,0.0027452065420525283,False
6,nine_circle,737,outputs/multi_batch/batch_6/nine_circle/sample_0737/iteration_00150.png,-0.3793148109061556,-0.3199134076567922,0.526263,0.6414837526198923,True,0.526263,3.270251,1.209443,0.101783,0.306663,2,False,False,0.529052734375,150,150,True,0.01217218710077145,False
6,nine_circle,738,outputs/multi_batch/batch_6/nine_circle/sample_0738/iteration_00124.png,-0.4440050186175143,-0.4414696729575156,0.562461,0.3399164059696623,True,0.56246,3.610596,1.336298,0.115052,0.402047,2,False,False,0.571533203125,124,150,False,0.0006023686122798021,False
6,nine_circle,740,outputs/multi_batch/batch_6/nine_circle/sample_0740/iteration_00150.png,-0.3840588014006536,-0.3633385340080692,0.579576,0.3595055342852311,True,0.579576,3.810321,1.14549,0.1074,0.311717,2,False,False,0.58984375,150,150,True,0.0018508471915083301,False
6,nine_circle,741,outputs/multi_batch/batch_6/nine_circle/sample_0741/iteration_00150.png,-0.4385091949745888,-0.4642021499723115,0.548534,0.3111114669177462,True,0.548534,3.513096,1.149512,0.132914,0.372298,2,False,False,0.555908203125,150,150,True,0.005279777483367583,False
6,nine_circle,743,outputs/multi_batch/batch_6/nine_circle/sample_0743/iteration_00094.png,-0.3793729209963711,-0.3733169783920425,0.515902,0.3724134004639207,True,0.515902,3.35976,1.198644,0.115495,0.345955,2,False,False,0.522705078125,94,150,False,0.0055477244644239285,False
6,nine_circle,744,outputs/multi_batch/batch_6/nine_circle/sample_0744/iteration_00150.png,-0.3234587142327643,-0.3345602849786366,0.500976,0.5345286644578529,True,0.500977,2.895639,1.313963,0.097121,0.292215,2,False,False,0.5009765625,150,150,True,0.005831140754624755,False
6,nine_circle,749,outputs/multi_batch/batch_6/nine_circle/sample_0749/iteration_00150.png,-0.4132378764583911,-0.4221627719574138,0.537958,0.5201844384714879,True,0.537959,3.409062,1.264383,0.158916,0.360921,4,False,False,0.551025390625,150,150,True,0.005679436285841419,False
6,nine_circle,750,outputs/multi_batch/batch_6/nine_circle/sample_0750/iteration_00114.png,-0.4244022707961871,-0.4409869119596613,0.581328,0.3380701830734122,True,0.581329,3.237332,1.218496,0.088145,0.389878,2,False,False,0.58984375,114,150,False,0.0003619588318837382,False
6,nine_circle,753,outputs/multi_batch/batch_6/nine_circle/sample_0753/iteration_00150.png,-0.4148684734353232,-0.4540117087509336,0.571193,0.4861258231584497,True,0.571193,3.841112,1.142026,0.123874,0.33483,2,False,False,0.569091796875,150,150,True,0.007927686983640195,False
6,nine_circle,754,outputs/multi_batch/batch_6/nine_circle/sample_0754/iteration_00141.png,-0.4428310680905664,-0.440784125931929,0.590864,0.1355025718375053,True,0.590864,2.551628,1.2395,0.125905,0.29476,2,False,False,0.604736328125,141,150,False,0.003021267241233551,False
6,nine_circle,755,outputs/multi_batch/batch_6/nine_circle/sample_0755/iteration_00147.png,-0.4293423291095253,-0.4219242650414576,0.535068,0.2819089761271975,True,0.535068,3.493233,1.262213,0.085208,0.326835,2,False,False,0.526611328125,147,150,False,0.0010486183407067459,False
6,nine_circle,757,outputs/multi_batch/batch_6/nine_circle/sample_0757/iteration_00150.png,-0.4211739562236158,-0.4211742385399347,0.505419,0.4895818106832404,True,0.50542,2.651988,1.109603,0.156437,0.364368,2,False,False,0.511474609375,150,150,True,0.00309355146350599,False
6,small_square_cross,855,outputs/multi_batch/batch_6/small_square_cross/sample_0855/iteration_00150.png,-0.3670994522555458,-0.3848907440240892,0.591702,0.7735233943044584,True,0.595603,3.450186,1.332684,0.124469,0.318778,2,False,False,0.589599609375,150,150,True,0.007363571676456448,False
6,small_square_cross,858,outputs/multi_batch/batch_6/small_square_cross/sample_0858/iteration_00150.png,-0.30262838966547,-0.2981198167629194,0.498718,0.718447636840107,True,0.498718,3.004661,1.225461,0.102584,0.346927,2,False,False,0.500244140625,150,150,True,0.021081306403778786,False
6,small_square_cross,865,outputs/multi_batch/batch_6/small_square_cross/sample_0865/iteration_00150.png,-0.3438217687625852,-0.3321614877300958,0.531155,0.8755095275131601,True,0.532005,3.177983,1.222979,0.122131,0.282723,2,False,False,0.53271484375,150,150,True,0.0020415330173016518,False
6,small_square_cross,866,outputs/multi_batch/batch_6/small_square_cross/sample_0866/iteration_00150.png,-0.3395411888442405,-0.3341611348671345,0.518327,0.9856432111546471,True,0.539135,2.641377,1.249377,0.110061,0.313543,4,False,False,0.51611328125,150,150,True,0.00948071244566464,False
6,small_square_cross,868,outputs/multi_batch/batch_6/small_square_cross/sample_0868/iteration_00150.png,-0.5202902909354626,-0.4758029861131395,0.544236,1.0525926318232228,True,0.544385,3.054361,1.181637,0.140073,0.348872,5,False,False,0.551025390625,150,150,True,0.10625794327338467,False
6,small_square_cross,870,outputs/multi_batch/batch_6/small_square_cross/sample_0870/iteration_00150.png,-0.2701477712866783,-0.3053766778573567,0.589622,0.7731891379057829,True,0.589621,3.683642,1.23012,0.079415,0.329672,2,False,False,0.58935546875,150,150,True,0.007915665001539606,False
6,small_square_cross,874,outputs/multi_batch/batch_6/small_square_cross/sample_0874/iteration_00150.png,-0.5020272134015001,-0.5131943402971693,0.553133,0.5310319809833395,True,0.553133,3.578442,1.291559,0.141306,0.305984,3,False,False,0.55615234375,150,150,True,0.000822741284531489,False
6,small_square_cross,878,outputs/multi_batch/batch_6/small_square_cross/sample_0878/iteration_00150.png,-0.3996706541009391,-0.4425189416214118,0.588849,0.876628222422634,True,0.588849,3.752356,1.252976,0.096913,0.290921,3,False,False,0.592041015625,150,150,True,0.03536589147021865,False
6,small_square_cross,880,outputs/multi_batch/batch_6/small_square_cross/sample_0880/iteration_00150.png,-0.2623517730046107,-0.2625492059101815,0.504765,0.8449775303024132,True,0.504765,2.597147,1.217958,0.0979,0.375428,2,False,False,0.50439453125,150,150,True,0.1395468489398674,False
6,small_square_cross,885,outputs/multi_batch/batch_6/small_square_cross/sample_0885/iteration_00150.png,-0.312197506104555,-0.3112931956777467,0.592398,0.5706700638102395,True,0.592399,2.696889,1.267678,0.144884,0.36216,2,False,False,0.5947265625,150,150,True,0.006181224133828912,False
6,small_square_cross,890,outputs/multi_batch/batch_6/small_square_cross/sample_0890/iteration_00139.png,-0.4487822200895222,-0.4519505075866896,0.556717,0.6556088843167084,True,0.556718,2.901042,1.271128,0.134728,0.321598,2,False,False,0.567138671875,139,150,False,0.0018832745124666669,False
6,small_square_cross,891,outputs/multi_batch/batch_6/small_square_cross/sample_0891/iteration_00150.png,-0.4199635416844394,-0.4028695850009051,0.522419,0.810464763803365,True,0.522419,3.09096,1.310654,0.129793,0.301133,2,False,False,0.525634765625,150,150,True,0.006089797939032989,False
6,small_square_cross,893,outputs/multi_batch/batch_6/small_square_cross/sample_0893/iteration_00150.png,-0.212218102889419,-0.2102532363863011,0.569196,0.6149095713567102,True,0.569195,3.846266,1.307098,0.143717,0.373766,3,False,False,0.5693359375,150,150,True,0.15650118609775093,True
6,small_square_cross,898,outputs/multi_batch/batch_6/small_square_cross/sample_0898/iteration_00150.png,-0.0729528517388248,-0.0727327293639611,0.558653,0.6992995468603622,True,0.558654,3.244034,1.24027,0.147029,0.386002,1,True,False,0.561767578125,150,150,True,0.22445214904189922,True
6,small_square_cross,902,outputs/multi_batch/batch_6/small_square_cross/sample_0902/iteration_00150.png,-0.0559585876347479,-0.0559327853532614,0.5191,0.725809148971959,True,0.5191,2.555132,1.137516,0.156035,0.390539,1,True,False,0.525146484375,150,150,True,0.16045078028982887,True
6,small_square_cross,905,outputs/multi_batch/batch_6/small_square_cross/sample_0905/iteration_00150.png,-0.3557218365294909,-0.3466232691091864,0.517929,0.7503543565259962,True,0.517929,3.289721,1.165432,0.136035,0.380267,2,False,False,0.520263671875,150,150,True,0.025856934316499568,False
6,small_square_cross,916,outputs/multi_batch/batch_6/small_square_cross/sample_0916/iteration_00150.png,-0.1818725368464978,-0.1828655008126318,0.495733,0.863063757376088,True,0.495734,2.588088,1.193167,0.081439,0.351199,1,True,False,0.503662109375,150,150,True,0.15422735135088644,True
6,small_square_cross,927,outputs/multi_batch/batch_6/small_square_cross/sample_0927/iteration_00150.png,-0.3610984413359703,-0.3896119925789051,0.553844,1.1159193709178836,True,0.573839,3.353872,1.067617,0.161675,0.378816,6,False,False,0.544189453125,150,150,True,0.021389979850415027,False
6,small_square_cross,928,outputs/multi_batch/batch_6/small_square_cross/sample_0928/iteration_00150.png,-0.3214579568066306,-0.2704499955053491,0.505018,1.0430618244313483,True,0.547655,2.931859,1.097718,0.095568,0.327764,2,False,False,0.50732421875,150,150,True,0.018607698044010173,False
6,small_square_cross,932,outputs/multi_batch/batch_6/small_square_cross/sample_0932/iteration_00150.png,-0.316777394789017,-0.2595631176646834,0.584416,0.7003818344885386,True,0.597979,3.488683,1.13217,0.104592,0.358605,2,False,False,0.59521484375,150,150,True,0.01019686658065911,False
6,small_square_cross,934,outputs/multi_batch/batch_6/small_square_cross/sample_0934/iteration_00150.png,-0.1229833110564886,-0.1260323132854369,0.571303,0.7816927249457326,True,0.571304,3.507995,1.150475,0.083603,0.295548,2,False,False,0.576171875,150,150,True,0.02130298792137697,False
6,small_square_cross,936,outputs/multi_batch/batch_6/small_square_cross/sample_0936/iteration_00150.png,-0.4794236623738989,-0.4797987974609694,0.576187,0.5197614435569139,True,0.576187,3.204196,1.077074,0.13326,0.308112,2,False,False,0.575927734375,150,150,True,0.010997236434443725,False
6,small_square_cross,937,outputs/multi_batch/batch_6/small_square_cross/sample_0937/iteration_00150.png,-0.488832018744735,-0.493565355079467,0.517183,0.4141960848081623,True,0.517182,2.894234,1.072674,0.127809,0.369389,2,False,False,0.5126953125,150,150,True,0.004572910526167838,False
6,small_square_cross,938,outputs/multi_batch/batch_6/small_square_cross/sample_0938/iteration_00150.png,-0.4409666123283575,-0.447333447491173,0.595131,0.7456621166110142,True,0.596512,3.129447,1.174655,0.123979,0.339404,3,False,False,0.588623046875,150,150,True,9.050490423458872e-06,False
6,small_square_cross,945,outputs/multi_batch/batch_6/small_square_cross/sample_0945/iteration_00150.png,-0.371498544633074,-0.411939059271067,0.505775,0.6661905328067864,True,0.505775,2.88053,1.257855,0.101992,0.382903,2,False,False,0.512939453125,150,150,True,0.0034381269791674,False
6,square,950,outputs/multi_batch/batch_6/square/sample_0950/iteration_00150.png,0.0012765521915718,0.0013089047611515,0.506556,1.0329118736946898,True,0.506557,2.742541,1.244243,0.116639,0.293686,1,True,False,0.506591796875,150,150,True,1.7786773181781625,True
6,square,954,outputs/multi_batch/batch_6/square/sample_0954/iteration_00150.png,-0.424938636768116,-0.4325667379989955,0.551738,0.5001756388879998,True,0.551738,3.317174,1.126438,0.135519,0.289357,2,False,False,0.552490234375,150,150,True,0.10870467920571228,False
6,square,956,outputs/multi_batch/batch_6/square/sample_0956/iteration_00150.png,-0.4715456414215944,-0.4886849168268801,0.520502,0.7260234881648233,True,0.520502,2.864518,1.059153,0.113234,0.380214,3,False,False,0.524658203125,150,150,True,0.00846036313521113,False
6,square,958,outputs/multi_batch/batch_6/square/sample_0958/iteration_00150.png,-0.3829368202692463,-0.3939788738408703,0.586721,0.3937579857637245,True,0.586722,2.584007,1.094606,0.150723,0.305727,2,False,False,0.595703125,150,150,True,0.12049166813962198,False
6,square,959,outputs/multi_batch/batch_6/square/sample_0959/iteration_00150.png,-0.3496886623565629,-0.383728928617274,0.523971,1.0802823335199467,True,0.540501,3.129983,1.262915,0.10078,0.32353,6,False,False,0.52685546875,150,150,True,0.0,False
6,square,960,outputs/multi_batch/batch_6/square/sample_0960/iteration_00150.png,-0.4122298903086517,-0.3942960100362521,0.58011,0.7429119774086742,True,0.58708,2.634148,1.215839,0.076843,0.347243,3,False,False,0.582275390625,150,150,True,0.00456560688547858,False
6,square,962,outputs/multi_batch/batch_6/square/sample_0962/iteration_00150.png,-0.4217372470952167,-0.4019556355272363,0.588999,0.4051628874333494,True,0.588999,3.252326,1.18031,0.083154,0.339067,2,False,False,0.584228515625,150,150,True,0.01542469391847758,False
6,square,965,outputs/multi_batch/batch_6/square/sample_0965/iteration_00150.png,-0.0408608934008025,-0.0408979134743423,0.544526,0.8086241677979522,True,0.544526,3.210432,1.136762,0.144228,0.344243,1,True,False,0.55224609375,150,150,True,0.17443692306350486,True
6,square,966,outputs/multi_batch/batch_6/square/sample_0966/iteration_00150.png,-0.3064439864381238,-0.3436143146167172,0.518706,0.9520225692240958,True,0.518706,3.825047,1.298731,0.11099,0.388049,4,False,False,0.527587890625,150,150,True,0.02992107829866944,False
6,square,974,outputs/multi_batch/batch_6/square/sample_0974/iteration_00150.png,-0.323298010425092,-0.3371346338095839,0.539961,1.0273723267629975,True,0.542684,3.012957,1.307066,0.103663,0.376822,2,False,False,0.542236328125,150,150,True,0.32030788698000534,True
6,square,975,outputs/multi_batch/batch_6/square/sample_0975/iteration_00150.png,-0.1818132935124035,-0.185966881084614,0.510069,1.1878802825882395,True,0.512407,2.711268,1.092704,0.099919,0.317649,5,False,False,0.515625,150,150,True,0.02963089100891568,False
6,square,978,outputs/multi_batch/batch_6/square/sample_0978/iteration_00150.png,-0.3560113978218516,-0.3783155353019997,0.516159,1.0756240142337083,True,0.554515,3.465425,1.272475,0.085344,0.403163,3,False,False,0.512939453125,150,150,True,0.17163123577487457,True
6,square,986,outputs/multi_batch/batch_6/square/sample_0986/iteration_00150.png,-0.2699581354611616,-0.2415333529432676,0.531508,0.8333002482883932,True,0.531508,3.33136,1.225753,0.113386,0.318287,2,False,False,0.534912109375,150,150,True,0.01774408596631136,False
6,square,988,outputs/multi_batch/batch_6/square/sample_0988/iteration_00150.png,-0.2688791242329998,-0.2695476705843376,0.562665,0.7006372762585655,True,0.562665,2.91834,1.189199,0.128983,0.281111,2,False,False,0.573974609375,150,150,True,0.005112793113683755,False
6,square,995,outputs/multi_batch/batch_6/square/sample_0995/iteration_00150.png,0.0391165553588119,0.0414414809209142,0.482909,1.1652427541204284,True,0.522034,3.768866,1.052484,0.07446,0.338029,3,False,False,0.483154296875,150,150,True,0.23691635807748546,True
6,square,996,outputs/multi_batch/batch_6/square/sample_0996/iteration_00150.png,-0.4100242217871758,-0.5233461829082949,0.525224,1.3524799640392855,True,0.539032,3.90753,1.115095,0.107388,0.308653,5,False,False,0.523193359375,150,150,True,0.04887552869385027,False
6,square,1002,outputs/multi_batch/batch_6/square/sample_1002/iteration_00150.png,-0.2076175208855761,-0.1673506595510071,0.485298,1.4850560616683095,True,0.568667,3.846317,1.103051,0.081362,0.330337,5,False,False,0.4794921875,150,150,True,0.3209074998980752,True
6,square,1006,outputs/multi_batch/batch_6/square/sample_1006/iteration_00150.png,-0.4456354788555348,-0.4353142153303147,0.555256,0.6034084289322562,True,0.555256,3.365786,1.175408,0.086016,0.350421,3,False,False,0.55029296875,150,150,True,0.006299789906045033,False
6,square,1008,outputs/multi_batch/batch_6/square/sample_1008/iteration_00150.png,-0.2838570668588596,-0.3059499662232496,0.539085,0.9209739302937588,True,0.55934,3.827507,1.107837,0.106839,0.284157,1,True,False,0.54248046875,150,150,True,0.15573967045628825,True
6,square,1009,outputs/multi_batch/batch_6/square/sample_1009/iteration_00150.png,-0.3298884744845032,-0.3360484864535722,0.568336,0.5617615446454362,True,0.568337,2.651994,1.222314,0.102292,0.398356,2,False,False,0.56640625,150,150,True,0.010290307667859343,False
6,square,1013,outputs/multi_batch/batch_6/square/sample_1013/iteration_00150.png,0.0423569124638419,0.0442158740317784,0.522112,1.29790145366232,True,0.571562,3.629397,1.186116,0.092064,0.381845,6,False,False,0.51708984375,150,150,True,0.00746597107166636,False
6,square,1016,outputs/multi_batch/batch_6/square/sample_1016/iteration_00150.png,-0.4662489079596043,-0.4270484152721482,0.594385,0.6116001114973127,True,0.594385,3.657687,1.251044,0.102568,0.294881,2,False,False,0.595947265625,150,150,True,0.01866293350647126,False
6,square,1018,outputs/multi_batch/batch_6/square/sample_1018/iteration_00150.png,-0.1809187016427407,-0.1816149436878971,0.546709,1.0462502478263758,True,0.546709,2.834134,1.315705,0.150013,0.287682,2,False,False,0.546142578125,150,150,True,0.0018123508414662414,False
6,square,1020,outputs/multi_batch/batch_6/square/sample_1020/iteration_00150.png,-0.2659578381355725,-0.2587634112246783,0.502281,0.8005591285022023,True,0.502281,3.61807,1.278026,0.14597,0.309552,5,False,False,0.505615234375,150,150,True,0.024306168294927155,False
6,square,1022,outputs/multi_batch/batch_6/square/sample_1022/iteration_00150.png,-0.1642609147079186,-0.1917866533789158,0.501368,1.095428322610257,True,0.501368,3.168388,1.207713,0.07144,0.348615,4,False,False,0.508056640625,150,150,True,0.11608692779541673,False
6,square,1027,outputs/multi_batch/batch_6/square/sample_1027/iteration_00150.png,-0.3528862032538556,-0.3675875273620549,0.554643,0.8850559859470442,True,0.58907,2.961072,1.145048,0.133397,0.326833,3,False,False,0.548828125,150,150,True,0.06684108974286733,False
6,square,1030,outputs/multi_batch/batch_6/square/sample_1030/iteration_00150.png,-0.341776954138661,-0.3429108689387239,0.58385,0.6902552120622463,True,0.583851,3.731665,1.086548,0.10938,0.334826,2,False,False,0.57421875,150,150,True,0.045002080104513405,False
6,square,1033,outputs/multi_batch/batch_6/square/sample_1033/iteration_00150.png,-0.0874964870390553,-0.0832299651411672,0.591935,1.0505928194597247,True,0.591935,3.695017,1.276592,0.092677,0.340437,1,True,False,0.59375,150,150,True,0.27358699576856077,True
6,square,1037,outputs/multi_batch/batch_6/square/sample_1037/iteration_00150.png,-0.5635269544688445,-0.5586228140971108,0.590767,0.2922629330598364,True,0.590768,3.022385,1.09784,0.138594,0.395297,4,False,False,0.59033203125,150,150,True,0.003425311082980094,False
6,square,1040,outputs/multi_batch/batch_6/square/sample_1040/iteration_00150.png,-0.3698621301943181,-0.344678128523078,0.494647,0.9079448662168044,True,0.494646,2.877782,1.230792,0.106252,0.374142,3,False,False,0.485595703125,150,150,True,0.08870673015304521,False
7,circle,3,outputs/multi_batch/batch_7/circle/sample_0003/iteration_00150.png,-0.3416828061946829,-0.3624178151622776,0.572272,0.7250450059647442,True,0.575896,2.899879,1.169402,0.126238,0.348344,2,False,False,0.576416015625,150,150,True,0.00011380132914119755,False
7,circle,15,outputs/multi_batch/batch_7/circle/sample_0015/iteration_00150.png,-0.3881132017726533,-0.3751017310859925,0.555897,0.6030357333711656,True,0.555898,2.646739,1.246404,0.128894,0.302676,2,False,False,0.56689453125,150,150,True,0.0022430314261049347,False
7,circle,24,outputs/multi_batch/batch_7/circle/sample_0024/iteration_00109.png,-0.3339943715919507,-0.3282988736615341,0.529354,0.5910791758850962,True,0.529354,3.594467,1.195819,0.137501,0.306365,3,False,False,0.537109375,109,150,False,0.027167514028659568,False
7,circle,25,outputs/multi_batch/batch_7/circle/sample_0025/iteration_00150.png,-0.4413305293005888,-0.4436428897975311,0.502653,0.5711049891152732,True,0.502652,2.661541,1.180224,0.106626,0.352141,2,False,False,0.505126953125,150,150,True,0.003452356964195785,False
7,circle,30,outputs/multi_batch/batch_7/circle/sample_0030/iteration_00150.png,-0.4791829145762071,-0.4848925577012349,0.562903,0.4757642987130277,True,0.562902,3.632161,1.158361,0.094482,0.375545,2,False,False,0.547607421875,150,150,True,0.004937895979867268,False
7,circle,37,outputs/multi_batch/batch_7/circle/sample_0037/iteration_00150.png,-0.2071758865211273,-0.2084633302756493,0.542281,0.5946493595509589,True,0.54228,2.659309,1.22751,0.152772,0.377122,3,False,False,0.544921875,150,150,True,0.05384598049544503,False
7,circle,39,outputs/multi_batch/batch_7/circle/sample_0039/iteration_00150.png,-0.1990673341703718,-0.2558593908248291,0.499582,1.2820614931618537,True,0.510191,3.28462,1.142406,0.073903,0.363183,6,False,False,0.498291015625,150,150,True,0.15420236704095625,True
7,circle,44,outputs/multi_batch/batch_7/circle/sample_0044/iteration_00150.png,-0.3657897416788032,-0.3461918040746615,0.56584,0.7809407353967874,True,0.56584,3.482496,1.269451,0.095847,0.321034,2,False,False,0.5791015625,150,150,True,0.000894968978274205,False
7,circle,45,outputs/multi_batch/batch_7/circle/sample_0045/iteration_00150.png,-0.4282484713278853,-0.4107994471520369,0.514883,0.555076787628131,True,0.514883,3.359887,1.083304,0.13968,0.337018,3,False,False,0.52490234375,150,150,True,0.006542051390075248,False
7,circle,47,outputs/multi_batch/batch_7/circle/sample_0047/iteration_00150.png,-0.1214114770509188,-0.1214114770170826,0.546777,0.712543571267499,True,0.546777,3.127168,1.058169,0.147905,0.292589,2,False,False,0.55029296875,150,150,True,0.0017303685807507922,False
7,circle,48,outputs/multi_batch/batch_7/circle/sample_0048/iteration_00150.png,0.0112213926631061,0.0114851643051025,0.527913,1.1165713400522326,True,0.527913,3.059796,1.135786,0.091467,0.318793,3,False,False,0.531005859375,150,150,True,0.09791048783250339,False
7,circle,50,outputs/multi_batch/batch_7/circle/sample_0050/iteration_00150.png,-0.1082839846256486,-0.1082839846257135,0.547054,0.7964427449543522,True,0.587637,2.689517,1.094637,0.136524,0.287061,2,False,False,0.553955078125,150,150,True,0.19841740850642922,True
7,circle,51,outputs/multi_batch/batch_7/circle/sample_0051/iteration_00150.png,-0.4803718565283285,-0.4615408565921931,0.589254,0.7424004096322139,True,0.589254,3.555211,1.071843,0.085902,0.380352,2,False,False,0.590087890625,150,150,True,0.03568867395727301,False
7,circle,52,outputs/multi_batch/batch_7/circle/sample_0052/iteration_00150.png,-0.4550376031834532,-0.4582130516283714,0.502055,0.6917933263688905,True,0.502055,3.22036,1.182557,0.142348,0.386054,3,False,False,0.501953125,150,150,True,0.0019640241252385435,False
7,circle,53,outputs/multi_batch/batch_7/circle/sample_0053/iteration_00150.png,-0.0037112228632816,-0.0036869249572695,0.509212,0.9640094908956568,True,0.509213,3.165538,1.093462,0.080011,0.294325,5,False,False,0.51416015625,150,150,True,0.38506738679268887,True
7,circle,66,outputs/multi_batch/batch_7/circle/sample_0066/iteration_00150.png,-0.3148156075001116,-0.3212326919793352,0.585198,0.5767272106843251,True,0.585199,3.405475,1.260112,0.134756,0.382495,3,False,False,0.59228515625,150,150,True,0.010504575553726674,False
7,circle,67,outputs/multi_batch/batch_7/circle/sample_0067/iteration_00150.png,-0.4822411568622488,-0.4639490294974214,0.497595,0.5820970685076894,True,0.497595,3.149879,1.150753,0.083357,0.383947,2,False,False,0.494873046875,150,150,True,0.008983521230330567,False
7,circle,69,outputs/multi_batch/batch_7/circle/sample_0069/iteration_00150.png,-0.437462621055714,-0.4227251210206012,0.528791,0.6640648693034388,True,0.52879,3.557063,1.130978,0.132791,0.355975,2,False,False,0.526611328125,150,150,True,0.014757262509472494,False
7,circle,72,outputs/multi_batch/batch_7/circle/sample_0072/iteration_00150.png,-0.3223600593592097,-0.3286365092343674,0.524153,0.7351078308722762,True,0.524153,3.30289,1.201405,0.080573,0.318893,3,False,False,0.518310546875,150,150,True,0.01774500588171171,False
7,circle,74,outputs/multi_batch/batch_7/circle/sample_0074/iteration_00150.png,-0.2013680625758855,-0.2149587281919393,0.457282,1.2836296730223866,True,0.521123,2.755946,1.055084,0.096488,0.327597,5,False,False,0.44921875,150,150,True,0.2535199993319782,True
7,circle,76,outputs/multi_batch/batch_7/circle/sample_0076/iteration_00150.png,-0.331668150015447,-0.3340288760939327,0.562459,0.6808011711910528,True,0.562459,2.839317,1.190661,0.150548,0.330539,3,False,False,0.563720703125,150,150,True,0.013654610319576984,False
7,circle,78,outputs/multi_batch/batch_7/circle/sample_0078/iteration_00150.png,-0.3859784026356401,-0.3841050986177759,0.581631,0.5998475768320503,True,0.58163,2.860402,1.106939,0.095072,0.297521,2,False,False,0.585693359375,150,150,True,0.00029461425754688145,False
7,circle,80,outputs/multi_batch/batch_7/circle/sample_0080/iteration_00150.png,-0.1747918203315469,-0.1690959932728358,0.591333,0.869410284293995,True,0.591333,3.345322,1.137543,0.128452,0.309944,1,True,False,0.60302734375,150,150,True,0.165404192312228,True
7,circle,81,outputs/multi_batch/batch_7/circle/sample_0081/iteration_00150.png,-0.434964393402161,-0.478051499357645,0.53081,1.147735501739101,True,0.53081,3.669608,1.068336,0.125616,0.374039,3,False,False,0.527099609375,150,150,True,0.106565696875086,False
7,circle,83,outputs/multi_batch/batch_7/circle/sample_0083/iteration_00150.png,-0.4844656717594281,-0.4807345799209376,0.521989,0.5063113097949338,True,0.52199,2.915615,1.140381,0.144724,0.30875,4,False,False,0.5205078125,150,150,True,0.04828080216994678,False
7,circle,90,outputs/multi_batch/batch_7/circle/sample_0090/iteration_00150.png,-0.3636526154488521,-0.3627184112032946,0.582964,0.5534568539570941,True,0.582963,2.762802,1.261011,0.121501,0.370537,2,False,False,0.587158203125,150,150,True,0.010832987883208729,False
7,circle,92,outputs/multi_batch/batch_7/circle/sample_0092/iteration_00150.png,-0.1641740386811068,-0.1641706702616567,0.585535,0.6459129654139607,True,0.585535,2.573603,1.185533,0.147177,0.282477,3,False,False,0.595947265625,150,150,True,0.07486144862672438,False
7,circle,94,outputs/multi_batch/batch_7/circle/sample_0094/iteration_00150.png,-0.5413204365552563,-0.5484229058076848,0.540057,0.3686344719035505,True,0.540057,3.2038,1.12648,0.116419,0.350814,5,False,False,0.529052734375,150,150,True,0.0049901297896136464,False
7,circle_half_quarter,114,outputs/multi_batch/batch_7/circle_half_quarter/sample_0114/iteration_00150.png,0.0726667273024971,0.0726667272479216,0.508973,1.117169861053717,True,0.514673,2.618624,1.172034,0.15242,0.343559,1,True,False,0.5224609375,150,150,True,0.16960481035618016,True
7,circle_half_quarter,118,outputs/multi_batch/batch_7/circle_half_quarter/sample_0118/iteration_00150.png,-0.2204355203129555,-0.2201038875834835,0.552472,0.8309772412881831,True,0.576359,3.184977,1.101962,0.087244,0.370961,4,False,False,0.54833984375,150,150,True,0.002444782817650545,False
7,circle_half_quarter,119,outputs/multi_batch/batch_7/circle_half_quarter/sample_0119/iteration_00150.png,-0.1525989595604781,-0.1752343377034172,0.51969,1.1181034570190218,True,0.572324,3.450039,1.160077,0.085574,0.375268,3,False,False,0.5234375,150,150,True,0.04166330996635039,False
7,circle_half_quarter,120,outputs/multi_batch/batch_7/circle_half_quarter/sample_0120/iteration_00150.png,0.0156856691378736,0.0178352446194594,0.417423,1.4888431938779003,True,0.512764,3.504223,1.241698,0.144058,0.322832,6,False,False,0.410888671875,150,150,True,1.2621656768464908,True
7,circle_half_quarter,125,outputs/multi_batch/batch_7/circle_half_quarter/sample_0125/iteration_00150.png,0.0627882037872248,0.0627882037872487,0.564812,1.1075620518237708,True,0.564812,3.072712,1.14193,0.137243,0.342385,1,True,False,0.6103515625,150,150,True,0.2131896918126067,True
7,circle_half_quarter,126,outputs/multi_batch/batch_7/circle_half_quarter/sample_0126/iteration_00150.png,-0.0757438206963517,-0.0754005426886227,0.493972,0.9166854111418828,True,0.518734,2.941306,1.194611,0.10077,0.383049,3,False,False,0.489501953125,150,150,True,0.0004950301577582477,False
7,circle_half_quarter,128,outputs/multi_batch/batch_7/circle_half_quarter/sample_0128/iteration_00150.png,-0.2248374433283576,-0.2249811562860446,0.545584,0.772284579632543,True,0.555464,3.006011,1.1237,0.084793,0.365273,2,False,False,0.53466796875,150,150,True,0.0014203696943549725,False
7,circle_half_quarter,144,outputs/multi_batch/batch_7/circle_half_quarter/sample_0144/iteration_00150.png,0.0626056338776207,0.0626056338776448,0.511242,1.3105491147972348,True,0.582972,3.304645,1.237153,0.1315,0.379271,1,True,False,0.4150390625,150,150,True,0.203334533822003,True
7,circle_half_quarter,148,outputs/multi_batch/batch_7/circle_half_quarter/sample_0148/iteration_00150.png,0.0554637019201345,0.0554637019201518,0.490556,1.240840301221548,True,0.564014,2.678509,1.144734,0.126414,0.374009,1,True,False,0.408203125,150,150,True,0.42032229185317826,True
7,circle_half_quarter,154,outputs/multi_batch/batch_7/circle_half_quarter/sample_0154/iteration_00150.png,0.076104050726591,0.076104050726615,0.523445,1.2370634314598563,True,0.568251,2.738415,1.193725,0.121945,0.389033,1,True,False,0.412109375,150,150,True,0.21885206981395425,True
7,circle_half_quarter,169,outputs/multi_batch/batch_7/circle_half_quarter/sample_0169/iteration_00150.png,0.0948478449022435,0.0948478449048544,0.549888,1.250946851396379,True,0.549887,2.840253,1.213169,0.151108,0.338512,1,True,False,0.63818359375,150,150,True,0.2843523958196791,True
7,circle_half_quarter,175,outputs/multi_batch/batch_7/circle_half_quarter/sample_0175/iteration_00150.png,0.0655372309085204,0.0655372309086733,0.507903,1.1914938343596675,True,0.534978,2.56385,1.258402,0.129273,0.371868,1,True,False,0.49267578125,150,150,True,0.17806681270536698,True
7,circle_half_quarter,179,outputs/multi_batch/batch_7/circle_half_quarter/sample_0179/iteration_00150.png,-0.2214213653975126,-0.2228509346463281,0.543233,0.5819708434547881,True,0.543233,3.378051,1.086803,0.088306,0.35118,3,False,False,0.557373046875,150,150,True,0.0003822270707601316,False
7,circle_half_quarter,180,outputs/multi_batch/batch_7/circle_half_quarter/sample_0180/iteration_00150.png,-0.4707623876600841,-0.4707961448003773,0.522145,0.3651374771342,True,0.522145,2.658018,1.053792,0.138008,0.320236,4,False,False,0.520751953125,150,150,True,0.007536655115138015,False
7,circle_half_quarter,184,outputs/multi_batch/batch_7/circle_half_quarter/sample_0184/iteration_00150.png,0.0761656835265961,0.0761656835266284,0.494559,1.300721372993377,True,0.529544,3.127516,1.203849,0.143492,0.368211,1,True,False,0.42724609375,150,150,True,0.2260383799720685,True
7,circle_half_quarter,186,outputs/multi_batch/batch_7/circle_half_quarter/sample_0186/iteration_00150.png,0.0363929556338054,0.044763665413421,0.379899,1.4939996262554038,True,0.51142,2.925368,1.163357,0.113895,0.281594,6,False,False,0.3837890625,150,150,True,0.002355867113032222,False
7,circle_half_quarter,188,outputs/multi_batch/batch_7/circle_half_quarter/sample_0188/iteration_00150.png,-0.3315998596632379,-0.324185415342241,0.579925,0.3845094346159647,True,0.579925,2.819534,1.200896,0.081169,0.284413,3,False,False,0.585205078125,150,150,True,0.0013888245914539866,False
7,circle_half_quarter,190,outputs/multi_batch/batch_7/circle_half_quarter/sample_0190/iteration_00150.png,-0.1865159203337705,-0.1819175053686381,0.550641,0.8423241638800372,True,0.554674,3.25446,1.245905,0.078992,0.377032,2,False,False,0.540771484375,150,150,True,0.001323428961748624,False
7,circle_half_quarter,191,outputs/multi_batch/batch_7/circle_half_quarter/sample_0191/iteration_00150.png,0.0042660807699928,0.0058138863892154,0.33405,1.7256433101107622,True,0.529111,2.861524,1.132747,0.147083,0.317544,3,False,False,0.337646484375,150,150,True,0.0032334759866856208,False
7,cross_rectangular,195,outputs/multi_batch/batch_7/cross_rectangular/sample_0195/iteration_00150.png,-0.3832262392603668,-0.3811067181390046,0.526108,0.6926429465830838,True,0.526108,2.875811,1.233663,0.095879,0.357971,2,False,False,0.523681640625,150,150,True,0.005230846617868113,False
7,cross_rectangular,201,outputs/multi_batch/batch_7/cross_rectangular/sample_0201/iteration_00150.png,0.0649632820952641,0.0653517237029901,0.493894,1.0628169061804784,True,0.511474,3.422155,1.125704,0.136614,0.31369,7,False,False,0.494873046875,150,150,True,0.0029453739410319974,False
7,cross_rectangular,204,outputs/multi_batch/batch_7/cross_rectangular/sample_0204/iteration_00150.png,-0.2977474840267298,-0.292838057203158,0.568182,0.8288246822584978,True,0.568182,3.554227,1.268854,0.147617,0.330639,2,False,False,0.572998046875,150,150,True,0.0032456265350085715,False
7,cross_rectangular,206,outputs/multi_batch/batch_7/cross_rectangular/sample_0206/iteration_00150.png,-0.0634993044936992,-0.0636817262756311,0.518402,0.7190098583035041,True,0.518402,2.871583,1.153064,0.153841,0.385567,1,True,False,0.524169921875,150,150,True,0.2085352812920966,True
7,cross_rectangular,207,outputs/multi_batch/batch_7/cross_rectangular/sample_0207/iteration_00150.png,-0.0621307752875869,-0.0617035521719142,0.517381,0.7497835415868772,True,0.517381,3.565645,1.135005,0.093369,0.348607,1,True,False,0.521484375,150,150,True,0.16272094623687564,True
7,cross_rectangular,212,outputs/multi_batch/batch_7/cross_rectangular/sample_0212/iteration_00150.png,-0.4837765104234855,-0.4643061609370079,0.513264,0.559295161505008,True,0.513264,3.30082,1.238874,0.079909,0.366728,2,False,False,0.51416015625,150,150,True,0.0019036717377680559,False
7,cross_rectangular,213,outputs/multi_batch/batch_7/cross_rectangular/sample_0213/iteration_00150.png,-0.4227614298340144,-0.4033122994635,0.514386,0.7049879675053471,True,0.514385,3.28602,1.068311,0.140134,0.31204,2,False,False,0.51806640625,150,150,True,0.007534092652152427,False
7,cross_rectangular,216,outputs/multi_batch/batch_7/cross_rectangular/sample_0216/iteration_00150.png,-0.4159899729002305,-0.4343667102806276,0.55569,0.6754993837886546,True,0.563915,3.365108,1.118729,0.114049,0.292066,2,False,False,0.553955078125,150,150,True,0.007191404971407779,False
7,cross_rectangular,220,outputs/multi_batch/batch_7/cross_rectangular/sample_0220/iteration_00150.png,-0.2952063166385618,-0.3116592574868944,0.549888,0.846548193046779,True,0.557371,2.744218,1.055535,0.082495,0.326679,3,False,False,0.547119140625,150,150,True,0.053859756994899734,False
7,cross_rectangular,223,outputs/multi_batch/batch_7/cross_rectangular/sample_0223/iteration_00150.png,-0.2990076500613988,-0.3091119838783302,0.528107,0.7141985380288882,True,0.528107,2.619745,1.107319,0.143028,0.361762,2,False,False,0.517333984375,150,150,True,0.0021179112925362367,False
7,cross_rectangular,224,outputs/multi_batch/batch_7/cross_rectangular/sample_0224/iteration_00150.png,-0.0119714300681128,-0.0115111358019046,0.583054,1.0817663794369707,True,0.583053,3.50059,1.175974,0.101124,0.287139,2,False,False,0.5986328125,150,150,True,0.5015487548011399,True
7,cross_rectangular,226,outputs/multi_batch/batch_7/cross_rectangular/sample_0226/iteration_00150.png,0.0367597078334813,0.0360054224795272,0.504363,0.9641113710184752,True,0.504363,3.094888,1.185972,0.114806,0.352582,2,False,False,0.50048828125,150,150,True,0.026100927960127304,False
7,cross_rectangular,227,outputs/multi_batch/batch_7/cross_rectangular/sample_0227/iteration_00150.png,-0.366317056335543,-0.3603828561320199,0.584967,0.5686611190141977,True,0.584967,2.975771,1.089783,0.074654,0.307054,2,False,False,0.595947265625,150,150,True,0.015074567846977555,False
7,cross_rectangular,228,outputs/multi_batch/batch_7/cross_rectangular/sample_0228/iteration_00150.png,-0.3535231456110955,-0.3705971419535441,0.542095,0.7531431741210154,True,0.542095,3.635698,1.074882,0.145667,0.29633,2,False,False,0.55322265625,150,150,True,0.022558064297635252,False
7,cross_rectangular,235,outputs/multi_batch/batch_7/cross_rectangular/sample_0235/iteration_00150.png,-0.0528943134507908,-0.051872614357981,0.576746,0.9070731221990233,True,0.576747,3.086693,1.220575,0.131959,0.356262,1,True,False,0.57763671875,150,150,True,0.2585653926629666,True
7,cross_rectangular,236,outputs/multi_batch/batch_7/cross_rectangular/sample_0236/iteration_00150.png,-0.446401459551653,-0.4228310388178252,0.586777,0.6911080200555205,True,0.586777,3.320534,1.160717,0.118213,0.295673,3,False,False,0.595458984375,150,150,True,0.08052106986693343,False
7,cross_rectangular,238,outputs/multi_batch/batch_7/cross_rectangular/sample_0238/iteration_00150.png,-0.4641019839642325,-0.4591719587433628,0.541939,0.4177368375049686,True,0.541938,3.644708,1.082193,0.09246,0.28542,5,False,False,0.541748046875,150,150,True,0.0004301035958273025,False
7,cross_rectangular,242,outputs/multi_batch/batch_7/cross_rectangular/sample_0242/iteration_00150.png,-0.3324896197517359,-0.3393039210720605,0.534641,0.585261986107984,True,0.534641,3.624849,1.149739,0.09039,0.377594,2,False,False,0.541259765625,150,150,True,0.014425223808396982,False
7,cross_rectangular,244,outputs/multi_batch/batch_7/cross_rectangular/sample_0244/iteration_00150.png,-0.6211573074056166,-0.6154807921872589,0.575811,0.5940636197547695,True,0.575811,2.828787,1.072082,0.121792,0.366132,3,False,False,0.5712890625,150,150,True,0.000930448268763592,False
7,cross_rectangular,245,outputs/multi_batch/batch_7/cross_rectangular/sample_0245/iteration_00150.png,-0.0988498616615184,-0.0992945896644478,0.543299,0.7618608179966904,True,0.543298,3.461188,1.246916,0.151028,0.290946,1,True,False,0.543212890625,150,150,True,0.24959300574510312,True
7,cross_rectangular,252,outputs/multi_batch/batch_7/cross_rectangular/sample_0252/iteration_00150.png,-0.4017030397256891,-0.3786350148215912,0.570171,0.6379478060277326,True,0.570171,3.021975,1.080776,0.12315,0.324809,2,False,False,0.5634765625,150,150,True,0.027071127162938854,False
7,cross_rectangular,261,outputs/multi_batch/batch_7/cross_rectangular/sample_0261/iteration_00150.png,-0.2135704804018306,-0.2301098710224143,0.501361,0.904163914526425,True,0.501361,3.313458,1.235123,0.118919,0.381809,2,False,False,0.501953125,150,150,True,0.014965492627239589,False
7,cross_rectangular,263,outputs/multi_batch/batch_7/cross_rectangular/sample_0263/iteration_00150.png,-0.2184856940573064,-0.2538379107980874,0.498635,1.59838065335834,True,0.551002,3.416028,1.062367,0.08609,0.362951,7,False,False,0.498779296875,150,150,True,0.3677613528054327,True
7,cross_rectangular,265,outputs/multi_batch/batch_7/cross_rectangular/sample_0265/iteration_00150.png,-0.0357196107736827,-0.032988589203088,0.509723,0.8948145373942904,True,0.509724,2.77164,1.214227,0.084673,0.310114,2,False,False,0.51025390625,150,150,True,0.017115004380950476,False
7,cross_rectangular,273,outputs/multi_batch/batch_7/cross_rectangular/sample_0273/iteration_00150.png,-0.1086495153965304,-0.124589391596084,0.562537,0.8987383595015936,True,0.578931,3.031121,1.179982,0.132525,0.344095,2,False,False,0.563232421875,150,150,True,0.10978988686215647,False
7,cross_rectangular,276,outputs/multi_batch/batch_7/cross_rectangular/sample_0276/iteration_00150.png,0.0398566520082174,0.033040752567376,0.177382,1.9999132582823207,True,0.585962,3.611511,1.056036,0.125509,0.341072,11,False,False,0.1748046875,150,150,True,0.2466644156588289,True
7,cross_rectangular,279,outputs/multi_batch/batch_7/cross_rectangular/sample_0279/iteration_00150.png,-0.152546820372342,-0.251165238237339,0.54584,1.1351113791543304,True,0.589481,3.599723,1.244545,0.120287,0.383042,1,True,False,0.552001953125,150,150,True,0.2913512615568583,True
7,cross_rectangular,284,outputs/multi_batch/batch_7/cross_rectangular/sample_0284/iteration_00129.png,-0.3480161562009621,-0.3413106060860936,0.530906,0.5257053239762083,True,0.530905,2.586411,1.211286,0.100174,0.327234,3,False,False,0.543701171875,129,150,False,0.01253911014929333,False
7,four_circle,288,outputs/multi_batch/batch_7/four_circle/sample_0288/iteration_00150.png,-0.4021265840222945,-0.4616336564484172,0.55086,0.5560443036600287,True,0.569922,2.597906,1.055589,0.084893,0.338937,3,False,False,0.544921875,150,150,True,0.11095812002092326,False
7,four_circle,289,outputs/multi_batch/batch_7/four_circle/sample_0289/iteration_00150.png,-0.0138179950687419,-0.0107392782463572,0.40937,1.7782927236311576,True,0.569299,2.56938,1.103097,0.136934,0.319625,18,False,False,0.395751953125,150,150,True,1.2116359453500765,True
7,four_circle,290,outputs/multi_batch/batch_7/four_circle/sample_0290/iteration_00095.png,-0.3283164591954848,-0.3047506889994364,0.580456,0.4042811489643202,True,0.580457,2.913624,1.258706,0.087289,0.281565,3,False,False,0.58251953125,95,150,False,0.013428286291917172,False
7,four_circle,293,outputs/multi_batch/batch_7/four_circle/sample_0293/iteration_00150.png,-0.435211238122235,-0.4392387427722627,0.504087,0.9967422296056464,True,0.52756,3.409135,1.058884,0.118106,0.38064,2,False,False,0.497802734375,150,150,True,0.009531563374967779,False
7,four_circle,294,outputs/multi_batch/batch_7/four_circle/sample_0294/iteration_00150.png,-0.483791583814845,-0.4588722411491381,0.555731,0.6072783940879649,True,0.555731,3.360795,1.089156,0.096966,0.369174,2,False,False,0.570556640625,150,150,True,0.018243453543879826,False
7,four_circle,295,outputs/multi_batch/batch_7/four_circle/sample_0295/iteration_00150.png,-0.1095827098886921,-0.1491158826682672,0.519483,1.0151419670188655,True,0.532687,2.752675,1.250248,0.083275,0.374094,2,False,False,0.526611328125,150,150,True,0.0007864300145083116,False
7,four_circle,296,outputs/multi_batch/batch_7/four_circle/sample_0296/iteration_00150.png,-0.3783545792841483,-0.366097695376739,0.514215,0.6497863029323152,True,0.514214,3.448431,1.169497,0.150869,0.290767,2,False,False,0.518798828125,150,150,True,0.004996767303058307,False
7,four_circle,298,outputs/multi_batch/batch_7/four_circle/sample_0298/iteration_00150.png,-0.2903418994634484,-0.2903332867243209,0.534433,0.6276515185980265,True,0.534433,2.934157,1.187588,0.113894,0.358134,2,False,False,0.542724609375,150,150,True,0.0001613154831459445,False
7,four_circle,301,outputs/multi_batch/batch_7/four_circle/sample_0301/iteration_00131.png,-0.4310000905600897,-0.4237912488972505,0.542388,0.4615642294826818,True,0.542388,3.257947,1.183205,0.080932,0.306314,2,False,False,0.53759765625,131,150,False,0.0023783643946331747,False
7,four_circle,302,outputs/multi_batch/batch_7/four_circle/sample_0302/iteration_00150.png,0.001301902382989,0.00101312828285,0.428019,1.4618333050510262,True,0.509097,3.587245,1.235319,0.112272,0.315073,6,False,False,0.423583984375,150,150,True,1.0299440605462322,True
7,four_circle,303,outputs/multi_batch/batch_7/four_circle/sample_0303/iteration_00068.png,-0.3057717644580315,-0.3048649003017014,0.518754,0.6772315754907061,True,0.518754,3.225183,1.265848,0.151994,0.372064,2,False,False,0.52490234375,68,150,False,0.0010329391926293487,False
7,four_circle,306,outputs/multi_batch/batch_7/four_circle/sample_0306/iteration_00150.png,-0.3820237507523962,-0.3820251087267188,0.562149,0.5239578550414267,True,0.562149,3.604428,1.147137,0.074849,0.375269,3,False,False,0.564697265625,150,150,True,0.0020760415416956226,False
7,four_circle,309,outputs/multi_batch/batch_7/four_circle/sample_0309/iteration_00150.png,0.0239920084768498,0.0350343328139274,0.305924,1.6075041379264772,True,0.507906,3.465595,1.197297,0.130293,0.287207,4,False,False,0.31201171875,150,150,True,0.01355191256830605,False
7,four_circle,315,outputs/multi_batch/batch_7/four_circle/sample_0315/iteration_00150.png,-0.3013339894319816,-0.3123583033177555,0.506896,0.8283702078092954,True,0.506895,2.669011,1.2276,0.110372,0.336151,5,False,False,0.5048828125,150,150,True,0.053111449135307576,False
7,four_circle,317,outputs/multi_batch/batch_7/four_circle/sample_0317/iteration_00150.png,-0.3758567705320136,-0.3599324881434213,0.538889,0.6803084016280678,True,0.53889,2.547418,1.164801,0.142729,0.308498,2,False,False,0.54248046875,150,150,True,0.004246588427620922,False
7,four_circle,318,outputs/multi_batch/batch_7/four_circle/sample_0318/iteration_00150.png,-0.0094539547107133,-0.0181979850536447,0.442788,1.5638681547386208,True,0.515021,3.135909,1.192693,0.095961,0.332121,5,False,False,0.447998046875,150,150,True,3.671498671948859,True
7,four_circle,321,outputs/multi_batch/batch_7/four_circle/sample_0321/iteration_00150.png,-0.3150474920761146,-0.3352789435926196,0.553072,0.722917086831186,True,0.589562,2.623864,1.143648,0.087075,0.342471,4,False,False,0.545654296875,150,150,True,0.00014872311711002265,False
7,four_circle,323,outputs/multi_batch/batch_7/four_circle/sample_0323/iteration_00150.png,-0.3747888816583795,-0.3854452563282274,0.54117,1.1928692349516596,True,0.553728,2.834407,1.081196,0.07777,0.360139,2,False,False,0.5322265625,150,150,True,0.005560104114477075,False
7,four_circle,324,outputs/multi_batch/batch_7/four_circle/sample_0324/iteration_00150.png,0.0457587208065927,0.0403584263596673,0.479934,1.2747977732506244,True,0.577411,2.726701,1.118158,0.089958,0.350629,5,False,False,0.474365234375,150,150,True,0.006374111301789668,False
7,four_circle,327,outputs/multi_batch/batch_7/four_circle/sample_0327/iteration_00150.png,-0.1155043968582149,-0.124833338957316,0.494183,1.5809965072545704,True,0.533897,3.560869,1.126176,0.115365,0.334594,6,False,False,0.501953125,150,150,True,0.43590368118601824,True
7,four_circle,328,outputs/multi_batch/batch_7/four_circle/sample_0328/iteration_00150.png,-0.188713711784368,-0.179481846949871,0.549756,0.7545620272557334,True,0.549756,2.996937,1.174469,0.152757,0.376187,2,False,False,0.564453125,150,150,True,0.014894413486962597,False
7,four_circle,329,outputs/multi_batch/batch_7/four_circle/sample_0329/iteration_00150.png,-0.3033075535693556,-0.3359460039151347,0.537227,1.051168248408337,True,0.537228,3.572894,1.269608,0.144607,0.3859,2,False,False,0.54345703125,150,150,True,0.002268920329328932,False
7,four_circle,330,outputs/multi_batch/batch_7/four_circle/sample_0330/iteration_00150.png,-0.4733153575371963,-0.393836940436741,0.533029,0.7740191839157619,True,0.579684,3.514354,1.153694,0.138575,0.387981,2,False,False,0.541259765625,150,150,True,0.0013938241780416753,False
7,four_circle,332,outputs/multi_batch/batch_7/four_circle/sample_0332/iteration_00150.png,-0.015053189034012,-0.2323159260042276,0.311259,1.9989235476406817,True,0.545274,2.848974,1.085605,0.131846,0.316134,21,False,False,0.324462890625,150,150,True,8.693306849959491,True
7,four_circle,335,outputs/multi_batch/batch_7/four_circle/sample_0335/iteration_00150.png,-0.2758849405578457,-0.2791305882904639,0.45142,0.9835579060827724,True,0.498016,3.400498,1.205495,0.117158,0.309402,2,False,False,0.454345703125,150,150,True,0.00023839452126049476,False
7,four_circle,339,outputs/multi_batch/batch_7/four_circle/sample_0339/iteration_00150.png,0.2047109861421215,0.1645187480927533,0.499769,1.9322239445169085,True,0.58353,3.673108,1.262788,0.098578,0.328559,3,False,False,0.513671875,150,150,True,2.9477618749971484,True
7,four_circle,343,outputs/multi_batch/batch_7/four_circle/sample_0343/iteration_00143.png,-0.1980647418624372,-0.2235197419990358,0.503809,1.263739910748196,True,0.503809,3.082189,1.25272,0.123581,0.376958,4,False,False,0.50927734375,143,150,False,0.027514584119208665,False
7,four_circle,349,outputs/multi_batch/batch_7/four_circle/sample_0349/iteration_00132.png,-0.5066691459953071,-0.5046519372947482,0.524439,0.9571209637677336,True,0.56547,3.243788,1.066973,0.111314,0.326986,3,False,False,0.52734375,132,150,False,0.13148721582144365,False
7,four_circle,351,outputs/multi_batch/batch_7/four_circle/sample_0351/iteration_00150.png,0.0968630988159265,0.0968630988164163,0.582271,1.2734600429663,True,0.588903,3.169019,1.175136,0.126393,0.355484,25,False,False,0.5625,150,150,True,0.0663307646710136,False
7,four_circle,352,outputs/multi_batch/batch_7/four_circle/sample_0352/iteration_00150.png,-0.3830502310409377,-0.3830502310412609,0.544985,0.635733208599478,True,0.546444,3.275462,1.092017,0.141038,0.313584,7,False,False,0.5439453125,150,150,True,0.011934604269901625,False
7,four_circle,353,outputs/multi_batch/batch_7/four_circle/sample_0353/iteration_00150.png,-0.3635703662396306,-0.3658254349359218,0.567984,0.3954919552503787,True,0.567984,2.700221,1.25413,0.105652,0.354559,3,False,False,0.578125,150,150,True,0.0008863953949152676,False
7,four_circle,354,outputs/multi_batch/batch_7/four_circle/sample_0354/iteration_00150.png,-0.3978459998614441,-0.3979181940214729,0.504872,0.633498257100315,True,0.504871,2.943893,1.109265,0.074254,0.296839,3,False,False,0.51123046875,150,150,True,0.011766347049591657,False
7,four_circle,356,outputs/multi_batch/batch_7/four_circle/sample_0356/iteration_00150.png,-0.4392855403912808,-0.437990296816221,0.564116,1.1067498289485873,True,0.578819,3.43599,1.101032,0.149316,0.346661,5,False,False,0.568603515625,150,150,True,0.13667504949486317,False
7,four_circle,357,outputs/multi_batch/batch_7/four_circle/sample_0357/iteration_00150.png,-0.288348046609971,-0.3033874738598741,0.554339,0.777201472152828,True,0.554338,3.474559,1.179262,0.081253,0.290348,3,False,False,0.537841796875,150,150,True,0.0054705125524025615,False
7,four_circle,360,outputs/multi_batch/batch_7/four_circle/sample_0360/iteration_00150.png,0.0123200920056381,0.0108607073038729,0.228582,1.910014512615927,True,0.522325,3.546249,1.240478,0.077959,0.297712,3,False,False,0.2294921875,150,150,True,3.303431122147168,True
7,four_circle,362,outputs/multi_batch/batch_7/four_circle/sample_0362/iteration_00150.png,-0.4465033667579484,-0.4503768049569858,0.502864,0.9099915740491265,True,0.502865,2.86533,1.09028,0.146692,0.342825,2,False,False,0.49365234375,150,150,True,0.05216883657283861,False
7,four_circle,366,outputs/multi_batch/batch_7/four_circle/sample_0366/iteration_00150.png,-0.4475935980276585,-0.4544999630551967,0.519271,0.7039003040213296,True,0.51927,3.163901,1.256367,0.132742,0.283836,2,False,False,0.511962890625,150,150,True,0.008909660365741486,False
7,four_circle,368,outputs/multi_batch/batch_7/four_circle/sample_0368/iteration_00150.png,-0.4028068462895984,-0.4332212882103426,0.478567,0.9823461377597718,True,0.578026,3.339532,1.157047,0.075846,0.321039,6,False,False,0.47705078125,150,150,True,0.001908660908294527,False
7,four_circle,370,outputs/multi_batch/batch_7/four_circle/sample_0370/iteration_00150.png,-0.4548498741198964,-0.4254484152361664,0.549101,0.9170896706505058,True,0.551949,3.692656,1.208995,0.114752,0.341373,2,False,False,0.555419921875,150,150,True,0.0018586218549354245,False
7,four_circle,372,outputs/multi_batch/batch_7/four_circle/sample_0372/iteration_00150.png,-0.3200770463959658,-0.3191011386375314,0.492871,1.242442580784071,True,0.55913,3.286124,1.069109,0.08434,0.339937,4,False,False,0.5,150,150,True,0.13061632046201477,False
7,four_circle,374,outputs/multi_batch/batch_7/four_circle/sample_0374/iteration_00150.png,-0.3510455215764033,-0.34972641958796,0.493282,0.656358102830107,True,0.531166,2.650754,1.233902,0.150048,0.283405,5,False,False,0.486328125,150,150,True,0.0003977543923450149,False
7,four_circle,375,outputs/multi_batch/batch_7/four_circle/sample_0375/iteration_00150.png,-0.163442231321353,-0.1621235354713183,0.464687,1.0181555318849478,True,0.511307,3.148501,1.145451,0.135589,0.312214,11,False,False,0.46826171875,150,150,True,0.0016249920119775743,False
7,four_circle,378,outputs/multi_batch/batch_7/four_circle/sample_0378/iteration_00150.png,-0.3302869442834621,-0.2882941942009577,0.500162,1.0142221811625616,True,0.500162,2.884696,1.148925,0.128193,0.3015,2,False,False,0.510009765625,150,150,True,0.018071997482266858,False
7,four_circle,379,outputs/multi_batch/batch_7/four_circle/sample_0379/iteration_00150.png,0.0007760789302012,0.0002540638979083,0.211344,1.9968694538742715,True,0.516385,3.504244,1.056337,0.128996,0.330088,22,False,False,0.2138671875,150,150,True,2.591367398256878,True
7,four_circle,381,outputs/multi_batch/batch_7/four_circle/sample_0381/iteration_00150.png,0.1237781869983537,0.1237781878882452,0.584143,1.3887259601282622,True,0.591796,2.537111,1.244652,0.140364,0.321849,4,False,False,0.6201171875,150,150,True,0.049648681168407136,False
7,four_circle,383,outputs/multi_batch/batch_7/four_circle/sample_0383/iteration_00150.png,-0.2893572884247512,-0.289549995391924,0.557021,0.7468102908173655,True,0.557021,3.654519,1.2821,0.139414,0.292821,2,False,False,0.5693359375,150,150,True,0.005359619288376568,False
7,grid_circular_voids,387,outputs/multi_batch/batch_7/grid_circular_voids/sample_0387/iteration_00150.png,-0.3718940919089916,-0.3845622585879026,0.564383,0.4050282884736497,True,0.564384,3.099241,1.230149,0.139436,0.342415,2,False,False,0.57470703125,150,150,True,0.0008692675294236084,False
7,grid_circular_voids,393,outputs/multi_batch/batch_7/grid_circular_voids/sample_0393/iteration_00080.png,-0.4404422627962422,-0.4251690462742873,0.5667,0.3083516909788086,True,0.5667,2.885918,1.223825,0.092597,0.386466,2,False,False,0.5712890625,80,150,False,0.037092801665244673,False
7,grid_circular_voids,398,outputs/multi_batch/batch_7/grid_circular_voids/sample_0398/iteration_00150.png,-0.4560267347006042,-0.4533459526350773,0.581734,0.094563315868504,True,0.581733,2.626151,1.072944,0.100755,0.33722,2,False,False,0.57861328125,150,150,True,0.0005514046431553779,False
7,grid_circular_voids,402,outputs/multi_batch/batch_7/grid_circular_voids/sample_0402/iteration_00150.png,-0.4253141583632187,-0.4310061744014515,0.504551,0.4627185426894393,True,0.504551,2.617483,1.200965,0.14682,0.378251,2,False,False,0.512939453125,150,150,True,0.0005090310792795198,False
7,grid_circular_voids,404,outputs/multi_batch/batch_7/grid_circular_voids/sample_0404/iteration_00150.png,-0.4552410556374201,-0.478694176345318,0.545888,0.1658841889916965,True,0.545887,3.063272,1.053643,0.116019,0.3837,2,False,False,0.55078125,150,150,True,0.005238925943428755,False
7,grid_circular_voids,407,outputs/multi_batch/batch_7/grid_circular_voids/sample_0407/iteration_00150.png,-0.4456719315264589,-0.4393755108347467,0.544921,0.3484950090035252,True,0.544921,3.579816,1.108767,0.105559,0.3693,2,False,False,0.551025390625,150,150,True,0.0028701368543637353,False
7,grid_circular_voids,410,outputs/multi_batch/batch_7/grid_circular_voids/sample_0410/iteration_00150.png,-0.3729013177153416,-0.3737370038540868,0.568329,0.4781737521786413,True,0.568329,2.872947,1.243709,0.107805,0.336338,3,False,False,0.568603515625,150,150,True,0.0027245157941116023,False
7,grid_circular_voids,411,outputs/multi_batch/batch_7/grid_circular_voids/sample_0411/iteration_00101.png,-0.3876068991523338,-0.4069361088344455,0.524388,0.3292644627069355,True,0.524388,3.183779,1.254308,0.112284,0.352374,2,False,False,0.529052734375,101,150,False,0.0003627483201987198,False
7,grid_circular_voids,412,outputs/multi_batch/batch_7/grid_circular_voids/sample_0412/iteration_00129.png,-0.4627839276022611,-0.4693024774074636,0.516865,0.2055888098491036,True,0.516864,2.609242,1.142692,0.088423,0.359002,2,False,False,0.518798828125,129,150,False,0.0014651921381544238,False
7,grid_circular_voids,413,outputs/multi_batch/batch_7/grid_circular_voids/sample_0413/iteration_00150.png,-0.4880992780479748,-0.4799763911292996,0.515299,0.17858485569708,True,0.515299,2.812228,1.132671,0.075347,0.286736,2,False,False,0.529296875,150,150,True,0.003342665964080288,False
7,grid_circular_voids,418,outputs/multi_batch/batch_7/grid_circular_voids/sample_0418/iteration_00125.png,-0.3855481016647196,-0.3790050737595539,0.538156,0.530159315955094,True,0.538156,3.037133,1.12427,0.132436,0.346174,3,False,False,0.538330078125,125,150,False,0.015671852906941237,False
7,grid_circular_voids,419,outputs/multi_batch/batch_7/grid_circular_voids/sample_0419/iteration_00150.png,-0.304839377006873,-0.3218579237777238,0.56343,0.5074681982413035,True,0.56343,2.645417,1.11725,0.084005,0.295236,2,False,False,0.573974609375,150,150,True,0.013414777643640812,False
7,grid_circular_voids,422,outputs/multi_batch/batch_7/grid_circular_voids/sample_0422/iteration_00127.png,-0.52132383873042,-0.5225259942196531,0.587223,0.2242636392903072,True,0.587223,3.141423,1.127661,0.127196,0.318731,2,False,False,0.589599609375,127,150,False,0.001986375037950786,False
7,grid_circular_voids,430,outputs/multi_batch/batch_7/grid_circular_voids/sample_0430/iteration_00150.png,-0.3909798061399571,-0.3846775255546745,0.553601,0.505706879317961,True,0.5536,3.201333,1.273766,0.123196,0.311364,3,False,False,0.558349609375,150,150,True,0.005547439667766056,False
7,grid_circular_voids,433,outputs/multi_batch/batch_7/grid_circular_voids/sample_0433/iteration_00150.png,-0.4287026499620796,-0.4125467737928577,0.548549,0.2817614815099518,True,0.548549,3.049635,1.237778,0.111366,0.307589,2,False,False,0.54638671875,150,150,True,0.0018811591102512804,False
7,grid_circular_voids,434,outputs/multi_batch/batch_7/grid_circular_voids/sample_0434/iteration_00150.png,-0.3506293016364987,-0.3179439920852774,0.541045,0.8413142307375915,True,0.541046,3.208872,1.176138,0.133251,0.326464,2,False,False,0.549072265625,150,150,True,0.0006257724378529691,False
7,grid_circular_voids,435,outputs/multi_batch/batch_7/grid_circular_voids/sample_0435/iteration_00150.png,-0.3890790769093277,-0.4106880651238332,0.511787,0.7982004341427176,True,0.511786,2.956883,1.180576,0.103924,0.37182,4,False,False,0.515625,150,150,True,0.03638474713100537,False
7,grid_circular_voids,436,outputs/multi_batch/batch_7/grid_circular_voids/sample_0436/iteration_00150.png,-0.4066463346292022,-0.4114920568242846,0.530591,0.3092776458984665,True,0.530592,3.670474,1.277582,0.082128,0.372883,2,False,False,0.5380859375,150,150,True,0.006113721592635427,False
7,grid_circular_voids,437,outputs/multi_batch/batch_7/grid_circular_voids/sample_0437/iteration_00150.png,-0.4630495795844067,-0.4209021927882046,0.521751,0.5522714696803632,True,0.521751,3.529482,1.115001,0.083063,0.303967,4,False,False,0.526611328125,150,150,True,0.05279697527608931,False
7,grid_circular_voids,439,outputs/multi_batch/batch_7/grid_circular_voids/sample_0439/iteration_00150.png,-0.4202956696151607,-0.4140406300269154,0.537905,0.2587953618475634,True,0.537905,3.492689,1.1665,0.081089,0.33322,2,False,False,0.5419921875,150,150,True,0.008848134710944032,False
7,grid_circular_voids,442,outputs/multi_batch/batch_7/grid_circular_voids/sample_0442/iteration_00150.png,-0.5131001267378885,-0.5562680052834803,0.533572,1.109664079271822,True,0.539379,3.698882,1.191904,0.115813,0.364996,5,False,False,0.539306640625,150,150,True,0.10591868400289572,False
7,grid_circular_voids,448,outputs/multi_batch/batch_7/grid_circular_voids/sample_0448/iteration_00142.png,-0.4496971623398648,-0.4514686993040172,0.566344,0.2487050090420469,True,0.566345,3.265949,1.136124,0.10241,0.324215,2,False,False,0.572021484375,142,150,False,0.0069784018462857155,False
7,grid_circular_voids,449,outputs/multi_batch/batch_7/grid_circular_voids/sample_0449/iteration_00150.png,-0.4298045343748035,-0.4215812260222352,0.558426,0.1582570113950594,True,0.558426,3.121252,1.217849,0.097136,0.3305,2,False,False,0.557861328125,150,150,True,0.004058695877539581,False
7,grid_circular_voids,454,outputs/multi_batch/batch_7/grid_circular_voids/sample_0454/iteration_00150.png,-0.4154405380737613,-0.4071423226394173,0.580078,0.2414706127008612,True,0.580077,2.891965,1.268714,0.153209,0.388071,2,False,False,0.583251953125,150,150,True,0.0005717601648687636,False
7,grid_circular_voids,456,outputs/multi_batch/batch_7/grid_circular_voids/sample_0456/iteration_00150.png,-0.1683237537200445,-0.1741811475814189,0.498759,0.6701874568053443,True,0.498758,3.638246,1.063753,0.108466,0.309239,3,False,False,0.50146484375,150,150,True,0.07620771264650315,False
7,grid_circular_voids,458,outputs/multi_batch/batch_7/grid_circular_voids/sample_0458/iteration_00150.png,-0.4309402125080012,-0.4478299153580518,0.569586,0.2152388328653354,True,0.569586,3.279368,1.154041,0.13848,0.28842,2,False,False,0.57861328125,150,150,True,0.008002192470619876,False
7,grid_circular_voids,460,outputs/multi_batch/batch_7/grid_circular_voids/sample_0460/iteration_00150.png,-0.4900009444793686,-0.4871491272323891,0.582951,0.1289869419590903,True,0.582951,2.701337,1.086801,0.076474,0.301626,4,False,False,0.584716796875,150,150,True,0.0019463107628540357,False
7,grid_circular_voids,461,outputs/multi_batch/batch_7/grid_circular_voids/sample_0461/iteration_00150.png,-0.3563308497168675,-0.3635757710537539,0.502307,0.4685689035369481,True,0.502307,2.659613,1.098017,0.085633,0.362095,2,False,False,0.515625,150,150,True,0.0014790460769073942,False
7,grid_circular_voids,462,outputs/multi_batch/batch_7/grid_circular_voids/sample_0462/iteration_00119.png,-0.4081309148713566,-0.4253937950175637,0.544174,0.1810795547746133,True,0.544173,2.55776,1.211971,0.077264,0.335661,2,False,False,0.539306640625,119,150,False,0.0019934377984424283,False
7,grid_circular_voids,469,outputs/multi_batch/batch_7/grid_circular_voids/sample_0469/iteration_00150.png,-0.40815277108072,-0.1911063356025081,0.396191,1.828294046844384,True,0.500866,3.403486,1.067154,0.101918,0.329752,8,False,False,0.388427734375,150,150,True,0.26847979494603513,True
7,grid_circular_voids,472,outputs/multi_batch/batch_7/grid_circular_voids/sample_0472/iteration_00150.png,-0.4151598965600019,-0.4329607782663932,0.509926,0.4302840398259443,True,0.509926,3.335016,1.182849,0.117175,0.328039,2,False,False,0.511962890625,150,150,True,0.0009640319904760002,False
7,grid_circular_voids,474,outputs/multi_batch/batch_7/grid_circular_voids/sample_0474/iteration_00150.png,-0.4097054708887206,-0.4214557182035726,0.540928,0.2879534783504202,True,0.540929,3.139031,1.226171,0.097434,0.293713,2,False,False,0.538330078125,150,150,True,0.000472259443758775,False
7,nine_circle,675,outputs/multi_batch/batch_7/nine_circle/sample_0675/iteration_00119.png,-0.4462196170458056,-0.4624998511876962,0.584836,0.2223941755408457,True,0.584836,3.434749,1.226533,0.074357,0.361989,2,False,False,0.58740234375,119,150,False,0.003791384536376041,False
7,nine_circle,677,outputs/multi_batch/batch_7/nine_circle/sample_0677/iteration_00150.png,-0.4768960424689173,-0.460686287878863,0.583679,0.0863258556402486,True,0.583679,3.511293,1.080552,0.123223,0.356361,2,False,False,0.575927734375,150,150,True,0.022947054758344836,False
7,nine_circle,679,outputs/multi_batch/batch_7/nine_circle/sample_0679/iteration_00150.png,-0.4290567224697814,-0.446911219999582,0.527268,0.3849995942372697,True,0.527268,3.71141,1.096387,0.114137,0.287687,2,False,False,0.530517578125,150,150,True,0.007068028902564179,False
7,nine_circle,680,outputs/multi_batch/batch_7/nine_circle/sample_0680/iteration_00150.png,-0.4565008048285618,-0.4520349609571998,0.544084,0.2101263737954722,True,0.544085,3.140825,1.138832,0.084957,0.310478,2,False,False,0.556396484375,150,150,True,0.00875389355839961,False
7,nine_circle,682,outputs/multi_batch/batch_7/nine_circle/sample_0682/iteration_00150.png,-0.4132082988397599,-0.4156132719200274,0.501087,0.4350920310084106,True,0.501086,2.772663,1.110742,0.151182,0.388397,2,False,False,0.506103515625,150,150,True,0.007827716175428396,False
7,nine_circle,684,outputs/multi_batch/batch_7/nine_circle/sample_0684/iteration_00150.png,-0.4653680595345524,-0.4698145944492859,0.518975,0.1961000960286792,True,0.518976,2.629549,1.235577,0.145549,0.347733,2,False,False,0.51171875,150,150,True,0.0003451408667795318,False
7,nine_circle,687,outputs/multi_batch/batch_7/nine_circle/sample_0687/iteration_00150.png,-0.4507517900081835,-0.4435039381847473,0.533962,0.264548353855329,True,0.533962,3.238162,1.222017,0.082,0.35527,2,False,False,0.544677734375,150,150,True,0.0023257673537130995,False
7,nine_circle,689,outputs/multi_batch/batch_7/nine_circle/sample_0689/iteration_00150.png,-0.4477692936036175,-0.4468028247725895,0.561784,0.2361858812482865,True,0.561785,3.548502,1.175233,0.073226,0.302147,2,False,False,0.56640625,150,150,True,0.002927102352310738,False
7,nine_circle,692,outputs/multi_batch/batch_7/nine_circle/sample_0692/iteration_00085.png,-0.4434251907390961,-0.440755303745271,0.558909,0.4052110173395797,True,0.558909,3.02255,1.213658,0.148857,0.291525,2,False,False,0.56591796875,85,150,False,0.00045216611188210817,False
7,nine_circle,693,outputs/multi_batch/batch_7/nine_circle/sample_0693/iteration_00150.png,-0.4701937922460182,-0.4718019402023718,0.587095,0.338670600234586,True,0.587095,3.173699,1.096107,0.083898,0.342184,2,False,False,0.581298828125,150,150,True,0.0088021743288741,False
7,nine_circle,696,outputs/multi_batch/batch_7/nine_circle/sample_0696/iteration_00150.png,-0.4000349003066812,-0.4001173932397423,0.581328,0.5089764268291275,True,0.581329,3.459802,1.196785,0.131425,0.2924,2,False,False,0.58642578125,150,150,True,0.001115281009022362,False
7,nine_circle,698,outputs/multi_batch/batch_7/nine_circle/sample_0698/iteration_00150.png,-0.3537449072630448,-0.3522996602039787,0.546654,0.3941926062885058,True,0.546653,2.97936,1.244109,0.135509,0.38157,2,False,False,0.55615234375,150,150,True,0.004385465851665858,False
7,nine_circle,702,outputs/multi_batch/batch_7/nine_circle/sample_0702/iteration_00150.png,-0.4547139906977618,-0.4451181980289461,0.568496,0.3314691036834353,True,0.568495,3.043526,1.057144,0.103627,0.384165,2,False,False,0.5673828125,150,150,True,0.0089477954538366,False
7,nine_circle,703,outputs/multi_batch/batch_7/nine_circle/sample_0703/iteration_00150.png,-0.4028945944388097,-0.4026394225466506,0.516416,0.2829935585246534,True,0.516417,2.658082,1.120026,0.143101,0.385004,2,False,False,0.51904296875,150,150,True,0.002448642505985239,False
7,nine_circle,704,outputs/multi_batch/batch_7/nine_circle/sample_0704/iteration_00106.png,-0.2978669584736705,-0.2980340693943897,0.521374,0.4613397925055642,True,0.521373,3.407524,1.242649,0.153404,0.363562,2,False,False,0.537109375,106,150,False,0.0014253417055986215,False
7,nine_circle,705,outputs/multi_batch/batch_7/nine_circle/sample_0705/iteration_00150.png,-0.4102441786008593,-0.4432117601657991,0.508795,0.4229886389696236,True,0.508795,3.314907,1.211154,0.123956,0.360573,2,False,False,0.50390625,150,150,True,0.007784506318932752,False
7,nine_circle,708,outputs/multi_batch/batch_7/nine_circle/sample_0708/iteration_00150.png,-0.3034205678827655,-0.3023042935920324,0.565183,0.4694481763429958,True,0.565183,3.05632,1.091952,0.101325,0.322092,2,False,False,0.567626953125,150,150,True,0.0020431549136808486,False
7,nine_circle,714,outputs/multi_batch/batch_7/nine_circle/sample_0714/iteration_00150.png,-0.379367544548597,-0.3593040614714218,0.50677,0.9542842086056424,True,0.50677,2.826448,1.070349,0.106221,0.349458,3,False,False,0.51611328125,150,150,True,0.009231956129871195,False
7,nine_circle,718,outputs/multi_batch/batch_7/nine_circle/sample_0718/iteration_00150.png,-0.4426693915431144,-0.4500743642971603,0.548073,0.3228796282485747,True,0.548073,3.612718,1.127263,0.108183,0.311392,2,False,False,0.549560546875,150,150,True,0.0007049432059015406,False
7,nine_circle,719,outputs/multi_batch/batch_7/nine_circle/sample_0719/iteration_00090.png,-0.4382351302480397,-0.4377228836677637,0.576992,0.2675212965341701,True,0.576991,2.933341,1.170166,0.114974,0.377376,2,False,False,0.582275390625,90,150,False,0.003701559908915092,False
7,nine_circle,724,outputs/multi_batch/batch_7/nine_circle/sample_0724/iteration_00150.png,-0.3740518455419208,-0.3865277160598475,0.541207,0.4630133896994668,True,0.541206,3.535787,1.133624,0.13353,0.382524,3,False,False,0.5498046875,150,150,True,0.0063891887441207525,False
7,nine_circle,725,outputs/multi_batch/batch_7/nine_circle/sample_0725/iteration_00150.png,-0.3640890299263477,-0.3574782393714877,0.539291,0.4091907347770176,True,0.53929,3.08233,1.136396,0.152383,0.313643,2,False,False,0.538818359375,150,150,True,0.010829175881730298,False
7,nine_circle,728,outputs/multi_batch/batch_7/nine_circle/sample_0728/iteration_00150.png,-0.4372609297046154,-0.4357390211392941,0.55829,0.1122080614541638,True,0.55829,2.713142,1.10423,0.105354,0.32515,2,False,False,0.5595703125,150,150,True,0.0027846796096112443,False
7,nine_circle,729,outputs/multi_batch/batch_7/nine_circle/sample_0729/iteration_00150.png,-0.4608098194703957,-0.4509432010917035,0.529511,0.2608225634452574,True,0.52951,2.558322,1.232281,0.09888,0.380802,2,False,False,0.527099609375,150,150,True,0.0021952700274235084,False
7,nine_circle,731,outputs/multi_batch/batch_7/nine_circle/sample_0731/iteration_00099.png,-0.366962735832797,-0.3561300221839819,0.585563,0.4439955532602215,True,0.585563,3.400754,1.102938,0.145728,0.289909,4,False,False,0.583740234375,99,150,False,0.0010739208251192914,False
7,nine_circle,732,outputs/multi_batch/batch_7/nine_circle/sample_0732/iteration_00150.png,-0.4812919659518951,-0.4879616762006035,0.543887,0.2183108666869812,True,0.543887,3.519232,1.189898,0.136788,0.285055,2,False,False,0.5458984375,150,150,True,0.0008444500233935286,False
7,nine_circle,733,outputs/multi_batch/batch_7/nine_circle/sample_0733/iteration_00150.png,-0.4795479449815895,-0.4621441443012887,0.566002,0.1745105767546394,True,0.566003,3.121446,1.115158,0.12855,0.330763,2,False,False,0.5595703125,150,150,True,0.016809951986897137,False
7,nine_circle,736,outputs/multi_batch/batch_7/nine_circle/sample_0736/iteration_00150.png,-0.4584158279561753,-0.4910790170286919,0.590926,0.4624435391968,True,0.590926,2.593348,1.218193,0.102103,0.303379,8,False,False,0.58203125,150,150,True,0.020491714708305325,False
7,nine_circle,740,outputs/multi_batch/batch_7/nine_circle/sample_0740/iteration_00150.png,-0.2639081978970187,-0.2662831716197,0.525343,0.5595582547620606,True,0.525344,2.694942,1.17825,0.122573,0.369016,3,False,False,0.526123046875,150,150,True,0.020062379017717326,False
7,nine_circle,741,outputs/multi_batch/batch_7/nine_circle/sample_0741/iteration_00150.png,-0.4287458857765546,-0.4252352689156038,0.532412,0.3213547298956717,True,0.532412,3.696075,1.08642,0.089309,0.33454,3,False,False,0.53466796875,150,150,True,0.015727495757852223,False
7,nine_circle,743,outputs/multi_batch/batch_7/nine_circle/sample_0743/iteration_00150.png,-0.4808670520754266,-0.4947130430535746,0.589305,0.2619909879047848,True,0.589305,2.539161,1.065951,0.094771,0.308553,5,False,False,0.59521484375,150,150,True,0.002430789162887814,False
7,nine_circle,745,outputs/multi_batch/batch_7/nine_circle/sample_0745/iteration_00150.png,-0.4329709529695134,-0.4338512513832347,0.505647,0.2877455253901397,True,0.505646,3.132781,1.158283,0.076283,0.299536,2,False,False,0.509033203125,150,150,True,0.0035126469145519063,False
7,nine_circle,746,outputs/multi_batch/batch_7/nine_circle/sample_0746/iteration_00150.png,-0.3779588587239793,-0.4096708627956466,0.523953,0.5072067206607028,True,0.523953,3.445776,1.146208,0.090911,0.337436,2,False,False,0.531982421875,150,150,True,0.007193628364627265,False
7,nine_circle,750,outputs/multi_batch/batch_7/nine_circle/sample_0750/iteration_00150.png,-0.4351063405667643,-0.4578524126205493,0.572421,0.2588372413398089,True,0.57242,3.623525,1.205738,0.083056,0.327523,2,False,False,0.57470703125,150,150,True,0.014370477740572622,False
7,nine_circle,751,outputs/multi_batch/batch_7/nine_circle/sample_0751/iteration_00044.png,-0.4475197782387622,-0.4475202521535365,0.581498,0.2620264295264959,True,0.581499,2.800061,1.23949,0.12945,0.304918,4,False,False,0.583740234375,44,150,False,0.04613854351847074,False
7,nine_circle,757,outputs/multi_batch/batch_7/nine_circle/sample_0757/iteration_00150.png,-0.3735936217737843,-0.3747382662641833,0.511459,0.3608405499122745,True,0.511459,3.240861,1.184802,0.119449,0.314843,2,False,False,0.510009765625,150,150,True,0.007104979489095463,False
7,nine_circle,758,outputs/multi_batch/batch_7/nine_circle/sample_0758/iteration_00150.png,-0.4037970484974912,-0.4173463755319461,0.583024,0.3448562471694166,True,0.583024,3.671908,1.25002,0.134305,0.294259,2,False,False,0.587158203125,150,150,True,0.01977196384548107,False
7,nine_circle,761,outputs/multi_batch/batch_7/nine_circle/sample_0761/iteration_00118.png,-0.3908662062020835,-0.4208104227370808,0.568969,0.2662813240234546,True,0.568969,3.492636,1.281351,0.124473,0.379249,2,False,False,0.572509765625,118,150,False,0.004236220219103658,False
7,nine_circle,762,outputs/multi_batch/batch_7/nine_circle/sample_0762/iteration_00129.png,-0.4011431673565769,-0.3976001286764437,0.559915,0.2053800345175138,True,0.559916,2.578961,1.191946,0.108615,0.321021,2,False,False,0.556884765625,129,150,False,0.00300966415857175,False
7,nine_circle,765,outputs/multi_batch/batch_7/nine_circle/sample_0765/iteration_00150.png,-0.4585416944815733,-0.4633729710367157,0.518174,0.3517175716453876,True,0.518174,3.114376,1.110236,0.152169,0.378369,2,False,False,0.523681640625,150,150,True,0.00018279206390851976,False
7,small_square_cross,864,outputs/multi_batch/batch_7/small_square_cross/sample_0864/iteration_00150.png,-0.0868140823733218,-0.0590640639110789,0.429226,1.501130000701091,True,0.536207,3.199692,1.128575,0.111923,0.330112,6,False,False,0.425048828125,150,150,True,0.3406171754673978,True
7,small_square_cross,868,outputs/multi_batch/batch_7/small_square_cross/sample_0868/iteration_00150.png,-0.4466672037513163,-0.4374331527578418,0.576545,0.6468908778726102,True,0.576567,3.406986,1.257147,0.129842,0.300135,4,False,False,0.580078125,150,150,True,0.03466364235082558,False
7,small_square_cross,872,outputs/multi_batch/batch_7/small_square_cross/sample_0872/iteration_00150.png,-0.2509508799888304,-0.2461945086638669,0.53932,0.7589718767854552,True,0.539319,2.610328,1.181842,0.109682,0.360989,2,False,False,0.54052734375,150,150,True,0.012607636352641347,False
7,small_square_cross,873,outputs/multi_batch/batch_7/small_square_cross/sample_0873/iteration_00150.png,-0.3114697778094416,-0.3246415768413621,0.566352,0.7336030692727984,True,0.57927,3.367014,1.272634,0.150642,0.341142,1,True,False,0.57666015625,150,150,True,0.5133770011253942,True
7,small_square_cross,875,outputs/multi_batch/batch_7/small_square_cross/sample_0875/iteration_00150.png,-0.2138538872002332,-0.2262946738533169,0.572691,0.8046332946363244,True,0.573804,3.472592,1.16446,0.137656,0.291262,2,False,False,0.575927734375,150,150,True,0.01889780478415526,False
7,small_square_cross,878,outputs/multi_batch/batch_7/small_square_cross/sample_0878/iteration_00150.png,-0.3825020909220256,-0.3815106650537088,0.505097,0.6917152819284429,True,0.505097,2.900675,1.187366,0.118094,0.288141,2,False,False,0.518798828125,150,150,True,0.007791225229780906,False
7,small_square_cross,879,outputs/multi_batch/batch_7/small_square_cross/sample_0879/iteration_00150.png,-0.2544313584006146,-0.2563163755003316,0.590762,0.6876133991037545,True,0.590761,2.830822,1.232215,0.140311,0.383199,3,False,False,0.596435546875,150,150,True,0.038672997465454925,False
7,small_square_cross,882,outputs/multi_batch/batch_7/small_square_cross/sample_0882/iteration_00150.png,0.0203751533096968,0.0199587794958676,0.54419,0.9371646833551708,True,0.544191,3.315975,1.125015,0.086253,0.38882,1,True,False,0.539306640625,150,150,True,0.26803823354736067,True
7,small_square_cross,887,outputs/multi_batch/batch_7/small_square_cross/sample_0887/iteration_00150.png,-0.156255775540209,-0.2089615923385754,0.526466,0.8482581765105599,True,0.526465,2.84291,1.14509,0.148727,0.342697,2,False,False,0.5146484375,150,150,True,0.02902555520514368,False
7,small_square_cross,890,outputs/multi_batch/batch_7/small_square_cross/sample_0890/iteration_00150.png,-0.5601168710472441,-0.5893149235551376,0.53028,1.512022964503938,True,0.549693,3.48991,1.105015,0.139276,0.33322,9,False,False,0.531982421875,150,150,True,0.01870164715389185,False
7,small_square_cross,894,outputs/multi_batch/batch_7/small_square_cross/sample_0894/iteration_00150.png,-0.2490514907386666,-0.2590175225992234,0.519994,0.701702562400267,True,0.524385,3.719687,1.122901,0.115092,0.308019,5,False,False,0.515380859375,150,150,True,0.004433495376526054,False
7,small_square_cross,895,outputs/multi_batch/batch_7/small_square_cross/sample_0895/iteration_00150.png,-0.3181608272624139,-0.3111325118921029,0.576287,0.7041090404088761,True,0.580352,3.519482,1.201324,0.147109,0.306074,4,False,False,0.582763671875,150,150,True,0.004454886072150253,False
7,small_square_cross,896,outputs/multi_batch/batch_7/small_square_cross/sample_0896/iteration_00150.png,0.0628316982964822,0.0629083183124186,0.532494,1.086382374278281,True,0.561757,3.04938,1.25368,0.140976,0.332389,6,False,False,0.525146484375,150,150,True,0.009997717056735024,False
7,small_square_cross,900,outputs/multi_batch/batch_7/small_square_cross/sample_0900/iteration_00150.png,-0.4768707494161218,-0.478166810318341,0.531006,0.5524641465498188,True,0.531007,2.653325,1.191757,0.143962,0.324645,2,False,False,0.52880859375,150,150,True,0.005094168492912546,False
7,small_square_cross,901,outputs/multi_batch/batch_7/small_square_cross/sample_0901/iteration_00150.png,-0.3731091781155131,-0.3817031536542237,0.586721,0.3429579435568231,True,0.586721,3.656714,1.068225,0.11927,0.300888,2,False,False,0.594970703125,150,150,True,0.004126588576449703,False
7,small_square_cross,906,outputs/multi_batch/batch_7/small_square_cross/sample_0906/iteration_00150.png,-0.0079167114023357,-0.0077394506890501,0.503496,0.8441517628467683,True,0.503497,3.22662,1.061485,0.097041,0.281527,1,True,False,0.48974609375,150,150,True,0.4270685281776822,True
7,small_square_cross,913,outputs/multi_batch/batch_7/small_square_cross/sample_0913/iteration_00150.png,-0.4559660745799903,-0.4377111656219745,0.585781,0.5381618062215606,True,0.58578,2.961518,1.135586,0.087515,0.331106,2,False,False,0.580322265625,150,150,True,0.013118526991919606,False
7,small_square_cross,914,outputs/multi_batch/batch_7/small_square_cross/sample_0914/iteration_00150.png,-0.4097674374148494,-0.4267380736243815,0.551968,0.3966660072676785,True,0.551968,2.782714,1.05745,0.098504,0.350408,3,False,False,0.54833984375,150,150,True,0.011315689904455193,False
7,small_square_cross,915,outputs/multi_batch/batch_7/small_square_cross/sample_0915/iteration_00150.png,-0.4582643270570682,-0.4283426241591253,0.538316,0.5201107646911827,True,0.538317,3.023496,1.183102,0.128775,0.292266,2,False,False,0.530517578125,150,150,True,0.002977783120092805,False
7,small_square_cross,919,outputs/multi_batch/batch_7/small_square_cross/sample_0919/iteration_00150.png,-0.2632485184508845,-0.2603699637674267,0.580683,0.4930170735583802,True,0.580684,2.598595,1.074835,0.145021,0.328019,3,False,False,0.58544921875,150,150,True,0.08776726082712644,False
7,small_square_cross,924,outputs/multi_batch/batch_7/small_square_cross/sample_0924/iteration_00150.png,-0.2206325422179369,-0.2209148145706158,0.497794,0.8311066543878283,True,0.497795,3.629453,1.258798,0.107685,0.297696,3,False,False,0.498291015625,150,150,True,0.00479466530397236,False
7,small_square_cross,925,outputs/multi_batch/batch_7/small_square_cross/sample_0925/iteration_00150.png,-0.4944239828141626,-0.4707102329578013,0.535882,0.5124156602024457,True,0.535881,3.240457,1.075491,0.083263,0.322924,2,False,False,0.529541015625,150,150,True,0.005412133786172652,False
7,small_square_cross,926,outputs/multi_batch/batch_7/small_square_cross/sample_0926/iteration_00150.png,-0.2763892829090547,-0.2781299632834447,0.521509,0.7538308727591924,True,0.521509,3.400919,1.120352,0.119834,0.33558,2,False,False,0.51806640625,150,150,True,0.007671488685185136,False
7,small_square_cross,930,outputs/multi_batch/batch_7/small_square_cross/sample_0930/iteration_00150.png,-0.4235140976984358,-0.4099325859793595,0.591983,0.4307937734672654,True,0.591983,3.299518,1.154878,0.152529,0.375257,3,False,False,0.5859375,150,150,True,0.01676459039926944,False
7,small_square_cross,931,outputs/multi_batch/batch_7/small_square_cross/sample_0931/iteration_00150.png,-0.4290738721086999,-0.4416906540782512,0.537915,0.4743918561185305,True,0.537915,3.127233,1.115318,0.133708,0.357275,3,False,False,0.536865234375,150,150,True,0.010601876291467445,False
7,small_square_cross,938,outputs/multi_batch/batch_7/small_square_cross/sample_0938/iteration_00150.png,-0.1312687004770966,-0.1278628985706135,0.513673,0.9214188428152776,True,0.522712,2.632429,1.280185,0.091977,0.301999,1,True,False,0.520263671875,150,150,True,0.20767065987071126,True
7,small_square_cross,940,outputs/multi_batch/batch_7/small_square_cross/sample_0940/iteration_00150.png,-0.5118495068732876,-0.5092308772673616,0.508499,0.600188502145657,True,0.508499,2.590986,1.137976,0.151003,0.323502,2,False,False,0.51318359375,150,150,True,0.0018834174365419938,False
7,small_square_cross,943,outputs/multi_batch/batch_7/small_square_cross/sample_0943/iteration_00150.png,-0.1812415427437401,-0.2070646893754558,0.53367,1.4597999284759793,True,0.584193,2.883919,1.118213,0.08067,0.29629,4,False,False,0.52783203125,150,150,True,0.37906996976471796,True
7,small_square_cross,944,outputs/multi_batch/batch_7/small_square_cross/sample_0944/iteration_00150.png,-0.4273611834031214,-0.5129029838960071,0.539222,1.155523385324746,True,0.558942,3.126219,1.178179,0.096154,0.374222,6,False,False,0.53759765625,150,150,True,0.02502955630343364,False
7,small_square_cross,946,outputs/multi_batch/batch_7/small_square_cross/sample_0946/iteration_00150.png,-0.4671861308397922,-0.4784260837372042,0.557948,0.6129556061678009,True,0.557948,2.804226,1.151132,0.12796,0.3362,2,False,False,0.561767578125,150,150,True,0.01973974129662748,False
7,small_square_cross,947,outputs/multi_batch/batch_7/small_square_cross/sample_0947/iteration_00150.png,-0.4340811389432556,-0.4163870822196737,0.553478,0.6271658319304798,True,0.553478,3.463148,1.098042,0.084025,0.310579,4,False,False,0.546630859375,150,150,True,0.13271264589713513,False
7,small_square_cross,949,outputs/multi_batch/batch_7/small_square_cross/sample_0949/iteration_00150.png,0.066265265123359,0.0652496443926653,0.511688,1.1259579242568147,True,0.518293,3.664413,1.082449,0.123588,0.293014,6,False,False,0.513671875,150,150,True,0.008253282420804819,False
7,small_square_cross,950,outputs/multi_batch/batch_7/small_square_cross/sample_0950/iteration_00150.png,0.0737251517216124,0.0594726019880275,0.540829,1.3325665905389656,True,0.582631,3.271572,1.170912,0.078343,0.337115,4,False,False,0.54296875,150,150,True,0.13226142539351787,False
7,small_square_cross,951,outputs/multi_batch/batch_7/small_square_cross/sample_0951/iteration_00150.png,-0.0564991864742497,-0.0548192405036548,0.515417,0.9551020609550732,True,0.543341,3.639066,1.11591,0.10906,0.32002,2,False,False,0.517578125,150,150,True,0.2542070546442695,True
7,small_square_cross,954,outputs/multi_batch/batch_7/small_square_cross/sample_0954/iteration_00150.png,-0.2576147836957597,-0.2580585317859759,0.559957,0.6191146306766396,True,0.559958,3.584032,1.067599,0.136417,0.39004,1,True,False,0.56298828125,150,150,True,0.15187546370023033,True
7,square,961,outputs/multi_batch/batch_7/square/sample_0961/iteration_00150.png,-0.3716743478963701,-0.4655856421301751,0.583182,0.9213933428817204,True,0.583183,3.656075,1.115261,0.08571,0.30088,2,False,False,0.587890625,150,150,True,0.06595009125323426,False
7,square,962,outputs/multi_batch/batch_7/square/sample_0962/iteration_00150.png,-0.3626549968455332,-0.350435216261292,0.526978,0.9050455919826352,True,0.526977,3.196058,1.177441,0.078873,0.364165,2,False,False,0.521484375,150,150,True,0.07659883753126727,False
7,square,963,outputs/multi_batch/batch_7/square/sample_0963/iteration_00150.png,-0.3243193006435258,-0.2864633708083209,0.530169,1.0588677065517202,True,0.53017,2.978292,1.213203,0.118294,0.368739,3,False,False,0.5263671875,150,150,True,0.1361980408342908,False
7,square,964,outputs/multi_batch/batch_7/square/sample_0964/iteration_00150.png,-0.337424106023179,-0.3264454567826156,0.507293,0.8485016146777964,True,0.507293,2.965746,1.279317,0.139558,0.315357,2,False,False,0.505126953125,150,150,True,0.052253563372524674,False
7,square,967,outputs/multi_batch/batch_7/square/sample_0967/iteration_00150.png,-0.400900947902603,-0.3843924738504643,0.578377,0.5931360888763351,True,0.578377,2.787414,1.082067,0.080456,0.290359,3,False,False,0.595703125,150,150,True,0.03962469867430865,False
7,square,969,outputs/multi_batch/batch_7/square/sample_0969/iteration_00150.png,-0.3530325398796726,-0.3424882573295343,0.425821,1.6904230775984717,True,0.554313,3.536575,1.154886,0.147144,0.375978,5,False,False,0.4248046875,150,150,True,0.021520829743473326,False
7,square,972,outputs/multi_batch/batch_7/square/sample_0972/iteration_00150.png,-0.1353748464147847,-0.1314037838824404,0.50136,0.6649951701452913,True,0.50136,2.745262,1.088256,0.092603,0.360976,2,False,False,0.51611328125,150,150,True,0.006340390373296016,False
7,square,975,outputs/multi_batch/batch_7/square/sample_0975/iteration_00150.png,-0.4748660266497452,-0.4767338232100219,0.573967,0.357064238354785,True,0.573968,3.233506,1.131019,0.116948,0.312322,3,False,False,0.577392578125,150,150,True,0.016720481699132966,False
7,square,976,outputs/multi_batch/batch_7/square/sample_0976/iteration_00150.png,-0.3891636065437478,-0.3771602250420345,0.567891,0.5129497547968277,True,0.567891,3.630901,1.245429,0.149238,0.360727,2,False,False,0.5693359375,150,150,True,0.0003023913518123671,False
7,square,980,outputs/multi_batch/batch_7/square/sample_0980/iteration_00150.png,-0.3045542409737877,-0.2762944582712252,0.53532,0.7652954852601739,True,0.53532,3.529871,1.146207,0.124322,0.352619,2,False,False,0.53662109375,150,150,True,0.016632041360061026,False
7,square,989,outputs/multi_batch/batch_7/square/sample_0989/iteration_00150.png,-0.029328190583356,-0.0324523411868731,0.538849,1.1133058980099393,True,0.538849,3.358969,1.189661,0.097329,0.374455,2,False,False,0.541015625,150,150,True,0.25496199157197547,True
7,square,993,outputs/multi_batch/batch_7/square/sample_0993/iteration_00150.png,-0.2926641123430292,-0.2658152669528796,0.555361,0.7471184106411066,True,0.555361,3.102236,1.133831,0.106027,0.304964,2,False,False,0.54541015625,150,150,True,0.15933034446569677,True
7,square,996,outputs/multi_batch/batch_7/square/sample_0996/iteration_00150.png,-0.251062459944914,-0.269511192272874,0.533225,0.5456544354199271,True,0.533226,3.32472,1.222981,0.14253,0.383119,1,True,False,0.53271484375,150,150,True,0.2049640644114608,True
7,square,1005,outputs/multi_batch/batch_7/square/sample_1005/iteration_00150.png,-0.0933599118382845,-0.0811240749928962,0.471116,1.116500213210515,True,0.548489,3.033357,1.137654,0.140603,0.358904,7,False,False,0.46484375,150,150,True,0.0834480062151856,False
7,square,1006,outputs/multi_batch/batch_7/square/sample_1006/iteration_00150.png,-0.3967512391957888,-0.3757107971745294,0.505322,0.5695948464263365,True,0.505321,3.314717,1.21036,0.122939,0.34713,2,False,False,0.511962890625,150,150,True,0.010872662377588731,False
7,square,1007,outputs/multi_batch/batch_7/square/sample_1007/iteration_00150.png,-0.3598764278046834,-0.3391977872199679,0.565806,0.961391802562758,True,0.576788,2.712946,1.215482,0.147818,0.390065,4,False,False,0.564208984375,150,150,True,0.007305409633662451,False
7,square,1013,outputs/multi_batch/batch_7/square/sample_1013/iteration_00150.png,-0.3848641039238348,-0.3879800083479027,0.544119,0.6112658711589174,True,0.544119,3.446474,1.22864,0.087598,0.374177,2,False,False,0.533203125,150,150,True,0.01755726277528125,False
7,square,1018,outputs/multi_batch/batch_7/square/sample_1018/iteration_00150.png,-0.2789922622833549,-0.2228685022489313,0.55869,0.7447716007261557,True,0.55869,3.208884,1.183425,0.083755,0.32979,3,False,False,0.55322265625,150,150,True,0.05237723613517483,False
7,square,1019,outputs/multi_batch/batch_7/square/sample_1019/iteration_00150.png,-0.3465464324543601,-0.346544630789288,0.584949,0.5335142111771857,True,0.58811,2.839242,1.203389,0.14188,0.299991,3,False,False,0.589599609375,150,150,True,0.006660074915016935,False
7,square,1020,outputs/multi_batch/batch_7/square/sample_1020/iteration_00150.png,-0.4393562995790793,-0.432604755877831,0.523533,1.0465291707370084,True,0.523532,2.751197,1.26179,0.086511,0.381462,2,False,False,0.512451171875,150,150,True,0.0032847446877142515,False
7,square,1025,outputs/multi_batch/batch_7/square/sample_1025/iteration_00150.png,-0.1297801351993529,-0.1518736222868099,0.477202,1.5797353031515695,True,0.509916,2.768506,1.116892,0.103746,0.36537,4,False,False,0.476318359375,150,150,True,0.7045735047357546,True
7,square,1029,outputs/multi_batch/batch_7/square/sample_1029/iteration_00150.png,-0.0245854159752048,-0.0244943025030675,0.522969,1.044957382420985,True,0.52297,3.066202,1.090095,0.078187,0.306095,1,True,False,0.516845703125,150,150,True,0.5414187210730141,True
7,square,1030,outputs/multi_batch/batch_7/square/sample_1030/iteration_00150.png,-0.4398450533081395,-0.4514255635940176,0.542848,0.6403834385762501,True,0.542848,3.434284,1.259377,0.089172,0.32457,2,False,False,0.5419921875,150,150,True,0.0016551611398135165,False
7,square,1034,outputs/multi_batch/batch_7/square/sample_1034/iteration_00150.png,-0.536373608249362,-0.534090009129385,0.588474,0.567827134208356,True,0.588474,3.560301,1.263456,0.112556,0.320541,2,False,False,0.59423828125,150,150,True,0.008452983433748082,False
7,square,1036,outputs/multi_batch/batch_7/square/sample_1036/iteration_00150.png,-0.0833572698360446,-0.0828294246179218,0.571642,0.8198210437383369,True,0.571642,3.050813,1.218707,0.104331,0.294536,2,False,False,0.56494140625,150,150,True,0.21200832984490167,True
7,square,1038,outputs/multi_batch/batch_7/square/sample_1038/iteration_00150.png,-0.172921765786052,-0.1363469856820519,0.520018,0.7859501150599626,True,0.520019,3.160918,1.240192,0.120893,0.292892,2,False,False,0.526123046875,150,150,True,0.20217247530161012,True
7,square,1042,outputs/multi_batch/batch_7/square/sample_1042/iteration_00150.png,-0.3381904492146868,-0.3458909250665566,0.499215,0.6175199237208198,True,0.499214,2.824323,1.28118,0.122472,0.353272,3,False,False,0.497802734375,150,150,True,0.017987440074452413,False
7,square,1043,outputs/multi_batch/batch_7/square/sample_1043/iteration_00150.png,-0.2096661232120868,-0.223359060174294,0.499935,0.9794102227203058,True,0.499935,2.899567,1.156513,0.144488,0.338001,2,False,False,0.4921875,150,150,True,0.09927980361511342,False
7,square,1048,outputs/multi_batch/batch_7/square/sample_1048/iteration_00150.png,-0.2945093681921903,-0.3511550463480187,0.48137,1.5396320330035933,True,0.576363,3.167827,1.072908,0.099668,0.367088,9,False,False,0.479248046875,150,150,True,0.14350450443165036,False
7,square,1053,outputs/multi_batch/batch_7/square/sample_1053/iteration_00150.png,-0.3781285374637598,-0.3795687041627804,0.571165,0.4094727354170432,True,0.571218,3.185894,1.124138,0.145519,0.295182,5,False,False,0.573974609375,150,150,True,0.010273296190396701,False
8,circle,1,outputs/multi_batch/batch_8/circle/sample_0001/iteration_00150.png,-0.2907415287137189,-0.2992885412857965,0.516099,0.5743139260522585,True,0.516099,2.609422,1.129788,0.142876,0.378251,2,False,False,0.5185546875,150,150,True,0.014222752291062582,False
8,circle,6,outputs/multi_batch/batch_8/circle/sample_0006/iteration_00150.png,-0.3032298148974626,-0.2896687225875111,0.527231,0.6809993914258226,True,0.527232,2.924664,1.183206,0.117359,0.335678,2,False,False,0.52490234375,150,150,True,0.0283419272743813,False
8,circle,9,outputs/multi_batch/batch_8/circle/sample_0009/iteration_00150.png,0.0004418567395502,0.0004481738127812,0.498571,0.9620648408158672,True,0.512463,2.583661,1.158385,0.117858,0.298181,1,True,False,0.49609375,150,150,True,1.220398183723367,True
8,circle,15,outputs/multi_batch/batch_8/circle/sample_0015/iteration_00150.png,-0.0465105998005417,-0.0465088861964319,0.576539,0.8877903239970355,True,0.57654,3.562656,1.157838,0.076102,0.332045,1,True,False,0.58837890625,150,150,True,0.16249786072523575,True
8,circle,18,outputs/multi_batch/batch_8/circle/sample_0018/iteration_00150.png,-0.5091818116336815,-0.489713398817362,0.577949,0.5955972843374838,True,0.577949,3.262866,1.084261,0.110004,0.367103,3,False,False,0.574462890625,150,150,True,0.00754233990903319,False
8,circle,19,outputs/multi_batch/batch_8/circle/sample_0019/iteration_00150.png,-0.1875806905669897,-0.1877653998118658,0.569642,0.6950298549277999,True,0.569642,2.816976,1.205274,0.133088,0.35495,1,True,False,0.565673828125,150,150,True,0.1588709947843377,True
8,circle,21,outputs/multi_batch/batch_8/circle/sample_0021/iteration_00150.png,-0.4821756034891493,-0.474244464736581,0.537963,0.3673792190115619,True,0.537964,2.681952,1.139366,0.08971,0.379652,2,False,False,0.53076171875,150,150,True,0.02056775254141239,False
8,circle,23,outputs/multi_batch/batch_8/circle/sample_0023/iteration_00150.png,-0.2310518983023126,-0.2310518994236192,0.557425,0.7191828408285162,True,0.563937,3.600037,1.101685,0.101537,0.326033,2,False,False,0.557861328125,150,150,True,0.0039911231915222365,False
8,circle,25,outputs/multi_batch/batch_8/circle/sample_0025/iteration_00150.png,-0.1002870256049404,-0.1203287996187966,0.520024,0.8681770374157831,True,0.520024,3.255333,1.231301,0.114562,0.365091,1,True,False,0.517333984375,150,150,True,0.23489176322108646,True
8,circle,29,outputs/multi_batch/batch_8/circle/sample_0029/iteration_00150.png,-0.4117803784601058,-0.4406033227725014,0.575559,0.378483087811543,True,0.575559,2.643441,1.197011,0.118639,0.365576,2,False,False,0.57080078125,150,150,True,0.001955317008495821,False
8,circle,30,outputs/multi_batch/batch_8/circle/sample_0030/iteration_00150.png,-0.2968790903769585,-0.3072837219952518,0.540231,0.9784251389108112,True,0.54064,2.911512,1.080985,0.077718,0.333403,1,True,False,0.5498046875,150,150,True,0.1703381995087817,True
8,circle,33,outputs/multi_batch/batch_8/circle/sample_0033/iteration_00150.png,-0.40655269321327,-0.4148452661812934,0.508466,0.739074641393179,True,0.508467,2.941386,1.16968,0.105503,0.372619,2,False,False,0.508544921875,150,150,True,0.013453966619011062,False
8,circle,35,outputs/multi_batch/batch_8/circle/sample_0035/iteration_00150.png,-0.0233950395201629,-0.0405513577890109,0.334205,1.7654674739451668,True,0.521004,3.465838,1.088553,0.091817,0.370395,7,False,False,0.333984375,150,150,True,2.2070261932894684,True
8,circle,39,outputs/multi_batch/batch_8/circle/sample_0039/iteration_00150.png,-0.2839103031205336,-0.2776959581251239,0.56636,0.8156661358545568,True,0.566361,2.647632,1.185976,0.086187,0.320248,2,False,False,0.568603515625,150,150,True,0.00033692468136483624,False
8,circle,40,outputs/multi_batch/batch_8/circle/sample_0040/iteration_00150.png,-0.407713358037342,-0.4148228455246532,0.571268,0.5047990385626309,True,0.571268,2.775455,1.179727,0.126931,0.31685,2,False,False,0.57861328125,150,150,True,0.0024267022289737043,False
8,circle,41,outputs/multi_batch/batch_8/circle/sample_0041/iteration_00150.png,-0.4551535619837604,-0.4388581823882367,0.581319,0.4607092411963351,True,0.581318,3.423796,1.239868,0.121491,0.362801,2,False,False,0.576904296875,150,150,True,0.003474662878482801,False
8,circle,52,outputs/multi_batch/batch_8/circle/sample_0052/iteration_00150.png,-0.3157520810923708,-0.3266637798796125,0.568087,0.6715071738074628,True,0.568088,3.351337,1.234158,0.106458,0.334733,1,True,False,0.556640625,150,150,True,0.2629860814467789,True
8,circle,58,outputs/multi_batch/batch_8/circle/sample_0058/iteration_00145.png,-0.5081481914284613,-0.5260642971308426,0.537367,0.3647289270830148,True,0.537366,2.797197,1.13229,0.133987,0.356316,3,False,False,0.53125,145,150,False,0.008429012873721862,False
8,circle,61,outputs/multi_batch/batch_8/circle/sample_0061/iteration_00150.png,-0.2606447311720539,-0.2644242139349779,0.544951,0.9036472254262204,True,0.544951,3.13467,1.155862,0.104666,0.350543,3,False,False,0.548583984375,150,150,True,0.010956494717691369,False
8,circle,62,outputs/multi_batch/batch_8/circle/sample_0062/iteration_00150.png,-0.2349560361933434,-0.2117879953017844,0.52315,0.9718847413358176,True,0.52315,3.099464,1.198154,0.094051,0.312247,2,False,False,0.5166015625,150,150,True,0.006183151846770028,False
8,circle,63,outputs/multi_batch/batch_8/circle/sample_0063/iteration_00150.png,-0.3066077152733431,-0.3168341126030023,0.571483,0.7408312223352355,True,0.572815,3.383312,1.161804,0.104054,0.347325,2,False,False,0.572265625,150,150,True,0.045962600089845235,False
8,circle,67,outputs/multi_batch/batch_8/circle/sample_0067/iteration_00150.png,-0.1686257995346505,-0.1558529947005969,0.522389,0.828453227056926,True,0.522389,3.286338,1.243207,0.083312,0.30107,1,True,False,0.527587890625,150,150,True,0.3160305479092956,True
8,circle,69,outputs/multi_batch/batch_8/circle/sample_0069/iteration_00150.png,-0.5204647974066837,-0.5040090487490099,0.549673,0.6526006348582464,True,0.549674,2.867304,1.058605,0.1026,0.322683,1,True,False,0.55712890625,150,150,True,0.17818049491001445,True
8,circle,74,outputs/multi_batch/batch_8/circle/sample_0074/iteration_00150.png,-0.4253901208444848,-0.3949938983804095,0.561208,0.400877226830395,True,0.561208,3.585047,1.111493,0.080138,0.373451,4,False,False,0.5703125,150,150,True,0.020773456478879192,False
8,circle,77,outputs/multi_batch/batch_8/circle/sample_0077/iteration_00150.png,0.0601001033799432,0.0597371954934894,0.499856,1.1865129803829682,True,0.500856,3.194438,1.202709,0.135903,0.340839,2,False,False,0.499755859375,150,150,True,3.273268849940262e-05,False
8,circle,81,outputs/multi_batch/batch_8/circle/sample_0081/iteration_00150.png,-0.3445918160185665,-0.3532430970367664,0.512056,0.5432116286709165,True,0.512055,3.015331,1.144255,0.130996,0.357162,2,False,False,0.515625,150,150,True,0.011709523678178298,False
8,circle,82,outputs/multi_batch/batch_8/circle/sample_0082/iteration_00150.png,-0.2994540394242277,-0.3066094092813922,0.583896,0.5935377172910803,True,0.583896,3.65628,1.245176,0.124409,0.299523,2,False,False,0.5986328125,150,150,True,0.012716714420269703,False
8,circle,83,outputs/multi_batch/batch_8/circle/sample_0083/iteration_00150.png,-0.3650522494012435,-0.3454847993250569,0.557811,0.5383697234492726,True,0.557812,2.711393,1.100835,0.094525,0.306955,3,False,False,0.567138671875,150,150,True,0.005877782814013069,False
8,circle,84,outputs/multi_batch/batch_8/circle/sample_0084/iteration_00150.png,-0.5245343433404219,-0.4853047032044282,0.532242,0.6554731851093767,True,0.532242,3.063254,1.221842,0.098982,0.347984,2,False,False,0.531005859375,150,150,True,0.01563780099453824,False
8,circle,87,outputs/multi_batch/batch_8/circle/sample_0087/iteration_00150.png,-0.2395708657285848,-0.2336954554810377,0.540492,0.5871079176018793,True,0.540491,2.813038,1.086059,0.108759,0.310933,2,False,False,0.533447265625,150,150,True,0.02364131724430185,False
8,circle,89,outputs/multi_batch/batch_8/circle/sample_0089/iteration_00150.png,-0.8066097089506643,-0.7792224642957029,0.583031,0.6759320318244536,True,0.583031,3.035672,1.075901,0.100126,0.324966,3,False,False,0.58935546875,150,150,True,0.0013449816671938482,False
8,circle,94,outputs/multi_batch/batch_8/circle/sample_0094/iteration_00150.png,-0.2757651913767762,-0.2864188561955589,0.542646,0.7213562305929947,True,0.542645,2.745961,1.164211,0.107123,0.315035,2,False,False,0.555419921875,150,150,True,0.02638420923300062,False
8,circle_half_quarter,101,outputs/multi_batch/batch_8/circle_half_quarter/sample_0101/iteration_00150.png,-0.1666455689099528,-0.2495066384647268,0.445551,1.2888641118698436,True,0.53594,2.797092,1.237186,0.08561,0.302301,2,False,False,0.44677734375,150,150,True,0.018200872899006418,False
8,circle_half_quarter,103,outputs/multi_batch/batch_8/circle_half_quarter/sample_0103/iteration_00150.png,-0.3356542204837028,-0.368112545545106,0.458319,1.1082180045965522,True,0.538999,3.332244,1.223543,0.121046,0.309246,5,False,False,0.460205078125,150,150,True,0.0007156123756400536,False
8,circle_half_quarter,107,outputs/multi_batch/batch_8/circle_half_quarter/sample_0107/iteration_00150.png,-0.2644094292521439,-0.2981512876099049,0.470402,0.8193854382831857,True,0.504722,2.889138,1.138492,0.12473,0.311132,2,False,False,0.47998046875,150,150,True,0.011947386556006544,False
8,circle_half_quarter,109,outputs/multi_batch/batch_8/circle_half_quarter/sample_0109/iteration_00150.png,0.054506547024663,0.0545065470246955,0.55926,1.219512897267367,True,0.580112,3.475056,1.226379,0.109577,0.3769,1,True,False,0.516357421875,150,150,True,0.24503217035268826,True
8,circle_half_quarter,110,outputs/multi_batch/batch_8/circle_half_quarter/sample_0110/iteration_00113.png,-0.4060334864266639,-0.3658677063887414,0.547102,0.5149036671843052,True,0.547102,3.18093,1.076956,0.121791,0.294543,2,False,False,0.555908203125,113,150,False,0.03144850725233116,False
8,circle_half_quarter,113,outputs/multi_batch/batch_8/circle_half_quarter/sample_0113/iteration_00150.png,-0.1299576418435194,-0.1312815558092734,0.502631,0.7808220255169456,True,0.502631,2.687187,1.168919,0.087477,0.36425,1,True,False,0.486328125,150,150,True,0.22403619256224758,True
8,circle_half_quarter,116,outputs/multi_batch/batch_8/circle_half_quarter/sample_0116/iteration_00150.png,0.0676890755416951,0.06768907554172,0.568284,1.07011668109059,True,0.568284,3.172843,1.083986,0.128168,0.341088,1,True,False,0.58544921875,150,150,True,0.1696344670199073,True
8,circle_half_quarter,130,outputs/multi_batch/batch_8/circle_half_quarter/sample_0130/iteration_00150.png,-0.1760819275542681,-0.1669294773241486,0.412905,1.4264456546081696,True,0.544084,3.323151,1.087475,0.140123,0.301888,3,False,False,0.4140625,150,150,True,1.7138754648383558,True
8,circle_half_quarter,138,outputs/multi_batch/batch_8/circle_half_quarter/sample_0138/iteration_00150.png,-0.3625090350628985,-0.3625090350632605,0.52454,0.5502970933756545,True,0.542956,3.619396,1.147587,0.077377,0.356704,3,False,False,0.533935546875,150,150,True,0.0003962172260942969,False
8,circle_half_quarter,139,outputs/multi_batch/batch_8/circle_half_quarter/sample_0139/iteration_00150.png,-0.3925519154557595,-0.3758501327534906,0.48755,0.4845438955682961,True,0.508385,2.728301,1.067769,0.089595,0.326405,2,False,False,0.50390625,150,150,True,0.009235646839892506,False
8,circle_half_quarter,140,outputs/multi_batch/batch_8/circle_half_quarter/sample_0140/iteration_00150.png,-0.0484036006276971,-0.0415788497755776,0.437464,1.554112433466018,True,0.560728,2.834302,1.180984,0.104721,0.298922,9,False,False,0.439453125,150,150,True,0.3252977258619055,True
8,circle_half_quarter,152,outputs/multi_batch/batch_8/circle_half_quarter/sample_0152/iteration_00150.png,-0.2658635424361631,-0.260179713025805,0.52742,0.5343559582380736,True,0.52742,3.31158,1.099695,0.137988,0.322272,2,False,False,0.527099609375,150,150,True,0.015128703814787734,False
8,circle_half_quarter,154,outputs/multi_batch/batch_8/circle_half_quarter/sample_0154/iteration_00150.png,-0.2516277071457126,-0.2625365364682086,0.567256,0.7026722441585038,True,0.583746,2.899952,1.129026,0.134675,0.353965,3,False,False,0.570556640625,150,150,True,0.0020601964897573183,False
8,circle_half_quarter,159,outputs/multi_batch/batch_8/circle_half_quarter/sample_0159/iteration_00150.png,-0.431497382230108,-0.4529870356793481,0.483792,0.6692721580961462,True,0.521626,2.588166,1.092672,0.116964,0.308076,2,False,False,0.488525390625,150,150,True,0.00017802007002891957,False
8,circle_half_quarter,162,outputs/multi_batch/batch_8/circle_half_quarter/sample_0162/iteration_00150.png,-0.2183930582981178,-0.2400110896190248,0.518735,0.8195860636654041,True,0.518735,3.644767,1.208138,0.126057,0.370981,2,False,False,0.5166015625,150,150,True,0.05757982325013386,False
8,circle_half_quarter,180,outputs/multi_batch/batch_8/circle_half_quarter/sample_0180/iteration_00150.png,0.0628681350423508,0.0628681350423844,0.569389,1.0756469062199094,True,0.569393,2.754623,1.122388,0.143944,0.330769,1,True,False,0.58251953125,150,150,True,0.1909368460773215,True
8,circle_half_quarter,182,outputs/multi_batch/batch_8/circle_half_quarter/sample_0182/iteration_00150.png,0.0797341515673807,0.0797341420181112,0.571143,1.1442660893664265,True,0.571143,3.546907,1.238663,0.119626,0.337069,1,True,False,0.599609375,150,150,True,0.3047176003881389,True
8,circle_half_quarter,191,outputs/multi_batch/batch_8/circle_half_quarter/sample_0191/iteration_00150.png,-0.2534308178334177,-0.2534308178336323,0.542919,0.5998425718734034,True,0.575007,3.011699,1.06062,0.076011,0.336113,3,False,False,0.55419921875,150,150,True,0.011081733714317447,False
8,cross_rectangular,192,outputs/multi_batch/batch_8/cross_rectangular/sample_0192/iteration_00150.png,0.0023692806675884,0.002242219595861,0.457993,1.0554008532045185,True,0.518874,3.109035,1.133134,0.114861,0.290696,2,False,False,0.460205078125,150,150,True,0.14405729238396917,False
8,cross_rectangular,197,outputs/multi_batch/batch_8/cross_rectangular/sample_0197/iteration_00150.png,-0.4742818112608401,-0.4901443879111458,0.522493,0.6766517515623541,True,0.522493,2.648079,1.113746,0.131153,0.289036,2,False,False,0.52978515625,150,150,True,0.030026092777661682,False
8,cross_rectangular,199,outputs/multi_batch/batch_8/cross_rectangular/sample_0199/iteration_00150.png,-0.571194004856479,-0.5727355331831764,0.575207,0.6974717684160024,True,0.575207,3.155715,1.070918,0.098281,0.33973,2,False,False,0.572509765625,150,150,True,0.01175894663185833,False
8,cross_rectangular,204,outputs/multi_batch/batch_8/cross_rectangular/sample_0204/iteration_00150.png,-0.2810710248342353,-0.2799280705749005,0.551227,0.640985132198272,True,0.551227,3.627399,1.183462,0.112517,0.285042,2,False,False,0.54736328125,150,150,True,0.026909443624252016,False
8,cross_rectangular,207,outputs/multi_batch/batch_8/cross_rectangular/sample_0207/iteration_00150.png,-0.5273082920934715,-0.4945726297409232,0.520223,0.4233102228232147,True,0.520223,3.025289,1.129685,0.125441,0.329428,2,False,False,0.52734375,150,150,True,0.019566124400829995,False
8,cross_rectangular,213,outputs/multi_batch/batch_8/cross_rectangular/sample_0213/iteration_00150.png,-0.4270891066842132,-0.4148440150053729,0.555236,0.5491904847319539,True,0.555236,3.012139,1.17728,0.104181,0.376652,2,False,False,0.5595703125,150,150,True,0.004000533873237482,False
8,cross_rectangular,224,outputs/multi_batch/batch_8/cross_rectangular/sample_0224/iteration_00150.png,-0.4116635245985184,-0.3723309673777943,0.507493,0.6182610090289095,True,0.507493,3.248973,1.059249,0.084481,0.322709,2,False,False,0.53173828125,150,150,True,0.04028020116814341,False
8,cross_rectangular,225,outputs/multi_batch/batch_8/cross_rectangular/sample_0225/iteration_00150.png,-0.3962817700034224,-0.3920528636506384,0.584149,0.4859726321311465,True,0.58415,3.001602,1.147181,0.079897,0.342094,5,False,False,0.5908203125,150,150,True,0.00504656349696098,False
8,cross_rectangular,228,outputs/multi_batch/batch_8/cross_rectangular/sample_0228/iteration_00150.png,-0.2812518608941579,-0.3064000334857245,0.534981,0.7243272646553709,True,0.534981,2.767733,1.141533,0.138602,0.372975,2,False,False,0.525634765625,150,150,True,0.006013003518261822,False
8,cross_rectangular,233,outputs/multi_batch/batch_8/cross_rectangular/sample_0233/iteration_00150.png,-0.1050863852107744,-0.1053397687418712,0.504934,0.7473131915279353,True,0.504934,2.776713,1.111776,0.084911,0.317006,2,False,False,0.510986328125,150,150,True,0.05948582280341434,False
8,cross_rectangular,234,outputs/multi_batch/batch_8/cross_rectangular/sample_0234/iteration_00150.png,-0.300400181324158,-0.3158968357496166,0.55963,1.024228826992586,True,0.560197,3.409707,1.12737,0.094805,0.341268,3,False,False,0.563232421875,150,150,True,0.07285175281001015,False
8,cross_rectangular,239,outputs/multi_batch/batch_8/cross_rectangular/sample_0239/iteration_00150.png,-0.4165345188647459,-0.4388369215983816,0.556324,0.6655072643976224,True,0.556325,2.850931,1.171257,0.07559,0.334977,3,False,False,0.552001953125,150,150,True,0.06005642338653093,False
8,cross_rectangular,241,outputs/multi_batch/batch_8/cross_rectangular/sample_0241/iteration_00150.png,-0.3689398362646637,-0.3031546879912095,0.57632,0.9934268020385972,True,0.57632,3.651045,1.238062,0.077199,0.297015,5,False,False,0.5859375,150,150,True,0.0276453998171973,False
8,cross_rectangular,247,outputs/multi_batch/batch_8/cross_rectangular/sample_0247/iteration_00150.png,-0.4748320409458906,-0.4608066936844293,0.532271,0.5523169257909523,True,0.532271,2.737249,1.191242,0.133522,0.328267,3,False,False,0.52490234375,150,150,True,0.0009835577722501025,False
8,cross_rectangular,248,outputs/multi_batch/batch_8/cross_rectangular/sample_0248/iteration_00150.png,-0.3975961432319267,-0.4859696514703695,0.549655,1.0011255095904072,True,0.554746,2.867933,1.104892,0.134178,0.285857,2,False,False,0.55712890625,150,150,True,0.0270328315070633,False
8,cross_rectangular,250,outputs/multi_batch/batch_8/cross_rectangular/sample_0250/iteration_00150.png,-0.5335960126899023,-0.5639379918435503,0.574821,0.92026398679114,True,0.574821,3.516915,1.061188,0.109167,0.321533,3,False,False,0.580322265625,150,150,True,0.005705987498395452,False
8,cross_rectangular,251,outputs/multi_batch/batch_8/cross_rectangular/sample_0251/iteration_00150.png,-0.2025325316292808,-0.2184283038057312,0.513816,1.0140665018692383,True,0.513816,3.642014,1.242623,0.092987,0.332573,1,True,False,0.516845703125,150,150,True,0.16809076616162366,True
8,cross_rectangular,253,outputs/multi_batch/batch_8/cross_rectangular/sample_0253/iteration_00150.png,-0.4072253092526816,-0.3734373538263236,0.505938,0.580010373569756,True,0.505938,3.380751,1.109144,0.138097,0.377607,2,False,False,0.510498046875,150,150,True,0.07461906214828537,False
8,cross_rectangular,259,outputs/multi_batch/batch_8/cross_rectangular/sample_0259/iteration_00150.png,-0.4022728399047576,-0.406539382085895,0.553618,0.4492260838545122,True,0.553617,2.634502,1.08258,0.093745,0.355574,2,False,False,0.55322265625,150,150,True,0.029215257850055677,False
8,cross_rectangular,264,outputs/multi_batch/batch_8/cross_rectangular/sample_0264/iteration_00150.png,-0.4205627802153813,-0.4001144253663445,0.575711,0.7268298995697431,True,0.578683,3.234394,1.216427,0.085817,0.360981,4,False,False,0.567626953125,150,150,True,0.002425987807454817,False
8,cross_rectangular,266,outputs/multi_batch/batch_8/cross_rectangular/sample_0266/iteration_00129.png,-0.4411795847363123,-0.3958797535457517,0.535793,0.5034102850013362,True,0.535792,3.061266,1.206402,0.1292,0.283838,2,False,False,0.531982421875,129,150,False,0.0021823330181326528,False
8,cross_rectangular,268,outputs/multi_batch/batch_8/cross_rectangular/sample_0268/iteration_00150.png,0.0602742126891267,0.0606948345888761,0.524592,1.062226488442898,True,0.55761,2.703566,1.201428,0.142317,0.287343,2,False,False,0.519287109375,150,150,True,0.010796619903191387,False
8,cross_rectangular,269,outputs/multi_batch/batch_8/cross_rectangular/sample_0269/iteration_00150.png,-0.2273812016327397,-0.2347667327784828,0.500613,0.8509443395691403,True,0.500613,2.568685,1.23091,0.126258,0.314592,2,False,False,0.50390625,150,150,True,0.0062853744340638715,False
8,cross_rectangular,272,outputs/multi_batch/batch_8/cross_rectangular/sample_0272/iteration_00150.png,-0.4882274713974137,-0.504542659057049,0.530349,0.7616165140937242,True,0.530349,3.587068,1.166227,0.083091,0.33793,5,False,False,0.544189453125,150,150,True,0.007765956808299614,False
8,cross_rectangular,273,outputs/multi_batch/batch_8/cross_rectangular/sample_0273/iteration_00150.png,-0.2067617504488886,-0.2471514215446418,0.526185,1.1077338862620238,True,0.551643,2.690214,1.160895,0.1144,0.305566,2,False,False,0.53125,150,150,True,0.03252258204469274,False
8,cross_rectangular,281,outputs/multi_batch/batch_8/cross_rectangular/sample_0281/iteration_00150.png,-0.249797155743987,-0.2517760780769614,0.544567,0.5129038783997865,True,0.544567,3.623263,1.064184,0.124515,0.349285,5,False,False,0.55029296875,150,150,True,0.017294375574335916,False
8,cross_rectangular,284,outputs/multi_batch/batch_8/cross_rectangular/sample_0284/iteration_00150.png,-0.3705779873453252,-0.3690789143867837,0.561479,0.6684871155523403,True,0.56148,3.402162,1.230054,0.083679,0.314149,2,False,False,0.562744140625,150,150,True,0.1544709345376302,True
8,cross_rectangular,286,outputs/multi_batch/batch_8/cross_rectangular/sample_0286/iteration_00150.png,-0.4730338748469813,-0.4755459830497294,0.548232,0.3181931389483479,True,0.548231,3.074914,1.130858,0.088551,0.362322,3,False,False,0.560791015625,150,150,True,0.008159860565925754,False
8,four_circle,288,outputs/multi_batch/batch_8/four_circle/sample_0288/iteration_00142.png,-0.3187430675997245,-0.2955871747423107,0.554054,0.8557878007427058,True,0.554054,2.884449,1.201454,0.117087,0.372482,3,False,False,0.55859375,142,150,False,0.0008508064049456703,False
8,four_circle,289,outputs/multi_batch/batch_8/four_circle/sample_0289/iteration_00112.png,-0.3539458863425792,-0.3599238007506041,0.522528,1.0315162983500843,True,0.538291,2.934536,1.150843,0.121515,0.311057,3,False,False,0.522705078125,112,150,False,0.0003690901378692321,False
8,four_circle,293,outputs/multi_batch/batch_8/four_circle/sample_0293/iteration_00150.png,-0.4190018536849412,-0.4078570553342359,0.583692,0.2962812483105462,True,0.583691,2.777363,1.17375,0.107306,0.310048,3,False,False,0.595458984375,150,150,True,0.0008598864973643054,False
8,four_circle,294,outputs/multi_batch/batch_8/four_circle/sample_0294/iteration_00119.png,-0.4591096085349661,-0.4866920024628469,0.552571,0.7995950973549547,True,0.552572,3.250694,1.059756,0.132019,0.297593,8,False,False,0.5390625,119,150,False,0.002903939634599626,False
8,four_circle,297,outputs/multi_batch/batch_8/four_circle/sample_0297/iteration_00150.png,-0.3711482592964183,-0.3691442289486488,0.579024,0.473633645734688,True,0.579025,3.550101,1.10465,0.089294,0.296614,2,False,False,0.567138671875,150,150,True,0.004696756289283812,False
8,four_circle,298,outputs/multi_batch/batch_8/four_circle/sample_0298/iteration_00127.png,-0.3328454182954984,-0.3369937312975637,0.504785,0.5338044118348089,True,0.504784,2.878371,1.164757,0.083969,0.316242,3,False,False,0.53076171875,127,150,False,0.00045539455294198655,False
8,four_circle,299,outputs/multi_batch/batch_8/four_circle/sample_0299/iteration_00146.png,-0.4040391399864834,-0.4117531833747472,0.515239,1.1897915563710548,True,0.546211,3.584155,1.191158,0.123206,0.335419,5,False,False,0.50927734375,146,150,False,0.0006122468124899595,False
8,four_circle,310,outputs/multi_batch/batch_8/four_circle/sample_0310/iteration_00150.png,-0.3072109509793254,-0.3176615582679513,0.565298,0.67217649137094,True,0.565299,2.659917,1.246428,0.10619,0.29858,3,False,False,0.57177734375,150,150,True,0.0004573727761667985,False
8,four_circle,313,outputs/multi_batch/batch_8/four_circle/sample_0313/iteration_00150.png,-0.4333065585785028,-0.3949742305480537,0.584687,0.6533624595465721,True,0.584686,3.313704,1.178402,0.122092,0.333387,2,False,False,0.603515625,150,150,True,0.004107931340575249,False
8,four_circle,314,outputs/multi_batch/batch_8/four_circle/sample_0314/iteration_00150.png,-0.544669033133264,-0.5605887550603553,0.547479,0.7522476030939088,True,0.547479,2.602621,1.105702,0.104815,0.379602,3,False,False,0.56494140625,150,150,True,0.0010652583499020803,False
8,four_circle,316,outputs/multi_batch/batch_8/four_circle/sample_0316/iteration_00150.png,-0.3359905803670808,-0.3860387542481709,0.526163,1.044318946610406,True,0.55834,3.189869,1.228174,0.110533,0.358009,3,False,False,0.532470703125,150,150,True,0.0007030356605199282,False
8,four_circle,318,outputs/multi_batch/batch_8/four_circle/sample_0318/iteration_00150.png,0.0062239100311035,0.0111476452573213,0.337022,1.838139144186211,True,0.537247,3.384555,1.197339,0.140262,0.294915,13,False,False,0.332763671875,150,150,True,0.003460159720972819,False
8,four_circle,321,outputs/multi_batch/batch_8/four_circle/sample_0321/iteration_00150.png,-0.4718089987532859,-0.4525757703796275,0.535245,1.2076121746627262,True,0.535246,2.903742,1.085185,0.080382,0.356892,3,False,False,0.546875,150,150,True,0.1299042245831154,False
8,four_circle,323,outputs/multi_batch/batch_8/four_circle/sample_0323/iteration_00150.png,-0.3726849914096928,-0.3634099401678685,0.527564,0.5229390209848197,True,0.527565,2.945534,1.23726,0.083103,0.323763,4,False,False,0.536376953125,150,150,True,0.00042807646515857154,False
8,four_circle,324,outputs/multi_batch/batch_8/four_circle/sample_0324/iteration_00150.png,-0.3182007861315272,-0.3101567828864722,0.525919,0.6088502029981759,True,0.550815,2.762483,1.171804,0.093845,0.346934,2,False,False,0.531005859375,150,150,True,0.000372736370456039,False
8,four_circle,326,outputs/multi_batch/batch_8/four_circle/sample_0326/iteration_00150.png,-0.2696024218496216,-0.263668244478662,0.514286,0.8135053446582132,True,0.514287,2.652781,1.219424,0.141242,0.290463,3,False,False,0.52001953125,150,150,True,0.002093046820940729,False
8,four_circle,327,outputs/multi_batch/batch_8/four_circle/sample_0327/iteration_00150.png,-0.3053212232142837,-0.3227798549714544,0.521663,0.9933706951676344,True,0.521663,2.984123,1.170115,0.137296,0.353953,2,False,False,0.523193359375,150,150,True,0.006468782265574477,False
8,four_circle,328,outputs/multi_batch/batch_8/four_circle/sample_0328/iteration_00150.png,-0.2725172754494421,-0.2625625288191233,0.544632,0.770482488888353,True,0.544631,2.738663,1.204251,0.129605,0.36003,3,False,False,0.544189453125,150,150,True,0.0006804667270063322,False
8,four_circle,331,outputs/multi_batch/batch_8/four_circle/sample_0331/iteration_00150.png,-0.488062844343572,-0.4961356969750262,0.528362,0.7254703243987561,True,0.530089,3.224696,1.099867,0.081787,0.33581,4,False,False,0.53466796875,150,150,True,0.0002514861965257984,False
8,four_circle,332,outputs/multi_batch/batch_8/four_circle/sample_0332/iteration_00150.png,-0.1571325877485039,-0.1682093714116746,0.469878,1.6061240347531331,True,0.574691,2.637137,1.176215,0.076332,0.304018,4,False,False,0.473388671875,150,150,True,0.31957831059182723,True
8,four_circle,335,outputs/multi_batch/batch_8/four_circle/sample_0335/iteration_00150.png,-0.2721249180029557,-0.2746333533093394,0.501595,0.7052027050984241,True,0.501595,2.582523,1.216167,0.120981,0.306828,2,False,False,0.50537109375,150,150,True,0.0026210842063569147,False
8,four_circle,338,outputs/multi_batch/batch_8/four_circle/sample_0338/iteration_00150.png,0.1144481967923659,0.1144481924547487,0.567324,1.285873185556499,True,0.567324,3.091264,1.183642,0.133843,0.312127,10,False,False,0.56005859375,150,150,True,0.09008617568252578,False
8,four_circle,341,outputs/multi_batch/batch_8/four_circle/sample_0341/iteration_00150.png,-0.1663477949775309,-0.1543642354209103,0.511016,1.0497700023729524,True,0.53128,3.464768,1.123759,0.135114,0.352794,5,False,False,0.52099609375,150,150,True,0.0006037149389559915,False
8,four_circle,344,outputs/multi_batch/batch_8/four_circle/sample_0344/iteration_00150.png,-0.2746055849549949,-0.3290860750918116,0.502638,1.4178033780449395,True,0.502638,3.556925,1.240441,0.098898,0.361563,3,False,False,0.506103515625,150,150,True,0.16949487390797383,True
8,four_circle,347,outputs/multi_batch/batch_8/four_circle/sample_0347/iteration_00150.png,-0.3381457830301532,-0.3557782628933922,0.502871,1.2287716221139688,True,0.517886,3.102561,1.132047,0.075455,0.365345,2,False,False,0.50830078125,150,150,True,0.0223785274982145,False
8,four_circle,349,outputs/multi_batch/batch_8/four_circle/sample_0349/iteration_00150.png,-0.4223664386665391,-0.3609797971272226,0.419197,1.1538414944593656,True,0.523752,2.788304,1.117396,0.110144,0.351184,7,False,False,0.43115234375,150,150,True,0.03198692589299543,False
8,four_circle,353,outputs/multi_batch/batch_8/four_circle/sample_0353/iteration_00150.png,-0.283135904096822,-0.2830243844239173,0.559552,0.8106674991506506,True,0.559552,3.653839,1.244107,0.130598,0.377691,2,False,False,0.57177734375,150,150,True,0.005020736559341834,False
8,four_circle,362,outputs/multi_batch/batch_8/four_circle/sample_0362/iteration_00150.png,-0.4618275033130105,-0.4956931791892198,0.451244,0.9452168293922292,True,0.513391,3.502594,1.0977,0.093264,0.286546,2,False,False,0.44677734375,150,150,True,0.00566850553761928,False
8,four_circle,363,outputs/multi_batch/batch_8/four_circle/sample_0363/iteration_00150.png,-0.3515780777218675,-0.3515780777221879,0.552247,0.4440458230421764,True,0.560531,3.129288,1.058161,0.136815,0.330428,5,False,False,0.551025390625,150,150,True,0.0015100252049319266,False
8,four_circle,364,outputs/multi_batch/batch_8/four_circle/sample_0364/iteration_00150.png,-0.4312544299054448,-0.4523855390118229,0.523713,0.5858964363305925,True,0.523713,3.175011,1.076706,0.109303,0.344143,5,False,False,0.530029296875,150,150,True,0.010180968517232311,False
8,four_circle,367,outputs/multi_batch/batch_8/four_circle/sample_0367/iteration_00150.png,-0.3073749090915989,-0.3132369664395419,0.366886,1.652037259451583,True,0.578153,2.915694,1.212106,0.095327,0.314179,6,False,False,0.3642578125,150,150,True,0.026991010019520794,False
8,four_circle,368,outputs/multi_batch/batch_8/four_circle/sample_0368/iteration_00150.png,-0.315421044945071,-0.3526438929182831,0.537013,1.02735598463544,True,0.581434,3.293569,1.077434,0.096491,0.321238,5,False,False,0.541748046875,150,150,True,0.09615539612082112,False
8,four_circle,370,outputs/multi_batch/batch_8/four_circle/sample_0370/iteration_00150.png,-0.2444131988191515,-0.2171992757109142,0.532419,0.9373788754492854,True,0.556842,3.334196,1.072157,0.09216,0.328479,7,False,False,0.5400390625,150,150,True,0.09773872442424043,False
8,four_circle,372,outputs/multi_batch/batch_8/four_circle/sample_0372/iteration_00150.png,-0.2439889206661387,-0.219577211181096,0.556501,0.846279532554039,True,0.5565,3.319065,1.11031,0.094991,0.291413,2,False,False,0.5634765625,150,150,True,0.010495853153248799,False
8,four_circle,375,outputs/multi_batch/batch_8/four_circle/sample_0375/iteration_00150.png,-0.2772257122478128,-0.2792247953689847,0.500471,1.17921081698401,True,0.500472,2.629726,1.139498,0.125804,0.292201,2,False,False,0.49609375,150,150,True,0.03916338297408686,False
8,four_circle,377,outputs/multi_batch/batch_8/four_circle/sample_0377/iteration_00150.png,0.0486894225131707,0.0452004410100358,0.331261,1.7074256335104994,True,0.568461,2.811264,1.168764,0.1083,0.338191,18,False,False,0.32763671875,150,150,True,0.005439396889307277,False
8,four_circle,378,outputs/multi_batch/batch_8/four_circle/sample_0378/iteration_00150.png,-0.3915149826191967,-0.3774745995947334,0.545515,0.3668252857799683,True,0.545515,2.751372,1.088948,0.091727,0.341446,3,False,False,0.55224609375,150,150,True,0.00768940625210822,False
8,four_circle,379,outputs/multi_batch/batch_8/four_circle/sample_0379/iteration_00150.png,-0.3356868365748684,-0.2696096200642455,0.539428,0.963168334257859,True,0.573122,3.164796,1.147126,0.082488,0.319764,2,False,False,0.54833984375,150,150,True,0.17178944714617342,True
8,four_circle,380,outputs/multi_batch/batch_8/four_circle/sample_0380/iteration_00150.png,-0.0488532739156562,-0.0322375530193569,0.139522,1.9995766485919688,True,0.563839,3.387344,1.217778,0.135795,0.348812,11,False,False,0.126708984375,150,150,True,4.03161784194197,True
8,four_circle,382,outputs/multi_batch/batch_8/four_circle/sample_0382/iteration_00150.png,-0.4957125368653765,-0.465857153368822,0.519032,0.5916462324963088,True,0.519032,3.449606,1.093974,0.097367,0.357741,2,False,False,0.5146484375,150,150,True,0.023006683836571083,False
8,grid_circular_voids,384,outputs/multi_batch/batch_8/grid_circular_voids/sample_0384/iteration_00150.png,-0.4069866176829743,-0.4431410373862471,0.525756,0.4665220835389541,True,0.525756,3.443235,1.089159,0.079481,0.30109,4,False,False,0.529296875,150,150,True,0.01562553390901951,False
8,grid_circular_voids,387,outputs/multi_batch/batch_8/grid_circular_voids/sample_0387/iteration_00150.png,-0.4217592314583076,-0.4212174564235612,0.555957,0.4164491058048363,True,0.555957,3.228295,1.120419,0.137198,0.342127,3,False,False,0.556396484375,150,150,True,0.014641857078319307,False
8,grid_circular_voids,390,outputs/multi_batch/batch_8/grid_circular_voids/sample_0390/iteration_00150.png,-0.2045468449448656,-0.1449452983872153,0.41381,1.982188397457274,True,0.530756,3.637153,1.115292,0.137993,0.315879,13,False,False,0.40673828125,150,150,True,0.16031987899373265,True
8,grid_circular_voids,392,outputs/multi_batch/batch_8/grid_circular_voids/sample_0392/iteration_00115.png,-0.4240640664542321,-0.4498212160728786,0.543749,0.2905587027525934,True,0.543749,2.734834,1.093504,0.085679,0.317262,2,False,False,0.538330078125,115,150,False,0.0011383356521434034,False
8,grid_circular_voids,397,outputs/multi_batch/batch_8/grid_circular_voids/sample_0397/iteration_00150.png,-0.4836099026551175,-0.4753094157830628,0.515074,0.4182748603041836,True,0.515075,3.30158,1.092608,0.076982,0.309284,4,False,False,0.51611328125,150,150,True,0.03914049461983353,False
8,grid_circular_voids,399,outputs/multi_batch/batch_8/grid_circular_voids/sample_0399/iteration_00150.png,-0.4856930485187054,-0.4763854454855796,0.541854,0.2768270258252252,True,0.541853,3.159703,1.144424,0.107176,0.338456,3,False,False,0.5390625,150,150,True,0.005709109580017227,False
8,grid_circular_voids,401,outputs/multi_batch/batch_8/grid_circular_voids/sample_0401/iteration_00150.png,-0.4072126669677547,-0.3857883705680907,0.582762,0.3014025090222163,True,0.582762,2.692373,1.23318,0.13549,0.326901,2,False,False,0.579833984375,150,150,True,0.001789619569967348,False
8,grid_circular_voids,404,outputs/multi_batch/batch_8/grid_circular_voids/sample_0404/iteration_00150.png,-0.4511881753995175,-0.4227572018094651,0.55895,0.299274113043557,True,0.55895,2.652521,1.12115,0.093326,0.381373,2,False,False,0.556396484375,150,150,True,0.0006788725143757375,False
8,grid_circular_voids,405,outputs/multi_batch/batch_8/grid_circular_voids/sample_0405/iteration_00150.png,-0.421103836747648,-0.4374005646053093,0.514349,0.2646930871665854,True,0.51435,2.750809,1.112112,0.087404,0.360017,4,False,False,0.518798828125,150,150,True,0.0033672886014796378,False
8,grid_circular_voids,407,outputs/multi_batch/batch_8/grid_circular_voids/sample_0407/iteration_00150.png,-0.3801617826551255,-0.4038325548879391,0.567394,0.5834215383342046,True,0.567393,3.623136,1.06848,0.07866,0.319235,2,False,False,0.573974609375,150,150,True,0.002473213627695512,False
8,grid_circular_voids,409,outputs/multi_batch/batch_8/grid_circular_voids/sample_0409/iteration_00150.png,-0.5062363182329109,-0.5195088727489454,0.545904,0.2441981984409852,True,0.545904,3.197836,1.087721,0.10453,0.313095,2,False,False,0.558349609375,150,150,True,0.005739938884103977,False
8,grid_circular_voids,414,outputs/multi_batch/batch_8/grid_circular_voids/sample_0414/iteration_00150.png,-0.4762006088371463,-0.4607820530057833,0.565985,0.2856181769885028,True,0.565985,2.99118,1.071495,0.112796,0.28885,3,False,False,0.565185546875,150,150,True,0.04315296779948679,False
8,grid_circular_voids,420,outputs/multi_batch/batch_8/grid_circular_voids/sample_0420/iteration_00150.png,-0.3739996055763682,-0.3727627611829772,0.501549,0.9223143372454824,True,0.501549,2.943539,1.131501,0.134043,0.350978,3,False,False,0.496826171875,150,150,True,0.023300302401104526,False
8,grid_circular_voids,421,outputs/multi_batch/batch_8/grid_circular_voids/sample_0421/iteration_00106.png,-0.3919789278562443,-0.4056052066196342,0.511394,0.3769616402639284,True,0.511394,3.607138,1.149113,0.11802,0.333371,2,False,False,0.51513671875,106,150,False,0.0009333219062858498,False
8,grid_circular_voids,422,outputs/multi_batch/batch_8/grid_circular_voids/sample_0422/iteration_00122.png,-0.4332402998992964,-0.4306924542798044,0.531772,0.2988953998815281,True,0.531772,3.387074,1.153262,0.080805,0.287593,2,False,False,0.5361328125,122,150,False,0.0029900014627510223,False
8,grid_circular_voids,424,outputs/multi_batch/batch_8/grid_circular_voids/sample_0424/iteration_00072.png,-0.4494826191597409,-0.453957058181645,0.519691,0.2443005354653701,True,0.51969,3.126534,1.125272,0.115802,0.306504,2,False,False,0.520263671875,72,150,False,0.019290943872290682,False
8,grid_circular_voids,429,outputs/multi_batch/batch_8/grid_circular_voids/sample_0429/iteration_00150.png,-0.4138105569327285,-0.4507044532861636,0.536998,0.8612426058655035,True,0.536997,3.355879,1.224961,0.108746,0.361794,3,False,False,0.539794921875,150,150,True,0.0013441419722809308,False
8,grid_circular_voids,432,outputs/multi_batch/batch_8/grid_circular_voids/sample_0432/iteration_00150.png,-0.4641588630151914,-0.4833986686939427,0.510185,0.400944770966546,True,0.510185,3.169113,1.244111,0.109103,0.367751,2,False,False,0.51171875,150,150,True,0.003038631944199407,False
8,grid_circular_voids,433,outputs/multi_batch/batch_8/grid_circular_voids/sample_0433/iteration_00150.png,-0.4069345455169578,-0.4113422218702838,0.525198,1.321015363226766,True,0.525199,3.29237,1.193945,0.097884,0.378367,5,False,False,0.52880859375,150,150,True,0.1817459296644481,True
8,grid_circular_voids,434,outputs/multi_batch/batch_8/grid_circular_voids/sample_0434/iteration_00150.png,-0.3536682291942739,-0.3144620214290162,0.521905,0.9824050123215275,True,0.521906,2.64259,1.157632,0.134517,0.329024,4,False,False,0.525634765625,150,150,True,0.024788534390784354,False
8,grid_circular_voids,439,outputs/multi_batch/batch_8/grid_circular_voids/sample_0439/iteration_00150.png,-0.4046694062868455,-0.4047855776061818,0.579112,0.2188064631037671,True,0.579111,2.685554,1.186117,0.127939,0.334327,2,False,False,0.58642578125,150,150,True,0.0007958971134192017,False
8,grid_circular_voids,443,outputs/multi_batch/batch_8/grid_circular_voids/sample_0443/iteration_00084.png,-0.4458053413453862,-0.4441010028410097,0.526797,0.2703737576009917,True,0.526797,3.348993,1.217538,0.140788,0.323022,2,False,False,0.52978515625,84,150,False,0.0014937884602937211,False
8,grid_circular_voids,445,outputs/multi_batch/batch_8/grid_circular_voids/sample_0445/iteration_00131.png,-0.3988198407997489,-0.4011663966871704,0.523643,0.2785876743890246,True,0.523643,3.143214,1.182956,0.128377,0.342828,2,False,False,0.525390625,131,150,False,0.0018379542817636807,False
8,grid_circular_voids,449,outputs/multi_batch/batch_8/grid_circular_voids/sample_0449/iteration_00150.png,-0.3773219227793075,-0.3796251248508456,0.562913,0.3613608980700016,True,0.562913,2.984821,1.073572,0.140405,0.364387,3,False,False,0.56689453125,150,150,True,0.006197662753865096,False
8,grid_circular_voids,456,outputs/multi_batch/batch_8/grid_circular_voids/sample_0456/iteration_00150.png,-0.3919140115713365,-0.3930067968171356,0.506816,0.326418699178035,True,0.506816,2.812338,1.23678,0.097974,0.340641,2,False,False,0.517333984375,150,150,True,0.00021376460852058854,False
8,grid_circular_voids,457,outputs/multi_batch/batch_8/grid_circular_voids/sample_0457/iteration_00150.png,-0.3039993613097428,-0.2905206322947652,0.509528,0.5448512100849241,True,0.509528,3.107761,1.16281,0.098841,0.368744,2,False,False,0.5146484375,150,150,True,0.0031853471404448153,False
8,grid_circular_voids,458,outputs/multi_batch/batch_8/grid_circular_voids/sample_0458/iteration_00150.png,-0.4395175423197402,-0.4502237522861683,0.510621,0.5343855323110833,True,0.51062,3.244274,1.245807,0.103292,0.299809,2,False,False,0.50732421875,150,150,True,0.0017220932293109832,False
8,grid_circular_voids,460,outputs/multi_batch/batch_8/grid_circular_voids/sample_0460/iteration_00150.png,-0.4372491724614823,-0.4253277988403426,0.527738,0.2114581007037032,True,0.527739,2.627365,1.24162,0.110191,0.286502,2,False,False,0.52734375,150,150,True,0.0024590739428922894,False
8,grid_circular_voids,465,outputs/multi_batch/batch_8/grid_circular_voids/sample_0465/iteration_00150.png,-0.4991778901286787,-0.5030293332793712,0.557965,0.2791825437803928,True,0.557965,2.914265,1.103352,0.08014,0.300819,2,False,False,0.56396484375,150,150,True,0.0038136565597750357,False
8,grid_circular_voids,472,outputs/multi_batch/batch_8/grid_circular_voids/sample_0472/iteration_00150.png,-0.3724252197492947,-0.37501978393968,0.566741,0.493225180389287,True,0.56674,3.004104,1.16971,0.125366,0.291469,2,False,False,0.572265625,150,150,True,0.0074661935031484815,False
8,grid_circular_voids,473,outputs/multi_batch/batch_8/grid_circular_voids/sample_0473/iteration_00150.png,-0.4489802970125072,-0.4440936034544199,0.513234,0.4490220721919683,True,0.513235,2.578788,1.191447,0.083581,0.293101,2,False,False,0.5146484375,150,150,True,0.008170833654048469,False
8,grid_circular_voids,477,outputs/multi_batch/batch_8/grid_circular_voids/sample_0477/iteration_00150.png,-0.426183102632136,-0.4269334854254074,0.544785,0.2559787991606997,True,0.544784,2.592366,1.106729,0.078309,0.325658,2,False,False,0.525390625,150,150,True,0.001286504115702087,False
8,grid_circular_voids,478,outputs/multi_batch/batch_8/grid_circular_voids/sample_0478/iteration_00150.png,-0.470477727116891,-0.4592550179815768,0.528755,0.4828396967326177,True,0.528755,3.333748,1.197399,0.095013,0.292291,4,False,False,0.53515625,150,150,True,0.002545417474958597,False
8,nine_circle,677,outputs/multi_batch/batch_8/nine_circle/sample_0677/iteration_00150.png,-0.4566679306567487,-0.4637665455221507,0.576101,0.1251589290704273,True,0.5761,3.115197,1.10217,0.090739,0.306964,2,False,False,0.5771484375,150,150,True,0.0017377603870752521,False
8,nine_circle,680,outputs/multi_batch/batch_8/nine_circle/sample_0680/iteration_00107.png,-0.4387687728112792,-0.4572351511675579,0.502151,0.3304621560398394,True,0.502151,3.441453,1.119592,0.093029,0.350207,2,False,False,0.50341796875,107,150,False,0.0042591542001222315,False
8,nine_circle,682,outputs/multi_batch/batch_8/nine_circle/sample_0682/iteration_00093.png,-0.3870568673392686,-0.3852869335854648,0.530332,0.3884675172241735,True,0.530332,3.353994,1.20467,0.142196,0.361091,2,False,False,0.53466796875,93,150,False,0.00022163169116714082,False
8,nine_circle,686,outputs/multi_batch/batch_8/nine_circle/sample_0686/iteration_00080.png,-0.4883307685451911,-0.4861097557358607,0.52178,0.1765022684559087,True,0.52178,2.805598,1.079839,0.10793,0.364117,2,False,False,0.51708984375,80,150,False,0.012629583623062672,False
8,nine_circle,691,outputs/multi_batch/batch_8/nine_circle/sample_0691/iteration_00099.png,-0.4452599760646309,-0.4862529208287526,0.564034,0.2236532005285521,True,0.564034,3.542607,1.21764,0.091381,0.357214,2,False,False,0.56298828125,99,150,False,0.001360503354862363,False
8,nine_circle,692,outputs/multi_batch/batch_8/nine_circle/sample_0692/iteration_00150.png,-0.3096859170508476,-0.311354932188728,0.582758,0.4470097620811423,True,0.582759,3.588337,1.198312,0.129368,0.351851,2,False,False,0.586181640625,150,150,True,0.021035701773941932,False
8,nine_circle,696,outputs/multi_batch/batch_8/nine_circle/sample_0696/iteration_00120.png,-0.4071667682906715,-0.3872527293446773,0.500577,0.393146579585107,True,0.500578,3.186702,1.176764,0.098206,0.322711,2,False,False,0.49853515625,120,150,False,0.0011862140361471386,False
8,nine_circle,697,outputs/multi_batch/batch_8/nine_circle/sample_0697/iteration_00150.png,-0.3594295646601104,-0.3683904279939748,0.566772,0.5588867881949962,True,0.566772,3.519222,1.180606,0.126306,0.298105,2,False,False,0.571533203125,150,150,True,0.003656705894284754,False
8,nine_circle,698,outputs/multi_batch/batch_8/nine_circle/sample_0698/iteration_00150.png,-0.3978785778856861,-0.3914054394738344,0.537598,0.5428170069569765,True,0.537597,2.853668,1.103383,0.111194,0.319558,2,False,False,0.533935546875,150,150,True,0.009296992306494655,False
8,nine_circle,699,outputs/multi_batch/batch_8/nine_circle/sample_0699/iteration_00141.png,-0.4622932069097061,-0.4498493768050133,0.536203,0.2976021792401683,True,0.536202,3.607411,1.160172,0.130177,0.286305,3,False,False,0.546142578125,141,150,False,0.019937232636002215,False
8,nine_circle,702,outputs/multi_batch/batch_8/nine_circle/sample_0702/iteration_00150.png,-0.3950280571003701,-0.42247703613354,0.53375,0.3320725663318106,True,0.53375,2.893191,1.063043,0.095836,0.291571,4,False,False,0.543701171875,150,150,True,0.000600791707155987,False
8,nine_circle,703,outputs/multi_batch/batch_8/nine_circle/sample_0703/iteration_00150.png,-0.5216721059971128,-0.5194360792073244,0.514193,0.3638238059766773,True,0.514193,2.660037,1.187206,0.132871,0.328892,2,False,False,0.521728515625,150,150,True,0.0021330518879231516,False
8,nine_circle,713,outputs/multi_batch/batch_8/nine_circle/sample_0713/iteration_00150.png,-0.4226211773384637,-0.4126813546689382,0.569159,0.1918137034302172,True,0.569159,2.969413,1.164934,0.128028,0.340043,2,False,False,0.563232421875,150,150,True,0.0013565704012853022,False
8,nine_circle,714,outputs/multi_batch/batch_8/nine_circle/sample_0714/iteration_00150.png,-0.4765951762375748,-0.4792694759119613,0.555788,0.2035762429998527,True,0.555788,3.415045,1.234062,0.099504,0.33291,2,False,False,0.552001953125,150,150,True,0.015463851144906527,False
8,nine_circle,716,outputs/multi_batch/batch_8/nine_circle/sample_0716/iteration_00150.png,-0.4724946598923786,-0.4673076339126244,0.512178,0.2588913858513219,True,0.512177,3.453695,1.11486,0.079253,0.347996,2,False,False,0.519775390625,150,150,True,0.01942668896396594,False
8,nine_circle,717,outputs/multi_batch/batch_8/nine_circle/sample_0717/iteration_00092.png,-0.4269827762013961,-0.4121841190796181,0.584209,0.432479952626619,True,0.58421,3.289772,1.214036,0.138041,0.330776,2,False,False,0.589111328125,92,150,False,0.010119091856565492,False
8,nine_circle,720,outputs/multi_batch/batch_8/nine_circle/sample_0720/iteration_00150.png,-0.3248792941819516,-0.3296811674510171,0.532596,0.7884732820898983,True,0.568209,3.339726,1.060696,0.114868,0.373503,4,False,False,0.53662109375,150,150,True,3.0686283383937405e-06,False
8,nine_circle,721,outputs/multi_batch/batch_8/nine_circle/sample_0721/iteration_00150.png,-0.4404117649837041,-0.4641296442006713,0.560151,0.2371753805382166,True,0.560151,3.61797,1.240225,0.083216,0.305272,3,False,False,0.56103515625,150,150,True,0.0011499568652990973,False
8,nine_circle,722,outputs/multi_batch/batch_8/nine_circle/sample_0722/iteration_00150.png,-0.4303954464714586,-0.4327379883530581,0.539616,0.18424633763091,True,0.539616,3.029083,1.220003,0.10195,0.368266,2,False,False,0.542236328125,150,150,True,0.0017194803549369256,False
8,nine_circle,723,outputs/multi_batch/batch_8/nine_circle/sample_0723/iteration_00150.png,-0.4702290475310532,-0.4545362107434217,0.57277,0.4658787083064728,True,0.57277,3.089998,1.138545,0.097385,0.339429,2,False,False,0.579833984375,150,150,True,0.005752094284272741,False
8,nine_circle,726,outputs/multi_batch/batch_8/nine_circle/sample_0726/iteration_00150.png,-0.4003684949298745,-0.4042995902747439,0.561009,0.3690060580701262,True,0.561008,2.619414,1.144436,0.135082,0.355086,3,False,False,0.561279296875,150,150,True,0.014765582263531451,False
8,nine_circle,728,outputs/multi_batch/batch_8/nine_circle/sample_0728/iteration_00150.png,-0.3821368976215567,-0.3763730023286643,0.528303,0.754080746783359,True,0.528303,3.24556,1.20873,0.098843,0.369305,2,False,False,0.527587890625,150,150,True,0.0014102023053808946,False
8,nine_circle,734,outputs/multi_batch/batch_8/nine_circle/sample_0734/iteration_00150.png,-0.3983077088263966,-0.3874598599416525,0.558065,0.3556247773074749,True,0.558065,3.496933,1.16867,0.118343,0.341504,2,False,False,0.560302734375,150,150,True,0.0012785877171343047,False
8,nine_circle,741,outputs/multi_batch/batch_8/nine_circle/sample_0741/iteration_00150.png,-0.4564924957815072,-0.4706736090123591,0.526797,0.4566907410757014,True,0.526796,3.370788,1.130909,0.112142,0.380452,2,False,False,0.534912109375,150,150,True,0.034815731122193085,False
8,nine_circle,744,outputs/multi_batch/batch_8/nine_circle/sample_0744/iteration_00150.png,-0.329122553975183,-0.3290845375867926,0.513476,0.5628466599495917,True,0.513476,2.844257,1.088219,0.120635,0.285501,4,False,False,0.517578125,150,150,True,0.01153066097191129,False
8,nine_circle,747,outputs/multi_batch/batch_8/nine_circle/sample_0747/iteration_00150.png,-0.3869991864872099,-0.3983883196656786,0.554596,0.3951247095490754,True,0.554796,2.584767,1.082785,0.143915,0.37061,2,False,False,0.5546875,150,150,True,0.003350057892705584,False
8,nine_circle,749,outputs/multi_batch/batch_8/nine_circle/sample_0749/iteration_00150.png,-0.4555898096417632,-0.4244189235591262,0.509259,0.367014569734308,True,0.509258,3.560547,1.159648,0.096945,0.294481,2,False,False,0.517333984375,150,150,True,0.0065311064553865116,False
8,nine_circle,754,outputs/multi_batch/batch_8/nine_circle/sample_0754/iteration_00150.png,-0.4986763932723442,-0.4615970765233402,0.554012,0.2541218940384824,True,0.554012,3.499468,1.066013,0.08688,0.302797,2,False,False,0.551025390625,150,150,True,0.0029369276248815586,False
8,nine_circle,759,outputs/multi_batch/batch_8/nine_circle/sample_0759/iteration_00150.png,-0.429072295695073,-0.4457227984401522,0.541673,0.2513750493835377,True,0.541672,2.944183,1.098249,0.108941,0.342871,2,False,False,0.544189453125,150,150,True,0.0004138519021668321,False
8,nine_circle,763,outputs/multi_batch/batch_8/nine_circle/sample_0763/iteration_00150.png,-0.4499331542488846,-0.4603485561501778,0.542729,0.5298670077117729,True,0.542728,2.644373,1.084343,0.122374,0.375152,3,False,False,0.5478515625,150,150,True,0.0028185356141630525,False
8,nine_circle,765,outputs/multi_batch/batch_8/nine_circle/sample_0765/iteration_00150.png,-0.3608922586428094,-0.3595236489366653,0.534997,0.3820969925830394,True,0.534997,2.984078,1.120702,0.118101,0.334954,2,False,False,0.530517578125,150,150,True,0.001256497195111753,False
8,nine_circle,767,outputs/multi_batch/batch_8/nine_circle/sample_0767/iteration_00150.png,-0.4868818981767286,-0.4855477436111488,0.563535,0.5208648659276583,True,0.563535,2.739913,1.153635,0.102319,0.310285,5,False,False,0.562255859375,150,150,True,0.0015717335821295718,False
8,small_square_cross,864,outputs/multi_batch/batch_8/small_square_cross/sample_0864/iteration_00150.png,-0.431717594866931,-0.4986635225818631,0.53343,0.552275040391286,True,0.53343,3.116009,1.17683,0.140787,0.325067,2,False,False,0.533935546875,150,150,True,0.0015799122142480999,False
8,small_square_cross,865,outputs/multi_batch/batch_8/small_square_cross/sample_0865/iteration_00150.png,-0.2681046320847713,-0.216515899681012,0.525133,0.9802849615520726,True,0.573735,2.958198,1.224738,0.116555,0.28903,4,False,False,0.5234375,150,150,True,0.014671112322840553,False
8,small_square_cross,866,outputs/multi_batch/batch_8/small_square_cross/sample_0866/iteration_00150.png,-0.4073808932905259,-0.4256074099981572,0.502475,0.4004560861393362,True,0.502475,2.754072,1.114508,0.136341,0.332492,2,False,False,0.50830078125,150,150,True,0.0007343370496908074,False
8,small_square_cross,868,outputs/multi_batch/batch_8/small_square_cross/sample_0868/iteration_00150.png,-0.4373559080435358,-0.4229197252967659,0.543714,0.7448936469338228,True,0.543715,3.351536,1.220922,0.133045,0.32942,2,False,False,0.54345703125,150,150,True,0.001326708316782776,False
8,small_square_cross,869,outputs/multi_batch/batch_8/small_square_cross/sample_0869/iteration_00150.png,-0.4590575289301257,-0.4563621640081328,0.565241,0.7100856819910305,True,0.56524,2.964901,1.069018,0.093711,0.351963,2,False,False,0.57275390625,150,150,True,0.015344115677012493,False
8,small_square_cross,876,outputs/multi_batch/batch_8/small_square_cross/sample_0876/iteration_00150.png,-0.2693779007861612,-0.260851406127438,0.542764,0.7400906438215378,True,0.542764,3.010367,1.139178,0.108152,0.360285,2,False,False,0.541259765625,150,150,True,0.020900206276111326,False
8,small_square_cross,878,outputs/multi_batch/batch_8/small_square_cross/sample_0878/iteration_00150.png,-0.4261574684141422,-0.4261281505381706,0.536803,0.3273081241283999,True,0.536803,3.429125,1.061738,0.075536,0.380789,3,False,False,0.53662109375,150,150,True,0.06262647470867837,False
8,small_square_cross,889,outputs/multi_batch/batch_8/small_square_cross/sample_0889/iteration_00150.png,-0.2245446894787811,-0.2254257564609209,0.539011,0.6596133872896344,True,0.539011,2.569484,1.201654,0.109882,0.351011,2,False,False,0.54931640625,150,150,True,0.03758405439289404,False
8,small_square_cross,891,outputs/multi_batch/batch_8/small_square_cross/sample_0891/iteration_00150.png,-0.4504530624770759,-0.4613140557814925,0.560603,0.2628894532022249,True,0.560602,3.656488,1.082619,0.119549,0.325777,2,False,False,0.562744140625,150,150,True,0.009250915669337998,False
8,small_square_cross,896,outputs/multi_batch/batch_8/small_square_cross/sample_0896/iteration_00150.png,-0.5290520331384355,-0.5025928550085665,0.445569,1.1808413055847664,True,0.518386,2.893458,1.115421,0.134973,0.307106,5,False,False,0.435302734375,150,150,True,0.00998681158931939,False
8,small_square_cross,899,outputs/multi_batch/batch_8/small_square_cross/sample_0899/iteration_00150.png,-0.2201212287421222,-0.2270499865761386,0.519468,0.7275860685203217,True,0.535585,3.183683,1.13109,0.091918,0.303722,1,True,False,0.5087890625,150,150,True,0.28405145300221396,True
8,small_square_cross,906,outputs/multi_batch/batch_8/small_square_cross/sample_0906/iteration_00150.png,-0.439566792235448,-0.5040027106138734,0.530724,0.5664029806111364,True,0.530724,3.644582,1.12908,0.132081,0.372988,2,False,False,0.5302734375,150,150,True,0.01060799434422802,False
8,small_square_cross,907,outputs/multi_batch/batch_8/small_square_cross/sample_0907/iteration_00150.png,-0.3253796718746707,-0.2751980384184656,0.564464,0.7367054146840604,True,0.564463,3.631256,1.059852,0.076415,0.309144,2,False,False,0.569091796875,150,150,True,0.013515509270654683,False
8,small_square_cross,908,outputs/multi_batch/batch_8/small_square_cross/sample_0908/iteration_00150.png,-0.0420086014454986,-0.0420531050196892,0.567459,0.8546338984154351,True,0.567459,3.271029,1.242182,0.105851,0.288602,1,True,False,0.567138671875,150,150,True,0.19357833233222307,True
8,small_square_cross,909,outputs/multi_batch/batch_8/small_square_cross/sample_0909/iteration_00150.png,-0.3561375178600474,-0.348438559076031,0.580534,0.7607061756811755,True,0.580534,2.923086,1.16665,0.078655,0.28487,3,False,False,0.583984375,150,150,True,0.017819224262704783,False
8,small_square_cross,910,outputs/multi_batch/batch_8/small_square_cross/sample_0910/iteration_00150.png,-0.3831940268949634,-0.3941536369289458,0.518683,0.443815117904293,True,0.518683,3.192063,1.179551,0.07783,0.377149,2,False,False,0.520751953125,150,150,True,0.0035773402462242207,False
8,small_square_cross,912,outputs/multi_batch/batch_8/small_square_cross/sample_0912/iteration_00150.png,-0.2728114740574121,-0.26890680706861,0.522935,0.6527740935155708,True,0.522935,3.476167,1.196388,0.140095,0.305217,3,False,False,0.521728515625,150,150,True,0.0005150657649484677,False
8,small_square_cross,913,outputs/multi_batch/batch_8/small_square_cross/sample_0913/iteration_00150.png,-0.2796993472764587,-0.2798870047611506,0.48563,1.17050451252372,True,0.513585,2.624216,1.058145,0.074992,0.368513,2,False,False,0.48876953125,150,150,True,0.10737907530031351,False
8,small_square_cross,917,outputs/multi_batch/batch_8/small_square_cross/sample_0917/iteration_00150.png,-0.2076767957702979,-0.1890792843185639,0.508533,0.8305869118180429,True,0.508533,3.481218,1.217409,0.127482,0.378529,2,False,False,0.516357421875,150,150,True,0.0019451673610498424,False
8,small_square_cross,919,outputs/multi_batch/batch_8/small_square_cross/sample_0919/iteration_00150.png,0.0057353769502222,0.0057353770177028,0.509011,0.87453178204386,True,0.50975,2.833618,1.192811,0.121507,0.300478,1,True,False,0.510009765625,150,150,True,0.17182410423452776,True
8,small_square_cross,922,outputs/multi_batch/batch_8/small_square_cross/sample_0922/iteration_00150.png,-0.4093138713067277,-0.3800334013521584,0.583562,0.6010546053658066,True,0.583561,2.667838,1.124682,0.07956,0.350382,3,False,False,0.601318359375,150,150,True,0.019724209987276465,False
8,small_square_cross,924,outputs/multi_batch/batch_8/small_square_cross/sample_0924/iteration_00150.png,-0.4956638625160394,-0.5230716862226824,0.512291,0.3852440336364243,True,0.512292,3.458544,1.184685,0.102563,0.364993,3,False,False,0.51171875,150,150,True,0.009821674402288903,False
8,small_square_cross,927,outputs/multi_batch/batch_8/small_square_cross/sample_0927/iteration_00150.png,-0.2179161616503056,-0.2406299360223845,0.548377,0.7429417734111813,True,0.548376,3.070052,1.213526,0.097387,0.34748,2,False,False,0.55322265625,150,150,True,0.0077716991499048515,False
8,small_square_cross,930,outputs/multi_batch/batch_8/small_square_cross/sample_0930/iteration_00150.png,-0.483741534061113,-0.4545395114362755,0.549264,0.6276306710964468,True,0.549265,3.611015,1.186562,0.125032,0.330652,3,False,False,0.562744140625,150,150,True,0.0032133593088488344,False
8,small_square_cross,934,outputs/multi_batch/batch_8/small_square_cross/sample_0934/iteration_00126.png,-0.5318124205816982,-0.5016739939291912,0.542046,0.6952243819364902,True,0.549999,3.555924,1.151478,0.131728,0.346438,2,False,False,0.540283203125,126,150,False,0.009663522990260033,False
8,small_square_cross,938,outputs/multi_batch/batch_8/small_square_cross/sample_0938/iteration_00150.png,-0.4992795207042838,-0.4870875038657994,0.514107,0.5009610370736909,True,0.514107,2.90599,1.098308,0.085666,0.379765,2,False,False,0.5009765625,150,150,True,0.027357352257877467,False
8,small_square_cross,940,outputs/multi_batch/batch_8/small_square_cross/sample_0940/iteration_00150.png,-0.3460894072331879,-0.3355760836474701,0.541403,0.8520905806510972,True,0.541403,2.808804,1.189572,0.1109,0.323127,4,False,False,0.533447265625,150,150,True,0.0679030639099494,False
8,small_square_cross,941,outputs/multi_batch/batch_8/small_square_cross/sample_0941/iteration_00150.png,-0.478617178845846,-0.4826146602413702,0.521975,0.3919259342677406,True,0.521975,2.68075,1.162678,0.130776,0.334657,3,False,False,0.5166015625,150,150,True,0.015159801698907469,False
8,small_square_cross,943,outputs/multi_batch/batch_8/small_square_cross/sample_0943/iteration_00150.png,-0.0269325111161166,-0.026932509185821,0.520538,0.8650676853186333,True,0.520537,2.74516,1.078168,0.120279,0.293871,1,True,False,0.5244140625,150,150,True,0.15584389850827118,True
8,small_square_cross,945,outputs/multi_batch/batch_8/small_square_cross/sample_0945/iteration_00150.png,-0.5327854518573418,-0.5231998562256104,0.569334,0.3748640291482922,True,0.569333,2.996505,1.0834,0.102101,0.372194,3,False,False,0.57421875,150,150,True,0.009413476126326283,False
8,small_square_cross,952,outputs/multi_batch/batch_8/small_square_cross/sample_0952/iteration_00150.png,-0.4888408957328157,-0.491652639440197,0.506841,0.685469054003642,True,0.506841,3.143586,1.187498,0.101373,0.293784,2,False,False,0.510009765625,150,150,True,0.020247207956157306,False
8,small_square_cross,954,outputs/multi_batch/batch_8/small_square_cross/sample_0954/iteration_00150.png,-0.2067852594840425,-0.2269415117595331,0.502299,1.5411109196300052,True,0.511563,2.579177,1.094036,0.0947,0.304553,2,False,False,0.498779296875,150,150,True,0.5879391218252812,True
8,small_square_cross,956,outputs/multi_batch/batch_8/small_square_cross/sample_0956/iteration_00142.png,-0.5048770478362168,-0.5037213329119032,0.55346,0.3158939702666234,True,0.553459,2.999426,1.079422,0.077512,0.365481,2,False,False,0.538818359375,142,150,False,0.012786508828183453,False
8,square,961,outputs/multi_batch/batch_8/square/sample_0961/iteration_00150.png,-0.276884214685284,-0.288606719773363,0.567157,0.7954067574549433,True,0.567158,3.590427,1.168428,0.1282,0.370964,2,False,False,0.56689453125,150,150,True,0.009316867674110394,False
8,square,963,outputs/multi_batch/batch_8/square/sample_0963/iteration_00040.png,-0.1786525946057836,-0.1786523002113275,0.54609,0.7066497804221541,True,0.54609,3.513803,1.216427,0.128387,0.32931,1,True,False,0.539794921875,40,150,False,0.45619404793955093,True
8,square,967,outputs/multi_batch/batch_8/square/sample_0967/iteration_00150.png,-0.2587590787003814,-0.2563852634970675,0.572125,0.9715828482776157,True,0.577352,3.029265,1.199045,0.0975,0.351235,2,False,False,0.57958984375,150,150,True,0.00115558397436153,False
8,square,968,outputs/multi_batch/batch_8/square/sample_0968/iteration_00150.png,-0.3071324599163263,-0.2928176254752556,0.540834,0.9019083708180856,True,0.565044,3.044346,1.1621,0.125719,0.346879,5,False,False,0.53759765625,150,150,True,0.010634607594138392,False
8,square,969,outputs/multi_batch/batch_8/square/sample_0969/iteration_00150.png,-0.626579604279562,-0.6487997311547329,0.477397,1.706866634770584,True,0.578288,3.295934,1.111871,0.132946,0.345144,5,False,False,0.47412109375,150,150,True,0.11093984511555892,False
8,square,973,outputs/multi_batch/batch_8/square/sample_0973/iteration_00150.png,-0.5502034814473182,-0.5211874263184708,0.582878,0.4986113852965825,True,0.582879,3.166294,1.081821,0.103839,0.285044,2,False,False,0.584716796875,150,150,True,0.00040646603998918505,False
8,square,975,outputs/multi_batch/batch_8/square/sample_0975/iteration_00150.png,-0.4735421613137729,-0.4965955282726081,0.51561,1.1385065921315127,True,0.5559,3.493756,1.218452,0.095091,0.33803,4,False,False,0.522216796875,150,150,True,0.12149342742826301,False
8,square,976,outputs/multi_batch/batch_8/square/sample_0976/iteration_00150.png,-0.4683762500194668,-0.4962387312760928,0.576166,0.8283094255774972,True,0.576166,3.530196,1.179852,0.089094,0.333098,2,False,False,0.5830078125,150,150,True,0.02018424148068288,False
8,square,978,outputs/multi_batch/batch_8/square/sample_0978/iteration_00150.png,-0.4114042322070282,-0.4191474254879661,0.534248,0.8758967791491139,True,0.534247,2.665996,1.244955,0.074794,0.369835,2,False,False,0.5263671875,150,150,True,0.015069834015880216,False
8,square,981,outputs/multi_batch/batch_8/square/sample_0981/iteration_00150.png,-0.2953057346135143,-0.2773507992749611,0.548778,0.5751090659839292,True,0.548778,2.709936,1.068582,0.138148,0.357324,2,False,False,0.547119140625,150,150,True,0.0008136578376352427,False
8,square,982,outputs/multi_batch/batch_8/square/sample_0982/iteration_00150.png,-0.0791069474008445,-0.0701265104210809,0.559721,0.9550810852278678,True,0.559721,3.30742,1.08984,0.08047,0.358398,3,False,False,0.558837890625,150,150,True,0.2629822340277638,True
8,square,991,outputs/multi_batch/batch_8/square/sample_0991/iteration_00150.png,-0.4108043443107683,-0.4353272690552769,0.505659,0.9703724406436858,True,0.50618,3.201311,1.130248,0.13866,0.302191,3,False,False,0.505859375,150,150,True,0.0014171288411563066,False
8,square,992,outputs/multi_batch/batch_8/square/sample_0992/iteration_00150.png,-0.3675836749464423,-0.3712101014713461,0.572414,0.5732623709579877,True,0.572413,2.616502,1.079884,0.101035,0.341966,2,False,False,0.584228515625,150,150,True,0.006834897398375465,False
8,square,993,outputs/multi_batch/batch_8/square/sample_0993/iteration_00150.png,-0.4404537758925379,-0.4466821266073423,0.564213,0.6374432087675697,True,0.564213,3.480899,1.232788,0.140562,0.3624,2,False,False,0.56201171875,150,150,True,0.053926471550491184,False
8,square,994,outputs/multi_batch/batch_8/square/sample_0994/iteration_00150.png,-0.4169936868411044,-0.4085669775257291,0.51335,0.594505146753372,True,0.51335,3.546752,1.222927,0.119502,0.32114,2,False,False,0.524658203125,150,150,True,0.03466179096508713,False
8,square,995,outputs/multi_batch/batch_8/square/sample_0995/iteration_00150.png,0.0602834685119072,0.059221366384488,0.518297,1.0475603533755864,True,0.518298,3.557381,1.182867,0.076187,0.334562,2,False,False,0.52001953125,150,150,True,0.004104455125438374,False
8,square,996,outputs/multi_batch/batch_8/square/sample_0996/iteration_00150.png,-0.473182850471248,-0.4447439088331428,0.581068,0.4444061553855076,True,0.581069,3.638457,1.148693,0.108214,0.314123,3,False,False,0.59326171875,150,150,True,0.02532266717056639,False
8,square,997,outputs/multi_batch/batch_8/square/sample_0997/iteration_00150.png,-0.4194955869194413,-0.4274373518662484,0.522228,0.677066923657547,True,0.522228,2.744542,1.174947,0.093604,0.346481,4,False,False,0.51513671875,150,150,True,0.005795790613675495,False
8,square,998,outputs/multi_batch/batch_8/square/sample_0998/iteration_00150.png,-0.3350356802030381,-0.3475026203025866,0.527988,0.8007929249715923,True,0.527987,2.774487,1.240533,0.120917,0.310653,2,False,False,0.526123046875,150,150,True,0.0041233230062114245,False
8,square,1000,outputs/multi_batch/batch_8/square/sample_1000/iteration_00150.png,-0.1602228138319503,-0.1353745714991139,0.50256,1.745585823978894,True,0.530717,3.463714,1.062496,0.083372,0.293918,4,False,False,0.51220703125,150,150,True,1.0345454342028573,True
8,square,1003,outputs/multi_batch/batch_8/square/sample_1003/iteration_00150.png,-0.0307226957625383,-0.0350736921931717,0.51718,1.0012651353355153,True,0.517515,3.436149,1.213712,0.111811,0.339273,1,True,False,0.52197265625,150,150,True,0.6538542794230069,True
8,square,1004,outputs/multi_batch/batch_8/square/sample_1004/iteration_00150.png,-0.3313512628802292,-0.3809164642965828,0.562483,0.849267168483053,True,0.562781,3.154385,1.097982,0.105289,0.336556,2,False,False,0.565673828125,150,150,True,0.034992161344871854,False
8,square,1005,outputs/multi_batch/batch_8/square/sample_1005/iteration_00150.png,-0.1244988723558681,-0.1223442757273138,0.451998,1.2515120630478842,True,0.509083,3.388158,1.08887,0.12644,0.299807,6,False,False,0.457763671875,150,150,True,0.18924495651983433,True
8,square,1006,outputs/multi_batch/batch_8/square/sample_1006/iteration_00150.png,-0.4476253537537176,-0.4385119085282146,0.519332,0.6131608456636849,True,0.519333,3.569916,1.1387,0.075586,0.373252,2,False,False,0.514892578125,150,150,True,0.0760051623793396,False
8,square,1011,outputs/multi_batch/batch_8/square/sample_1011/iteration_00150.png,-0.4251593020631218,-0.4498456364066949,0.507916,0.4443327249582874,True,0.507916,2.836586,1.161718,0.077798,0.376361,2,False,False,0.498291015625,150,150,True,0.002217810877352123,False
8,square,1012,outputs/multi_batch/batch_8/square/sample_1012/iteration_00150.png,-0.3668377996133191,-0.3683528443047725,0.546916,1.027457224336795,True,0.565718,2.566994,1.125603,0.114168,0.36372,4,False,False,0.535888671875,150,150,True,0.0886816630105379,False
8,square,1013,outputs/multi_batch/batch_8/square/sample_1013/iteration_00150.png,-0.3738320421184076,-0.3823040210909647,0.520233,0.5789979014057621,True,0.520233,3.588164,1.204652,0.135312,0.354693,2,False,False,0.516357421875,150,150,True,0.035807259727665526,False
8,square,1016,outputs/multi_batch/batch_8/square/sample_1016/iteration_00150.png,-0.4573047849394509,-0.4633147670024538,0.558923,0.4756321660656201,True,0.558923,3.098937,1.130884,0.08191,0.323176,2,False,False,0.558349609375,150,150,True,0.021059824452102176,False
8,square,1021,outputs/multi_batch/batch_8/square/sample_1021/iteration_00097.png,-0.3915248342206091,-0.4099442926698415,0.505841,0.4599980313283092,True,0.505841,3.424479,1.151553,0.112679,0.306449,2,False,False,0.508056640625,97,150,False,0.0021816030138271394,False
8,square,1023,outputs/multi_batch/batch_8/square/sample_1023/iteration_00150.png,-0.5323671477095915,-0.5139553329325234,0.52935,0.5490425895835499,True,0.529349,3.501789,1.091302,0.110775,0.371617,4,False,False,0.527099609375,150,150,True,0.051338684175315105,False
8,square,1024,outputs/multi_batch/batch_8/square/sample_1024/iteration_00150.png,0.0206788727883288,0.0205662125904242,0.514878,1.0552072032286484,True,0.514879,3.417069,1.235579,0.086738,0.352815,3,False,False,0.51318359375,150,150,True,0.053768372624701063,False
8,square,1026,outputs/multi_batch/batch_8/square/sample_1026/iteration_00150.png,-0.1895483883117023,-0.1912323770124548,0.54249,0.6885607070585977,True,0.54249,3.218013,1.232628,0.111367,0.325074,3,False,False,0.54150390625,150,150,True,0.13179455822187322,False
8,square,1029,outputs/multi_batch/batch_8/square/sample_1029/iteration_00150.png,-0.4649415861857201,-0.4604828696299293,0.578912,0.3421915826366053,True,0.578912,3.286824,1.107223,0.144185,0.368049,3,False,False,0.566162109375,150,150,True,0.013898386800530587,False
8,square,1030,outputs/multi_batch/batch_8/square/sample_1030/iteration_00150.png,-0.27792231089009,-0.283029138197385,0.563178,0.6709005281933041,True,0.56993,2.850599,1.187784,0.132371,0.379385,3,False,False,0.55859375,150,150,True,0.055042353010907694,False
8,square,1034,outputs/multi_batch/batch_8/square/sample_1034/iteration_00119.png,-0.4231216553375589,-0.3730927560021916,0.504642,0.6154840867516891,True,0.504642,2.974218,1.084828,0.123035,0.335025,3,False,False,0.507568359375,119,150,False,0.010813759492446564,False
8,square,1035,outputs/multi_batch/batch_8/square/sample_1035/iteration_00150.png,-0.337608359091457,-0.3373653902782695,0.560834,0.4624573112904382,True,0.560834,3.135802,1.189875,0.143194,0.329995,3,False,False,0.558837890625,150,150,True,0.007413178592245909,False
8,square,1036,outputs/multi_batch/batch_8/square/sample_1036/iteration_00150.png,-0.3152219335205634,-0.2820899047035382,0.501904,0.6430281094823045,True,0.501903,3.247273,1.123436,0.084129,0.289204,2,False,False,0.5087890625,150,150,True,0.018220762341999104,False
8,square,1038,outputs/multi_batch/batch_8/square/sample_1038/iteration_00150.png,-0.3684040587712952,-0.3833851591928393,0.523929,1.0817237063669924,True,0.523929,3.182226,1.185242,0.089302,0.380159,2,False,False,0.51611328125,150,150,True,0.03832065919324547,False
8,square,1039,outputs/multi_batch/batch_8/square/sample_1039/iteration_00150.png,-0.314819234364298,-0.299591247063229,0.54555,0.7837016953767949,True,0.54555,2.863334,1.145291,0.124423,0.365297,2,False,False,0.54345703125,150,150,True,0.0019482955260682745,False
8,square,1040,outputs/multi_batch/batch_8/square/sample_1040/iteration_00150.png,-0.5938379697344729,-0.5860295219477241,0.574266,0.4412219594588875,True,0.574266,2.813232,1.086043,0.101701,0.315597,2,False,False,0.581298828125,150,150,True,0.009505967395932895,False
8,square,1047,outputs/multi_batch/batch_8/square/sample_1047/iteration_00150.png,-0.1406500177671365,-0.1651339006606069,0.583338,1.0835663716250166,True,0.583339,3.211753,1.222452,0.098393,0.337453,2,False,False,0.58154296875,150,150,True,0.0069966580543994895,False
8,square,1048,outputs/multi_batch/batch_8/square/sample_1048/iteration_00150.png,-0.2226259918025334,-0.2226542172379962,0.504047,0.7040600737573064,True,0.504048,3.658522,1.202958,0.114839,0.353342,3,False,False,0.50341796875,150,150,True,0.09248216061552422,False
8,square,1051,outputs/multi_batch/batch_8/square/sample_1051/iteration_00150.png,0.0343404161520885,0.0408530873025513,0.495323,1.1078914068953103,True,0.50729,3.357382,1.119798,0.113764,0.323511,3,False,False,0.498046875,150,150,True,0.0026281208935609863,False
8,square,1053,outputs/multi_batch/batch_8/square/sample_1053/iteration_00150.png,-0.2264758277031844,-0.1842140163036283,0.557208,0.9945494506112188,True,0.557208,3.319535,1.21165,0.093145,0.378143,2,False,False,0.568359375,150,150,True,0.07560107734943751,False
8,square,1055,outputs/multi_batch/batch_8/square/sample_1055/iteration_00150.png,-0.4082814100362027,-0.4091901718007198,0.575538,0.6045757957655905,True,0.575538,2.822781,1.121783,0.142297,0.380813,2,False,False,0.570556640625,150,150,True,0.014981453313706018,False
11,hourglass,184,outputs/multi_batch/batch_11_dqfix_full_rebuild/hourglass/sample_0184/iteration_00150.png,-0.6447072790591528,-0.4135452309736556,0.564078,0.1269934713907874,True,0.564078,2.806707,1.114817,0.103127,0.295973,3,False,False,0.554931640625,150,150,True,4.491282498115869e-05,False
11,hourglass,191,outputs/multi_batch/batch_11_dqfix_full_rebuild/hourglass/sample_0191/iteration_00050.png,-0.5667908764116832,-0.4389041844520169,0.527399,0.0511161954180047,True,0.527398,3.437508,1.100721,0.134921,0.324142,2,False,False,0.525146484375,50,150,False,0.018012994113123047,False
11,hourglass,219,outputs/multi_batch/batch_11_dqfix_full_rebuild/hourglass/sample_0219/iteration_00150.png,-0.6354181575319146,-0.4533433866164938,0.558529,0.0515818107862303,True,0.558529,2.767494,1.086827,0.132325,0.308951,3,False,False,0.55029296875,150,150,True,0.00017440888938536063,False
11,hourglass,222,outputs/multi_batch/batch_11_dqfix_full_rebuild/hourglass/sample_0222/iteration_00150.png,-0.648693797190684,-0.4195969821751315,0.57489,0.1636892056882538,True,0.574889,2.915236,1.160328,0.100815,0.286345,3,False,False,0.57080078125,150,150,True,0.0016452529599534475,False
11,hourglass,248,outputs/multi_batch/batch_11_dqfix_full_rebuild/hourglass/sample_0248/iteration_00150.png,-0.6762254791954605,-0.4175705134768803,0.582608,0.1602759478955973,True,0.582607,2.864861,1.156155,0.106221,0.379434,3,False,False,0.57666015625,150,150,True,0.00403594292078416,False
11,hourglass,265,outputs/multi_batch/batch_11_dqfix_full_rebuild/hourglass/sample_0265/iteration_00150.png,-0.6602501905414356,-0.422275211284164,0.583995,0.1459564627661183,True,0.583995,2.95804,1.118562,0.105668,0.35361,2,False,False,0.578369140625,150,150,True,5.595306596330196e-05,False
11,hourglass,335,outputs/multi_batch/batch_11_dqfix_full_rebuild/hourglass/sample_0335/iteration_00150.png,-0.6538357234626949,-0.4287011486092593,0.566223,0.0928180681382081,True,0.566224,2.849155,1.105346,0.110846,0.291259,3,False,False,0.55810546875,150,150,True,1.8325366889134587e-05,False
11,hourglass,352,outputs/multi_batch/batch_11_dqfix_full_rebuild/hourglass/sample_0352/iteration_00150.png,-0.6673362538596916,-0.4363321265348959,0.573645,0.1025309735343176,True,0.573645,2.855432,1.072434,0.096989,0.368594,2,False,False,0.566650390625,150,150,True,0.0003261300480966129,False
11,hourglass,461,outputs/multi_batch/batch_11_dqfix_full_rebuild/hourglass/sample_0461/iteration_00150.png,-0.6612262259134651,-0.4497474337238815,0.550301,0.1015197036100284,True,0.550301,2.939757,1.116315,0.092335,0.315317,2,False,False,0.5390625,150,150,True,0.00041518248364732114,False
11,hourglass,519,outputs/multi_batch/batch_11_dqfix_full_rebuild/hourglass/sample_0519/iteration_00051.png,-0.6075321005392408,-0.4876281084447452,0.519314,0.092114803136155,True,0.519315,3.271487,1.175192,0.139659,0.292745,2,False,False,0.512939453125,51,150,False,0.00523863189423664,False
11,hourglass,603,outputs/multi_batch/batch_11_dqfix_full_rebuild/hourglass/sample_0603/iteration_00054.png,-0.6247293194083493,-0.4505996659650575,0.53225,0.1590271210997794,True,0.532249,3.538567,1.176779,0.143285,0.335624,2,False,False,0.52783203125,54,150,False,0.0006057268678463288,False
11,hexagonal,740,outputs/multi_batch/batch_11_dqfix_full_rebuild/hexagonal/sample_0740/iteration_00035.png,7.501983163437493e-12,0.2981787803340658,0.553101,1.0509841617028424,True,0.5531,3.540006,1.169714,0.075878,0.348609,2,False,False,0.55712890625,35,150,False,0.16657577710574586,True
11,hexagonal,742,outputs/multi_batch/batch_11_dqfix_full_rebuild/hexagonal/sample_0742/iteration_00150.png,-0.355207696439852,-0.5405300688009363,0.555883,0.3602037233672941,True,0.555883,2.596216,1.063702,0.079774,0.288845,2,False,False,0.560791015625,150,150,True,0.020974753208232357,False
11,hexagonal,749,outputs/multi_batch/batch_11_dqfix_full_rebuild/hexagonal/sample_0749/iteration_00150.png,-0.3692321944116305,-0.3772830534227295,0.500292,0.4962473989283765,True,0.500292,2.897063,1.239329,0.130586,0.371097,2,False,False,0.508544921875,150,150,True,0.003069743603576797,False
11,hexagonal,757,outputs/multi_batch/batch_11_dqfix_full_rebuild/hexagonal/sample_0757/iteration_00150.png,-0.2569087680765806,-0.3758812040135716,0.555578,0.5087888737954854,True,0.564403,3.247542,1.130201,0.111277,0.297664,3,False,False,0.553955078125,150,150,True,0.0020954413499135816,False
11,hexagonal,781,outputs/multi_batch/batch_11_dqfix_full_rebuild/hexagonal/sample_0781/iteration_00150.png,-0.221155324839223,-0.415275408932813,0.555624,0.4952287958940597,True,0.555624,3.079135,1.129268,0.110224,0.334653,2,False,False,0.554931640625,150,150,True,0.003035625816331037,False
11,hexagonal,795,outputs/multi_batch/batch_11_dqfix_full_rebuild/hexagonal/sample_0795/iteration_00150.png,-0.3671488302237407,-0.2445174017068702,0.560616,0.5055122805529688,True,0.560617,3.567556,1.139112,0.100198,0.334104,2,False,False,0.566650390625,150,150,True,0.00571017077448389,False
11,hexagonal,801,outputs/multi_batch/batch_11_dqfix_full_rebuild/hexagonal/sample_0801/iteration_00150.png,-0.2115788055517395,-0.771634824731439,0.518308,0.5258986884467345,True,0.518308,3.463036,1.110171,0.113185,0.333712,2,False,False,0.52001953125,150,150,True,0.12769552007007923,False
11,hexagonal,835,outputs/multi_batch/batch_11_dqfix_full_rebuild/hexagonal/sample_0835/iteration_00073.png,-0.3801348085771396,-0.6653203516933325,0.567865,0.082747158535922,True,0.567866,3.127758,1.178139,0.096676,0.32487,2,False,False,0.568603515625,73,150,False,0.0010312401476220972,False
11,hexagonal,843,outputs/multi_batch/batch_11_dqfix_full_rebuild/hexagonal/sample_0843/iteration_00050.png,-0.3456387741594873,-0.8152924556882063,0.517268,0.1897029914381063,True,0.517268,3.238756,1.185449,0.088325,0.322472,2,False,False,0.5107421875,50,150,False,0.02458112733009502,False
11,hexagonal,867,outputs/multi_batch/batch_11_dqfix_full_rebuild/hexagonal/sample_0867/iteration_00150.png,-0.4013765297776955,-0.4126779196664147,0.52663,0.3751322550668988,True,0.526631,3.35184,1.115721,0.141734,0.311864,2,False,False,0.525146484375,150,150,True,0.001648971724362983,False
11,hexagonal,885,outputs/multi_batch/batch_11_dqfix_full_rebuild/hexagonal/sample_0885/iteration_00150.png,-0.2647588690057032,-0.4301587898035191,0.506714,0.4450488631695692,True,0.506714,2.801924,1.126492,0.128836,0.335109,3,False,False,0.51220703125,150,150,True,0.0009101927483590483,False
11,hexagonal,919,outputs/multi_batch/batch_11_dqfix_full_rebuild/hexagonal/sample_0919/iteration_00150.png,-0.4732490468408967,-0.6744776679342145,0.517699,0.2253000535321573,True,0.517698,2.656726,1.118793,0.099581,0.29542,3,False,False,0.5078125,150,150,True,0.0056940130824866516,False
11,hexagonal,946,outputs/multi_batch/batch_11_dqfix_full_rebuild/hexagonal/sample_0946/iteration_00150.png,-0.3450330140381702,-0.3696096293094357,0.519118,0.4462028244349807,True,0.519119,2.65952,1.127506,0.13511,0.297027,2,False,False,0.523193359375,150,150,True,0.005223412592085292,False
11,hexagonal,961,outputs/multi_batch/batch_11_dqfix_full_rebuild/hexagonal/sample_0961/iteration_00150.png,-0.4989893837089089,-0.359813526701478,0.550361,0.3566900552375546,True,0.550361,2.737618,1.125369,0.126935,0.372043,2,False,False,0.548583984375,150,150,True,0.00553780766499269,False
11,hexagonal,971,outputs/multi_batch/batch_11_dqfix_full_rebuild/hexagonal/sample_0971/iteration_00150.png,-0.2996119826769479,-0.5960112496216321,0.582838,0.3229003436171777,True,0.582838,2.73158,1.233389,0.101269,0.365781,2,False,False,0.57763671875,150,150,True,0.0015546935014976667,False
11,hexagonal,976,outputs/multi_batch/batch_11_dqfix_full_rebuild/hexagonal/sample_0976/iteration_00150.png,-0.2367327698468626,-0.3490494550379432,0.549334,0.5307884111661477,True,0.549335,2.660395,1.202716,0.109921,0.288764,1,True,False,0.55517578125,150,150,True,0.3390151238732335,True
11,hexagonal,979,outputs/multi_batch/batch_11_dqfix_full_rebuild/hexagonal/sample_0979/iteration_00150.png,-0.3640175776719238,-0.3050763051951635,0.531297,0.4540983876296051,True,0.531297,2.820491,1.229134,0.093019,0.376167,2,False,False,0.53173828125,150,150,True,0.013303724104117494,False
11,hexagonal,1001,outputs/multi_batch/batch_11_dqfix_full_rebuild/hexagonal/sample_1001/iteration_00034.png,7.438292899649472e-12,0.292725705842849,0.531487,1.0524382785340674,True,0.531486,2.961804,1.209374,0.097537,0.320368,2,False,False,0.53564453125,34,150,False,0.12120007947546194,False
11,hexagonal,1021,outputs/multi_batch/batch_11_dqfix_full_rebuild/hexagonal/sample_1021/iteration_00042.png,8.164355756557817e-12,0.3121535470846609,0.568651,1.052298719906823,True,0.568651,3.473893,1.112647,0.078115,0.321359,2,False,False,0.5703125,42,150,False,0.0,False
11,hexagonal,1033,outputs/multi_batch/batch_11_dqfix_full_rebuild/hexagonal/sample_1033/iteration_00150.png,-0.3293728600661642,-0.5735530252695382,0.567669,0.2111677819090549,True,0.567669,2.8875,1.228115,0.114616,0.333893,2,False,False,0.5615234375,150,150,True,0.0003601356470585323,False
11,hexagonal,1057,outputs/multi_batch/batch_11_dqfix_full_rebuild/hexagonal/sample_1057/iteration_00150.png,-0.2944105988732737,-0.6235096870905386,0.556009,0.516752477199034,True,0.55601,3.419078,1.173108,0.137579,0.359264,2,False,False,0.551513671875,150,150,True,0.007470706986898493,False
11,hexagonal,1069,outputs/multi_batch/batch_11_dqfix_full_rebuild/hexagonal/sample_1069/iteration_00034.png,8.050840786176156e-12,0.3077880327519545,0.512482,1.0596134238034278,True,0.512483,3.447723,1.14713,0.134661,0.362869,2,False,False,0.517333984375,34,150,False,0.06478943433840019,False
11,hexagonal,1086,outputs/multi_batch/batch_11_dqfix_full_rebuild/hexagonal/sample_1086/iteration_00042.png,-0.4824618641448223,-0.5885201214354714,0.549435,-0.1033966210061131,True,0.549435,2.696529,1.059753,0.09907,0.295972,1,True,False,0.543212890625,42,150,False,0.17143529210043174,True
11,hexagonal,1090,outputs/multi_batch/batch_11_dqfix_full_rebuild/hexagonal/sample_1090/iteration_00150.png,-0.46441959424304,-0.445622826569724,0.503049,0.5291750080888162,True,0.503048,2.893607,1.151987,0.116191,0.294922,3,False,False,0.502685546875,150,150,True,0.0020415409576908985,False
11,hexagonal,1111,outputs/multi_batch/batch_11_dqfix_full_rebuild/hexagonal/sample_1111/iteration_00150.png,-0.3416454934875089,-0.2644191332301239,0.547265,0.547492179175923,True,0.547265,3.365324,1.203166,0.113994,0.302305,2,False,False,0.54931640625,150,150,True,0.0023344747132416116,False
11,hexagonal,1112,outputs/multi_batch/batch_11_dqfix_full_rebuild/hexagonal/sample_1112/iteration_00056.png,7.972016596322987e-12,0.2934015828101464,0.569953,1.0568683774804462,True,0.569952,3.285032,1.163161,0.093565,0.314081,2,False,False,0.56640625,56,150,False,0.0,False
11,hexagonal,1113,outputs/multi_batch/batch_11_dqfix_full_rebuild/hexagonal/sample_1113/iteration_00040.png,7.432146808597582e-12,0.2960274446904956,0.544894,1.0504585116068994,True,0.544894,3.520806,1.063477,0.077411,0.326102,2,False,False,0.547607421875,40,150,False,0.0,False
11,hexagonal,1116,outputs/multi_batch/batch_11_dqfix_full_rebuild/hexagonal/sample_1116/iteration_00150.png,-0.4023821509529067,-0.5974538588483819,0.578579,0.0009120269842027,True,0.578579,2.665062,1.119728,0.089328,0.333546,2,False,False,0.574951171875,150,150,True,0.0034255454591603568,False
11,hexagonal,1152,outputs/multi_batch/batch_11_dqfix_full_rebuild/hexagonal/sample_1152/iteration_00150.png,-0.2083662878194349,-0.6880521588046516,0.527752,0.4276505200755552,True,0.527752,2.883575,1.190756,0.142772,0.299566,2,False,False,0.521484375,150,150,True,0.007549138155866857,False
11,hexagonal,1168,outputs/multi_batch/batch_11_dqfix_full_rebuild/hexagonal/sample_1168/iteration_00150.png,-0.4003420978798269,-0.3275219098101349,0.552452,0.3743509559886576,True,0.552452,3.120382,1.097795,0.08548,0.363665,2,False,False,0.546630859375,150,150,True,0.0013432193279044138,False
11,hexagonal,1176,outputs/multi_batch/batch_11_dqfix_full_rebuild/hexagonal/sample_1176/iteration_00150.png,-0.31122547918879,-0.3077736446464617,0.581711,0.617135551906036,True,0.581712,2.85495,1.09207,0.137282,0.301065,2,False,False,0.57421875,150,150,True,0.0778015825247763,False
11,hexagonal,1184,outputs/multi_batch/batch_11_dqfix_full_rebuild/hexagonal/sample_1184/iteration_00033.png,7.615598512563679e-12,0.2976239159391353,0.561434,1.051652104554637,True,0.561433,3.073328,1.164401,0.095185,0.306344,2,False,False,0.563720703125,33,150,False,0.2673506634439895,True
11,hexagonal,1200,outputs/multi_batch/batch_11_dqfix_full_rebuild/hexagonal/sample_1200/iteration_00150.png,-0.4574024953984809,-0.5824295419365871,0.549458,0.1009795707306179,True,0.549458,2.841113,1.123787,0.096379,0.35598,2,False,False,0.548828125,150,150,True,0.030028702240143403,False
11,hexagonal,1201,outputs/multi_batch/batch_11_dqfix_full_rebuild/hexagonal/sample_1201/iteration_00150.png,-0.3533821750286137,-0.5420008879516888,0.577886,0.2529705001862317,True,0.577886,3.612991,1.127094,0.112002,0.295153,2,False,False,0.580078125,150,150,True,0.0028899919212873023,False
11,hexagonal,1218,outputs/multi_batch/batch_11_dqfix_full_rebuild/hexagonal/sample_1218/iteration_00150.png,-0.2489883365241934,-0.3356133221947393,0.563796,0.5452507266752525,True,0.563796,3.270535,1.064407,0.10906,0.307767,3,False,False,0.56591796875,150,150,True,0.016946851792499624,False
11,hexagonal,1249,outputs/multi_batch/batch_11_dqfix_full_rebuild/hexagonal/sample_1249/iteration_00150.png,-0.31262695204983,-0.7422998140793757,0.559706,0.2553525992463373,True,0.559706,2.760105,1.121777,0.084352,0.300249,3,False,False,0.553955078125,150,150,True,0.0003251742232480154,False
11,hexagonal,1258,outputs/multi_batch/batch_11_dqfix_full_rebuild/hexagonal/sample_1258/iteration_00150.png,-0.3647282970926434,-0.604466020743492,0.569735,0.1404415809994749,True,0.57513,2.798264,1.203528,0.126501,0.341094,2,False,False,0.570068359375,150,150,True,0.0011832395349568492,False
11,hexagonal,1313,outputs/multi_batch/batch_11_dqfix_full_rebuild/hexagonal/sample_1313/iteration_00150.png,-0.3706547285982065,-0.4915054983586742,0.52022,0.4317875216280824,True,0.52022,3.133913,1.146804,0.142197,0.28375,2,False,False,0.517822265625,150,150,True,0.007332273567477546,False
11,hexagonal,1360,outputs/multi_batch/batch_11_dqfix_full_rebuild/hexagonal/sample_1360/iteration_00150.png,-0.2083338349367599,-0.4403483359265198,0.535229,0.3697189001178252,True,0.535229,3.196901,1.093117,0.074958,0.301789,2,False,False,0.532470703125,150,150,True,0.009178199094586953,False
11,hexagonal,1368,outputs/multi_batch/batch_11_dqfix_full_rebuild/hexagonal/sample_1368/iteration_00150.png,-0.4426412030252155,-0.5921408682583055,0.568572,-0.065143099441602,True,0.568572,2.829958,1.063187,0.091735,0.34905,2,False,False,0.571533203125,150,150,True,4.2826504196414165e-05,False
11,hexagonal,1382,outputs/multi_batch/batch_11_dqfix_full_rebuild/hexagonal/sample_1382/iteration_00150.png,-0.6087744175603688,-0.3419782541835739,0.571895,0.3582398107683877,True,0.571896,2.959617,1.088968,0.113024,0.373135,2,False,False,0.574951171875,150,150,True,0.0025220335400925158,False
11,hexagonal,1412,outputs/multi_batch/batch_11_dqfix_full_rebuild/hexagonal/sample_1412/iteration_00150.png,-0.261808546824279,-0.1987922392709368,0.545711,0.7454464830028802,True,0.545711,3.575251,1.143818,0.140573,0.380564,1,True,False,0.552734375,150,150,True,0.29959173159434194,True
11,hexagonal,1439,outputs/multi_batch/batch_11_dqfix_full_rebuild/hexagonal/sample_1439/iteration_00150.png,-0.3507824427319866,-0.5318991187845947,0.54719,0.2779350026256894,True,0.54719,2.746743,1.123209,0.099987,0.366377,2,False,False,0.559326171875,150,150,True,9.096472927894957e-05,False
11,reentrant_bowtie,1443,outputs/multi_batch/batch_11_dqfix_full_rebuild/reentrant_bowtie/sample_1443/iteration_00039.png,-0.2544311771768771,-0.3622265387811786,0.519185,0.4320936531132362,True,0.519185,2.833129,1.109074,0.089012,0.298344,1,True,False,0.508544921875,39,150,False,0.48054585978081865,True
11,reentrant_bowtie,1448,outputs/multi_batch/batch_11_dqfix_full_rebuild/reentrant_bowtie/sample_1448/iteration_00016.png,1.831961041350794e-11,0.3428764020358814,0.536,1.3037135341733093,True,0.559559,2.691031,1.112661,0.12694,0.296386,3,False,False,0.529541015625,16,150,False,9.127859468385948,True
11,reentrant_bowtie,1451,outputs/multi_batch/batch_11_dqfix_full_rebuild/reentrant_bowtie/sample_1451/iteration_00029.png,-0.0490140222556219,-1.5971442269949692,0.567452,0.925006149217365,True,0.567452,3.213011,1.097286,0.133299,0.366686,1,True,False,0.565673828125,29,150,False,0.20254082966740142,True
11,reentrant_bowtie,1452,outputs/multi_batch/batch_11_dqfix_full_rebuild/reentrant_bowtie/sample_1452/iteration_00150.png,-0.0046464684554555,-0.1281855638991492,0.50285,1.2569077693041537,True,0.555677,2.67033,1.167141,0.108055,0.301617,3,False,False,0.505615234375,150,150,True,0.0003541703559412547,False
11,reentrant_bowtie,1453,outputs/multi_batch/batch_11_dqfix_full_rebuild/reentrant_bowtie/sample_1453/iteration_00015.png,3.580467581808636e-12,0.0831312386040272,0.5368,1.1944720083879223,True,0.569273,2.935341,1.237137,0.137249,0.295466,1,True,False,0.533447265625,15,150,False,7.364753460880386,True
11,reentrant_bowtie,1461,outputs/multi_batch/batch_11_dqfix_full_rebuild/reentrant_bowtie/sample_1461/iteration_00040.png,-0.2711442483409173,-0.405183190994685,0.511232,0.3917113476178325,True,0.511232,2.807774,1.075206,0.136276,0.315031,1,True,False,0.503173828125,40,150,False,0.3487770997011222,True
11,reentrant_bowtie,1467,outputs/multi_batch/batch_11_dqfix_full_rebuild/reentrant_bowtie/sample_1467/iteration_00016.png,5.773182449708724e-12,0.1285025525460145,0.5816,1.1672361707424104,True,0.581918,3.623569,1.23251,0.128482,0.284546,1,True,False,0.581787109375,16,150,False,7.6682167900272695,True
11,reentrant_bowtie,1481,outputs/multi_batch/batch_11_dqfix_full_rebuild/reentrant_bowtie/sample_1481/iteration_00150.png,-0.0218954095469966,-0.5614488334618373,0.554198,1.0962168202265712,True,0.554197,2.688353,1.113213,0.099416,0.327774,4,False,False,0.545654296875,150,150,True,0.0007422446350994239,False
11,reentrant_bowtie,1486,outputs/multi_batch/batch_11_dqfix_full_rebuild/reentrant_bowtie/sample_1486/iteration_00121.png,-0.3991699487733024,-0.2802288897750771,0.50616,0.4885403954294599,True,0.506159,3.598875,1.143993,0.127314,0.352965,3,False,False,0.510009765625,121,150,False,0.0068342971364295825,False
11,reentrant_bowtie,1493,outputs/multi_batch/batch_11_dqfix_full_rebuild/reentrant_bowtie/sample_1493/iteration_00033.png,-0.3765915782212822,-0.2719714839425289,0.517753,0.5206310375639924,True,0.517753,3.413178,1.194451,0.117287,0.31493,1,True,False,0.524169921875,33,150,False,0.559840628847783,True
11,reentrant_bowtie,1498,outputs/multi_batch/batch_11_dqfix_full_rebuild/reentrant_bowtie/sample_1498/iteration_00015.png,1.1233448349765173e-11,0.2462052436626112,0.5464,1.192671384617377,True,0.578369,3.13731,1.171379,0.136912,0.31646,1,True,False,0.544677734375,15,150,False,7.253335839127983,True
11,reentrant_bowtie,1511,outputs/multi_batch/batch_11_dqfix_full_rebuild/reentrant_bowtie/sample_1511/iteration_00015.png,-8.610937759902026e-12,-0.1765798190061662,0.5352,1.2620339722560443,True,0.569397,2.845125,1.142809,0.141035,0.332097,1,True,False,0.530029296875,15,150,False,7.881858176381114,True
11,reentrant_bowtie,1518,outputs/multi_batch/batch_11_dqfix_full_rebuild/reentrant_bowtie/sample_1518/iteration_00016.png,9.827954757903108e-12,0.2285763219019699,0.5472,1.174774559239086,True,0.564752,2.993764,1.13092,0.126525,0.293853,1,True,False,0.54248046875,16,150,False,7.88214421056258,True
11,reentrant_bowtie,1519,outputs/multi_batch/batch_11_dqfix_full_rebuild/reentrant_bowtie/sample_1519/iteration_00017.png,2.430954899102188e-11,0.4856501093636913,0.536,1.2742579240779626,True,0.570454,2.627324,1.215135,0.117447,0.290129,1,True,False,0.53173828125,17,150,False,9.934163050828946,True
11,reentrant_bowtie,1520,outputs/multi_batch/batch_11_dqfix_full_rebuild/reentrant_bowtie/sample_1520/iteration_00018.png,3.176040703621555e-11,0.6358908248601516,0.5224,1.2882012220927723,True,0.584058,2.659069,1.15608,0.099619,0.326199,1,True,False,0.51953125,18,150,False,10.755896921163457,True
11,reentrant_bowtie,1522,outputs/multi_batch/batch_11_dqfix_full_rebuild/reentrant_bowtie/sample_1522/iteration_00016.png,-4.360611606191777e-12,-0.0903356630984427,0.5408,1.2514335143754107,True,0.568407,2.819037,1.176792,0.120776,0.330652,1,True,False,0.536865234375,16,150,False,8.636685783356741,True
11,reentrant_bowtie,1533,outputs/multi_batch/batch_11_dqfix_full_rebuild/reentrant_bowtie/sample_1533/iteration_00150.png,-0.0371092335035866,-1.0497711381644153,0.559187,0.998580901097738,True,0.573098,3.174507,1.181755,0.112936,0.284293,2,False,False,0.557373046875,150,150,True,0.002803799541434549,False
11,reentrant_bowtie,1536,outputs/multi_batch/batch_11_dqfix_full_rebuild/reentrant_bowtie/sample_1536/iteration_00016.png,2.9284352530397984e-12,0.0649580616763923,0.5416,1.1914722332338263,True,0.575967,3.005071,1.200584,0.121894,0.367063,1,True,False,0.537109375,16,150,False,8.229349220401453,True
11,reentrant_bowtie,1537,outputs/multi_batch/batch_11_dqfix_full_rebuild/reentrant_bowtie/sample_1537/iteration_00015.png,5.633341361353708e-12,0.1332657691466124,0.5728,1.1588512703634368,True,0.576539,3.428498,1.233981,0.137094,0.317353,1,True,False,0.573974609375,15,150,False,7.091826769583262,True
11,reentrant_bowtie,1542,outputs/multi_batch/batch_11_dqfix_full_rebuild/reentrant_bowtie/sample_1542/iteration_00017.png,1.158005021033423e-11,0.2371983100141854,0.5256,1.270019182099673,True,0.57491,2.795874,1.223782,0.116532,0.332879,1,True,False,0.522216796875,17,150,False,9.59195774956511,True
11,reentrant_bowtie,1546,outputs/multi_batch/batch_11_dqfix_full_rebuild/reentrant_bowtie/sample_1546/iteration_00150.png,-0.0858466478788058,-1.5394051294982276,0.542175,0.7119643366503087,True,0.542175,3.308264,1.076361,0.11561,0.290713,2,False,False,0.53955078125,150,150,True,0.049866567058628894,False
11,reentrant_bowtie,1547,outputs/multi_batch/batch_11_dqfix_full_rebuild/reentrant_bowtie/sample_1547/iteration_00016.png,4.104384883089638e-12,0.1004189198905534,0.5504,1.1602854275136203,True,0.559222,2.954038,1.08161,0.123988,0.357405,1,True,False,0.545166015625,16,150,False,8.149925352550492,True
11,reentrant_bowtie,1548,outputs/multi_batch/batch_11_dqfix_full_rebuild/reentrant_bowtie/sample_1548/iteration_00018.png,1.2223356169264588e-11,0.2542464587334392,0.544,1.2429705622569804,True,0.561012,2.776786,1.173379,0.096978,0.31037,1,True,False,0.539306640625,18,150,False,10.264792938973834,True
11,reentrant_bowtie,1549,outputs/multi_batch/batch_11_dqfix_full_rebuild/reentrant_bowtie/sample_1549/iteration_00042.png,-0.281355908445289,-0.3396877115892045,0.513278,0.4055335008294256,True,0.513277,2.61338,1.074058,0.078413,0.289238,1,True,False,0.5087890625,42,150,False,0.31952986755995016,True
11,reentrant_bowtie,1558,outputs/multi_batch/batch_11_dqfix_full_rebuild/reentrant_bowtie/sample_1558/iteration_00045.png,-0.3815005072612634,-0.2689364942292934,0.510645,0.5532340015252428,True,0.510645,3.462305,1.175112,0.132331,0.333253,2,False,False,0.513427734375,45,150,False,0.09513741364512428,False
11,reentrant_bowtie,1565,outputs/multi_batch/batch_11_dqfix_full_rebuild/reentrant_bowtie/sample_1565/iteration_00019.png,-5.1236849121920326e-12,-0.1087704634095388,0.5368,1.2403276930991696,True,0.572834,2.738569,1.188172,0.088061,0.355205,1,True,False,0.5341796875,19,150,False,11.230126202166945,True
11,reentrant_bowtie,1574,outputs/multi_batch/batch_11_dqfix_full_rebuild/reentrant_bowtie/sample_1574/iteration_00150.png,-0.0010731836568926,-0.1032225151507165,0.562069,1.2980552655453088,True,0.562069,2.645616,1.069138,0.112646,0.330782,4,False,False,0.56298828125,150,150,True,0.0004822763443453739,False
11,reentrant_bowtie,1579,outputs/multi_batch/batch_11_dqfix_full_rebuild/reentrant_bowtie/sample_1579/iteration_00020.png,-8.884073040351673e-12,-0.1877647863153114,0.54,1.2456231936388424,True,0.578669,2.910639,1.150724,0.085561,0.285038,1,True,False,0.53759765625,20,150,False,10.853112291645038,True
11,reentrant_bowtie,1588,outputs/multi_batch/batch_11_dqfix_full_rebuild/reentrant_bowtie/sample_1588/iteration_00029.png,-0.049671301846858,-1.4255644283296385,0.55051,0.8951158068856653,True,0.55051,2.866513,1.138542,0.126668,0.365906,1,True,False,0.53662109375,29,150,False,0.25893228899522674,True
11,reentrant_bowtie,1598,outputs/multi_batch/batch_11_dqfix_full_rebuild/reentrant_bowtie/sample_1598/iteration_00025.png,1.101401578327394e-11,0.3053055619311599,0.543141,1.1227956647020751,True,0.54314,3.489338,1.23474,0.141475,0.37705,1,True,False,0.538818359375,25,150,False,2.420581461040372,True
11,reentrant_bowtie,1599,outputs/multi_batch/batch_11_dqfix_full_rebuild/reentrant_bowtie/sample_1599/iteration_00016.png,8.203062886854057e-12,0.185233100880863,0.5568,1.1720296496354716,True,0.560346,2.974026,1.212503,0.133813,0.325531,1,True,False,0.55322265625,16,150,False,7.943512114077639,True
11,reentrant_bowtie,1603,outputs/multi_batch/batch_11_dqfix_full_rebuild/reentrant_bowtie/sample_1603/iteration_00015.png,-8.986934367124119e-12,-0.1906524711426024,0.5328,1.2524799223880163,True,0.561751,3.024899,1.059243,0.141538,0.352268,1,True,False,0.525146484375,15,150,False,7.426384364820848,True
11,reentrant_bowtie,1610,outputs/multi_batch/batch_11_dqfix_full_rebuild/reentrant_bowtie/sample_1610/iteration_00150.png,-0.0290451728855074,-1.080478145148492,0.552432,1.0627903757305817,True,0.552431,2.721899,1.236314,0.082651,0.32507,5,False,False,0.54248046875,150,150,True,0.0007658115104800367,False
11,reentrant_bowtie,1612,outputs/multi_batch/batch_11_dqfix_full_rebuild/reentrant_bowtie/sample_1612/iteration_00042.png,-0.2795606586090784,-0.363367204951071,0.514354,0.418441473780321,True,0.514354,2.786965,1.084065,0.124445,0.289988,1,True,False,0.5048828125,42,150,False,0.18577081194003114,True
11,reentrant_bowtie,1619,outputs/multi_batch/batch_11_dqfix_full_rebuild/reentrant_bowtie/sample_1619/iteration_00038.png,-0.1199159101640478,-0.1631939842109967,0.513018,0.6296374431168115,True,0.513018,3.060908,1.158428,0.085083,0.36432,1,True,False,0.502685546875,38,150,False,0.2901190729350147,True
11,reentrant_bowtie,1621,outputs/multi_batch/batch_11_dqfix_full_rebuild/reentrant_bowtie/sample_1621/iteration_00021.png,-2.109476178504232e-12,-0.0468433088662591,0.552,1.204867518354628,True,0.559862,2.736772,1.105288,0.074869,0.336657,1,True,False,0.54638671875,21,150,False,12.406334249912671,True
11,reentrant_bowtie,1622,outputs/multi_batch/batch_11_dqfix_full_rebuild/reentrant_bowtie/sample_1622/iteration_00020.png,2.139490107616449e-11,0.4379449351580646,0.5312,1.263860652582332,True,0.560173,2.679901,1.179825,0.081799,0.368205,1,True,False,0.524169921875,20,150,False,12.025891641469064,True
11,reentrant_bowtie,1625,outputs/multi_batch/batch_11_dqfix_full_rebuild/reentrant_bowtie/sample_1625/iteration_00018.png,3.77338123879821e-12,0.0843174841753384,0.548,1.1841917812606153,True,0.57423,2.947859,1.224851,0.104244,0.313806,1,True,False,0.54638671875,18,150,False,9.284991331446001,True
11,reentrant_bowtie,1633,outputs/multi_batch/batch_11_dqfix_full_rebuild/reentrant_bowtie/sample_1633/iteration_00016.png,1.040082786129916e-12,0.0241816698890982,0.5336,1.20925355907342,True,0.56899,2.894924,1.08784,0.118369,0.354463,1,True,False,0.527587890625,16,150,False,8.374553893985507,True
11,reentrant_bowtie,1640,outputs/multi_batch/batch_11_dqfix_full_rebuild/reentrant_bowtie/sample_1640/iteration_00150.png,-0.0293035538399079,-0.2381093499737017,0.547725,1.073572123227395,True,0.547726,2.759674,1.063657,0.108543,0.320462,2,False,False,0.550537109375,150,150,True,0.008412197686645612,False
11,reentrant_bowtie,1641,outputs/multi_batch/batch_11_dqfix_full_rebuild/reentrant_bowtie/sample_1641/iteration_00032.png,-0.0461480237091437,-0.1814523277715664,0.548362,0.9147188325074924,True,0.548363,2.709444,1.204543,0.125423,0.295924,1,True,False,0.54833984375,32,150,False,0.17538551976666944,True
11,reentrant_bowtie,1647,outputs/multi_batch/batch_11_dqfix_full_rebuild/reentrant_bowtie/sample_1647/iteration_00150.png,-0.0008101181788671,-0.1012087735864894,0.559113,1.3077009437920395,True,0.570351,2.573093,1.058382,0.106293,0.378248,16,False,False,0.554443359375,150,150,True,0.01278843480678338,False
11,reentrant_bowtie,1655,outputs/multi_batch/batch_11_dqfix_full_rebuild/reentrant_bowtie/sample_1655/iteration_00016.png,1.279118190024577e-12,0.0271837355804584,0.5488,1.220822338636418,True,0.565733,2.753478,1.130153,0.121747,0.31284,1,True,False,0.54638671875,16,150,False,8.998399853101267,True
11,reentrant_bowtie,1662,outputs/multi_batch/batch_11_dqfix_full_rebuild/reentrant_bowtie/sample_1662/iteration_00015.png,-9.043022806958745e-12,-0.1842517200460025,0.532,1.2708919221133137,True,0.57887,2.865242,1.140962,0.142086,0.294369,1,True,False,0.52734375,15,150,False,7.738114162158465,True
11,reentrant_bowtie,1663,outputs/multi_batch/batch_11_dqfix_full_rebuild/reentrant_bowtie/sample_1663/iteration_00021.png,-4.79850866031448e-12,-0.1012855502044994,0.5352,1.242609561419464,True,0.573968,2.764299,1.13899,0.077019,0.286129,1,True,False,0.53076171875,21,150,False,12.198357012212844,True
11,reentrant_bowtie,1665,outputs/multi_batch/batch_11_dqfix_full_rebuild/reentrant_bowtie/sample_1665/iteration_00016.png,1.1493968985174826e-11,0.2318781600188064,0.536,1.2552840034793395,True,0.567312,2.791245,1.193037,0.126247,0.321704,1,True,False,0.53271484375,16,150,False,8.928660011161407,True
11,reentrant_bowtie,1669,outputs/multi_batch/batch_11_dqfix_full_rebuild/reentrant_bowtie/sample_1669/iteration_00016.png,3.678626506156106e-12,0.0888724390005293,0.5488,1.1647357672881349,True,0.557417,3.001511,1.069434,0.118483,0.320088,1,True,False,0.542724609375,16,150,False,8.053612179048612,True
11,reentrant_bowtie,1671,outputs/multi_batch/batch_11_dqfix_full_rebuild/reentrant_bowtie/sample_1671/iteration_00020.png,2.8816688010095496e-12,0.0704412045841638,0.5288,1.1953616913550285,True,0.58124,3.008039,1.07578,0.085304,0.31161,1,True,False,0.522216796875,20,150,False,10.534541698658185,True
11,reentrant_bowtie,1676,outputs/multi_batch/batch_11_dqfix_full_rebuild/reentrant_bowtie/sample_1676/iteration_00055.png,-0.3787442559232838,-0.2700368883206921,0.512394,0.5348518167475267,True,0.512395,3.245753,1.184541,0.091701,0.319902,2,False,False,0.514404296875,55,150,False,0.05538937610528702,False
11,reentrant_bowtie,1680,outputs/multi_batch/batch_11_dqfix_full_rebuild/reentrant_bowtie/sample_1680/iteration_00018.png,2.7743288051944478e-11,0.5476076656550634,0.5424,1.2602178609002457,True,0.560576,2.751191,1.150334,0.102324,0.293121,1,True,False,0.53759765625,18,150,False,10.17226466207329,True
11,reentrant_bowtie,1686,outputs/multi_batch/batch_11_dqfix_full_rebuild/reentrant_bowtie/sample_1686/iteration_00037.png,-0.2749757781665747,-0.3646662612369281,0.511456,0.413329012338882,True,0.511456,2.746301,1.078251,0.140444,0.374941,1,True,False,0.504150390625,37,150,False,0.32553222650378905,True
11,reentrant_bowtie,1688,outputs/multi_batch/batch_11_dqfix_full_rebuild/reentrant_bowtie/sample_1688/iteration_00016.png,-1.2126662324055244e-11,-0.2486686556798694,0.5304,1.2734318722859923,True,0.578217,2.871089,1.116855,0.127729,0.351713,1,True,False,0.525634765625,16,150,False,8.56041062855373,True
11,reentrant_bowtie,1690,outputs/multi_batch/batch_11_dqfix_full_rebuild/reentrant_bowtie/sample_1690/iteration_00037.png,-0.4586993484286072,-0.2897917399411216,0.518939,0.4550580596998035,True,0.518938,3.487989,1.178504,0.093498,0.292827,1,True,False,0.523193359375,37,150,False,0.4514649751127783,True
11,reentrant_bowtie,1693,outputs/multi_batch/batch_11_dqfix_full_rebuild/reentrant_bowtie/sample_1693/iteration_00033.png,-0.0897669580129299,-0.2086245516199136,0.533264,0.7384086243522563,True,0.533264,2.770046,1.114039,0.094865,0.342,1,True,False,0.53369140625,33,150,False,0.41001090035008253,True
11,reentrant_bowtie,1699,outputs/multi_batch/batch_11_dqfix_full_rebuild/reentrant_bowtie/sample_1699/iteration_00017.png,-4.192771833504203e-12,-0.0877176358112943,0.5336,1.2484183452215314,True,0.575532,2.816004,1.15168,0.111739,0.377396,1,True,False,0.530029296875,17,150,False,9.766577077427192,True
11,reentrant_bowtie,1704,outputs/multi_batch/batch_11_dqfix_full_rebuild/reentrant_bowtie/sample_1704/iteration_00027.png,-0.050042144871447,-0.3371194856015983,0.542633,0.9126923775386684,True,0.542633,2.827733,1.074759,0.125158,0.369391,1,True,False,0.544189453125,27,150,False,0.9438109316560159,True
11,reentrant_bowtie,1707,outputs/multi_batch/batch_11_dqfix_full_rebuild/reentrant_bowtie/sample_1707/iteration_00040.png,-0.2959272251497559,-0.4576963949971023,0.506382,0.4228004795082951,True,0.506382,2.683212,1.081019,0.110194,0.311054,1,True,False,0.501220703125,40,150,False,0.287126606442526,True
11,reentrant_bowtie,1713,outputs/multi_batch/batch_11_dqfix_full_rebuild/reentrant_bowtie/sample_1713/iteration_00016.png,-1.312650168822073e-12,-0.0276981466356692,0.5272,1.2621009847354754,True,0.572162,2.934795,1.072563,0.13179,0.350197,1,True,False,0.52197265625,16,150,False,8.062711769783432,True
11,reentrant_bowtie,1718,outputs/multi_batch/batch_11_dqfix_full_rebuild/reentrant_bowtie/sample_1718/iteration_00016.png,1.340795001302598e-12,0.0297129958377475,0.552,1.178105587059814,True,0.564513,2.915566,1.160738,0.122452,0.362029,1,True,False,0.546142578125,16,150,False,8.224285267655539,True
11,reentrant_bowtie,1721,outputs/multi_batch/batch_11_dqfix_full_rebuild/reentrant_bowtie/sample_1721/iteration_00019.png,2.799470194234229e-12,0.0659805870743003,0.5416,1.178750936993443,True,0.566929,2.924719,1.105425,0.093843,0.30517,1,True,False,0.538330078125,19,150,False,9.874841293734212,True
11,reentrant_bowtie,1722,outputs/multi_batch/batch_11_dqfix_full_rebuild/reentrant_bowtie/sample_1722/iteration_00015.png,1.147007748855172e-12,0.0267376938207464,0.532,1.2084210270105942,True,0.56957,2.905367,1.080311,0.13415,0.360626,1,True,False,0.526123046875,15,150,False,7.699329406001968,True
11,reentrant_bowtie,1723,outputs/multi_batch/batch_11_dqfix_full_rebuild/reentrant_bowtie/sample_1723/iteration_00015.png,1.2729613177467828e-11,0.227410572677245,0.54,1.3163160852447628,True,0.582485,2.802276,1.10668,0.143663,0.312331,3,False,False,0.539794921875,15,150,False,8.256731940741265,True
11,reentrant_bowtie,1728,outputs/multi_batch/batch_11_dqfix_full_rebuild/reentrant_bowtie/sample_1728/iteration_00018.png,1.4203244675434645e-12,0.033045041210219,0.5256,1.2256139815267757,True,0.579672,2.899471,1.078953,0.097785,0.304553,1,True,False,0.51904296875,18,150,False,9.456113887467918,True
11,reentrant_bowtie,1733,outputs/multi_batch/batch_11_dqfix_full_rebuild/reentrant_bowtie/sample_1733/iteration_00150.png,-0.0333737462941588,-2.0857058193688305,0.546817,1.0320458233986616,True,0.546818,2.850315,1.24414,0.113207,0.2935,5,False,False,0.54248046875,150,150,True,0.0009886307464161933,False
11,reentrant_bowtie,1736,outputs/multi_batch/batch_11_dqfix_full_rebuild/reentrant_bowtie/sample_1736/iteration_00015.png,-7.385119091161308e-12,-0.1560645016731099,0.524,1.2702672893472409,True,0.579787,3.110332,1.059805,0.134198,0.349087,1,True,False,0.517822265625,15,150,False,7.484666395126929,True
11,reentrant_bowtie,1739,outputs/multi_batch/batch_11_dqfix_full_rebuild/reentrant_bowtie/sample_1739/iteration_00016.png,4.139668980100892e-12,0.0991125971668509,0.5336,1.1902695709275688,True,0.571118,2.921428,1.146267,0.118558,0.343491,1,True,False,0.530517578125,16,150,False,8.202395271986695,True
11,reentrant_bowtie,1762,outputs/multi_batch/batch_11_dqfix_full_rebuild/reentrant_bowtie/sample_1762/iteration_00034.png,-0.4645007915269769,-0.2912344697328346,0.529663,0.4994869468628383,True,0.529663,3.336031,1.210173,0.099982,0.372745,1,True,False,0.54052734375,34,150,False,0.20432493020056114,True
11,reentrant_bowtie,1765,outputs/multi_batch/batch_11_dqfix_full_rebuild/reentrant_bowtie/sample_1765/iteration_00041.png,-0.2685804732059363,-0.4707712559445884,0.51263,0.4026719312713553,True,0.51263,2.642592,1.077315,0.122942,0.285254,1,True,False,0.503662109375,41,150,False,0.25528258516231034,True
11,reentrant_bowtie,1766,outputs/multi_batch/batch_11_dqfix_full_rebuild/reentrant_bowtie/sample_1766/iteration_00031.png,-0.0856041106799345,-1.5012810130818333,0.545368,0.7335243026808764,True,0.545369,3.152597,1.071456,0.114443,0.337769,1,True,False,0.54248046875,31,150,False,0.1890002048994401,True
11,reentrant_bowtie,1779,outputs/multi_batch/batch_11_dqfix_full_rebuild/reentrant_bowtie/sample_1779/iteration_00017.png,-4.906569472681483e-12,-0.109689520099896,0.524,1.239025653012221,True,0.580763,2.94354,1.069791,0.109855,0.351588,1,True,False,0.5166015625,17,150,False,8.93098554345247,True
11,reentrant_bowtie,1780,outputs/multi_batch/batch_11_dqfix_full_rebuild/reentrant_bowtie/sample_1780/iteration_00031.png,-0.0463278639319012,-0.169946880947183,0.549114,0.9101143798040292,True,0.549114,2.687078,1.211453,0.092579,0.370174,1,True,False,0.546142578125,31,150,False,0.6670143322124116,True
11,reentrant_bowtie,1783,outputs/multi_batch/batch_11_dqfix_full_rebuild/reentrant_bowtie/sample_1783/iteration_00017.png,5.111885173103812e-12,0.1239657085694804,0.5272,1.2013993989428062,True,0.583809,3.071502,1.072951,0.109415,0.366535,1,True,False,0.521728515625,17,150,False,8.883404055796507,True
11,reentrant_bowtie,1792,outputs/multi_batch/batch_11_dqfix_full_rebuild/reentrant_bowtie/sample_1792/iteration_00015.png,1.2743630661280827e-11,0.2311400311506284,0.5408,1.3048195218729015,True,0.570672,2.768936,1.107558,0.137736,0.349456,3,False,False,0.539794921875,15,150,False,8.414126732375824,True
11,reentrant_bowtie,1794,outputs/multi_batch/batch_11_dqfix_full_rebuild/reentrant_bowtie/sample_1794/iteration_00034.png,-0.1180084224518692,-0.2166560654413329,0.501089,0.6297306736363817,True,0.50109,3.278874,1.213564,0.121228,0.328897,1,True,False,0.500732421875,34,150,False,0.5449987265464085,True
11,reentrant_bowtie,1795,outputs/multi_batch/batch_11_dqfix_full_rebuild/reentrant_bowtie/sample_1795/iteration_00035.png,-0.423857499406416,-0.2890997462835203,0.5248,0.4207536877878765,True,0.5248,3.128648,1.077672,0.10435,0.293249,1,True,False,0.52490234375,35,150,False,0.18872957554986178,True
11,reentrant_bowtie,1797,outputs/multi_batch/batch_11_dqfix_full_rebuild/reentrant_bowtie/sample_1797/iteration_00017.png,1.5000945469347475e-11,0.3137338283902511,0.536,1.2542016055216678,True,0.570028,2.652077,1.151984,0.110866,0.364357,1,True,False,0.529541015625,17,150,False,10.092847332643009,True
11,reentrant_bowtie,1798,outputs/multi_batch/batch_11_dqfix_full_rebuild/reentrant_bowtie/sample_1798/iteration_00032.png,-0.0819583659495065,-1.604612028915215,0.566119,0.7794601874216276,True,0.566119,3.576126,1.20312,0.124088,0.301555,1,True,False,0.565185546875,32,150,False,0.1904463872262064,True
11,reentrant_bowtie,1808,outputs/multi_batch/batch_11_dqfix_full_rebuild/reentrant_bowtie/sample_1808/iteration_00016.png,1.028026951371609e-11,0.2078319120238227,0.532,1.2629184092679622,True,0.576366,2.803048,1.18142,0.131337,0.364723,1,True,False,0.52880859375,16,150,False,9.00322251535976,True
11,reentrant_bowtie,1810,outputs/multi_batch/batch_11_dqfix_full_rebuild/reentrant_bowtie/sample_1810/iteration_00020.png,-3.613376422840904e-12,-0.0763228266897453,0.524,1.2629489200143695,True,0.58209,2.710431,1.140649,0.083995,0.362176,1,True,False,0.5185546875,20,150,False,12.091886192180805,True
11,reentrant_bowtie,1812,outputs/multi_batch/batch_11_dqfix_full_rebuild/reentrant_bowtie/sample_1812/iteration_00015.png,-6.171433688312023e-12,-0.1357787017366246,0.552,1.2044042616862731,True,0.557918,2.806851,1.061261,0.139231,0.353858,1,True,False,0.546630859375,15,150,False,8.275834845050808,True
11,reentrant_bowtie,1815,outputs/multi_batch/batch_11_dqfix_full_rebuild/reentrant_bowtie/sample_1815/iteration_00023.png,1.0784432277718393e-11,0.3023247998947108,0.545174,1.117497851227076,True,0.545174,3.587619,1.151043,0.143445,0.372409,1,True,False,0.53955078125,23,150,False,4.714177242651047,True
11,reentrant_bowtie,1816,outputs/multi_batch/batch_11_dqfix_full_rebuild/reentrant_bowtie/sample_1816/iteration_00150.png,-0.0371690444322142,-1.0926270769992843,0.562844,1.0044254357511535,True,0.577057,3.238275,1.182191,0.121002,0.30405,2,False,False,0.5625,150,150,True,0.0005238481887948659,False
11,reentrant_bowtie,1817,outputs/multi_batch/batch_11_dqfix_full_rebuild/reentrant_bowtie/sample_1817/iteration_00019.png,1.0446607410478571e-12,0.0227484265566193,0.5488,1.2197420350595318,True,0.557735,2.793618,1.200134,0.088841,0.292929,1,True,False,0.544921875,19,150,False,10.442763533256109,True
11,reentrant_bowtie,1820,outputs/multi_batch/batch_11_dqfix_full_rebuild/reentrant_bowtie/sample_1820/iteration_00017.png,1.894610176435656e-11,0.3020540641602207,0.584697,1.1919555565077722,True,0.584696,3.132232,1.092979,0.111103,0.324488,1,True,False,0.58349609375,17,150,False,8.571890518535628,True
11,reentrant_bowtie,1825,outputs/multi_batch/batch_11_dqfix_full_rebuild/reentrant_bowtie/sample_1825/iteration_00018.png,1.4466893820955727e-11,0.270519535357977,0.5296,1.3083416865419495,True,0.574096,2.644767,1.235125,0.103678,0.353866,3,False,False,0.523681640625,18,150,False,10.841013744505686,True
11,reentrant_bowtie,1830,outputs/multi_batch/batch_11_dqfix_full_rebuild/reentrant_bowtie/sample_1830/iteration_00021.png,-6.897966562940983e-12,-0.1475467489922299,0.5368,1.2457761810810204,True,0.577276,2.884272,1.215424,0.077605,0.304415,1,True,False,0.535400390625,21,150,False,11.66815384055068,True
11,reentrant_bowtie,1836,outputs/multi_batch/batch_11_dqfix_full_rebuild/reentrant_bowtie/sample_1836/iteration_00017.png,-5.621841900845267e-12,-0.1149547058558985,0.5544,1.1995766112070356,True,0.568695,2.923992,1.139913,0.104727,0.371396,1,True,False,0.55078125,17,150,False,8.99164041730894,True
11,reentrant_bowtie,1838,outputs/multi_batch/batch_11_dqfix_full_rebuild/reentrant_bowtie/sample_1838/iteration_00016.png,1.2602867542714048e-11,0.2607799783725584,0.5312,1.2611665673752293,True,0.571851,2.700007,1.239171,0.11967,0.350528,1,True,False,0.526123046875,16,150,False,9.324140870069504,True
11,reentrant_bowtie,1843,outputs/multi_batch/batch_11_dqfix_full_rebuild/reentrant_bowtie/sample_1843/iteration_00018.png,1.5048609626880382e-11,0.2840671431108857,0.5248,1.312437930370256,True,0.577586,2.615487,1.225833,0.101934,0.360699,3,False,False,0.51806640625,18,150,False,10.934346423156503,True
11,reentrant_bowtie,1851,outputs/multi_batch/batch_11_dqfix_full_rebuild/reentrant_bowtie/sample_1851/iteration_00027.png,1.0769410425837436e-11,0.3013572402894686,0.549576,1.1185059263625543,True,0.549576,3.474377,1.192638,0.128604,0.371813,1,True,False,0.54296875,27,150,False,0.23339406174602392,True
11,reentrant_bowtie,1854,outputs/multi_batch/batch_11_dqfix_full_rebuild/reentrant_bowtie/sample_1854/iteration_00027.png,-0.0498027001479847,-1.587412626646482,0.54592,0.8897653279066413,True,0.54592,2.980637,1.12203,0.111863,0.318864,1,True,False,0.53271484375,27,150,False,0.5917093683021427,True
11,reentrant_bowtie,1855,outputs/multi_batch/batch_11_dqfix_full_rebuild/reentrant_bowtie/sample_1855/iteration_00020.png,2.4634362649372082e-12,0.0576877147288474,0.524,1.2107132450829892,True,0.582572,3.043963,1.128102,0.083422,0.289198,4,False,False,0.51708984375,20,150,False,10.472274823650832,True
11,reentrant_bowtie,1859,outputs/multi_batch/batch_11_dqfix_full_rebuild/reentrant_bowtie/sample_1859/iteration_00029.png,-0.0489266322570289,-1.534409899205364,0.542774,0.8946799554791527,True,0.542774,2.998397,1.133895,0.121257,0.357318,1,True,False,0.52978515625,29,150,False,0.18031713124973234,True
11,reentrant_bowtie,1861,outputs/multi_batch/batch_11_dqfix_full_rebuild/reentrant_bowtie/sample_1861/iteration_00017.png,-2.7704445125650607e-12,-0.0571240715549382,0.5288,1.2647706205213964,True,0.572131,2.939301,1.088832,0.108804,0.32956,1,True,False,0.5224609375,17,150,False,8.74232648472733,True
11,reentrant_bowtie,1862,outputs/multi_batch/batch_11_dqfix_full_rebuild/reentrant_bowtie/sample_1862/iteration_00019.png,2.4280631589285383e-11,0.5064537295462389,0.5344,1.2622292584422352,True,0.564948,2.693621,1.112872,0.091296,0.304229,1,True,False,0.526123046875,19,150,False,11.174904593917615,True
11,reentrant_bowtie,1866,outputs/multi_batch/batch_11_dqfix_full_rebuild/reentrant_bowtie/sample_1866/iteration_00015.png,9.304244816176847e-12,0.2249999679487107,0.5224,1.2116289914633849,True,0.580804,3.044961,1.164843,0.140476,0.288961,1,True,False,0.51904296875,15,150,False,7.225249020318676,True
11,reentrant_bowtie,1870,outputs/multi_batch/batch_11_dqfix_full_rebuild/reentrant_bowtie/sample_1870/iteration_00019.png,-3.4787288581277363e-12,-0.0756409005856619,0.5384,1.2274881841648198,True,0.571638,2.90376,1.213908,0.092424,0.323415,1,True,False,0.534912109375,19,150,False,10.245493385217497,True
11,reentrant_bowtie,1871,outputs/multi_batch/batch_11_dqfix_full_rebuild/reentrant_bowtie/sample_1871/iteration_00016.png,8.541727127173527e-12,0.1541646091202802,0.5272,1.335551211416969,True,0.584399,2.857337,1.216421,0.124355,0.328154,3,False,False,0.5244140625,16,150,False,8.582229624342402,True
11,reentrant_bowtie,1881,outputs/multi_batch/batch_11_dqfix_full_rebuild/reentrant_bowtie/sample_1881/iteration_00030.png,-0.0511010333043322,-1.2990023024125494,0.568603,0.8958841033838348,True,0.568603,3.186523,1.176701,0.112208,0.361318,1,True,False,0.569091796875,30,150,False,0.2645284248570609,True
11,reentrant_bowtie,1889,outputs/multi_batch/batch_11_dqfix_full_rebuild/reentrant_bowtie/sample_1889/iteration_00031.png,-0.0741169067070065,-0.1567822182693688,0.551501,0.7244666487201952,True,0.551502,2.595806,1.196245,0.098032,0.301953,1,True,False,0.548095703125,31,150,False,0.5509709546024617,True
11,reentrant_bowtie,1890,outputs/multi_batch/batch_11_dqfix_full_rebuild/reentrant_bowtie/sample_1890/iteration_00016.png,2.150247546640027e-11,0.3806684992781379,0.5336,1.3246956285438327,True,0.579046,2.854491,1.088416,0.129444,0.315316,3,False,False,0.531005859375,16,150,False,8.828868993735743,True
11,reentrant_bowtie,1901,outputs/multi_batch/batch_11_dqfix_full_rebuild/reentrant_bowtie/sample_1901/iteration_00150.png,1.4150708045020207e-11,0.2542675346895078,0.546091,1.283238023698119,True,0.546092,2.800397,1.094971,0.136422,0.337868,3,False,False,0.54638671875,150,150,True,0.0,False
11,reentrant_bowtie,1906,outputs/multi_batch/batch_11_dqfix_full_rebuild/reentrant_bowtie/sample_1906/iteration_00018.png,3.771336949279009e-12,0.0884012135103901,0.5368,1.190317889991643,True,0.574708,2.953281,1.079694,0.096421,0.347707,1,True,False,0.533935546875,18,150,False,9.50684950019596,True
11,reentrant_bowtie,1917,outputs/multi_batch/batch_11_dqfix_full_rebuild/reentrant_bowtie/sample_1917/iteration_00018.png,-6.872337493838969e-12,-0.1480340210944977,0.5416,1.226970407211554,True,0.582753,2.78179,1.099944,0.100928,0.324032,1,True,False,0.541015625,18,150,False,10.331239877631816,True
11,reentrant_bowtie,1921,outputs/multi_batch/batch_11_dqfix_full_rebuild/reentrant_bowtie/sample_1921/iteration_00017.png,2.4270465179446867e-11,0.4419287882616267,0.5336,1.3161540614484886,True,0.570987,2.857685,1.088681,0.112684,0.313556,3,False,False,0.52978515625,17,150,False,9.416803416168777,True
11,reentrant_bowtie,1922,outputs/multi_batch/batch_11_dqfix_full_rebuild/reentrant_bowtie/sample_1922/iteration_00067.png,-0.3959188410011432,-0.2797645246874756,0.510181,0.5238492417805277,True,0.510181,3.605536,1.160466,0.087094,0.353051,2,False,False,0.511474609375,67,150,False,0.019739888292070507,False
11,reentrant_bowtie,1923,outputs/multi_batch/batch_11_dqfix_full_rebuild/reentrant_bowtie/sample_1923/iteration_00015.png,-5.116003731975781e-12,-0.1041932203690885,0.5384,1.2534134806206318,True,0.579228,2.740333,1.240191,0.140042,0.299497,1,True,False,0.5361328125,15,150,False,8.44985569513031,True
11,reentrant_bowtie,1924,outputs/multi_batch/batch_11_dqfix_full_rebuild/reentrant_bowtie/sample_1924/iteration_00150.png,-0.1290520134094869,-0.238182611480916,0.505953,0.6396070796702593,True,0.505954,3.557685,1.101565,0.102661,0.315645,1,True,False,0.513427734375,150,150,True,0.3543410148217168,True
11,reentrant_bowtie,1933,outputs/multi_batch/batch_11_dqfix_full_rebuild/reentrant_bowtie/sample_1933/iteration_00017.png,-3.859924059002955e-12,-0.0831879423600435,0.5392,1.2351197143202128,True,0.566348,2.839346,1.216812,0.106851,0.351205,1,True,False,0.536865234375,17,150,False,9.334401823556648,True
11,reentrant_bowtie,1938,outputs/multi_batch/batch_11_dqfix_full_rebuild/reentrant_bowtie/sample_1938/iteration_00015.png,9.98396278638511e-12,0.2306108990441037,0.5384,1.2071471033429275,True,0.580418,3.427432,1.064279,0.14016,0.345232,1,True,False,0.53662109375,15,150,False,7.091609789986574,True
11,reentrant_bowtie,1939,outputs/multi_batch/batch_11_dqfix_full_rebuild/reentrant_bowtie/sample_1939/iteration_00021.png,2.424022479999789e-11,0.5050787143191381,0.5296,1.2694332929286598,True,0.566591,2.63841,1.136775,0.077748,0.36279,1,True,False,0.521484375,21,150,False,12.73984727525165,True
11,reentrant_bowtie,1944,outputs/multi_batch/batch_11_dqfix_full_rebuild/reentrant_bowtie/sample_1944/iteration_00019.png,-3.353431733704103e-12,-0.0784386600542675,0.5528,1.1684257605696886,True,0.554781,2.878682,1.065299,0.086997,0.309178,3,False,False,0.546630859375,19,150,False,10.0023611831863,True
11,reentrant_bowtie,1947,outputs/multi_batch/batch_11_dqfix_full_rebuild/reentrant_bowtie/sample_1947/iteration_00016.png,3.0794054913705364e-11,0.6385887013737904,0.5232,1.2799086466142635,True,0.578893,2.606395,1.125313,0.133119,0.292524,1,True,False,0.516357421875,16,150,False,9.383420295182912,True
11,reentrant_bowtie,1955,outputs/multi_batch/batch_11_dqfix_full_rebuild/reentrant_bowtie/sample_1955/iteration_00030.png,-0.0462627455186795,-1.4301992697835868,0.565179,0.9178083641972504,True,0.565179,3.00567,1.241534,0.0952,0.380351,1,True,False,0.559326171875,30,150,False,0.33690591376935547,True
11,reentrant_bowtie,1962,outputs/multi_batch/batch_11_dqfix_full_rebuild/reentrant_bowtie/sample_1962/iteration_00150.png,-0.0373828276783295,-0.8963956519491102,0.562504,1.003227422300874,True,0.569163,3.19504,1.234604,0.134983,0.365751,2,False,False,0.564697265625,150,150,True,0.0006515422003882475,False
11,reentrant_bowtie,1963,outputs/multi_batch/batch_11_dqfix_full_rebuild/reentrant_bowtie/sample_1963/iteration_00016.png,1.894730792794916e-11,0.3723567523695975,0.5536,1.2437383983184818,True,0.564842,2.754957,1.178952,0.131017,0.286301,1,True,False,0.552001953125,16,150,False,8.85610500794536,True
11,reentrant_bowtie,1968,outputs/multi_batch/batch_11_dqfix_full_rebuild/reentrant_bowtie/sample_1968/iteration_00048.png,-0.4373736235832273,-0.2834410037707189,0.516165,0.4801616805188411,True,0.516164,3.534675,1.141339,0.114241,0.308077,2,False,False,0.520263671875,48,150,False,0.08762284342900625,False
11,reentrant_bowtie,1969,outputs/multi_batch/batch_11_dqfix_full_rebuild/reentrant_bowtie/sample_1969/iteration_00018.png,2.122407015915724e-11,0.4043432036330818,0.5248,1.321174145268041,True,0.571937,2.616031,1.085282,0.098593,0.302991,3,False,False,0.51806640625,18,150,False,10.661672509100717,True
11,reentrant_bowtie,1972,outputs/multi_batch/batch_11_dqfix_full_rebuild/reentrant_bowtie/sample_1972/iteration_00017.png,-4.934160269084528e-12,-0.1107670038528622,0.524,1.2328423318839683,True,0.576056,2.926668,1.061066,0.10996,0.330546,1,True,False,0.5166015625,17,150,False,8.828676719272275,True
11,reentrant_bowtie,1978,outputs/multi_batch/batch_11_dqfix_full_rebuild/reentrant_bowtie/sample_1978/iteration_00032.png,-0.4196436142188223,-0.2793061682035968,0.516618,0.5197708386961333,True,0.516619,3.447396,1.107341,0.137861,0.371004,2,False,False,0.51708984375,32,150,False,0.5216295004050546,True
11,reentrant_bowtie,1979,outputs/multi_batch/batch_11_dqfix_full_rebuild/reentrant_bowtie/sample_1979/iteration_00015.png,1.1588931412612731e-11,0.2333799307123542,0.5336,1.261929950882692,True,0.576764,2.814949,1.155921,0.139753,0.359493,1,True,False,0.53076171875,15,150,False,8.371914456430638,True
11,reentrant_bowtie,1983,outputs/multi_batch/batch_11_dqfix_full_rebuild/reentrant_bowtie/sample_1983/iteration_00037.png,-0.4539197306820867,-0.2893343593807989,0.53272,0.4438456616235346,True,0.53272,3.500958,1.076885,0.081683,0.368351,1,True,False,0.53759765625,37,150,False,0.37309481963595265,True
11,reentrant_bowtie,1989,outputs/multi_batch/batch_11_dqfix_full_rebuild/reentrant_bowtie/sample_1989/iteration_00019.png,2.595578309170905e-11,0.5343420258926769,0.5328,1.2696237279722706,True,0.565932,2.698612,1.150741,0.089144,0.284159,1,True,False,0.525634765625,19,150,False,11.128325809240227,True
11,reentrant_bowtie,1992,outputs/multi_batch/batch_11_dqfix_full_rebuild/reentrant_bowtie/sample_1992/iteration_00041.png,-0.0912179801959426,-1.5760201685782511,0.545836,0.7221685812775918,True,0.545837,3.316353,1.201544,0.139945,0.364082,1,True,False,0.54638671875,41,150,False,0.15513593265700587,True
11,reentrant_bowtie,1998,outputs/multi_batch/batch_11_dqfix_full_rebuild/reentrant_bowtie/sample_1998/iteration_00016.png,6.459080128526192e-12,0.1599845067484309,0.5488,1.162996005727134,True,0.553172,3.160036,1.083694,0.132981,0.355822,1,True,False,0.543701171875,16,150,False,7.6240477843162395,True
11,reentrant_bowtie,2006,outputs/multi_batch/batch_11_dqfix_full_rebuild/reentrant_bowtie/sample_2006/iteration_00150.png,-0.0331051530385945,-0.9202089548128825,0.564189,1.0126175889112654,True,0.56696,3.093467,1.199357,0.1398,0.329889,2,False,False,0.563232421875,150,150,True,0.007245318297350148,False
11,reentrant_bowtie,2008,outputs/multi_batch/batch_11_dqfix_full_rebuild/reentrant_bowtie/sample_2008/iteration_00150.png,-0.0007748598681773,-0.1093633209695585,0.501883,1.2980566380227927,True,0.558704,2.667972,1.058089,0.094352,0.360432,16,False,False,0.495361328125,150,150,True,0.0028129395218002887,False
11,reentrant_bowtie,2012,outputs/multi_batch/batch_11_dqfix_full_rebuild/reentrant_bowtie/sample_2012/iteration_00018.png,-3.570068187940313e-12,-0.079186770642448,0.5488,1.2093660535184514,True,0.561226,2.809414,1.106915,0.104384,0.333981,1,True,False,0.5439453125,18,150,False,10.20421674521388,True
11,reentrant_bowtie,2016,outputs/multi_batch/batch_11_dqfix_full_rebuild/reentrant_bowtie/sample_2016/iteration_00039.png,-0.2624722078861327,-0.3951707060887998,0.525487,0.4115183951686675,True,0.525488,2.681835,1.07713,0.12529,0.302793,1,True,False,0.512939453125,39,150,False,0.262958388380951,True
11,reentrant_bowtie,2019,outputs/multi_batch/batch_11_dqfix_full_rebuild/reentrant_bowtie/sample_2019/iteration_00033.png,-0.0908973011826768,-1.3953034139875202,0.557689,0.736173830723939,True,0.557689,3.19286,1.206279,0.084787,0.322506,1,True,False,0.561767578125,33,150,False,0.23183280701392284,True
11,reentrant_bowtie,2026,outputs/multi_batch/batch_11_dqfix_full_rebuild/reentrant_bowtie/sample_2026/iteration_00150.png,-0.0053080626260497,-0.1388596216845768,0.519401,1.2445546615843075,True,0.548678,2.742084,1.161873,0.109028,0.322268,4,False,False,0.5126953125,150,150,True,0.00031700744967497196,False
11,reentrant_bowtie,2030,outputs/multi_batch/batch_11_dqfix_full_rebuild/reentrant_bowtie/sample_2030/iteration_00017.png,1.9728087623302263e-11,0.3747614137467853,0.5312,1.3106030378331706,True,0.567087,2.696666,1.117609,0.108799,0.297218,3,False,False,0.5234375,17,150,False,9.848125667543698,True
11,reentrant_bowtie,2031,outputs/multi_batch/batch_11_dqfix_full_rebuild/reentrant_bowtie/sample_2031/iteration_00030.png,-0.0509262002420511,-0.2791969139242368,0.53611,0.8815228841787841,True,0.536111,2.861226,1.147857,0.133516,0.33591,1,True,False,0.548095703125,30,150,False,0.26585101994132376,True
11,reentrant_bowtie,2040,outputs/multi_batch/batch_11_dqfix_full_rebuild/reentrant_bowtie/sample_2040/iteration_00016.png,8.861210621266329e-12,0.1824017043677692,0.552,1.2265788886604854,True,0.56166,2.705873,1.216307,0.120586,0.339281,1,True,False,0.550537109375,16,150,False,9.235091978464856,True
11,reentrant_bowtie,2045,outputs/multi_batch/batch_11_dqfix_full_rebuild/reentrant_bowtie/sample_2045/iteration_00015.png,-1.8549019112013702e-11,-0.4021588647470518,0.5312,1.2496963324352728,True,0.563584,2.848387,1.063916,0.135503,0.350361,1,True,False,0.523681640625,15,150,False,7.84196468446185,True
11,reentrant_bowtie,2056,outputs/multi_batch/batch_11_dqfix_full_rebuild/reentrant_bowtie/sample_2056/iteration_00044.png,-0.3076595594932777,-0.48293424871004,0.513402,0.3880337113484904,True,0.513402,2.914328,1.062405,0.115025,0.358708,1,True,False,0.5009765625,44,150,False,0.3551922543206314,True
11,reentrant_bowtie,2066,outputs/multi_batch/batch_11_dqfix_full_rebuild/reentrant_bowtie/sample_2066/iteration_00030.png,-0.0687118631224778,-0.1929220800280901,0.548259,0.8084622304286841,True,0.54826,2.637237,1.217078,0.128211,0.364858,1,True,False,0.5478515625,30,150,False,0.6258798975905985,True
11,reentrant_bowtie,2069,outputs/multi_batch/batch_11_dqfix_full_rebuild/reentrant_bowtie/sample_2069/iteration_00032.png,-0.094768480856693,-0.2307961192715059,0.535942,0.7273734702394805,True,0.535942,2.746726,1.094044,0.116395,0.34557,1,True,False,0.535400390625,32,150,False,0.38001279852237174,True
11,reentrant_bowtie,2077,outputs/multi_batch/batch_11_dqfix_full_rebuild/reentrant_bowtie/sample_2077/iteration_00033.png,-0.0440096674259299,-1.6558506386695009,0.56946,0.926920530372739,True,0.56946,3.123285,1.120069,0.079813,0.34427,1,True,False,0.564453125,33,150,False,0.17755338789107108,True
11,reentrant_bowtie,2078,outputs/multi_batch/batch_11_dqfix_full_rebuild/reentrant_bowtie/sample_2078/iteration_00030.png,-0.037268015158285,-1.3916691272412478,0.566391,1.0133646123434674,True,0.584831,3.130322,1.20068,0.106198,0.3631,1,True,False,0.56640625,30,150,False,0.19661633890595578,True
11,reentrant_bowtie,2079,outputs/multi_batch/batch_11_dqfix_full_rebuild/reentrant_bowtie/sample_2079/iteration_00150.png,-0.0347189808936529,-0.9037370024694668,0.555312,1.0362226480939438,True,0.583167,3.278457,1.204281,0.134334,0.294679,3,False,False,0.555908203125,150,150,True,0.0012886597938143614,False
11,reentrant_bowtie,2082,outputs/multi_batch/batch_11_dqfix_full_rebuild/reentrant_bowtie/sample_2082/iteration_00040.png,-0.4735976299167519,-0.2945507000866322,0.521769,0.4667378645038053,True,0.521769,3.614016,1.218319,0.101455,0.377262,1,True,False,0.52587890625,40,150,False,0.27421167027450677,True
11,reentrant_bowtie,2105,outputs/multi_batch/batch_11_dqfix_full_rebuild/reentrant_bowtie/sample_2105/iteration_00015.png,2.131095335737104e-11,0.4029951005174926,0.5232,1.320175651873972,True,0.57021,2.663143,1.072096,0.137667,0.289396,6,False,False,0.51611328125,15,150,False,8.513231918060496,True
11,reentrant_bowtie,2107,outputs/multi_batch/batch_11_dqfix_full_rebuild/reentrant_bowtie/sample_2107/iteration_00034.png,-0.0557344721431546,-0.1855693684052626,0.55731,0.8526015836980763,True,0.557311,2.578354,1.221392,0.08204,0.306742,1,True,False,0.56298828125,34,150,False,0.6837232213354744,True
11,reentrant_bowtie,2112,outputs/multi_batch/batch_11_dqfix_full_rebuild/reentrant_bowtie/sample_2112/iteration_00028.png,1.0820909996433636e-11,0.3044171885852889,0.545621,1.1163542705820055,True,0.545621,3.328017,1.167791,0.128326,0.306943,1,True,False,0.540283203125,28,150,False,0.28423520218792736,True
11,reentrant_bowtie,2120,outputs/multi_batch/batch_11_dqfix_full_rebuild/reentrant_bowtie/sample_2120/iteration_00150.png,-0.0965155966055014,-1.465710975814961,0.567195,0.7288755382507823,True,0.567194,3.653558,1.091596,0.094212,0.290937,2,False,False,0.55712890625,150,150,True,0.008755476035231928,False
11,reentrant_bowtie,2132,outputs/multi_batch/batch_11_dqfix_full_rebuild/reentrant_bowtie/sample_2132/iteration_00150.png,-0.0103008237147755,-0.1914140079363864,0.54541,1.2065148473058294,True,0.550605,2.71369,1.1534,0.115736,0.303847,3,False,False,0.54296875,150,150,True,0.00017695983011858658,False
11,reentrant_bowtie,2133,outputs/multi_batch/batch_11_dqfix_full_rebuild/reentrant_bowtie/sample_2133/iteration_00032.png,-0.0749728435133034,-0.1803516123617963,0.528701,0.7611830328583937,True,0.5287,2.885065,1.057776,0.111143,0.347823,1,True,False,0.524658203125,32,150,False,0.4272335798872029,True
11,reentrant_bowtie,2138,outputs/multi_batch/batch_11_dqfix_full_rebuild/reentrant_bowtie/sample_2138/iteration_00017.png,-8.696087277637692e-12,-0.1989079244800895,0.5304,1.2168707490326631,True,0.56804,2.990042,1.060732,0.109266,0.3454,1,True,False,0.522216796875,17,150,False,8.758519367900526,True
11,reentrant_bowtie,2145,outputs/multi_batch/batch_11_dqfix_full_rebuild/reentrant_bowtie/sample_2145/iteration_00020.png,-6.8341620239173e-12,-0.1461017181977417,0.5384,1.244295902443274,True,0.578147,2.868611,1.189161,0.0826,0.291215,1,True,False,0.536376953125,20,150,False,11.030026209432698,True
11,reentrant_bowtie,2147,outputs/multi_batch/batch_11_dqfix_full_rebuild/reentrant_bowtie/sample_2147/iteration_00015.png,1.248932468439452e-11,0.2899026137995544,0.5128,1.2405629146118704,True,0.581429,3.032213,1.108526,0.138698,0.29982,1,True,False,0.5078125,15,150,False,7.269601890942403,True
11,reentrant_bowtie,2151,outputs/multi_batch/batch_11_dqfix_full_rebuild/reentrant_bowtie/sample_2151/iteration_00017.png,1.145388326303459e-11,0.2094911709822436,0.532,1.3247177380622963,True,0.579332,2.871371,1.123891,0.110308,0.344203,3,False,False,0.527099609375,17,150,False,9.24779260826304,True
11,reentrant_bowtie,2157,outputs/multi_batch/batch_11_dqfix_full_rebuild/reentrant_bowtie/sample_2157/iteration_00018.png,-6.001254150631149e-13,-0.013801076121372,0.516,1.244418886139168,True,0.584261,3.06596,1.120788,0.098953,0.320591,1,True,False,0.511962890625,18,150,False,9.347136429144056,True
