{
  "git_hash": "e6455de",
  "timestamp": "2026-07-12T23:30:15",
  "version": "1.3.0",
  "params": {
    "volfrac": 0.27463583863049107,
    "penal": 2.9071572833229684,
    "rmin": 5.592307287404329,
    "move": 0.15515815644919598,
    "void_size_frac": 0.18698487910852124,
    "rotation_deg": 58.10915222064334,
    "nelx": 50,
    "nely": 50,
    "ft": 2,
    "E0": 199.0,
    "Emin": 1e-09,
    "nu": 0.3,
    "max_iter": 150,
    "tol_change": 0.01,
    "tol_obj": 0.05,
    "window_size": 20,
    "save_every": 9999,
    "scale_factor": 1,
    "mu": 0.2,
    "seed": "cross_rectangular",
    "objective": "auxetic"
  }
}