Iteration,Poisson_v12,Poisson_v21,Objective,Volume_Fraction
0,nan,nan,nan,0.769200
1,-1.000000,-1.000000,1.000000,0.720784
2,-1.000000,-1.000000,1.000000,0.672392
3,-1.000000,-1.000000,1.000000,0.624001
4,-1.000000,-1.000000,1.000000,0.575609
5,-1.000000,-1.000000,1.000000,0.527218
6,-1.000000,-1.000000,1.000000,0.478826
7,-1.000000,-1.000000,1.000000,0.430435
8,-1.000000,-1.000000,1.000000,0.382043
9,-1.000000,-1.000000,1.000000,0.333652
10,-1.000000,-1.000000,1.000000,0.285261
11,-1.000000,-1.000000,1.000000,0.236869
12,-1.000000,-1.000000,1.000000,0.203185
13,-1.000000,-1.000000,1.000000,0.178367
14,-1.000000,-1.000000,1.000000,0.151809
15,-1.000000,-1.000000,1.000000,0.128561
16,-1.000000,-1.000000,1.000000,0.116482
17,-1.000000,-1.000000,1.000000,0.114077
18,-1.000000,-1.000000,1.000000,0.114894
19,-1.000000,-1.000000,1.000000,0.117175
20,-1.000000,-1.000000,1.000000,0.116650
