Iteration,Poisson_v12,Poisson_v21,Objective,Volume_Fraction
0,nan,nan,nan,0.928400
1,-1.000000,-1.000000,1.000000,0.877817
2,-1.000000,-1.000000,1.000000,0.827233
3,-1.000000,-1.000000,1.000000,0.776650
4,-1.000000,-1.000000,1.000000,0.726067
5,-1.000000,-1.000000,1.000000,0.675484
6,-1.000000,-1.000000,1.000000,0.624900
7,-1.000000,-1.000000,1.000000,0.574317
8,-1.000000,-1.000000,1.000000,0.523734
9,-1.000000,-1.000000,1.000000,0.473151
10,-1.000000,-1.000000,1.000000,0.422567
11,-1.000000,-1.000000,1.000000,0.371984
12,-1.000000,-1.000000,1.000000,0.321401
13,-1.000000,-1.000000,1.000000,0.273649
14,-1.000000,-1.000000,1.000000,0.226672
15,-1.000000,-1.000000,1.000000,0.179146
16,-1.000000,-1.000000,1.000000,0.134764
17,-1.000000,-1.000000,1.000000,0.096498
18,-1.000000,-1.000000,1.000000,0.064165
19,-1.000000,-1.000000,1.000000,0.067765
20,-1.000000,-1.000000,1.000000,0.067062
