Iteration,Poisson_v12,Poisson_v21,Objective,Volume_Fraction
0,nan,nan,nan,0.535859
1,0.354229,0.366058,-309.317326,0.369346
2,0.367644,0.380975,-308.854883,0.209370
3,0.360274,0.377361,-302.722426,0.068100
4,0.360274,0.377361,-331.529502,0.000000
5,0.000000,0.000000,-338.030899,0.000000
6,0.000000,0.000000,-338.030899,0.000000
7,0.000000,0.000000,-338.030899,0.000000
8,0.000000,0.000000,-338.030899,0.000000
9,0.000000,0.000000,-338.030899,0.000000
