Iteration,Poisson_v12,Poisson_v21,Objective,Volume_Fraction
0,nan,nan,nan,0.879600
1,-1.000000,-1.000000,1.000000,0.668696
2,-1.000000,-1.000000,1.000000,0.478010
3,-1.000000,-1.000000,1.000000,0.329451
4,-1.000000,-1.000000,1.000000,0.213019
5,-1.000000,-1.000000,1.000000,0.159263
6,-1.000000,-1.000000,1.000000,0.160781
7,-0.999999,-0.999999,0.999999,0.190985
8,-0.999989,-0.999994,0.999989,0.203025
9,-0.993669,-0.996468,0.993669,0.181732
10,-0.989970,-0.994676,0.989970,0.188411
11,-0.989760,-0.994217,0.989760,0.190919
12,-0.989741,-0.994020,0.989741,0.195699
13,-0.989476,-0.994558,0.989476,0.191901
14,-0.989367,-0.993869,0.989367,0.195940
15,-0.988663,-0.994691,0.988663,0.192652
16,-0.988266,-0.993920,0.988266,0.186931
17,-0.987711,-0.993012,0.987711,0.186509
18,-0.988535,-0.993198,0.988535,0.187079
19,-0.987741,-0.993405,0.987741,0.187056
20,-0.987783,-0.993194,0.987783,0.187055
