Iteration,Poisson_v12,Poisson_v21,Objective,Volume_Fraction
0,nan,nan,nan,0.770000
1,0.400122,0.400077,-6.322064,0.565289
2,0.436661,0.436950,-57.019470,0.354860
3,0.436661,0.436950,-80.950273,0.144431
4,0.436661,0.436950,-92.176575,0.000000
5,0.000000,0.000000,-93.658561,0.000000
6,0.000000,0.000000,-93.658561,0.000000
7,0.000000,0.000000,-93.658561,0.000000
8,0.000000,0.000000,-93.658561,0.000000
9,0.000000,0.000000,-93.658561,0.000000
