Iteration,Poisson_v12,Poisson_v21,Objective,Volume_Fraction
0,nan,nan,nan,0.901200
1,0.246864,0.246863,-20.117433,0.661424
2,0.223430,0.223430,-47.870716,0.421738
3,0.223430,0.223430,-62.450140,0.182052
4,0.223430,0.223430,-65.107700,0.000000
5,0.000000,0.000000,-65.188054,0.000000
6,0.000000,0.000000,-65.188054,0.000000
7,0.000000,0.000000,-65.188054,0.000000
8,0.000000,0.000000,-65.188054,0.000000
9,0.000000,0.000000,-65.188054,0.000000
