Iteration,Poisson_v12,Poisson_v21,Objective,Volume_Fraction
0,nan,nan,nan,0.977200
1,0.302966,0.302966,1.817753,0.723541
2,0.345716,0.345716,0.851567,0.469881
3,0.345716,0.345716,0.245790,0.216222
4,0.345716,0.345716,0.022255,0.000000
5,0.000000,0.000000,0.000000,0.000000
6,0.000000,0.000000,0.000000,0.000000
7,0.000000,0.000000,0.000000,0.000000
8,0.000000,0.000000,0.000000,0.000000
9,0.000000,0.000000,0.000000,0.000000
