Iteration,Poisson_v12,Poisson_v21,Objective,Volume_Fraction
0,nan,nan,nan,0.945200
1,-1.000000,-1.000000,-11.992735,0.725413
2,-1.000000,-1.000000,-5.728200,0.577108
3,-1.000000,-1.000000,-3.268603,0.577108
4,-1.000000,-1.000000,-2.859175,0.577108
5,-1.000000,-1.000000,-2.516095,0.577108
6,-1.000000,-1.000000,-2.189779,0.577108
7,-1.000000,-1.000000,-1.842486,0.577108
8,-1.000000,-1.000000,-1.554946,0.577108
9,-1.000000,-1.000000,-1.438311,0.577108
10,-1.000000,-1.000000,-1.406817,0.577108
11,-1.000000,-1.000000,-1.418785,0.577108
12,-1.000000,-1.000000,-1.477745,0.577108
13,-1.000000,-1.000000,-1.574838,0.577108
14,-1.000000,-1.000000,-1.687186,0.577108
15,-1.000000,-1.000000,-1.779315,0.577108
16,-1.000000,-1.000000,-1.826267,0.577108
17,-1.000000,-1.000000,-1.851398,0.577108
18,-1.000000,-1.000000,-1.860202,0.577108
19,-1.000000,-1.000000,-1.854526,0.577108
20,-1.000000,-1.000000,-1.843361,0.577108
21,-1.000000,-1.000000,-1.832118,0.577108
22,-1.000000,-1.000000,-1.821320,0.577108
23,-1.000000,-1.000000,-1.812157,0.577108
24,-1.000000,-1.000000,-1.803934,0.577108
25,-1.000000,-1.000000,-1.797875,0.577108
26,-1.000000,-1.000000,-1.795502,0.577108
27,-1.000000,-1.000000,-1.795651,0.577108
28,-1.000000,-1.000000,-1.797792,0.577108
29,-1.000000,-1.000000,-1.800188,0.577108
30,-1.000000,-1.000000,-1.802070,0.577108
31,-1.000000,-1.000000,-1.804340,0.577108
32,-1.000000,-1.000000,-1.805473,0.577108
33,-1.000000,-1.000000,-1.805639,0.577108
34,-1.000000,-1.000000,-1.805591,0.577108
