{
  "batch_id": 3,
  "strategy": "design_df",
  "n_samples": 720,
  "n_total_tasks": 720,
  "n_success": 720,
  "n_converged": 720,
  "n_workers": 10,
  "elapsed_time": 1469.1,
  "output_dir": "outputs/multi_batch/batch_3",
  "best_per_combo": {
    "grid_circular_voids/auxetic": {
      "sample_id": 33,
      "seed": "grid_circular_voids",
      "objective": "auxetic",
      "obj_value": 1.2092104312272016,
      "v12": -0.565001705676686,
      "v21": -0.5093546247423996
    },
    "nine_circle/auxetic": {
      "sample_id": 162,
      "seed": "nine_circle",
      "objective": "auxetic",
      "obj_value": 0.11801527475190665,
      "v12": -0.5189761032875712,
      "v21": -0.5189785137418689
    },
    "reentrant_bowtie/auxetic": {
      "sample_id": 351,
      "seed": "reentrant_bowtie",
      "objective": "auxetic",
      "obj_value": 1.2926537144415273,
      "v12": -0.36264335207068193,
      "v21": -0.3408832113177738
    },
    "circle_half_quarter/auxetic": {
      "sample_id": 390,
      "seed": "circle_half_quarter",
      "objective": "auxetic",
      "obj_value": 0.6189671180558568,
      "v12": -0.42719333802312753,
      "v21": -0.40877734162338475
    },
    "four_circle/auxetic": {
      "sample_id": 577,
      "seed": "four_circle",
      "objective": "auxetic",
      "obj_value": 0.07461881471176768,
      "v12": -0.46423141044899174,
      "v21": -0.46080898010047333
    },
    "small_square_cross/auxetic": {
      "sample_id": 711,
      "seed": "small_square_cross",
      "objective": "auxetic",
      "obj_value": 0.3734149808942201,
      "v12": -0.5428890923774354,
      "v21": -0.49164923448394493
    }
  },
  "timestamp": "2026-07-16T16:51:25.120611"
}