Iteration,Poisson_v12,Poisson_v21,Objective,Volume_Fraction
0,nan,nan,nan,0.863600
1,0.381112,0.381112,-22.536854,0.818517
2,0.408459,0.408459,-40.867498,0.773433
3,0.408459,0.408459,-53.119869,0.728350
4,0.408459,0.408459,-64.910477,0.683267
5,0.408459,0.408459,-75.974711,0.638183
6,0.408459,0.408459,-86.126272,0.593100
7,0.408459,0.408459,-95.245715,0.548017
8,0.408459,0.408459,-103.269951,0.502933
9,0.408459,0.408459,-110.182711,0.457850
10,0.408459,0.408459,-116.005922,0.412767
11,0.408459,0.408459,-120.791972,0.367683
12,0.408459,0.408459,-124.616835,0.322600
13,0.408459,0.408459,-127.573994,0.277517
14,0.408459,0.408459,-129.769149,0.232433
15,0.408459,0.408459,-131.315619,0.187350
16,0.408459,0.408459,-132.330397,0.142267
17,0.408459,0.408459,-132.930739,0.097183
18,0.408459,0.408459,-133.231143,0.052100
19,0.408460,0.408460,-133.340378,0.007016
20,0.408531,0.408531,-133.357661,0.000000
21,0.000000,0.000000,-133.357689,0.000000
22,0.000000,0.000000,-133.357689,0.000000
23,0.000000,0.000000,-133.357689,0.000000
24,0.000000,0.000000,-133.357689,0.000000
