{
  "git_hash": "ddbe82c",
  "timestamp": "2026-07-11T08:41:42",
  "version": "1.3.0",
  "params": {
    "volfrac": 0.45188000914067183,
    "penal": 3.1892225343999527,
    "rmin": 4.5446420599342,
    "move": 0.052203964196272934,
    "void_size_frac": 0.32817629941162435,
    "rotation_deg": 73.74452789777771,
    "beta_second": 1.0425313044307054,
    "nelx": 50,
    "nely": 50,
    "ft": 2,
    "E0": 199.0,
    "Emin": 1e-09,
    "nu": 0.3,
    "max_iter": 150,
    "tol_change": 0.01,
    "tol_obj": 0.05,
    "window_size": 20,
    "save_every": 9999,
    "scale_factor": 1,
    "seed": "small_square_cross",
    "objective": "second"
  }
}